title,desc,url,provider,updated,views,useCount,keywords
식품의약품안전처_조리식품의 레시피 DB,"조리식품의 레시피를 이미지와 만드는 방법, 열량과 영양성분에 대한 속성정보를 제공하고 있습니다.",https://www.data.go.kr/data/15060073/openapi.do,식품의약품안전처,2025-08-27,34778,19423,
한국농수산식품유통공사_국내 식품시장규모,연간 국내 식품시장규모 데이터를 제공합니다.,https://www.data.go.kr/data/15109103/openapi.do,한국농수산식품유통공사,2022-12-06,19428,2250,
식품의약품안전처_건강기능식품 기능성 원료인정 현황,식품의약품안전처에서 관리하는 건강기능식품에 관한 법류에 따른 건강기능식품 기능성 원료 인정 현황을 제공합니다.,https://www.data.go.kr/data/15058359/openapi.do,식품의약품안전처,2025-08-26,21409,11344,
식품의약품안전처_건강기능식품 영양DB,"건강기능식품에 쓰이는 원료에 대한 정보 DB로 각 원료의 원료명, 대분류명, 중분류명, 소분류 명 등의 정보를 제공합니다.",https://www.data.go.kr/data/15085712/openapi.do,식품의약품안전처,2025-08-26,20949,7914,
식품의약품안전처_건강기능식품 개별인정형 정보,"건강기능식품의 원료인정번호, 1일 섭취량 상한선, 1일 섭취량 하한선, 중량 단위, 원재료 명, 섭취시 주의 사항 내용, 주된 기능성 등 정보를 제공합니다.",https://www.data.go.kr/data/15074311/openapi.do,식품의약품안전처,2025-08-26,20870,7972,
식품의약품안전처_식품.식품첨가물 생산실적 보고 현황,"식품과 식품첨가물의 생산실적 보고 현황 자료로, 인허가번호 , 업소명 , 주소 , 보고년도 , 품목제조보고번호 , 품목유형 , 품목명 , 연간생산능력(KG), 생산량(KG) 등의 정보를",https://www.data.go.kr/data/15096590/openapi.do,식품의약품안전처,2025-08-27,6390,2127,
식품의약품안전처_식품(첨가물)품목제조보고(원재료),식품의약품안전처에서 제공하는 식품(첨가물)의 품목제조보고 정보(원재료 포함)데이터입니다.,https://www.data.go.kr/data/15062098/openapi.do,식품의약품안전처,2025-08-27,7772,2997,
식품의약품안전처_식품영양성분DB정보,"식품 영양성분 정보에 대한 데이터로 식품명, 식품분류, 식품코드, 영양성분 함량 기준량, 에너지, 탄수화물, 단백질, 지방 등 영양성분 정보, 출처, 1회섭취 참고량, 식품중량, 품목제조보고번호",https://www.data.go.kr/data/15127578/openapi.do,식품의약품안전처,2025-12-05,38750,2634,
식품의약품안전처_식품첨가물공전,식품의약품안전처에서 관리하는 식품위생법에 따른 식품첨가물공전(식품첨가물의 기준 및 규격) 자료입니다.,https://www.data.go.kr/data/15059069/openapi.do,식품의약품안전처,2025-08-27,8496,2224,
식품의약품안전처_건강기능식품 품목분류정보,건강기능식품에 관한 법류에 따른 건강기능식품 제조업에서 만든 건강기능식품 품목분류 정보에 관한 자료입니다.,https://www.data.go.kr/data/15059798/openapi.do,식품의약품안전처,2025-08-26,8040,2930,
농촌진흥청_축산용어사전,"축산업 종사자와 관련 전공 학생들을 위한 필수 서비스, 축산용어 사전 서비스를 만나보세요.",https://www.data.go.kr/data/15064084/openapi.do,농촌진흥청,2026-04-16,4386,808,
식품의약품안전처_식품(첨가물)품목제조보고,식품위생법에 따른 식품(첨가물) 제조가공업소에서 보고한 식품(첨가물) 품목 제조보고 관련 정보 자료입니다.,https://www.data.go.kr/data/15064909/openapi.do,식품의약품안전처,2025-08-27,6042,1886,
식품의약품안전처_건강기능식품 품목제조신고(원재료),건강기능식품에 관한 법률에 따른 건강기능식품의 품목제조신고 정보 - 원재료 포함(세부 하위 원재료 및 배합비 제외)를 제공합니다.,https://www.data.go.kr/data/15061756/openapi.do,식품의약품안전처,2025-08-26,7951,2505,
식품의약품안전처_건강기능식품 품목제조 신고사항 현황,식품의약품안전처에서 관리하는 건강기능식품에 관한 법률에 따른 건강기능식품 품목제조 신고사항 현황 자료입니다.,https://www.data.go.kr/data/15058865/openapi.do,식품의약품안전처,2025-08-26,7914,2654,
식품의약품안전처_식품품목유형코드 정보,"또한 식품안전 분야의 정보 투명성 제고, 식품산업 발전 지원, 데이터에 기반한 식품안전정책 수립, 맞춤형 서비스 개발 기반 제공으로 국민 편의성을 향상 시킬 수 있습니다.",https://www.data.go.kr/data/15074331/openapi.do,식품의약품안전처,2025-08-27,6583,1652,
식품의약품안전처_식품제조가공업정보,식품위생법에 따라 영업을 등록한 식품 제조 가공업 관련 정보입니다.,https://www.data.go.kr/data/15064855/openapi.do,식품의약품안전처,2025-08-27,4712,1450,
경기도_우제류 축산 농가 현황,"이 데이터는 경기도 내 우제류 축산 농가의 사육 현황을 보여주는 자료로, 농장별 사육 축종, 사육두수, 농장명, 도로명주소 및 지번주소, 위도와 경도 등의 항목으로 구성되어 있습니다",https://www.data.go.kr/data/15059024/openapi.do,경기도,2025-09-25,6300,762,
식품의약품안전처_식품 검사 개별기준규격,이 자료는 식품의약품안전처에서 관리하는 식품 검사에서 적용되는 식품 개별 기준 및 규격에 관한 자료입니다.,https://www.data.go.kr/data/15056847/openapi.do,식품의약품안전처,2025-08-27,3330,1450,
농촌진흥청_축산분뇨 처리시설업체,"농가의 번거로움을 줄여주는 농사로 축산분뇨 처리업체 정보 서비스! 업체의 규모, 처리 능력, 평가일 등 핵심 정보를 한눈에 확인할 수 있어 신뢰도 높은 선택이 가능합니다.",https://www.data.go.kr/data/15041703/openapi.do,농촌진흥청,2026-04-15,4158,774,
경기도_축산가공업 현황,"이 데이터는 경기도 내 축산가공업 인허가 사업장의 현황을 보여주는 자료로, 시군명, 사업장명, 인허가일자 및 취소일자, 영업상태, 폐업일자, 소재지 주소(도로명 및 지번), 우편번호",https://www.data.go.kr/data/15058511/openapi.do,경기도,2025-06-17,5028,507,
식품의약품안전처_식품모범음식점,식품의약품안전처에서 제공하는 식품모범음식점 관련 정보 자료입니다.,https://www.data.go.kr/data/15064964/openapi.do,식품의약품안전처,2025-08-27,3628,1074,
식품의약품안전처_건강기능식품정보,식품의약품안전처 「건강기능식품정보」 OpenAPI는 국내 건강기능식품의 제품별 정보를 조회할 수 있는 공공데이터입니다.,https://www.data.go.kr/data/15056760/openapi.do,식품의약품안전처,2025-09-22,29561,1364,
식품의약품안전처_행정처분결과(식품접객업),식품의약품안전처_행정처분결과(식품접객업) 자료입니다. 식품위생법 등 위반으로 행정처분을 받은 식품접객업에 대한 속성정보를 제공합니다.,https://www.data.go.kr/data/15058429/openapi.do,식품의약품안전처,2025-08-27,6375,1523,
식품의약품안전처_건강기능식품판매업,건강기능식품에 관한 법률에 따른 건강기능식품 판매업 관련 정보입니다. *“건강기능식품”이란 인체에 유용한 기능성을 가진 원료나 성분을 사용하여 제조(가공을 포함한다.,https://www.data.go.kr/data/15064849/openapi.do,식품의약품안전처,2025-08-26,4560,1109,
식품의약품안전처_식품접객업소 위생등급 지정현황,식품위생법에 따른 식품접객업소 위생등급 지정현황 자료입니다.,https://www.data.go.kr/data/15060883/openapi.do,식품의약품안전처,2025-08-27,8060,1536,
식품의약품안전처_건강기능식품 생산실적보고 품목 정보,"건강기능식품 생산실적보고 대상 업소명, 품목명, 품목구분, 품목유형, 인허가번호, 보고년도, 품목제조보고번호, 연간생산능력(KG), 생산량(KG) 등 정보를 제공합니다.",https://www.data.go.kr/data/15074315/openapi.do,식품의약품안전처,2025-08-26,7298,1881,
식품의약품안전처_식품의 회수 및 판매중지 정보,"제품명, 회수사유, 제조업체명, 업체주소, 전화번호, 바코드번호, 포장단위, 제조일자, 회수방법, 유통기한, 식품분류, 제품사진 URL, 품목코드, 등록일, 회수.판매중지 일련번호,",https://www.data.go.kr/data/15074318/openapi.do,식품의약품안전처,2025-08-27,6349,1252,
식품의약품안전처_식품별 농약잔류허용기준 정보,"식품한글명, 식품영문명, 농약명, 일일섭취량, 잠정기준적용여부, 대분류, 중분류, 소분류, 시행시점, 단계, MRL값, 기타여부, 폐기여부 등의 항목을 제공합니다.",https://www.data.go.kr/data/15074324/openapi.do,식품의약품안전처,2025-08-27,4200,1134,
식품의약품안전처_건강기능식품의 기준 및 규격 정보,"건강기능식품의 품목코드, 품목한글명, 시험항목코드, 시험항목 한글명, 세부항목명, 기준규격값, 기준규격값 요약, 유효개시일자, 유효종료일자, 출처, 최대값, 최소값, 위해여부, 단위명",https://www.data.go.kr/data/15074321/openapi.do,식품의약품안전처,2025-08-26,5477,1462,
농림축산식품부_비영리법인현황(사단법인),"이를 통해 농림축산식품 분야에서 공익적 목적을 가지고 활동하는 법인의 설립 배경과 운영 목적을 명확히 확인할 수 있으며, 각 법인이 어느 지역을 기반으로 활동하는지도 파악할 수 있습니다",https://www.data.go.kr/data/15054967/openapi.do,농림축산식품부,2025-09-11,6132,1887,
식품의약품안전처_식품수거검사 계획 및 실적 정보,식품의약품안전처에서 제공하는 식품수거검사 계획 및 실적 정보 자료입니다.,https://www.data.go.kr/data/15074317/openapi.do,식품의약품안전처,2025-08-27,107076,1144,
국토교통부_농림지역,"건폐율·용적률·높이 등을 제한함으로써 토지를 경제적·효율적으로 이용하고 공공복리의 증진을 도모하기 위하여 서로 중복되지 않게 도시관리계획으로 결정하는 지역으로 도시지역, 관리지역, 농림지역",https://www.data.go.kr/data/15059255/openapi.do,국토교통부,2025-07-01,5802,208,
충청남도_충남넷_축산알림,"충청남도 충남넷 축산알림의 데이터를 제공합니다, 데이터는 게시물 제목, 내용, 담당부서, 담당자 및 관련 첨부파일 등을 제공합니다.",https://www.data.go.kr/data/15096607/openapi.do,충청남도,2025-01-31,5631,291,
식품의약품안전처_식품접객업정보,"식품위생법에 따른 식품접객업 영업 관련 정보입니다. 식품접객업에는: 휴게음식점,일반음식점, 제과점영업, 위탁급식영업 등이 있습니다.",https://www.data.go.kr/data/15064859/openapi.do,식품의약품안전처,2026-03-26,3784,648,
식품의약품안전처_식품 원재료 정보,식품의약품안전처 「식품 원재료 정보」 OpenAPI는 식품에 사용되는 원재료의 기본 정보를 제공합니다.,https://www.data.go.kr/data/15058665/openapi.do,식품의약품안전처,2025-09-19,17964,735,
경기도_식품제조가공업(기타) 현황,"이 데이터는 경기도 내 기타 식품제조가공업에 대한 인허가 현황을 담고 있으며, 도시락, PB(Private Brand) 제품 등을 제조 및 가공하는 사업체 정보를 포함합니다.",https://www.data.go.kr/data/15056958/openapi.do,경기도,2025-07-23,4462,937,
경기도_식품냉동냉장업 현황,"이 데이터는 경기도 내 식품냉동냉장업체의 인허가 및 영업 현황을 담고 있으며, 각 사업장의 명칭, 위치, 인허가 일자, 영업상태, 위생업태, 종업원 수 등의 정보를 제공합니다.",https://www.data.go.kr/data/15058238/openapi.do,경기도,2025-07-25,2849,782,
식품의약품안전처_식품 유해물질 기준규격 정보,해당 데이터는 식품 내 유해물질에 대한 기준 및 규격 정보를 제공합니다.,https://www.data.go.kr/data/15058838/openapi.do,식품의약품안전처,2025-08-27,5003,880,
식품의약품안전처_식품위생등급평가관리내역,식품위생등급평가관리에 대한 속성정보를 제공합니다.,https://www.data.go.kr/data/15064969/openapi.do,식품의약품안전처,2025-08-27,4790,829,
식품의약품안전처_식품위생검사기관 지정 현황,식품의약품안전처에서 지정하는 식품ㆍ의약품분야 시험ㆍ검사 등에 관한 법률에 따른 식품위생 검사기관 지정 현황 관련 자료입니다.,https://www.data.go.kr/data/15064939/openapi.do,식품의약품안전처,2025-08-27,4729,812,
서울특별시 서대문구_건강기능식품 유통판매업 현황,건강기능식품 유통전문 판매업소의 신고 등록 현황입니다.,https://www.data.go.kr/data/15059305/openapi.do,서울특별시 서대문구,2025-08-07,3090,862,
공정거래위원회_식품 리콜정보,공정거래위원회가 마련한 전 부처 리콜 공통 가이드라인에 따라 각 부처에서 리콜 시행 중인 상품에 관한 정보임,https://www.data.go.kr/data/15056914/openapi.do,공정거래위원회,2019-03-05,3417,623,
식품의약품안전처_주류제조.면허자 식품제조.가공영업 등록 현황,주류제조.면허자 식품제조.가공영업 등록 현황 관련 정보로 주류제조·면허자 식품제조·가공영업으로 등록된 업체에 대한 속성정보를 제공합니다.,https://www.data.go.kr/data/15064916/openapi.do,식품의약품안전처,2025-08-27,4358,1113,
식품의약품안전처_식품위생교육내역,"식품위생법에 따라 식품제조가공업, 첨가물제조업 등 관련 영업자에 대한 식품위생교육내역 관련 정보입니다.",https://www.data.go.kr/data/15064910/openapi.do,식품의약품안전처,2025-08-27,3398,523,
농촌진흥청_축산분뇨 자원화 업체,축산분뇨를 효율적으로 처리하고 자원으로 활용할 수 있도록 돕는 통합 정보 서비스입니다.,https://www.data.go.kr/data/15041772/openapi.do,농촌진흥청,2026-04-15,2576,274,
식품의약품안전처_식품첨가물제조업,식품위생법에 따른 식품첨가물 제조업 관련 정보입니다.,https://www.data.go.kr/data/15064853/openapi.do,식품의약품안전처,2025-08-27,4014,446,
식품의약품안전처_식품 이력 정보,"「식품 이력 정보」 OpenAPI는 식품의약품안전처에서 관리하는 식품(식품이력,식품행정,식품원재료 등)과 관련된 정보를 조회하는 공공데이터입니다.",https://www.data.go.kr/data/15058187/openapi.do,식품의약품안전처,2025-09-22,18337,493,
식품의약품안전처_해외직구 위해식품 차단정보,"다이어트·성기능개선·근육강화를 표방하는 해외직구 식품 등에서 부정물질, 오·남용 우려 의약품 성분이 함유된 것으로 확인되었거나 국내외 위해정보에 따라 안전성 우려가 있는 제품에 대해서는",https://www.data.go.kr/data/15057831/openapi.do,식품의약품안전처,2025-08-27,4152,691,
식품의약품안전처_식품첨가물 정보,"식품첨가물명, 구조식, 화학식, 정의, 성분 규격, 확인 시험, 순도 시험, 정량법 등의 식품첨가물 정보를 목록으로 조회하는 서비스",https://www.data.go.kr/data/15058807/openapi.do,식품의약품안전처,2021-10-13,11248,457,
식품의약품안전처_건강기능식품 대상별 정보,"식품의약품안전처에서 관리하는 식품(식품이력,식품행정,식품원재료 등) 관련 정보 조회",https://www.data.go.kr/data/15058360/openapi.do,식품의약품안전처,2022-09-05,7616,548,
경상남도_축산농가,"경상남도내 축산농가에 대한 관리기관, 농가 대표자명, 사업자명, 사업장주소, 축산업종류, 축종, 면적, 허가 등록여부, 허가 등록일, 영업상태, 위도, 경도 등의 정보를 제공하는 서비스",https://www.data.go.kr/data/15062920/openapi.do,경상남도,2024-05-09,5840,138,
식품의약품안전처_수입식품 허가 정보,-식품의약품안전처에서 관리하는 수입식품의 허가 정보는 수입식품의 신고 현황을 연도별·국가별·품목별로 세분화하여 제공합니다.,https://www.data.go.kr/data/15058273/openapi.do,식품의약품안전처,2025-08-20,11241,456,
경기도_부적합 식품 현황,"이 데이터는 경기도 내에서 식품 위생기준을 충족하지 못한 부적합 식품에 대한 현황을 제공하며, 반기 단위로 갱신됩니다.",https://www.data.go.kr/data/15058239/openapi.do,경기도,2025-07-21,3079,394,
식품의약품안전처_식품 검사 공통기준규격,이 자료는 식품의약품안전처에서 관리하는 식품 검사에서 적용되는 식품 공통 기준 및 규격에 관한 자료입니다.,https://www.data.go.kr/data/15057328/openapi.do,식품의약품안전처,2025-08-27,3485,438,
식품의약품안전처_시약(식품첨가물) 정보,"식품의약품안전처에서 관리하는 시약(식품첨가물) 정보입니다. 시약 명, 회사 명, 시도별 지방청, 상태, 순도, 유효기간 자료를 제공합니다.",https://www.data.go.kr/data/15074325/openapi.do,식품의약품안전처,2025-08-26,3564,383,
식품의약품안전처_건강기능식품 전문.벤처제조업인허가 현황,건강기능식품에 관한 법률에 의거한 건강기능식품 전문.벤처제조업 인허가 현황 관련 정보를 제공합니다.,https://www.data.go.kr/data/15064863/openapi.do,식품의약품안전처,2025-08-26,2973,672,
식품의약품안전처_식품이력추적관리 등록 현황,식품이력 추적관리 등록 현황 관련 정보를 제공합니다.,https://www.data.go.kr/data/15064905/openapi.do,식품의약품안전처,2025-08-27,3528,537,
식품의약품안전처_식품판매업 폐업정보,"식품판매업 폐업에 대한 속성정보를 제공합니다. 속성정보로는 인허가번호 , 업소명 , 대표자명 , 업종 , 허가일자 , 폐업일자 , 페업상태 , 주소 , 기관명이 있습니다.",https://www.data.go.kr/data/15077647/openapi.do,식품의약품안전처,2025-08-27,3095,419,
행정안전부_식품_축산가공업 조회서비스,"식품_축산가공업 데이터는 식육, 알, 원유 등을 가공하여 소시지, 전란분, 우유 등으로 판매하는 업소정보 데이터로 인허가일자, 영업상태, 사업장명, 소재지주소 등의 데이터를 제공합니다",https://www.data.go.kr/data/15154842/openapi.do,행정안전부,2026-04-16,291,53,
행정안전부_식품_축산판매업 조회서비스,"식품_축산판매업 데이터는 달걀, 유제품, 내장 또는 소고기, 돼지고기와 같은 축산물을 판매하는 업소정보 데이터로 인허가일자, 영업상태, 사업장명, 소재지주소 등의 데이터를 제공합니다",https://www.data.go.kr/data/15154871/openapi.do,행정안전부,2026-04-15,503,57,
농림축산식품부 농림축산검역본부_축산차량통계,"지자체에서 농가 등 축산관계시설에 출입하는 축산 차량을 등록하고, 등록된 축산 차량유형 별 통계를 조회 할 수 있도록 API 서비스를 제공합니다.",https://www.data.go.kr/data/15102820/openapi.do,농림축산식품부 농림축산검역본부,2024-07-08,1862,168,
식품의약품안전처_식품첨가물의 한시적 기준 및 규격 인정 현황,식품의약품안전처에서 관리하는식품위생법에 따른 식품첨가물 관련 한시적 기준규격 인정 현황 정보 자료입니다.,https://www.data.go.kr/data/15058631/openapi.do,식품의약품안전처,2025-08-27,4071,580,
기후에너지환경부_맞춤형 물환경정보(축산계 오염원 분포현황),"물환경보전법 제23조 및 같은법 시행규칙 제32조에 의해 매년 시도지사는 관할구역의 오염원 종류, 수질오염원 발생량 등을 조사하며, 생활계, 축산계, 산업계, 양식계, 토지계, 매립계",https://www.data.go.kr/data/15111641/openapi.do,기후에너지환경부,2026-04-08,1828,289,
식품의약품안전처_어린이 기호식품 품질 인증대장,식품의약품안전처에서 관리하는 어린이 식생활안전관리 특별법에 따른 어린이 기호식품 품질 인증대장 자료입니다.,https://www.data.go.kr/data/15057728/openapi.do,식품의약품안전처,2025-08-27,3405,443,
농림축산식품부_스마트팜 데이터 마트 축산 빅데이터 제공 서비스,"또한 낙농 활동 전반에 대한 품질 개선 및 효율성 평가를 지원하며, 축산 현장 의사결정 자료로 활용할 수 있습니다.",https://www.data.go.kr/data/15121328/openapi.do,농림축산식품부,2025-07-09,2554,229,
식품의약품안전처_어린이 식품안전보호구역 관리 현황,어린이 식품안전보호구역 관리 현황 관련 정보입니다.,https://www.data.go.kr/data/15064913/openapi.do,식품의약품안전처,2025-08-27,3180,481,
경기도_식품판매업 현황,"이 데이터는 식품 위생법 시행령에 따라 경기도 내 식품판매업(식용얼음판매업, 유통전문판매업, 기타식품판매업)을 통합하여 제공하는 인허가 현황 데이터입니다.",https://www.data.go.kr/data/15056514/openapi.do,경기도,2025-07-23,3907,273,
농촌진흥청_축산환경자가진단,"돼지, 젖소·한우, 닭 등 주요 축종별로 필요한 축산환경 심사 기준을 한눈에 확인하고, 누구나 쉽게 참여할 수 있는 자가진단 서비스를 제공합니다.",https://www.data.go.kr/data/15086484/openapi.do,농촌진흥청,,3038,121,
식품의약품안전처_건강기능식품,식품의약품안전처 「건강기능식품 정보」 OpenAPI는 국내에서 보고·허가된 건강기능식품(먹는 콜라겐)의 기본 현황을 조회할 수 있는 공공데이터입니다.,https://www.data.go.kr/data/15043011/openapi.do,식품의약품안전처,2025-09-19,13153,237,
식품의약품안전처_해외 위해식품 회수정보,"해외 국가기관에서 발표한 위해식품 회수정보에 대한 속성정보로 제공하고 있으며 본문내용에는 해당국가, 기관, 정보출처, 국내수입여부 등의 정보들이 포함되어 있습니다.",https://www.data.go.kr/data/15077772/openapi.do,식품의약품안전처,2025-08-27,1695,304,
경기도_식품소분업 현황,"이 데이터는 경기도 내 31개 시군에 등록된 식품소분업체의 인허가 현황으로, 완제품 식품을 소단위로 분할하여 별도로 포장하는 업체 정보를 포함합니다.",https://www.data.go.kr/data/15058196/openapi.do,경기도,2025-07-24,3415,265,
한국농수산식품유통공사_식품 원료별 사용량(총/국산/수입),"국내 식품제조업체에서 사용하는 식품 원료(농산물, 식품소재)별 사용량 및 국산, 수입원료 사용량 데이터를 제공합니다.",https://www.data.go.kr/data/15109105/openapi.do,한국농수산식품유통공사,2022-12-06,8706,335,
식품의약품안전처_바코드연계제품정보,"품목보고(신고)번호 , 보고(신고일) , 생산중단일 , 제품명 , 소비기한 , 식품 유형 , 제조사명 , 업종 , 주소 , 폐업일자 , 유통바코드의 속성정보를 제공합니다.",https://www.data.go.kr/data/15060549/openapi.do,식품의약품안전처,2025-08-26,21092,8344,
식품의약품안전처_검사 부적합 식품정보,식품의약품안전처의 「검사 부적합 식품정보」 OpenAPI는 검사 기준에 부적합 판정을 받은 식품의 상세 정보를 제공합니다.,https://www.data.go.kr/data/15056516/openapi.do,식품의약품안전처,2025-09-22,6218,284,
한국식품연구원_전통식품정보 서비스,"전통식품의 명칭(이명, 영문명 등), 출전문헌, 식재료 및 배합량, 조리법 등의 상세정보와 한의학적 병증에 따라 전통식품이 처방으로 활용된 기록, 한의학 고문헌이나 학술논문 속에서",https://www.data.go.kr/data/15047798/openapi.do,한국식품연구원,2017-12-15,5589,273,
행정안전부_식품_일반음식점 조회서비스,"식품_일반음식점 데이터는 한식, 중식, 일식 등 음식류를 조리 및 판매하며, 식사와 함께 음주행위가 허용되는 업소정보 데이터로 인허가일자, 영업상태(영업/정상), 사업장명(업소명),",https://www.data.go.kr/data/15154916/openapi.do,행정안전부,2026-04-16,3456,266,
경기도_식품접객업소 현황,"이 데이터는 경기도 내 31개 시군에 소재한 식품접객업소의 현황을 나타내며, 행정안전부에서 수시로 제공하는 인허가 기반 공공데이터입니다.",https://www.data.go.kr/data/15058548/openapi.do,경기도,2025-07-24,4158,201,
식품의약품안전처_방사선조사식품 품목인정 정보,"또한 식품안전 분야의 정보 투명성 제고, 식품산업 발전 지원, 데이터에 기반한 식품안전정책 수립, 맞춤형 서비스 개발 기반 제공으로 국민 편의성을 향상 시킬 수 있습니다.",https://www.data.go.kr/data/15074322/openapi.do,식품의약품안전처,2025-08-26,2175,247,
농림축산식품부 농림축산검역본부_축산관계시설등록통계,"축산농장, 도축장, 사료공장 등 축산관계시설로 등록된 시설의 통계정보를 시도별로 조회할 수 있도록 API 서비스를 제공합니다.",https://www.data.go.kr/data/15102819/openapi.do,농림축산식품부 농림축산검역본부,2022-07-27,1598,128,
경기도_식품첨가물제조업 현황,"이 데이터는 경기도 31개 시군의 식품첨가물 제조업체에 대한 인허가 현황을 제공하며, 식품의 기호성 향상 또는 영양가치 증진을 위한 첨가물을 제조하는 사업체에 대한 정보를 담고 있습니다",https://www.data.go.kr/data/15059032/openapi.do,경기도,2025-07-23,3668,222,
식품의약품안전처_식품제조가공업 폐업정보,"식품제조가공업의 폐업정보로, 인허가번호, 업소명, 대표자명, 업종, 허가일자, 폐업일자, 페업상태, 주소, 관할기관명 등의 항목을 제공합니다.",https://www.data.go.kr/data/15089289/openapi.do,식품의약품안전처,2025-08-27,2581,239,
농촌진흥청_축산실용기술모음,"축산농가의 경쟁력 향상을 위한 필수 정보, 이제 한 곳에서 편리하게 만나보세요.",https://www.data.go.kr/data/15041765/openapi.do,농촌진흥청,2026-04-28,1767,78,
기후에너지환경부 국립환경과학원_축산계 정보제공서비스,"물환경보전법 제23조 및 동법 시행규칙 제32조에 의해 매년 시도지사는 관할구역의 오염원 종류, 수질오염원 발생량 등을 조사하며, 생활계, 축산계, 산업계, 양식계, 토지계, 매립계",https://www.data.go.kr/data/15057699/openapi.do,기후에너지환경부 국립환경과학원,2025-05-26,45254,132,
서울특별시 서대문구_건강기능식품 일반판매업 현황,건강기능식품 유통전문 판매업소의 신고 등록 현황입니다.,https://www.data.go.kr/data/15057509/openapi.do,서울특별시 서대문구,2025-08-07,3592,287,
서울특별시 동작구 식품위생업소 행정처분내역 현황,"서울시 동작구 식품위생업소 행정처분내역 현황(업소명, 행정처분상태, 행정처분명)",https://www.data.go.kr/data/15038284/openapi.do,서울특별시 동작구,2019-09-06,4005,276,
식품의약품안전처_식품별 동물용의약품 잔류허용기준 정보,식품의약품안전처에서 관리하는 식품별 동물용의약품 잔류허용기준 정보 자료입니다.,https://www.data.go.kr/data/15074328/openapi.do,식품의약품안전처,2025-08-27,2662,222,
행정안전부_식품_휴게음식점 조회서비스,"식품_휴게음식점 데이터는 고속도로에 위치한 음식점 음주행위가 허용되지 아니하는 업소로 간단한 조리음식과 음료를 즐길 수 있는 업소 데이터로 인허가일자, 영업상태, 사업장명, 소재지주소",https://www.data.go.kr/data/15154921/openapi.do,행정안전부,2026-04-16,2527,181,
경기도_식품운반업 현황,"이 데이터는 경기도 내 31개 시군에서 식품위생법에 따라 인허가된 식품운반업체의 정보를 수록한 자료로, 부패나 변질이 쉬운 유산균 음료, 어류 및 가공품 등의 위생적 운반을 담당하는",https://www.data.go.kr/data/15058668/openapi.do,경기도,2025-07-24,3614,154,
식품의약품안전처_식품 원재료 정보 조회,식품의약품안전처 「식품 원재료 정보 조회」 OpenAPI는 식품 원재료의 표준화된 정보를 제공하는 공공데이터입니다.,https://www.data.go.kr/data/15111913/openapi.do,식품의약품안전처,2025-09-22,4295,149,
식품의약품안전처_식품소분업 폐업정보,식품위생법에 따른 식품소분업소의 폐업 정보입니다.,https://www.data.go.kr/data/15077539/openapi.do,식품의약품안전처,2025-08-27,2593,174,
경기도_가축 전염병 발생 현황,"본 데이터는 축산농가에서 발생한 법정 가축전염병의 현황을 기록한 자료로, 가축전염병명, 농장소재지, 축종명, 감염두수, 진단일자, 병성감정기관명, 시군명 및 시군코드 등의 항목으로",https://www.data.go.kr/data/15056737/openapi.do,경기도,2025-09-05,3567,415,
경기도_식품판매업(기타) 현황,"이 데이터는 경기도 31개 시군의 식품판매업 중 제과점, 즉석판매제조가공업, 유통판매업에 해당하지 않는 기타 식품판매업체의 인허가 현황을 포함합니다.",https://www.data.go.kr/data/15059027/openapi.do,경기도,2025-07-23,3615,163,
식품의약품안전처_식품조사처리업 인허가 현황,식품위생법에 따른 식품조사처리업 인허가 현황 관련 정보입니다.,https://www.data.go.kr/data/15064865/openapi.do,식품의약품안전처,2025-08-27,2622,180,
농림축산식품부 국립농산물품질관리원_우수식품 인증정보 OpenAPI,"국립농산물품질관리원에서 관리하는 우수식품 인증정보(인증구분, 인증번호, 인증기관명, 인증업체, 주소, 제품명)",https://www.data.go.kr/data/15080598/openapi.do,농림축산식품부 국립농산물품질관리원,2021-04-27,2136,196,
식품의약품안전처_수입식품 제품DB 정보,"-제공 자료는 식품의약품안전처가 관리하는 수입식품 제품DB 정보로, 각 수입식품의 신고제품구분(예: 농산물, 수산물, 축산물, 가공식품 등), 제조국가, 제품명, 육류품목, 품목정보를",https://www.data.go.kr/data/15073949/openapi.do,식품의약품안전처,2025-08-07,4481,157,
지식재산처_한국전통 식품정보,"세부 정보 내용 식품정보: 전통식품 관련 고문헌으로부터 전통음식, 식재료와 관련된 부분을 선별·발췌하여 원문 이미지 및 텍스트를 확보하고, 쉽게 알아볼 수 있도록 한자, 옛한글로",https://www.data.go.kr/data/15002149/openapi.do,지식재산처,2020-09-21,4917,166,
식품의약품안전처_잔류동물의약품 식품별 잔류허용 기준,"해당 데이터는 잔류동물의약품별 식품(식품한글명, 식품영문명, 일일섭취량, 잠정기준적용여부, 대분류, 중분류, 소분류 정보 등)에 대한 잔류량 허용 기준 정보를 제공하고 있습니다.",https://www.data.go.kr/data/15084267/openapi.do,식품의약품안전처,2025-08-27,2029,171,
농림수산식품교육문화정보원_식품산업 일자리 정보,농림수산식품교육문화정보원에서 제공하는 식품산업 관련 구인구직 정보와 각종 교육과정에 대한 정보입니다.,https://www.data.go.kr/data/15015146/openapi.do,농림수산식품교육문화정보원,2025-07-29,2834,116,
행정안전부_식품_제과점영업 조회서비스,"식품_제과점영업 데이터는 빵, 베이커리와 같은 빵류, 제과류 등을 만들어 판매하는 업소정보 데이터로 인허가일자, 영업상태, 사업장명, 소재지주소 등의 데이터를 제공합니다.",https://www.data.go.kr/data/15155252/openapi.do,행정안전부,2026-04-15,441,111,
식품의약품안전처_수입식품 해외제조업소 정보,-해외제조업소의 식품 수출입 관리 및 안전성 확보를 위해 필요한 다양한 정보를 포함하고 있습니다.,https://www.data.go.kr/data/15073967/openapi.do,식품의약품안전처,2025-08-07,5390,126,
농촌진흥청 국립축산과학원_축산 가격 동향,"본 자료는 축산물 가격 변동에 대한 정보를 제공하는 축산 가격동향 공공데이터로, 사용자가 원하는 검색 기간을 입력하면 해당 기간에 등록된 축산 가격 관련 정보를 확인할 수 있도록 구성되어",https://www.data.go.kr/data/15102029/openapi.do,농촌진흥청 국립축산과학원,2025-08-03,2007,40,
경기도_건강기능식품유통전문판매업 현황,"이 데이터는 건강기능식품에 관한 법률 시행령 제3항에 따른 건강기능식품 유통 전문판매업체의 인허가 현황을 담고 있으며, 경기도 31개 시군을 기준으로 주간 단위로 갱신됩니다.",https://www.data.go.kr/data/15056957/openapi.do,경기도,2025-07-21,3662,158,
행정안전부_식품_식품제조가공업 조회서비스,"식품_식품제조가공업 데이터는 PB제품, 도시락 등 식품을 제공 및 가공하는 업소정보 데이터로 인허가일자, 영업상태, 사업장명, 소재지주소 등의 데이터를 제공합니다.",https://www.data.go.kr/data/15155150/openapi.do,행정안전부,2026-04-15,323,65,
경기도_건강기능식품판매업 현황,"이 데이터는 경기도 내 건강기능식품판매업의 현황을 수시로 갱신하여 제공하며, 인허가된 사업장의 상세 정보를 포함합니다.",https://www.data.go.kr/data/15056907/openapi.do,경기도,2025-07-21,3731,121,
식품의약품안전처_수입식품 방사능 검사현황,식품의약품안전처 「수입식품 방사능 검사현황」 OpenAPI는 수입된 식품에 대해 방사능 검사를 실시한 결과를 국가·연도·품목 구분별로 제공하는 공공데이터입니다.,https://www.data.go.kr/data/15095398/openapi.do,식품의약품안전처,2025-09-19,4198,117,
농촌진흥청_축산분뇨 농가활용프로그램,농사로에서는 축산분뇨를 농가에서 보다 효율적이고 안전하게 활용할 수 있도록 다양한 지원 프로그램을 제공하고 있습니다.,https://www.data.go.kr/data/15101389/openapi.do,농촌진흥청,2026-04-10,1490,48,
식품의약품안전처_식품운반업 폐업정보,식품의약품안전처에서 관리하는 식품운반업 폐업정보 자료입니다.,https://www.data.go.kr/data/15080688/openapi.do,식품의약품안전처,2025-08-27,3047,99,
행정안전부_식품_식품판매업(기타) 조회서비스,"식품_식품판매업(기타) 데이터는 제과점, 즉석판매제조가공업, 유통판매업 등에 속하지 않고 마트와 같은 일정 규모 이상의 영업장에서 식품을 판매하는 업소정보 데이터로 인허가일자, 영업상태",https://www.data.go.kr/data/15155170/openapi.do,행정안전부,2026-04-15,217,58,
경상북도 구미시_축산 농가 현황,"경상북도 구미시의 축산 농가 현황에 대한 데이터는 관내에서 축산업에 종사하는 각 사업장의 기본 정보를 포함하고 있는 자료로, 축산 행정과 정책 수립을 위한 중요한 기초자료입니다.",https://www.data.go.kr/data/15097245/openapi.do,경상북도 구미시,2025-08-06,3298,35,
세종특별자치시_세종특별자치시 축산농가,"세종특별자치시 축산농가 상호 명칭, 축산농가 사육업종 정보, 축산농가 소재지 주소, 축산농가 소재 행정동 명칭, 축산농가 소재 행정리 명칭 정보를 제공합니다.",https://www.data.go.kr/data/15098510/openapi.do,세종특별자치시,2022-02-21,3617,28,
행정안전부_식품_식품자동판매기업 조회서비스,"식품_식품자동판매기업 데이터는 자동판매기를 이용하여 식품을 판매하는 업소정보 데이터로 인허가일자, 영업상태, 사업장명, 소재지주소 등의 데이터를 제공합니다.",https://www.data.go.kr/data/15155144/openapi.do,행정안전부,2026-04-15,259,60,
행정안전부_식품_집단급식소식품판매업 조회서비스,"집단급식소를 대상으로 식품을 판매하는 업소정보 데이터로 인허가일자, 영업상태, 사업장명, 소재지주소 등의 데이터를 제공합니다.",https://www.data.go.kr/data/15154784/openapi.do,행정안전부,2026-04-15,681,53,
식품의약품안전처_수입식품 제품별 한글표시사항,-「수입식품안전관리 특별법 시행규칙」개정('22. 11. 25. 시행) 이후 구조화된 한글표시사항 정보를 텍스트로 변환하여 제품 정보와 함께 소비자에게 제공합니다.,https://www.data.go.kr/data/15110214/openapi.do,식품의약품안전처,2025-08-07,10290,117,
행정안전부_식품_식품소분업 조회서비스,"식품_식품소분업 데이터는 완제품 형태의 식품을 별도로 소분하여 포장하는 업소정보 데이터로 인허가일자, 영업상태, 사업장명, 소재지주소 등의 데이터를 제공합니다.",https://www.data.go.kr/data/15155126/openapi.do,행정안전부,2026-04-16,153,48,
서울특별시 동작구_식품판매업(기타) 인허가 정보,"서울특별시 동작구 식품판매업(기타) 인허가 정보(인허가일자, 주소, 전화번호 등)",https://www.data.go.kr/data/15038289/openapi.do,서울특별시 동작구,2020-09-17,2579,113,
한국식품안전관리인증원_식품 제조가공 HACCP업체 정보 서비스,"(식품 제조가공 HACCP 업체 상세정보 제공 서비스) 전국의 식품 제조가공업체 중 HACCP 인증을 받은 업체의 인증번호, 회사명, 업종, 품목, 대표자명, 주소, 인증기간 등 현황",https://www.data.go.kr/data/15065475/openapi.do,한국식품안전관리인증원,2025-06-09,7513,122,
행정안전부_식품_식품첨가물제조업 조회서비스,"식품_식품첨가물제조업 데이터는 식품을 제조 또는 가공할 때 기호가치를 향상시키거나 영양가치를 높일목적의 식품첨가물을 제조하는 업소정보 데이터로 인허가일자, 영업상태, 사업장명, 소재지주소",https://www.data.go.kr/data/15155162/openapi.do,행정안전부,2026-04-15,185,48,
행정안전부_식품_식품운반업 조회서비스,"식품_식품운반업 데이터는 유산균 음료, 어류, 조개류와 같이 부패 또는 변질되기 쉬운 식품을 위생적으로 운반하는 업소정보 데이터로 인허가일자, 영업상태, 사업장명, 소재지주소 등의",https://www.data.go.kr/data/15155133/openapi.do,행정안전부,2026-04-16,148,42,
식품의약품안전처_수입식품 국가별 수입 현황,식품의약품안전처 「수입식품 국가별 수입 현황」 OpenAPI는 특정 국가에서 수입되는 식품의 중량을 확인할 수 있는 공공데이터입니다.,https://www.data.go.kr/data/15095376/openapi.do,식품의약품안전처,2025-09-19,6320,75,
행정안전부_식품_집단급식소 조회서비스,"식품_집단급식소 데이터는 병원,학교,어린이집 등 집단급식소를 운영하는 업소 및 기관 데이터로 인허가일자, 영업상태, 사업장명, 소재지주소 등의 데이터를 제공합니다.",https://www.data.go.kr/data/15155168/openapi.do,행정안전부,2026-04-15,634,76,
부산광역시 식품 방사능 검사결과 정보,생활수준이 높아지고 안전한 먹거리에 대한 관심이 많아지고 있고 또 방사능 오염에 대한 관심이 높아져 시중에 판매되는 400여개 이상의 식품에 대한 방사능 검사 결과 정보 데이터를 개방합니다,https://www.data.go.kr/data/3076513/openapi.do,부산광역시,2025-05-21,5270,75,
식품의약품안전처_수입식품 월별 품목 수입량,-제공 자료는 수입식품의 월별 품목 수입량에 관한 통계 데이터를 담고 있습니다.,https://www.data.go.kr/data/15139324/openapi.do,식품의약품안전처,2026-01-05,2867,84,
식품의약품안전처_수입식품 수입신고 접수품목,-본 자료는 「수입식품안전관리 특별법」에 따라 수입신고된 식품의 정보 제공하고 있습니다.,https://www.data.go.kr/data/15073922/openapi.do,식품의약품안전처,2025-08-07,5911,95,
행정안전부_식품_식품냉동냉장업 조회서비스,"식품_식품냉동냉장업 데이터는 냉동식품, 냉동업 등 식품을 얼리거나 차갑게 보존하는 업소정보 데이터로 인허가일자, 영업상태, 사업장명, 소재지주소 등의 데이터를 제공합니다.",https://www.data.go.kr/data/15155164/openapi.do,행정안전부,2026-04-15,223,43,
식품의약품안전처_수입식품 성분코드 정보,식품의약품안전처 「수입식품 성분코드 정보」 OpenAPI는 수입식품의 성분 코드와 그 속성 정보를 목록 조회할 수 있는 공공데이터입니다.,https://www.data.go.kr/data/15094202/openapi.do,식품의약품안전처,2025-09-19,3926,83,
행정안전부_식품_건강기능식품일반판매업 조회서비스,"식품_건강기능식품일반판매업 데이터는 건강기능식품을 판매하는 업소정보(건강기능식품유통전문판매업에 해당되는 업소 제외) 데이터로 인허가일자, 영업상태, 사업장명, 소재지주소 등의 데이터를",https://www.data.go.kr/data/15155221/openapi.do,행정안전부,2026-04-15,355,48,
행정안전부_식품_유흥주점영업 조회서비스,"식품_유흥주점영업 데이터는 스텐드바, 룸살롱, 노래클럽 등 주로 주류와 함께 음식류를 조리 및 판매하는 곳으로 유흥종사자를 두거나 유흥시설을 설치하여 운영하는 업소정보 데이터로 인허가일자",https://www.data.go.kr/data/15154890/openapi.do,행정안전부,2026-04-16,871,78,
행정안전부_식품_관광식당 조회서비스,"식품_관광식당 데이터는 일반음식점영업의 허가를 받은자가 관광객의 이용에 적합한 음식제공시설을 갖추고 관광객에게 특정한 국가의 음식을 전문적으로 제공하는 업소 데이터로 인허가일자, 영업상태",https://www.data.go.kr/data/15154897/openapi.do,행정안전부,2026-04-16,264,68,
농촌진흥청 국립축산과학원_축산 100문100답(한우),"주요 내용은 실무적으로 필요한 주제들로 구성되어 있으며, 초보 축산인부터 전문 종사자까지 다양한 계층이 활용할 수 있도록 쉽게 설명되어 있습니다.",https://www.data.go.kr/data/15115476/openapi.do,농촌진흥청 국립축산과학원,2025-08-03,2073,32,
식품의약품안전처_건강기능식품 GMP 지정현황 조회,"식품의약품안전처에서 관리하는 식품GMP인증업체현황서비스에 대한 인허가번호,업소명,업종,대표자,소재지,인허가기관,영업상태,비고,GMP지정일,GMP지정번호,의무적용일자,지정취소일,지정취소사유",https://www.data.go.kr/data/15111987/openapi.do,식품의약품안전처,2025-08-18,6131,95,
행정안전부_식품_단란주점영업 조회서비스,"식품_단란주점영업 데이터는 주로 주류와 함께 음식류를 조리 및 판매하는 곳으로 손님이 노래를 부르는 행위가 허용되는 업소정보 데이터로 인허가일자, 영업상태, 사업장명, 소재지주소 등의",https://www.data.go.kr/data/15154883/openapi.do,행정안전부,2026-04-15,258,74,
경기도_시중유통식품안전성검사 현황,"이 데이터는 경기도 관내 유통 중인 식품에 대한 연도별 안전성 검사 현황을 제공하는 자료로, 각 제품에 대해 실시된 검사항목과 수거검사의뢰일 등을 포함합니다.",https://www.data.go.kr/data/15056748/openapi.do,경기도,2025-07-21,2556,80,
행정안전부_식품_건강기능식품유통전문판매업 조회서비스,"식품_건강기능식품유통전문판매업 데이터는 건강기능식품전문제조업자에게 의뢰하여 제조한 건강기능식품을 자신의 상표로 유통 및 판매하는 업소정보 데이터로 인허가일자, 영업상태, 사업장명,",https://www.data.go.kr/data/15155173/openapi.do,행정안전부,2026-04-15,162,46,
식품의약품안전처_식품이력추적 관리품목 등록정보 조회,"식품의약품안전처에서는 안전한 식품선택을 위한 소비자의 알 권리를 보장하고, 식품의 안전성 확보를 위한 신속한 유통차단과 회수조치를 위해 제조·가공단계부터 판매단계까지 각 단계별로",https://www.data.go.kr/data/15111975/openapi.do,식품의약품안전처,2025-08-12,3929,84,
행정안전부_식품_위탁급식영업 조회서비스,"식품_위탁급식영업 데이터는 집단급식소를 설치 및 운영하는 업체와 계약에 따라 해당 집단급식소에서 음식류를 조리하여 제공하는 업소정보 데이터로 인허가일자, 영업상태, 사업장명, 소재지주소",https://www.data.go.kr/data/15155159/openapi.do,행정안전부,2026-04-15,1422,65,
서울특별시 동작구_축산가공업 인허가 정보,"동작구에 등록된 축산물가공업 정보로 사업장 명칭, 행정동명, 소재지주소, 소재지전화 등의 정보를 제공합니다.",https://www.data.go.kr/data/15038287/openapi.do,서울특별시 동작구,2020-09-17,3907,22,
식품의약품안전처_수입식품 회수판매중지 제품 정보,식품의약품안전처 「수입식품 회수판매중지 제품 정보」 OpenAPI는 국내에 수입된 식품 중 회수 또는 판매 중지 조치된 제품의 상세 정보를 제공합니다.,https://www.data.go.kr/data/15095378/openapi.do,식품의약품안전처,2025-09-19,2864,68,
식품의약품안전처_수입식품 수입신고 접수 업체,-제공 자료는 수입식품 수입신고가 접수된 건별로 해외제조업소와 수출업소의 주요 정보를 목록 형태로 포함하고 있습니다.,https://www.data.go.kr/data/15073921/openapi.do,식품의약품안전처,2025-08-07,4059,66,
행정안전부_식품_즉석판매제조가공업 조회서비스,"식품_즉석판매제조가공업 데이터는 즉석으로 음식을 제조 및 가공하여 판매하는 업소정보 데이터로 인허가일자, 영업상태, 사업장명, 소재지주소 등의 데이터를 제공합니다.",https://www.data.go.kr/data/15155245/openapi.do,행정안전부,2026-04-15,829,66,
경기도_건강기능식품수입업 현황,"이 데이터는 경기도 내 건강기능식품 수입업체의 인허가 현황을 주간 단위로 제공하며, 총 24개 항목으로 구성되어 있습니다.",https://www.data.go.kr/data/15057704/openapi.do,경기도,2025-07-21,2858,57,
한국식품안전관리인증원_식품 스마트HACCP 인증업체 정보 서비스,"HACCP 인증을 받은 식품업체 중 스마트 HACCP을 등록한 업체의 업체명, 인증번호, 스마트HACCP 등록번호, 대표자명, 주소, 중요관리점, 품목 등 현황 정보를 제공합니다.(2018년 12월 이후 데이터)",https://www.data.go.kr/data/15118080/openapi.do,한국식품안전관리인증원,2025-05-30,3335,75,
식품의약품안전처_수입식품 수입신고별 한글표시사항,-「수입식품안전관리 특별법 시행규칙」 개정('22. 11. 25. 시행) 이전 텍스트 형태의 한글표시사항 정보를 제품 정보와 함께 소비자에게 제공하고 있습니다.,https://www.data.go.kr/data/15110213/openapi.do,식품의약품안전처,2025-08-07,8611,72,
식품의약품안전처_식품원재료코드,"또한 식품안전 분야의 정보 투명성 제고, 식품산업 발전 지원, 데이터에 기반한 식품안전정책 수립으로 국민 편의성을 향상 시킬 수 있습니다.",https://www.data.go.kr/data/15064780/openapi.do,식품의약품안전처,2025-08-27,6069,1572,
행정안전부_식품_집유업 조회서비스,"식품_집유업 데이터는 원유(젖소, 양 등)를 수집 및 여과하여 냉각 또는 저장하는 업소정보 데이터로 인허가일자, 영업상태, 사업장명, 소재지주소 등의 데이터를 제공합니다.",https://www.data.go.kr/data/15154803/openapi.do,행정안전부,2026-04-16,242,48,
식품의약품안전처_수입식품 원료정보,-수입식품 원료 정보 자료는 수입 식품에 사용되는 원재료의 상세 속성을 체계적으로 제공합니다.,https://www.data.go.kr/data/15111777/openapi.do,식품의약품안전처,2025-08-07,5024,46,
농림축산식품부_지역별 농장 통계 데이터 제공,"본 정보는 축산물품질평가원의 축산물이력정보(소, 돼지)와 가축위생방역지원본부(닭, 오리 등 기타 축종)의 축산농장 방역정보를 기반으로 구축된 전국 축산농장에 대한 농장별 현황 정보입니다",https://www.data.go.kr/data/15109070/openapi.do,농림축산식품부,2025-07-09,3746,902,
행정안전부_식품_관광유흥음식점업 조회서비스,"식품_관광유흥음식점업 데이터는 유흥주점영업의허가를 받은자가 관광객의 이용에 적합한 한국전통분위기의 시설을 갖추어 그시설을 이용하는자에게 음식을 제공하고 노래, 춤을 감상하게 하거나",https://www.data.go.kr/data/15154903/openapi.do,행정안전부,2026-04-16,318,61,
식품의약품안전처_식품별 유해오염물질 검출량 정보,"식품의약품안전처에서 관리하는 식품의 구분,식품유형,식품명,조사년도,다이옥신 조사값,PCBs 조사값,벤조피렌 조사값,3-MCPD 조사값,총 아플라톡신 조사값,아플라톡신B1 조사값,오크라톡신",https://www.data.go.kr/data/15102278/openapi.do,식품의약품안전처,2025-08-18,2639,50,
농촌진흥청 국립축산과학원_축산 큐레이션,"본 자료는 국립축산과학원에서 제작한 ‘축산 큐레이션’ 콘텐츠로, 축산 분야의 시기별 이슈나 계절적 특성을 반영하여 매월 1~2건씩 정기적으로 제작되는 비정형 공공데이터입니다.",https://www.data.go.kr/data/15102034/openapi.do,농촌진흥청 국립축산과학원,2025-08-03,1506,15,
식품의약품안전처_HACCP 적용업소 지정 현황,"또한 식품안전 분야의 정보 투명성 제고, 식품산업 발전 지원, 데이터에 기반한 식품안전정책 수립, 맞춤형 서비스 개발 기반 제공으로 국민 편의성을 향상 시킬 수 있습니다.",https://www.data.go.kr/data/15098712/openapi.do,식품의약품안전처,2025-08-26,4338,1516,
경상남도_식품방사능 검사,"유형, 품명, 건수, 검사결과, 판정 등을 조회하는 경상남도 식품방사능 검사 현황 서비스",https://www.data.go.kr/data/15062814/openapi.do,경상남도,2020-08-06,2432,32,
행정안전부_식품_유통전문판매업 조회서비스,"식품_유통전문판매업 데이터는 직접 제조하지 않고 식가공류 제공을 위해 판매업소에 유통하는 업소정보 데이터로 인허가일자, 영업상태, 사업장명, 소재지주소 등의 데이터를 제공합니다.",https://www.data.go.kr/data/15155251/openapi.do,행정안전부,2026-04-16,179,51,
대전광역시 서구_축산현황 및 가금류 사육현황,대전광역시 서구 관내에서 운영 중인 축산·가금류 관련 사업장의 현황을 체계적으로 정리한 데이터이다.,https://www.data.go.kr/data/15128301/openapi.do,대전광역시 서구,2025-11-20,585,23,
행정안전부_식품_옹기류제조업 조회서비스,"식품_옹기류제조업 데이터는 식품을 제조, 조리, 저장 할 목적으로 항아리, 뚝배기 등과 같은 옹기류를 제작 및 판매하는 업소정보 데이터로 인허가일자, 영업상태, 사업장명, 소재지주소",https://www.data.go.kr/data/15155237/openapi.do,행정안전부,2026-04-15,167,43,
행정안전부_식품_축산물보관업 조회서비스,"식품_축산물보관업 데이터는 축산물(식육,원유,식육가공품 등)을 냉동 또는 냉장으로 보관하는 업소정보 데이터로 인허가일자, 영업상태, 사업장명, 소재지주소 등의 데이터를 제공합니다.",https://www.data.go.kr/data/15154851/openapi.do,행정안전부,2026-04-15,141,43,
행정안전부_식품_축산물운반업 조회서비스,"식품_축산물운반업 데이터는 축산물(식육,원유,식육가공품 등)을 전문적으로 운반하는 업소 데이터로 인허가번호, 일허가일자, 영업상태, 소재지주소, 권리주체일련번호 등의 데이터를 제공합니다",https://www.data.go.kr/data/15154861/openapi.do,행정안전부,2026-04-15,179,43,
식품의약품안전처_수입식품 고유제품 상세정보,-식품의약품안전처에서 관리하는 수입식품에 관한 상세 정보들을 제공하고 있습니다.,https://www.data.go.kr/data/15098132/openapi.do,식품의약품안전처,2025-08-07,2459,55,
식품의약품안전처_행정처분결과(식품제조가공업),"식품의약품안전처에서 관리하는 식품제조가공업(주류포함) 행정처분결과에 대한 업체정보, 처분내용, 위반일자 등에 대한 속성정보를 제공합니다.",https://www.data.go.kr/data/15124560/openapi.do,식품의약품안전처,2025-08-18,3480,43,
농촌진흥청 국립축산과학원_축산교육컨설팅 일정,국립축산과학원에서 제공하는 축산교육컨설팅 일정 데이터는 축산 농가와 종사자를 대상으로 한 실질적인 기술 교육과 현장 맞춤형 컨설팅 정보를 포함하는 공공데이터입니다.,https://www.data.go.kr/data/15104779/openapi.do,농촌진흥청 국립축산과학원,2025-08-03,1300,15,
행정안전부_식품_식육포장처리업 조회서비스,"식품_식육포장처리업 데이터는 소고기, 돼지고기 등 판매를 목적으로 식육을 절단하여 포장하는 업소정보 데이터로 인허가일자, 영업상태, 사업장명, 소재지주소 등의 데이터를 제공합니다.",https://www.data.go.kr/data/15155169/openapi.do,행정안전부,2026-04-15,244,45,
행정안전부_식품_식용얼음판매업 조회서비스,"식품_식용얼음판매업 데이터는 식용얼음을 전문적으로 판매하는 업소정보 데이터로 인허가일자, 영업상태, 사업장명, 소재지주소 등의 데이터를 제공합니다.",https://www.data.go.kr/data/15155226/openapi.do,행정안전부,2026-04-15,165,44,
행정안전부_식품_용기및포장지제조업 조회서비스,"식품_용기및포장지제조업 데이터는 식품 또는 식품첨가물을 넣거나 싸기 위해 직접 접촉되는 용기또는 포장지를 제조하는 업소정보 데이터로 인허가일자, 영업상태, 사업장명, 소재지주소 등의",https://www.data.go.kr/data/15155262/openapi.do,행정안전부,2026-04-15,176,48,
식품의약품안전처_식품판매업 인허가 대장 조회,"또한 식품판매업 분야 정보 제공, 식품산업 발전 지원, 데이터에 기반한 식품안전정책 수립, 맞춤형 서비스 개발 기반 제공으로 국민 편의성을 향상 시킬 수 있습니다.",https://www.data.go.kr/data/15107373/openapi.do,식품의약품안전처,2025-08-18,3278,42,
행정안전부_식품_외국인전용유흥음식점업 조회서비스,식품_외국인전용유흥음식점업 데이터는 유흥주점영업의 허가를 받은 자가 외국인의 이용에 적합한 시설을 갖추어 그 시설을 이용하는 자에게 주류나 그 밖의 음식을 제공하고 노래와 춤을 감상하게,https://www.data.go.kr/data/15154910/openapi.do,행정안전부,2026-04-16,211,55,
농촌진흥청 국립축산과학원_축산시험연구연보,"본 자료는 국립축산과학원에서 매년 발간하는 '축산시험연구연보'에 대한 정보로, 국립축산과학원에서 수행한 축산 관련 연구 성과를 종합적으로 정리한 공공데이터입니다.",https://www.data.go.kr/data/15101679/openapi.do,농촌진흥청 국립축산과학원,2025-08-03,1472,14,
행정안전부_건강기능식품공전,- 해당 데이터는 식품의약품안전처에서 제공하고 있는 건강기능식품 관련 정보입니다.,https://www.data.go.kr/data/15150281/openapi.do,행정안전부,2025-09-23,408,35,
경기도 광명시_식품접객업 지하수 수질검사 결과 현황,"광명시 식품접객업 지하수 수질검사 결과 현황입니다. 업소명, 소재지 주소, 검사종류, 검사일자 항목이 있습니다.",https://www.data.go.kr/data/15032809/openapi.do,경기도 광명시,2020-09-29,2368,57,
행정안전부_식품_용기냉동기특정설비 조회서비스,"식품_용기냉동기특정설비 데이터는 용기·냉동기와 같은 특정설비를 제조 및 수리하는 업소정보 데이터로 인허가일자, 영업상태, 사업장명, 소재지주소 등의 데이터를 제공합니다.",https://www.data.go.kr/data/15155257/openapi.do,행정안전부,2026-04-16,148,44,
식품의약품안전처_식품첨가물의 기준 및 규격 현황,"식품의약품안전처에서 관리하는 식품첨가물의 기준규격에 대한 데이터로, 품목한글명, 품목분류코드, 시험항목 한글명, 세부항목명, 품목항목속성 한글명, 기준규격값, 기준규격값 요약, 유효개시일자",https://www.data.go.kr/data/15116583/openapi.do,식품의약품안전처,2025-08-18,3642,42,
식품의약품안전처_수입식품 해외수출업소대장 정보,식품의약품안전처 「수입식품 해외수출업소대장 정보」 OpenAPI는 국내 수입식품업체 중 해외로 수출하는 업소의 정보를 제공합니다.,https://www.data.go.kr/data/15073938/openapi.do,식품의약품안전처,2025-09-19,2855,48,
경기도_식품 안전보호 구역정보 집계 현황,"이 데이터는 경기도 내 식품안전 보호구역에 대한 집계 현황을 제공하는 자료로, 식품안전과 직결된 교육기관 주변의 안전 관리 체계를 파악할 수 있도록 구성되어 있습니다.",https://www.data.go.kr/data/15059299/openapi.do,경기도,2025-07-21,2010,46,
식품의약품안전처_수입식품 해외제조업소중단정보,-제공 자료는 수입식품의 해외제조업소 중단과 관련된 상세 정보를 포함합니다.,https://www.data.go.kr/data/15073972/openapi.do,식품의약품안전처,2025-08-07,2542,38,
농촌진흥청 국립식량과학원_농식품 국가표준식품성분정보 조회 서비스,"국가표준식품성분10.0(코드, 일반, 아미노산, 지방산, 무기질, 비타민 등)정보를 제공하며, 식품군, 국가표준식품성분코드로 조회 - 제공항목(국가표준식품성분 코드 정보 조회, 국가표준식품",https://www.data.go.kr/data/15143598/openapi.do,농촌진흥청 국립식량과학원,2025-07-29,1798,43,
식품의약품안전처_행정처분결과(식품판매업),"식품의약품안전처에서 관리하는 식품판매업(식용얼음판매업, 식품자동판매기영업, 유통전문판매업, 집단급식소 식품판매업, 기타식품판매업) 행정처분결과에 대한 업체정보, 처분내용, 위반일자",https://www.data.go.kr/data/15124559/openapi.do,식품의약품안전처,2025-08-18,2367,27,
식품의약품안전처_수입식품 보세창고 정보,식품의약품안전처 「수입식품 보세창고 정보」 OpenAPI는 수입식품을 보관하는 보세창고의 위치 및 역할 정보를 제공하는 공공데이터입니다.,https://www.data.go.kr/data/15095368/openapi.do,식품의약품안전처,2025-09-19,3331,32,
대구광역시_음식골목,"그리고 대구10미, 대빵(대구명품빵), 대구우수식품 등 대구의 대표 음식 브랜드 및 대구밀키트, 대구의 먹거리골목과 먹거리골목에 있는 음식점 등에 대한 내용들을 확인할 수 있어 이",https://www.data.go.kr/data/15057020/openapi.do,대구광역시,2026-01-26,5980,1062,
농촌진흥청 국립축산과학원_축산경영 및 최신 동향분석,"본 자료는 국립축산과학원에서 제공하는 축산 경영 및 최신 동향 분석에 관한 공공데이터로, 축산업 산업 동향을 체계적으로 분석한 정보를 포함하고 있습니다.",https://www.data.go.kr/data/15102078/openapi.do,농촌진흥청 국립축산과학원,2025-08-03,1419,14,
식품의약품안전처_수입식품 해외작업장 품목 및 중단정보,-제공 자료는 수입식품의 해외작업장 품목 및 중단 정보에 관한 주요 항목들을 담고 있습니다.,https://www.data.go.kr/data/15073923/openapi.do,식품의약품안전처,2025-08-07,2677,44,
식품의약품안전처_국가별 수입식품 품목정보,"국가별 수입식품에 대한 품목정보에 대한 데이토로 수입품목관리번호, 국가코드 (명), 품목코드(명) , 국가별 수입품목 관리코드(명) 등의 항목을 제공합니다",https://www.data.go.kr/data/15095361/openapi.do,식품의약품안전처,2021-12-02,3504,29,
식품의약품안전처_수입식품기준규격정보,"수입식품 기준규격정보에 대한 데이터로 시험항목코드(명), 기준규격값, 기준규격값요약, 유효시작일시, 유효종료일시, 출처, 유효자리수, 판정형식코드(명), 최대값, 최대값구분코드(명)",https://www.data.go.kr/data/15095371/openapi.do,식품의약품안전처,2021-12-02,2554,29,
서울특별시 관악구 모범음식점 조회서비스,"서울특별시 관악구 관내 식품위생업소(모범음식점,집단급식소 등) 관련 정보 제공 본 데이터는 관악구 모범음식점과 관련된 신청·취소·지정 현황을 조회할 수 있는 API 서비스에 대한 정보입니다",https://www.data.go.kr/data/15052324/openapi.do,서울특별시 관악구,2025-12-11,15023,953,
식품의약품안전처_수입식품 안전정보 연도별 통계,"수입식품에 대한 안전정보 데이터를 연도,식품수입건수,수산물수입건수, 축산물수입건수, 식품수입중량, 수산물수입중량, 축산물수입중량, 식품수입금액, 수산물수입금액, 축산물수입금액등의 항목을",https://www.data.go.kr/data/15095362/openapi.do,식품의약품안전처,2021-12-02,2526,31,
대전광역시 서구_식품유통관련업 현황정보,대전광역시 서구 관내에서 운영 중인 식품유통관련업의 현황 정보를 정리한 데이터입니다.,https://www.data.go.kr/data/15128494/openapi.do,대전광역시 서구,2025-11-20,723,26,
세종특별자치시_세종특별자치시 식품제조업,"세종특별자치시 식품제조업 업종 정보, 인허가 일자, 상호명, 소재 도로명 주소, 소재 지번 주소, 전화번호 정보를 제공합니다.",https://www.data.go.kr/data/15098430/openapi.do,세종특별자치시,2022-02-09,2428,16,
식품의약품안전처_수입식품 이상치 자료 현황,식품의약품안전처 “수입식품 이상치 자료 현황” OpenAPI는 수입식품의 이상치 데이터를 제공하는 공공데이터입니다.,https://www.data.go.kr/data/15095364/openapi.do,식품의약품안전처,2025-09-19,6425,26,
식품의약품안전처_식품소분업 인허가 대장,"식품의약품안전처에서 관리하는 식품소분업 업종에 대한 허가일자, 주소, 기관명, 대표자명, 인허가번호, 업소명 정보를 제공합니다.",https://www.data.go.kr/data/15105492/openapi.do,식품의약품안전처,2025-08-18,2218,22,
농림축산식품부_축종별 농장 통계 데이터 제공,"본 정보는 축산물품질평가원의 축산물이력정보(소, 돼지)와 가축위생방역지원본부(닭, 오리 등 기타 축종)의 축산농장 방역정보를 기반으로 구축된 전국 축산농장에 대한 가축 종류별 현황정보입니다",https://www.data.go.kr/data/15109072/openapi.do,농림축산식품부,2025-07-09,2568,361,
식품의약품안전처_식품접객업 폐업정보 조회,"또한 식품접객업 분야의 정보 제공, 식품산업 발전 지원, 데이터에 기반한 식품안전정책 수립, 맞춤형 서비스 개발 기반 제공으로 국민 편의성을 향상 시킬 수 있습니다.",https://www.data.go.kr/data/15107371/openapi.do,식품의약품안전처,2025-08-18,2234,25,
농림축산식품부_사육규모별 농장 통계 데이터 제공,"본 정보는 축산물품질평가원의 축산물이력정보(소, 돼지)와 가축위생방역지원본부(닭, 오리 등 기타 축종)의 축산농장 방역정보를 기반으로 구축된 전국 축산농장에 대한 사육규모별 현황입니다",https://www.data.go.kr/data/15109074/openapi.do,농림축산식품부,2025-07-09,2172,350,
식품의약품안전처_수입식품 품목별 규격정보,-식품의약품안전처에서 관리하는 수입식품 품목별 규격정보 자료는 각 수입식품의 안전성 확보와 품질관리를 위해 필수적으로 제공되는 속성 정보를 포함합니다.,https://www.data.go.kr/data/15111776/openapi.do,식품의약품안전처,2025-08-07,2626,23,
농촌진흥청 국립축산과학원_축산 100문100답(젖소),"주요 내용은 실무적으로 필요한 주제들로 구성되어 있으며, 초보 축산인부터 전문 종사자까지 다양한 계층이 활용할 수 있도록 쉽게 설명되어 있습니다.",https://www.data.go.kr/data/15130776/openapi.do,농촌진흥청 국립축산과학원,2025-08-03,798,9,
식품의약품안전처_식품 이력추적제품 수입식품 이력 정보 조회,"식품의약품안전처에서는 안전한 식품선택을 위한 소비자의 알 권리를 보장하고, 식품의 안전성 확보를 위한 신속한 유통차단과 회수조치를 위해 제조·가공단계부터 판매단계까지 각 단계별로",https://www.data.go.kr/data/15111980/openapi.do,식품의약품안전처,2025-08-12,2203,16,
경상남도_위해식품 등 긴급회수정보,"경상남도 위해식품 등 긴급회수내역의 명칭, 내용, 작성자 등을 조회하는 경상남도 위해식품 등 긴급회수정보 조회 서비스",https://www.data.go.kr/data/15063391/openapi.do,경상남도,2020-08-18,2983,26,
식품의약품안전처_식품제조 이력추적제품 생산정보 조회,"식품의약품안전처에서는 안전한 식품선택을 위한 소비자의 알 권리를 보장하고, 식품의 안전성 확보를 위한 신속한 유통차단과 회수조치를 위해 제조·가공단계부터 판매단계까지 각 단계별로",https://www.data.go.kr/data/15111977/openapi.do,식품의약품안전처,2025-08-12,2916,33,
행정안전부_식품공전,"- 해당 데이터는 식품의약품안전처에서 제공하는 식품공전에 대한 관련 정보입니다.""",https://www.data.go.kr/data/15153215/openapi.do,행정안전부,2025-11-20,70,14,
식품의약품안전처_수입식품 해외제조업소 중단품목 정보,-본 자료는 수입식품 해외제조업소의 중단품목 정보를 상세하게 포함하고 있습니다.,https://www.data.go.kr/data/15073977/openapi.do,식품의약품안전처,2025-08-07,2631,28,
식품의약품안전처_어린이기호식품 우수판매업소 지정현황 조회,"식품의약품안전처에서 관리하는 어린이기호식품우수판매업소지정현황에 대한 업체명,영업인허가종류,인허가번호,전화번호,소재지,업태,위생등급인증지정일자,위생등급지정번호,위생등급,관할기관에 대한",https://www.data.go.kr/data/15111988/openapi.do,식품의약품안전처,2025-08-18,1943,31,
충청북도_식품 접객업소(제조업제) 위생등급 평가결과,"충청북도 식의약안전과에서 관리하는 식품 접객업소(제조업제)의 위생등급 평가결과를 업소 명, 시도·시군구, 주소, 주요 생산품목, 평가 점수, 평가 등급 기준으로 조회할 수 있는 Open",https://www.data.go.kr/data/15078785/openapi.do,충청북도,2025-12-09,2824,28,
식품의약품안전처_해외직구식품 국내 반입차단 대상 원료성분 서비스,"-본 자료는 식품의약품안전처에서 관리하는 해외직구식품 국내 반입차단 대상 원료 및 성분에 대한 정보를 제공하며, 원료·성분명(한글/영문), 기타명칭, 지정 또는 해제 일자, 지정·해제",https://www.data.go.kr/data/15132686/openapi.do,식품의약품안전처,2025-08-07,1580,27,
식품의약품안전처_HACCP 교육훈련기관 지정 현황,"또한 식품안전 분야의 정보 투명성 제고, 식품산업 발전 지원, 데이터에 기반한 식품안전정책 수립, 맞춤형 서비스 개발 기반 제공으로 국민 편의성을 향상 시킬 수 있습니다.",https://www.data.go.kr/data/15094984/openapi.do,식품의약품안전처,2025-08-26,4382,927,
식품의약품안전처_건강기능식품 폐업정보,"식품의약품안전처에서 관리하는 건강기능식품 업소에 대한 인허가번호, 업소명, 대표자명, 업종, 허가일자, 폐업일자, 페업상태, 주소, 기관명 정보를 제공합니다.",https://www.data.go.kr/data/15105551/openapi.do,식품의약품안전처,2025-08-18,1968,19,
식품의약품안전처_수입식품시험항목정보,"수입식품의 시험항목에 대한 데이터로 시험항목코드, 시험명(한글), 시험명(영문), 시험항목대분류번호, 시험항목중분류번호, 약어, 이명, 대분류구분코드(명), 중분류구분코드(명), 속성코드",https://www.data.go.kr/data/15095367/openapi.do,식품의약품안전처,2021-12-02,2131,18,
한국식품안전관리인증원_HACCP 제품이미지 및 포장지표기정보,"(HACCP 제품이미지 및 포장지표기정보) 제품이미지 및 포장지표기정보(품목보고번호, 축산/식품구분, 제품명, 원재료, 알레르기유발물질, 영양성분, 바코드, 유형명, 유형의상태, 제조원",https://www.data.go.kr/data/15033307/openapi.do,한국식품안전관리인증원,2025-06-04,21439,2245,
식품의약품안전처_식품원료의 한시적 기준 및 규격 인정 현황,식품의약품안전처에서 관리하는 식품위생법에 따른 식품원료의 한시적 기준 및 규격 인정 현황 자료입니다.,https://www.data.go.kr/data/15058469/openapi.do,식품의약품안전처,2025-08-27,4016,774,
서울특별시 관악구_공중위생업소 현황,"본 데이터는 관악구 관내 위생처리업·공중위생업소의 신고 및 영업 현황을 체계적으로 기록한 행정 기반 데이터입니다. 업종코드, 신고일자, 영업자 정보, 업소명, 영업장면적, 허가(신고)번호, 영업자·소재지 시작일, 폐업일자, 행정동명, 국적 구분 등 다양한 세부 항목으로 구성되어 있습니다. 이를 통해 업종별 영업 실태 파악, 위생관리 수준 점검, 민원 대응, 위생업 발전 추세 분석 등 행정 의사결정에 활용할 수 있으며, 장기적으로는 업소 변동 추이 분석, 정책 대상 선정, 지도·감독 계획 수립 등 공중위생 관리 전반의 근거자료로 활용되는 데이터입니다.",https://www.data.go.kr/data/15007009/openapi.do,서울특별시 관악구,2025-12-12,16055,659,
식품의약품안전처_식품 이력추적제품 수입이력 정보 조회,"식품의약품안전처에서는 안전한 식품선택을 위한 소비자의 알 권리를 보장하고, 식품의 안전성 확보를 위한 신속한 유통차단과 회수조치를 위해 제조·가공단계부터 판매단계까지 각 단계별로",https://www.data.go.kr/data/15111972/openapi.do,식품의약품안전처,2025-08-12,2381,22,
"식품의약품안전처_건강기능식품제조업 ,건강기능식품판매업 지도단속계획 및 실적현황 조회","또한 건강기능식품안전 분야의 정보 투명성 제고, 식품산업 발전 지원, 데이터에 기반한 식품안전정책 수립, 맞춤형 서비스 개발 기반 제공으로 국민 편의성을 향상 시킬 수 있습니다.",https://www.data.go.kr/data/15107357/openapi.do,식품의약품안전처,2025-08-18,1878,16,
식품의약품안전처_식품운반업 인허가 대장 조회,"식품의약품안전처에서 관리하는 식품운반업 인허가 대장에 대한 인허가번호, 업소명, 대표자명, 업종, 허가일자, 주소, 기관명에 대한 속성정보 제공합니다.",https://www.data.go.kr/data/15111986/openapi.do,식품의약품안전처,2025-08-18,1449,14,
농촌진흥청 국립축산과학원_축산 100문100답(닭),"주요 내용은 실무적으로 필요한 주제들로 구성되어 있으며, 초보 축산인부터 전문 종사자까지 다양한 계층이 활용할 수 있도록 쉽게 설명되어 있습니다.",https://www.data.go.kr/data/15147276/openapi.do,농촌진흥청 국립축산과학원,2025-08-25,254,5,
식품의약품안전처_식품첨가물제조업 폐업정보,"또한 식품첨가물 제조업 분야의 정보 제공, 식품산업 발전 지원, 데이터에 기반한 식품안전정책 수립, 맞춤형 서비스 개발 기반 제공으로 국민 편의성을 향상 시킬 수 있습니다.",https://www.data.go.kr/data/15105514/openapi.do,식품의약품안전처,2025-08-18,1488,13,
식품의약품안전처_식품냉동.냉장업 인허가 대장 조회,"또한 식품안전 분야의 정보 투명성 제고, 식품산업 발전 지원, 데이터에 기반한 식품안전정책 수립, 맞춤형 서비스 개발 기반 제공으로 국민 편의성을 향상 시킬 수 있습니다.",https://www.data.go.kr/data/15107368/openapi.do,식품의약품안전처,2025-08-18,1739,15,
식품의약품안전처_유통바코드,"또한 식품안전 분야의 정보 투명성 제고, 식품산업 발전 지원, 데이터에 기반한 식품안전정책 수립으로 국민 편의성을 향상 시킬 수 있습니다.",https://www.data.go.kr/data/15064775/openapi.do,식품의약품안전처,2025-08-27,17375,7230,
경상남도 남해군_축산농장정보 데이터 조회 서비스,해당 데이터는 경상남도 남해군 축산농장정보 데이터 조회 서비스는 군 관내 축산 농가의 현행 및 주요 정보를 제공합니다.,https://www.data.go.kr/data/15109845/openapi.do,경상남도 남해군,2025-05-30,1285,6,
식품의약품안전처_식품보존업 폐업정보,"또한 식품보존업 분야의 정보 투명성 제고, 식품산업 발전 지원, 데이터에 기반한 식품안전정책 수립, 맞춤형 서비스 개발 기반 제공으로 국민 편의성을 향상 시킬 수 있습니다.",https://www.data.go.kr/data/15105508/openapi.do,식품의약품안전처,2025-08-18,1080,12,
농촌진흥청 국립축산과학원_축산 100문100답(돼지),"주요 내용은 실무적으로 필요한 주제들로 구성되어 있으며, 초보 축산인부터 전문 종사자까지 다양한 계층이 활용할 수 있도록 쉽게 설명되어 있습니다.",https://www.data.go.kr/data/15147275/openapi.do,농촌진흥청 국립축산과학원,2025-08-25,285,4,
식품의약품안전처_식품등수입판매업정보,식품의약품안전처에서 제공하는 식품 등 수입판매업 관련 정보 자료입니다.,https://www.data.go.kr/data/15064783/openapi.do,식품의약품안전처,2025-08-27,3699,396,
식품의약품안전처_식품검사기관별 시험항목정보조회,"식품의약품안전처에서 관리하는 식품검사기관별 시험항목정보에 대한 분야,관할기관,검사기관,소재지,전화번호,대분류,중분류,시험항목명,비고에 대한 속성정보를 제공합니다.",https://www.data.go.kr/data/15111983/openapi.do,식품의약품안전처,2025-08-18,1216,14,
식품의약품안전처_식약처 관련 법령코드,"또한 식품산업 발전 지원, 데이터에 기반한 식품안전정책 수립, 맞춤형 서비스 개발 기반 제공으로 국민 편의성을 향상 시킬 수 있습니다.",https://www.data.go.kr/data/15056532/openapi.do,식품의약품안전처,2025-08-26,3873,373,
농림축산식품부_업종별 농장 통계 데이터 제공,"본 정보는 축산물품질평가원의 축산물이력정보(소, 돼지)와 가축위생방역지원본부(닭, 오리 등 기타 축종)의 축산농장 방역정보를 기반으로 구축된 전국 축산농장에 대한 업종별 현황 정보입니다",https://www.data.go.kr/data/15109071/openapi.do,농림축산식품부,2025-07-09,2025,194,
행정안전부_유전자재조합식품의안전성평가심사결과현황,"- 해당 데이터는 식품의약품안전처에서 제공하는 유전자재조합식품 안전성평가심사결과 현황 정보입니다.""",https://www.data.go.kr/data/15153258/openapi.do,행정안전부,2025-11-20,65,15,
행정안전부_식품첨가물생산실적보고현황,"- 해당 데이터는 식품의약품안전처에서 제공하는 식품첨가물생산실적보고현황 정보입니다.""",https://www.data.go.kr/data/15153217/openapi.do,행정안전부,2025-11-20,58,10,
농촌진흥청_가축분뇨 통합자료 게시판,"가축분뇨, 제대로 관리하면 환경을 지키는 소중한 자원이 됩니다. 농사로는 축사 설계부터 분뇨의 효율적인 처리와 재활용 방법, 위생적인 세정 관리까지 한눈에 확인할 수 있도록 체계적인 정보를 제공합니다. 잘못된 처리로 인한 수질·토양 오염을 예방하고, 자원으로서의 가치를 높일 수 있도록 실질적인 해결책을 제시합니다. 초보 농가부터 숙련 농업인까지 누구나 쉽게 이해하고 활용할 수 있는 맞춤형 안내로, 지속 가능한 농업 환경을 만들어보세요. 농사로와 함께라면 가축분뇨 관리가 더 쉽고 안전해집니다.",https://www.data.go.kr/data/15064109/openapi.do,농촌진흥청,2026-04-20,2803,173,
농림축산식품부_가축 거래 상인 등록 현황,"축산업을 허가받거나 등록한 개별 축산농가 현황 자료(축산업: 종축업, 부화업, 정액등처리업, 가축사육업)",https://www.data.go.kr/data/15058314/openapi.do,농림축산식품부,2017-02-09,4336,2321,
식품의약품안전처_식품 이력추적제품 농축산물 이력정보 조회,"식품의약품안전처에서는 안전한 식품선택을 위한 소비자의 알 권리를 보장하고, 식품의 안전성 확보를 위한 신속한 유통차단과 회수조치를 위해 제조·가공단계부터 판매단계까지 각 단계별로",https://www.data.go.kr/data/15111981/openapi.do,식품의약품안전처,2025-08-12,1442,13,
농림축산식품부 국립농산물품질관리원_전통식품 품질 인증정보,"국내산 농수산물로 제조․가공․조리되어 우리 고유의 맛을 내는 우수한 전통식품으로 품질을 보증받은 인증내용으로 인증번호, 인증제품명, 포장재질, 포장단량, 인증기관 등에 대한 정보 제공합니다",https://www.data.go.kr/data/15141771/openapi.do,농림축산식품부 국립농산물품질관리원,2025-02-12,1403,7,
농림축산식품부_대상질병별 농장 통계 데이터 제공,"본 정보는 축산물품질평가원의 축산물이력정보(소, 돼지)와 가축위생방역지원본부(닭, 오리 등 기타 축종)의 축산농장 방역정보를 기반으로 구축된 전국 축산농장에 대한 질병별 통계 현황입니다",https://www.data.go.kr/data/15109075/openapi.do,농림축산식품부,2025-07-09,1410,123,
행정안전부_행정처분결과_식품판매업,- 해당 데이터는 식품의약품안전처에서 제공하는 행정처분결과(식품판매업) 정보입니다.,https://www.data.go.kr/data/15150629/openapi.do,행정안전부,2025-09-25,69,7,
세종특별자치시_세종특별자치시 식품유통판매업체 현황,"세종특별자치시에 등록된 식품유통판매업체 업종정보, 명칭, 도로명 주소, 지번 주소, 전화번호, 우편번호 정보를 제공합니다.",https://www.data.go.kr/data/15098429/openapi.do,세종특별자치시,2022-02-09,3229,8,
농촌진흥청_농기계 안전용품,"농기계 사용 시 안전은 선택이 아닌 필수입니다. 농사로는 작업 중 발생할 수 있는 사고를 예방하고 피해를 최소화하기 위해 다양한 안전용품 정보를 제공합니다. 안면보호구, 반사조끼, 안전표지판, 장갑 등 필수 장비의 규격과 올바른 선택 기준은 물론, 신뢰할 수 있는 업체 정보까지 한눈에 확인할 수 있습니다. 초보 농업인도 쉽게 이해할 수 있도록 구성되어 있어 누구나 실천 가능한 안전관리를 돕습니다. 농사로와 함께라면 작은 준비로 큰 사고를 예방할 수 있습니다. 안전한 농작업, 지금 바로 시작하세요.",https://www.data.go.kr/data/15064141/openapi.do,농촌진흥청,2026-04-20,2437,97,
대구광역시 서구_어린이기호식품 우수판매업소 현황,"입력 파라미터를 이용하여 대구광역시 서구_어린이기호식품 우수판매업소 현황의 등록번호, 업소 명, 도로명주소, 연락처 항목을 제공하는 서비스 [법령명] 어린이 식생활안전관리 특별법",https://www.data.go.kr/data/15110522/openapi.do,대구광역시 서구,2025-05-19,1351,8,
제주특별자치도_제주축산물 가격동향 정보,"사업장, 가공업 구분, 대표자명 정보 제공",https://www.data.go.kr/data/15045467/openapi.do,제주특별자치도,2019-12-19,2993,116,
행정안전부_행정처분결과_식품제조가공업,- 해당 데이터는 식품의약품안전처에서 제공하는 행정처분결과(식품제조가공업) 정보입니다.,https://www.data.go.kr/data/15150625/openapi.do,행정안전부,2025-09-25,68,6,
행정안전부_행정처분결과_식품접객업,- 해당 데이터는 식품의약품안전처에서 제공하는 행정처분결과(식품접객업) 정보입니다.,https://www.data.go.kr/data/15150624/openapi.do,행정안전부,2025-09-25,66,5,
농촌진흥청 국립축산과학원_한우 씨수소 정보,"본 자료는 한우 씨수소의 개체별 이력관리를 위한 공공데이터로, 씨수소 비롯하여 부 및 모의 번호, 출생일, 근교계수(유전적 근친 정도), 생존 여부, 판매 여부 등의 정보를 포함하고 있습니다. 이를 통해 한우 씨수소의 혈통과 유전적 특성을 체계적으로 추적하고 관리할 수 있으며, 씨수소의 개량 성과 분석이나 번식 계획 수립 시 중요한 기준 자료로 활용됩니다. 특히 근교계수와 생존 상태, 유전적 배경 등은 유전적 다양성과 품종의 건전성 유지에 기여하며, 농가나 관계 기관은 이 정보를 바탕으로 우수한 씨수소를 선발하거나 효율적인 번식 전략을 수립할 수 있습니다",https://www.data.go.kr/data/15101999/openapi.do,농촌진흥청 국립축산과학원,2025-08-03,2599,110,
식품의약품안전처 식품의약품안전평가원_수입식품 중 농약 잔류허용기준 설정 진행상황 서비스,"잔류허용기준을 설정하는 식품의약품안전처 유해물질기준과에서 관리하는 게시판 형식의 메뉴이며, 수입식품 농약 잔류기준 설정(Imported MRL) 정보를 기준 신청한 농약회사에 보여줍니다",https://www.data.go.kr/data/15133586/openapi.do,식품의약품안전처 식품의약품안전평가원,2025-12-01,644,10,
농림축산식품부_가축 통계 데이터,"본 정보는 축산물품질평가원의 소·돼지 축산물이력정보와 가축위생방역지원본부의 닭, 오리 등 기타 축종 방역정보를 기반으로 구축된 전국 축산농장 현황 정보입니다.",https://www.data.go.kr/data/15109076/openapi.do,농림축산식품부,2025-07-09,6425,1551,
농림축산식품부_운영상태별 농장 통계 데이터 제공,"본 정보는 축산물품질평가원의 축산물이력정보(소, 돼지)와 가축위생방역지원본부(닭, 오리 등 기타 축종)의 축산농장 방역정보를 기반으로 구축된 전국 축산농장에 대한 운영상태별 현황 정보입니다",https://www.data.go.kr/data/15109073/openapi.do,농림축산식품부,2025-07-09,1085,75,
국토교통부_용도지역지구도(WMS/WFS),"건폐율·용적률·높이 등을 제한함으로써 토지를 경제적·효율적으로 이용하고 공공복리의 증진을 도모하기 위하여 서로 중복되지 않게 도시관리계획으로 결정하는 지역으로 도시지역, 관리지역, 농림지역",https://www.data.go.kr/data/15058773/openapi.do,국토교통부,2025-07-11,12803,4294,
식품의약품안전처_식품용 기구 및 용기포장 공전,식품의약품안전처에서 관리하는 식품위생법에 따른 식품용 기구 및 용기포장 공전 자료입니다.,https://www.data.go.kr/data/15059199/openapi.do,식품의약품안전처,2025-08-27,6536,1658,
농촌진흥청 국립축산과학원_가축사육기상정보_가축 더위지수,"축종별로 온도와 습도를 반영한 더위지수를 산출하여 가축의 생리적 스트레스 예측에 활용할 수 있으며, 축산농가에서는 이를 바탕으로 사육환경 조절, 냉방 장치 가동 시점 결정 등 폭염",https://www.data.go.kr/data/15102076/openapi.do,농촌진흥청 국립축산과학원,2025-08-03,3128,79,
식품의약품안전처_행정처분결과,"식품위생법, 수입식품안전관리 특별법, 식품 등 표시· 광고에 관한 법률 등 위반으로 행정처분을 받은 식품 관련 업체에 대한 속성정보를 제공합니다.",https://www.data.go.kr/data/15059500/openapi.do,식품의약품안전처,2025-08-27,7295,1883,
대구광역시_맛집,"그리고 대구10미, 대빵(대구명품빵), 대구우수식품 등 대구의 대표 음식 브랜드 및 대구밀키트, 대구의 먹거리골목과 먹거리골목에 있는 음식점 등에 대한 내용들을 확인할 수 있어 이",https://www.data.go.kr/data/15057236/openapi.do,대구광역시,2026-01-23,14374,5847,
한국식품안전관리인증원_HACCP 인증업체정보,"(HACCP 인증업체정보) HACCP 인증을 받은 업체의 HACCP인증번호, 축산/식품 업체 구분, 업체명, 사업자 번호, 대표자명, 주소, 지역1(시도), 지역2(시군구), 업태코드",https://www.data.go.kr/data/15033311/openapi.do,한국식품안전관리인증원,2025-05-30,15660,473,
식품의약품안전처_푸드QR 정보 서비스,"푸드QR 목록정보, 푸드QR 품목제조정보, 푸드QR 식품표시정보, 푸드QR 식품표시정보 주의사항, 푸드QR 식품표시정보 보관 및 취급방법, 푸드QR 식품표시정보 용기 및 포장재질,",https://www.data.go.kr/data/15143798/openapi.do,식품의약품안전처,2025-06-11,3720,115,
식품의약품안전처_인허가 업소 정보,"식품 관련 업체가 인허가를 받기 위해 제출한 기본 속성정보를 제공합니다. 속성정보로는 인허가번호, 업종, 업소명, 대표자명, 전화번호, 허가일자 등이 있습니다.",https://www.data.go.kr/data/15064977/openapi.do,식품의약품안전처,2025-08-27,8381,1390,
경기도 광명시_축산물위생관리업체 현황,광명시 축산물위생관리업체 현황입니다,https://www.data.go.kr/data/15033140/openapi.do,경기도 광명시,2023-12-05,2101,38,
경기도_맛집 현황,"데이터는 경기도 식품안전과에서 제공하며, 향후 갱신은 이루어지지 않습니다.",https://www.data.go.kr/data/15057234/openapi.do,경기도,2025-09-05,17675,4224,
행정안전부_동물_가축인공수정소 조회서비스,정리하여 인허가 현황을 일관되게 안내 - 해당 데이터에 대한 추가적인 자료 요청시 지자체 및 소관기관 담당자에게 문의 - 해당 데이터 법령 소관기관 및 문의처 : 농림축산식품부 축산정책과,https://www.data.go.kr/data/15155097/openapi.do,행정안전부,2026-04-15,141,42,
행정안전부_동물_종축업 조회서비스,상세 주소를 비식별 조치하여 제공 - 해당 데이터에 대한 추가적인 자료 요청시 지자체 및 소관기관 담당자에게 문의 - 해당 데이터 법령 소관기관 및 문의처 : 농림축산식품부(축산정책과,https://www.data.go.kr/data/15155118/openapi.do,행정안전부,2026-04-15,208,39,
식품의약품안전처_수산물 수입업체 현황 정보,"또한 식품안전 분야의 정보 투명성 제고, 식품산업 발전 지원, 데이터에 기반한 식품안전정책 수립, 맞춤형 서비스 개발 기반 제공으로 국민 편의성을 향상 시킬 수 있습니다.",https://www.data.go.kr/data/15064972/openapi.do,식품의약품안전처,2025-08-26,6552,1310,
농림축산식품부_가축 분뇨 살포 현황,"해당 데이터는 축산농가의 가축분뇨 처리 및 자원화 현황을 정리한 자료로, 춘산농가, 액비저장조 등을 제공하고 있습니다.",https://www.data.go.kr/data/15056723/openapi.do,농림축산식품부,2025-09-11,4286,552,
행정안전부_어린이기호식품품질인증현황및재심사현황,"- 해당 데이터는 식품의약품안전처에서 제공하는 어린이기호식품품질인증현황 정보입니다.""",https://www.data.go.kr/data/15153232/openapi.do,행정안전부,2025-11-20,58,2,
농림축산식품부_가축분뇨 작물별 액비살포현황,"해당 데이터는 가축분뇨 작물별 액비현황에 관한 자료로, 축산농가의 가축분뇨처리 및 자원화에 관한 정보를 제공하고 있습니다.",https://www.data.go.kr/data/15057104/openapi.do,농림축산식품부,2025-09-11,2629,526,
경기도 안양시_즉석판매제조가공업_현황,"이 자료는 시민들이 안전한 식품을 구매할 수 있도록 관련 업소 정보를 투명하게 공개하고, 보건 위생 관리를 강화할 목적으로 수집되었습니다.",https://www.data.go.kr/data/15126522/openapi.do,경기도 안양시,2025-08-07,2052,68,
국토교통부_주거환경개선지구도(WMS/WFS),"건폐율·용적률·높이 등을 제한함으로써 토지를 경제적·효율적으로 이용하고 공공복리의 증진을 도모하기 위하여 서로 중복되지 않게 도시관리계획으로 결정하는 지역으로 도시지역, 관리지역, 농림지역",https://www.data.go.kr/data/15059525/openapi.do,국토교통부,2025-07-09,5831,1763,
한국식품안전관리인증원_HACCP 제품별 인증정보,"(HACCP 제품별 인증 정보제공 서비스) 전국의 HACCP 인증을 받은 식품기업이 생산 중인 HACCP 인증 제품에 대한 품목보고번호, 축산/식품구분, 제품명, 유형코드, 유형명,",https://www.data.go.kr/data/15033303/openapi.do,한국식품안전관리인증원,2025-06-09,8856,190,
식품의약품안전처_집단급식소 설치 현황,"또한 식품산업 발전 지원, 데이터에 기반한 식품안전정책 수립, 맞춤형 서비스 개발 기반 제공으로 국민 편의성을 향상 시킬 수 있습니다.",https://www.data.go.kr/data/15064978/openapi.do,식품의약품안전처,2025-08-27,4841,1443,
국토교통부_도시지역,"건폐율·용적률·높이 등을 제한함으로써 토지를 경제적·효율적으로 이용하고 공공복리의 증진을 도모하기 위하여 서로 중복되지 않게 도시관리계획으로 결정하는 지역으로 도시지역, 관리지역, 농림지역",https://www.data.go.kr/data/15056805/openapi.do,국토교통부,2025-07-11,11323,1662,
식품의약품안전처_식중독 원인물질별 정보,"또한 식품안전 분야의 정보 투명성 제고, 식품산업 발전 지원, 데이터에 기반한 식품안전정책 수립, 맞춤형 서비스 개발 기반 제공으로 국민 편의성을 향상 시킬 수 있습니다.",https://www.data.go.kr/data/15080799/openapi.do,식품의약품안전처,2025-08-26,3922,944,
국토교통부_수질측정망하천수지점,"물환경정보 물환경정보도(수생태계조사지점,수질자동측정망측정지점,수질측정망하천수지점,수질측정망호소수지점,수질측정망농업용수지점,수질측정망공단배수지점,수질측정망도시관류지점,농공단지처리시설,축산폐수공공처리시설",https://www.data.go.kr/data/15056655/openapi.do,국토교통부,2024-07-10,7624,894,
식품의약품안전처_기구.용기포장제조업,식품위생법에 따른 기구.용기 포장 제조업 관련 정보입니다.,https://www.data.go.kr/data/15064906/openapi.do,식품의약품안전처,2025-08-26,3883,621,
식품의약품안전처_동물용의약품 정보,"또한 식품안전 분야의 정보 투명성 제고, 식품산업 발전 지원, 데이터에 기반한 식품안전정책 수립, 맞춤형 서비스 개발 기반 제공으로 국민 편의성을 향상 시킬 수 있습니다.",https://www.data.go.kr/data/15074326/openapi.do,식품의약품안전처,2025-08-26,4551,933,
식품의약품안전처_농약 등록정보,"또한 식품안전 분야의 정보 투명성 제고, 식품산업 발전 지원, 데이터에 기반한 식품안전정책 수립, 맞춤형 서비스 개발 기반 제공으로 국민 편의성을 향상 시킬 수 있습니다.",https://www.data.go.kr/data/15087239/openapi.do,식품의약품안전처,2025-08-26,4370,1082,
국토교통부_도시자연공원구역,"건폐율·용적률·높이 등을 제한함으로써 토지를 경제적·효율적으로 이용하고 공공복리의 증진을 도모하기 위하여 서로 중복되지 않게 도시관리계획으로 결정하는 지역으로 도시지역, 관리지역, 농림지역",https://www.data.go.kr/data/15059527/openapi.do,국토교통부,2025-07-11,9008,1462,
식품의약품안전처_검사부적합(국내),"국내식품의 검사결과, 기준·규격 부적합 판정을 받은 제품(제조원, 제조일자, 유통기한이 동일한 제품만 해당)에 대한 속성정보를 제공합니다.",https://www.data.go.kr/data/15063677/openapi.do,식품의약품안전처,2025-08-26,4372,701,
식품의약품안전처_식중독 발생지역별 정보,"또한 식품안전 분야의 정보 투명성 제고, 식품산업 발전 지원, 데이터에 기반한 식품안전정책 수립, 맞춤형 서비스 개발 기반 제공으로 국민 편의성을 향상 시킬 수 있습니다.",https://www.data.go.kr/data/15080800/openapi.do,식품의약품안전처,2025-08-26,4317,895,
국토교통부_자연환경보전지역,"건폐율·용적률·높이 등을 제한함으로써 토지를 경제적·효율적으로 이용하고 공공복리의 증진을 도모하기 위하여 서로 중복되지 않게 도시관리계획으로 결정하는 지역으로 도시지역, 관리지역, 농림지역",https://www.data.go.kr/data/15057731/openapi.do,국토교통부,2025-07-09,12038,1796,
식품의약품안전처_위생관리등급별 업소 현황,"또한 식품안전 분야의 정보 투명성 제고, 식품산업 발전 지원, 데이터에 기반한 식품안전정책 수립, 맞춤형 서비스 개발 기반 제공으로 국민 편의성을 향상 시킬 수 있습니다.",https://www.data.go.kr/data/15064937/openapi.do,식품의약품안전처,2025-08-27,3983,848,
식품의약품안전처_푸드트럭지정현황조회,"또한 푸드트럭에 대한 정보 제공, 식품산업 발전 지원, 데이터에 기반한 식품안전정책 수립, 맞춤형 서비스 개발 기반 제공으로 국민 편의성을 향상 시킬 수 있습니다.",https://www.data.go.kr/data/15111982/openapi.do,식품의약품안전처,2025-08-18,2631,64,
식품의약품안전처_용어사전(기구용기포장∙식의약품용어집),"또한 식품안전 분야의 정보 투명성 제고, 식품산업 발전 지원, 데이터에 기반한 식품안전정책 수립, 맞춤형 서비스 개발 기반 제공으로 국민 편의성을 향상 시킬 수 있습니다.",https://www.data.go.kr/data/15076885/openapi.do,식품의약품안전처,2025-08-27,3660,814,
식품의약품안전처_식중독 원인시설별 정보,"또한 식품안전 분야의 정보 투명성 제고, 식품산업 발전 지원, 데이터에 기반한 식품안전정책 수립, 맞춤형 서비스 개발 기반 제공으로 국민 편의성을 향상 시킬 수 있습니다.",https://www.data.go.kr/data/15080782/openapi.do,식품의약품안전처,2025-08-26,3345,779,
"식품의약품안전처_식품원재료(식물,동물,미생물,수산물) 정보","식품공전에 등재되어 있는 식물성, 동물성, 미생물, 수산물의 식품원재료에 대한 속성정보를 제공합니다.",https://www.data.go.kr/data/15081274/openapi.do,식품의약품안전처,2025-08-27,3169,698,
경기도 이천시_기업현황,"주요 산업은 전자부품, 식품, 화학제품, 물류 등으로 다양하며, 특히 하이닉스 등 대기업의 입지로 인해 제조업 비중이 높은 편입니다.",https://www.data.go.kr/data/15014462/openapi.do,경기도 이천시,2025-06-02,11281,1910,
농촌진흥청 국립축산과학원_젖소 유전능력 평가결과,"이 데이터는 축산 농가가 우수 개체를 선발하거나 번식 계획을 수립할 때 유용하게 활용될 수 있으며, 육종개선, 유전적 다양성 확보, 생산성 향상 등 다양한 목적에 맞춰 적용이 가능합니다",https://www.data.go.kr/data/15102045/openapi.do,농촌진흥청 국립축산과학원,2025-08-03,1226,21,
경상북도 구미시_가축분뇨 배출시설 설치 허가 농가,"또한, 축산 환경 개선 및 지속 가능한 농업 발전을 위한 정책 수립, 행정 지원, 현장 점검 계획 수립 등 다양한 행정 업무에 유용하게 활용됩니다.",https://www.data.go.kr/data/15097251/openapi.do,경상북도 구미시,2025-08-06,3608,22,
농촌진흥청 국립식량과학원_벼 품종 이미지 정보 서비스,"벼 품종 이미지 정보를 제공하는 서비스 - 제공항목(벼 품종 이미지 목록 조회) : 인증키, 페이지 번호, 한 페이지 결과 수, 목록 번호, 데이터 상세 번호, 시험년도, 구분코드('A':특성검정, 'B' : 품종정보, 'C' : 육성품종, 'Z' : 기타), 품종구분코드, 품종구분명, 제목, 비고, 사용여부, 등록일자(YYYY-MM-DD), 첨부파일 수량, 품종ID, 품종명, 품종영어명, 데이터 총 개수 - 제공항목(벼 품종 이미지 상세 조회) : 결과코드, 결과메시지, 데이터 상세 번호, 파일번호, 파일제목, 파일경로, 파일명, 원본파일명, 파일용량, 파일사용여부, 등록일자, 파일링크URL",https://www.data.go.kr/data/15065007/openapi.do,농촌진흥청 국립식량과학원,2025-07-29,6133,53,
국토교통부_취락지구,"녹지지역·관리지역·농림지역·자연환경보전지역·개발제한구역 또는 도시자연공원구역의 취락을 정비하기 위한 지구 취락지구의 도형, 속성 정보를 조회",https://www.data.go.kr/data/15059282/openapi.do,국토교통부,2025-07-01,5735,276,
농림축산식품부 농림축산검역본부_도축장별 축종별 도축실적,"본 데이터를 활용하여 축산물 위생정책 수립,안전관리 강화, 도축시설 관리감독등의 업무에 참조자료로 할용가능 - 축산업게, 연구기관 등에서도 생산,유통 분석, 소비 동향 파악, 식품안전연구등의",https://www.data.go.kr/data/15058568/openapi.do,농림축산식품부 농림축산검역본부,2025-09-18,10852,1724,
농촌진흥청 국립축산과학원_가축유전체 동결자원(정액),"국립축산과학원 가축유전자원정보시스템에서 제공하는 동결자원 데이터는 가축의 유전적 다양성과 우수 형질을 보존하기 위해 확보된 다양한 형태의 동결자원에 대한 정보를 담고 있습니다. 본 데이터는 동결자원의 명칭, 자원 종류명, 개체명호, 품종 등의 항목으로 구성되어 있으며, 국가 차원의 가축 유전자원 보존 및 활용 정책 수립에 중요한 기초자료로 활용됩니다. 이 정보를 통해 연구자와 축산업 종사자들은 희귀하거나 우수한 유전 형질을 가진 가축 자원의 활용 가능성을 높일 수 있으며, 품종 개선, 복제, 질병 저항성 증진 등의 연구와 실무에 직접적으로 응용할 수 있습니다.",https://www.data.go.kr/data/15102557/openapi.do,농촌진흥청 국립축산과학원,2025-08-03,1126,20,
경기도_가축 사육업체 현황,"총 23개 항목으로 구성되어 있으며, 사업장명, 인허가일자, 영업상태, 소재지 면적, 축산업무 및 축산물 가공업 구분, 종업원 수, 위치정보(WGS84 좌표), 축산고유번호 등 세부적인",https://www.data.go.kr/data/15058386/openapi.do,경기도,2025-07-21,4153,447,
식품의약품안전처_농약의 잔류허용기준 정보,"또한 식품안전 분야의 정보 투명성 제고, 식품산업 발전 지원, 데이터에 기반한 식품안전정책 수립, 맞춤형 서비스 개발 기반 제공으로 국민 편의성을 향상 시킬 수 있습니다.",https://www.data.go.kr/data/15074323/openapi.do,식품의약품안전처,2025-08-26,4421,651,
경기도 가금류 농장 현황,"특히 시군 단위로 데이터를 조회할 수 있어 지역별 가금류 사육 현황을 비교·분석할 수 있으며, 이는 정책 수립이나 축산 자원 관리, 방역 대책 마련에 중요한 기반 자료로 활용될 수",https://www.data.go.kr/data/15057795/openapi.do,경기도,2025-09-25,5460,599,
경기도_동물약국 현황,"항목으로는 시군명, 사업장명, 인허가일자, 영업상태, 주소(도로명 및 지번), 전화번호, 총종업원 수, 업태구분명, 위도·경도 좌표, 축산업무 구분명, 축산고유번호 등이 포함됩니다.",https://www.data.go.kr/data/15059138/openapi.do,경기도,2025-06-27,4956,794,
식품의약품안전처_위생용품품목제조보고,"또한 식품안전 분야의 정보 투명성 제고, 식품산업 발전 지원, 데이터에 기반한 식품안전정책 수립으로 국민 편의성을 향상 시킬 수 있습니다.",https://www.data.go.kr/data/15059675/openapi.do,식품의약품안전처,2025-08-27,4603,627,
식품의약품안전처_급식 학교 위탁급식업체 정보,학교는 집단 급식 형태로 제한된 공간과 정해진 시간에 식품을 제공(섭취)함에 따라 식중독 발생 시 다수의 인원이 동시에 발생되어 대형 식중독으로 확대될 우려가 높고 납품받은 식재료에서,https://www.data.go.kr/data/15117399/openapi.do,식품의약품안전처,2025-08-12,2769,51,
경기도_모범음식점 현황,이 데이터는 경기도 내 식품위생과 서비스 수준이 우수하다고 평가되어 모범음식점으로 지정된 업소의 정보를 포함하고 있습니다.,https://www.data.go.kr/data/15057674/openapi.do,경기도,2025-09-05,6915,845,
서울특별시농수산식품공사_경매결과,* 서울시농수산식품공사에서 제공중인 경매결과에 대한 API 입니다.,https://www.data.go.kr/data/15076020/openapi.do,서울특별시농수산식품공사,2025-07-04,8526,1214,
경기도_일반음식점(김밥(도시락)) 현황,"본 데이터는 분식류 관련 외식업 동향 파악, 창업 입지 분석, 식품위생 관리, 정책 수립 등 여러 분야에서 활용할 수 있습니다.",https://www.data.go.kr/data/15056852/openapi.do,경기도,2025-09-09,4136,1635,
"한국농수산식품유통공사_일별 도,소매 가격정보 조회","한국농수산식품유통공사의 조회 기간 동안 일평균 중도매인 판매가격 및 소매가격 정보 데이터로, 조사일자, 구분코드, 구분명, 부류코드, 부류명, 품목코드, 품목명, 품종코드, 품종명, 등급코드, 등급명, 시군구코드, 시군구명, 단위, 단위크기, 시장코드, 시장명, 조사일가격, 조사일kg환산가격, 원본등록일시를 제공합니다. ★ API명세서 및 관련 코드정보가 첨부되어 있습니다. 기대 활용 분야 - (국민) 농산물유통정보를 활용하여 농산물 판매·구매 계획 수립, 농산물 유통 분야 사업모델 발굴, 유통 과정 부가가치 창출, 개인 및 기관의 연구 목적으로 활용 등 다양한 빅데이터를 활용하여 융복합 기대 - (유통) 농산물유통정보 분석으로 생산성 관리, 재고관리 등 유통 분야 활용 - (농업종사자) 농산물유통정보 가격등락, 추이 정보 등을 활용, 농산물유통정보 데이터 확보를 통한 출하선택·결정권 강화 - (정책담당자) 농산물유통정보 분석을 통해 주요품목 수급안정 및 농산물 가격변동 완화 - (지자체:도매시장 개설자)농산물유통정보를 활용한 재고 및 물류 최적화",https://www.data.go.kr/data/15156057/openapi.do,한국농수산식품유통공사,2026-01-09,852,66,
식품의약품안전처_유전자변형식품등의 안전성 평가 심사 결과 현황,"유전자변형식품 품목명, 상품명, 삽입된 유전자 내용, 업소명, 대표자명, 허가일자, 부여된 특성 내용, 통보번호, 제품종류 정보를 목록으로 제공합니다.",https://www.data.go.kr/data/15074313/openapi.do,식품의약품안전처,2025-08-27,3597,486,
기후에너지환경부 한강홍수통제소_용수관련정보,"LPCD, 생산량, 업종별 부과량, 지방상수도 자급률 등 공업용수: 하천수 이용량, 지하수 이용량, 해수 이용량, 산단 이용량 등 농업용수: 논용수 이용량, 밭용수 이용량, 축산용수",https://www.data.go.kr/data/15021448/openapi.do,기후에너지환경부 한강홍수통제소,2025-06-12,4240,683,
부산광역시_농산물 잔류농약검사 통계 서비스,잔류농약이란 병충해로부터 농작물을 보호하기 위해 사용한 농약 성분이 농산물이나 이를 원료로 한 식품에 남아 있는 것을 의미합니다.,https://www.data.go.kr/data/15056832/openapi.do,부산광역시,2025-08-06,3550,32,
식품의약품안전처_공유주방운영업 인허가 대장,"또한 공유주방운영업 분야의 정보 투명성 제고, 식품산업 발전 지원, 데이터에 기반한 식품안전정책 수립, 맞춤형 서비스 개발 기반 제공으로 국민 편의성을 향상 시킬 수 있습니다.",https://www.data.go.kr/data/15113763/openapi.do,식품의약품안전처,2025-08-18,1359,29,
농촌진흥청_표준사료 검색,농업인의 의사결정을 지원하는 실용적인 정보 제공으로 보다 체계적인 축산 관리를 경험해보세요.,https://www.data.go.kr/data/15057808/openapi.do,농촌진흥청,2026-04-23,3365,586,
부산광역시_유통 농산물 잔류농약검사 서비스,농산물 잔류농약 이란 병충해로부터 농작물을 지키기 위하여 사용한 농약이 농작물 또는 이를 원료로 사용한 식품 중에 남아있는 것을 말한다.,https://www.data.go.kr/data/15056595/openapi.do,부산광역시,2025-08-06,3564,33,
국토교통부_가축사육제한구역,"건폐율·용적률·높이 등을 제한함으로써 토지를 경제적·효율적으로 이용하고 공공복리의 증진을 도모하기 위하여 서로 중복되지 않게 도시관리계획으로 결정하는 지역으로 도시지역, 관리지역, 농림지역",https://www.data.go.kr/data/15056608/openapi.do,국토교통부,2025-07-01,8875,783,
국토교통부_물류창고업등록정보,"국토교통부에 등록하는 일반 물류창고업(해양수산부 항만창고 포함) 외에 관세청의 보세창고, 환경부의 유해화학물질 보관창고, 식품의약품안전처의 (식품)냉동냉장창고, (축산)축산물보관창고",https://www.data.go.kr/data/3048029/openapi.do,국토교통부,2025-07-01,12355,184,
식품의약품안전처_행정처분결과(수입식품업),"식품의약품안전처에서 관리하는 수입식품업(수입식품수입·판매업, 신고 대행업, 인터넷 구매 대행업, 보관업) 행정처분결과에 대한 업체정보, 처분내용, 위반일자 등에 대한 속성정보를 제공합니다",https://www.data.go.kr/data/15125111/openapi.do,식품의약품안전처,2025-08-18,1756,23,
경기도_한우농가 지도관리 현황,"이를 통해 축산 행정의 재정 집행 현황, 지역별 한우 관련 정책의 중점 분야, 스마트축산이나 품질관리 사업의 확산 여부 등을 파악할 수 있으며, 지역 맞춤형 축산 지원 전략 수립에도",https://www.data.go.kr/data/15056696/openapi.do,경기도,2025-09-17,2945,194,
경기도_가축분뇨처리시설 현황,"본 데이터는 축산 폐기물의 위생적 처리와 수질오염 방지를 위한 시설 운영 현황을 파악하는 데 활용되며, 환경정책 수립, 가축분뇨 처리 계획 수립, 하천 수질 보호 등의 연구 및 행정에",https://www.data.go.kr/data/15059260/openapi.do,경기도,2025-09-25,4980,526,
식품의약품안전처_집단급식소 인허가 대장,"또한 식품안전 분야의 정보 투명성 제고, 식품산업 발전 지원, 데이터에 기반한 식품안전정책 수립, 맞춤형 서비스 개발 기반 제공으로 국민 편의성을 향상 시킬 수 있습니다.",https://www.data.go.kr/data/15096882/openapi.do,식품의약품안전처,2025-08-27,2446,399,
식품의약품안전처_축산물품목제조보고(원재료),"식품안전나라에서 기개방중인 축산물품목제조보고(원재료) 정보로 업소명 , 품목제조번호 , 허가일자 , 품목명 , 유형 , 원재료 , 인허가번호 등의 정보를 제공합니다.",https://www.data.go.kr/data/15095544/openapi.do,식품의약품안전처,2025-08-27,2475,355,
식품의약품안전처_어린이 급식센터 지원현황,"또한 식품안전 분야의 정보 투명성 제고, 식품산업 발전 지원, 데이터에 기반한 식품안전정책 수립, 맞춤형 서비스 개발 기반 제공으로 국민 편의성을 향상 시킬 수 있습니다.",https://www.data.go.kr/data/15096888/openapi.do,식품의약품안전처,2025-08-27,2224,426,
농촌진흥청_음식 기본 정보,음식 관리코드 목록과 농식품 종합정보를 체계적으로 제공하여 다양한 식품 관련 데이터를 효율적으로 활용할 수 있도록 지원합니다.,https://www.data.go.kr/data/15086527/openapi.do,농촌진흥청,,2709,542,
식품의약품안전처_축산물 생산실적정보,"또한 식품안전 분야의 정보 투명성 제고, 식품산업 발전 지원, 데이터에 기반한 식품안전정책 수립으로 국민 편의성을 향상 시킬 수 있습니다.",https://www.data.go.kr/data/15083646/openapi.do,식품의약품안전처,2025-08-27,3034,396,
식품의약품안전처_LMO 수입승인 정보,"또한 식품안전 분야의 정보 투명성 제고, 식품산업 발전 지원, 데이터에 기반한 식품안전정책 수립, 맞춤형 서비스 개발 기반 제공으로 국민 편의성을 향상 시킬 수 있습니다.",https://www.data.go.kr/data/15074312/openapi.do,식품의약품안전처,2025-08-26,3120,377,
농촌진흥청 국립식량과학원_농산물 효능 정보 서비스,"기능성(효능), 식품(농산물), 성분(CAS_NO) 실험(동물시험, 세포시험, 인체시험, 시험관시험 등)에 대한 논문정보(논문명, 저널명, 발행년도 등)제공 - 제공항목 : 발행년도",https://www.data.go.kr/data/15143614/openapi.do,농촌진흥청 국립식량과학원,2025-07-29,534,20,
경기도_일반음식점(까페) 현황,"커피 및 음료와 함께 간단한 음식을 제공하는 업소들이 대상이며, 식품안전 관리, 지역 상권 분석, 관광 기반 자료로 활용할 수 있습니다.",https://www.data.go.kr/data/15058598/openapi.do,경기도,2025-09-09,4356,1060,
식품의약품안전처_수입쇠고기 유통이력 정보,"또한 식품안전 분야의 정보 투명성 제고, 식품산업 발전 지원, 데이터에 기반한 식품안전정책 수립, 맞춤형 서비스 개발 기반 제공으로 국민 편의성을 향상 시킬 수 있습니다.",https://www.data.go.kr/data/15074332/openapi.do,식품의약품안전처,2025-08-26,3058,395,
식품의약품안전처_축산물 품목제조정보,"속성정보로는 인허가번호 , 업소명 , 품목제조번호 , 보고일자 , 제품명 , 유형 , 생산종료여부 , 고열량저영양식품여부 , 어린이기호식품품질인증여부 , 소비기한 , 업종 , 최종수정일자가",https://www.data.go.kr/data/15058685/openapi.do,식품의약품안전처,2025-08-27,3188,307,
국토교통부_방재지구,"건폐율·용적률·높이 등을 제한함으로써 토지를 경제적·효율적으로 이용하고 공공복리의 증진을 도모하기 위하여 서로 중복되지 않게 도시관리계획으로 결정하는 지역으로 도시지역, 관리지역, 농림지역",https://www.data.go.kr/data/15057619/openapi.do,국토교통부,2025-07-11,6771,614,
국토교통부_수질측정망호소수지점,"물환경정보 물환경정보도(수생태계조사지점,수질자동측정망측정지점,수질측정망하천수지점,수질측정망호소수지점,수질측정망농업용수지점,수질측정망공단배수지점,수질측정망도시관류지점,농공단지처리시설,축산폐수공공처리시설",https://www.data.go.kr/data/15057734/openapi.do,국토교통부,2024-07-10,5623,355,
농촌진흥청 국립식량과학원_농식품 기능성 플라보노이드 성분 정보,"기능성 플라보노이드 성분(번호, 식품ID, 식품 명, 시료ID, 성분 함량, 이미지 URL 등)의 정보를 제공하며, 시료ID 값으로 조회 가능 - 제공항목(기능성 플라보노이드 시료ID",https://www.data.go.kr/data/15143914/openapi.do,농촌진흥청 국립식량과학원,2025-07-29,660,18,
세종특별자치시_휴게음식점 정보,"세종특별자치시에 있는 휴게음식점 정보(업종, 업소명, 업태, 전화번호, 도로명 주소, 지번 주소)를 제공합니다.",https://www.data.go.kr/data/15111345/openapi.do,세종특별자치시,2023-01-17,2530,16,
경기도_식육포장 처리업체 현황,"인허가일자 및 취소일자, 영업상태, 폐업일자, 총 종업원 수, 소재지 주소(도로명 및 지번), 우편번호, 위경도 좌표(WGS84 기준), 소재지 면적, 축산업무 및 축산물가공업 구분, 축산고유번호",https://www.data.go.kr/data/15057154/openapi.do,경기도,2025-07-07,4073,444,
농림축산식품부_축종별 가축보험가입 통계정보,"이 데이터는 축산농가가 자신이 사육하는 축종의 보험 가입 현황을 참고하여 합리적인 가입 결정을 내리는 데 도움이 되며, 정책 담당자에게는 축종별 보험 수요와 리스크 관리 필요성을 반영한",https://www.data.go.kr/data/15059494/openapi.do,농림축산식품부,2025-09-11,2725,480,
경기도_집단급식소 현황(기타),"해당 데이터는 어린이집, 학교, 사회복지시설, 기업체 등에서 운영 중인 집단급식소를 포함하며, 식품위생 행정관리, 식중독 예방 정책 수립, 식생활 안전 확보, 식품위생 점검 대상 선정",https://www.data.go.kr/data/15058646/openapi.do,경기도,2025-09-24,3922,484,
국토교통부_국토계획구역,"건폐율·용적률·높이 등을 제한함으로써 토지를 경제적·효율적으로 이용하고 공공복리의 증진을 도모하기 위하여 서로 중복되지 않게 도시관리계획으로 결정하는 지역으로 도시지역, 관리지역, 농림지역",https://www.data.go.kr/data/15056802/openapi.do,국토교통부,2025-07-01,7183,637,
경기도_푸드뱅크 현황,"이 데이터는 경기도 내 기부식품 제공 사업장에 대한 현황 자료로, 푸드뱅크와 푸드마켓 형태의 운영기관 정보를 포함합니다.",https://www.data.go.kr/data/15059074/openapi.do,경기도,2025-09-11,3651,349,
농촌진흥청 국립식량과학원_농식품 식단관리 음식정보 제공,"식단관리(메뉴젠) 음식(음식코드, 대분류, 중분류, 식품명 중량) 정보를 제공하며, 식품분류 코드 및 식품명으로 조회 - 제공 항목(농식품 식단관리 음식정보 제공) : 식품 중량(",https://www.data.go.kr/data/15141900/openapi.do,농촌진흥청 국립식량과학원,2025-07-29,2723,18,
식품의약품안전처_즉석판매제조가공업 폐업정보,"또한 식품안전 분야의 정보 투명성 제고, 식품산업 발전 지원, 데이터에 기반한 식품안전정책 수립으로 국민 편의성을 향상 시킬 수 있습니다.",https://www.data.go.kr/data/15077132/openapi.do,식품의약품안전처,2025-08-27,4004,316,
한국농수산식품유통공사_전국 산지공판장 거래정보 조회,"한국농수산식품유통공사의 도매시장 밖에 위치하며, 산지의 수집, 분산 기능을 담당하는 전국 산지공판장의 거래정보 데이터로, 정산일자, 공판장코드, 도매시장명, 원표번호, 경매순서, 경매순서2, 경매장구분, 매매구분, 상품대분류코드, 상품대분류명, 상품중분류코드, 상품중분류명, 상품소분류코드, 상품소분류명, 법인상품코드, 법인상품품목명, 법인상품품종명, 단위코드, 단위명, 포장코드, 포장명, 크기코드, 크기명, 등급코드, 등급명, 물량, 낙찰가, 원산지코드, 원산지명, 출하구분, 단위총물량, 총가격, 단위중량, 원본등록일시, 낙찰일시를 제공합니다. ★ API명세서 및 관련 코드정보가 첨부되어 있습니다.",https://www.data.go.kr/data/15156054/openapi.do,한국농수산식품유통공사,2026-01-09,650,30,
부산광역시_위생등급지정업소정보서비스,위생등급은 식품의약품안전처에서 음식점이나 식품 취급 시설의 위생 상태를 평가하여 등급을 부여하는 제도입니다.,https://www.data.go.kr/data/15095251/openapi.do,부산광역시,2025-05-29,3192,21,
식품의약품안전처_기구등의 살균소독제 기준규격 정보,"또한 식품안전 분야의 정보 투명성 제고, 식품산업 발전 지원, 데이터에 기반한 식품안전정책 수립, 맞춤형 서비스 개발 기반 제공으로 국민 편의성을 향상 시킬 수 있습니다.",https://www.data.go.kr/data/15074329/openapi.do,식품의약품안전처,2025-08-26,2724,331,
"부산광역시_경매전 농산물 잔류농약검사(엄궁, 반여) 서비스","날이 갈수록 음식의 안전성에 대해 관심이 높아지고 또 안전한 먹거리를 찾는 수요도 높아지고 있어서 소비자들이 안전한 농산물을 구매하여 소비할 수 있도록 엄궁, 반여 두 곳의 농산물도매시장에서 출하하여 시중에 유통시키는 농산물, 한약재 등의 중금속 등 농약에 대한 안정성 검사 결과 정보를 제공합니다. 감, 감귤, 딸기, 밀감, 복숭아, 사과, 산딸기, 자두, 키워, 포도 등 과일 12종과 가지, 갓, 고추, 깻잎, 대파, 무, 배추, 부추, 토마토, 시금치, 오이 등 채소 59종에 대한 잔류 농약검사 결과를 제공합니다. 소비자들은 잔류농약 검사결과를 통해서 구매해서 소비하는 농산물이 농약 등 중금속 오염으로부터 안전한지를 확인하고 구매하여 안전하고 건강한 식생활을 할 수 있습니다. -부산광역시_농산물 잔류농약검사 정보(검체명, 품목, 분류, 검출농약, 검출농도 판정 등)",https://www.data.go.kr/data/15057968/openapi.do,부산광역시,2025-08-06,3024,25,
식품의약품안전처_축산물HACCP지정 정보,"인허가일자 , 회사명 , 회사주소 , 작업장주소 , 위생검사일자 , 심사결과 , 브랜드명 , 친환경인증여부 , 인증시작일자 , 인증종료일자 *HACCP: 해썹(HACCP) 제도는 식품을",https://www.data.go.kr/data/15074310/openapi.do,식품의약품안전처,2025-08-27,5254,332,
한국농수산식품유통공사_가격 등락 정보 조회,"한국농수산식품유통공사의 조회일 기준 전일, 전주, 전월, 전년 대비 등락률 정보 데이터로, 조사일자, 구분코드, 구분명, 부류코드, 부류명, 품목코드, 품목명, 품종코드, 품종명, 등급코드, 등급명, 단위, 단위크기, 조사일평균가격, 조사일kg환산평균가격, 1일전비교등락율, 1주일전비교등락율, 1개월전비교등락율, 1년전비교등락율을 제공합니다. ★ API명세서 및 관련 코드정보가 첨부되어 있습니다. 기대활용분야 - (국민) 농산물유통정보를 활용하여 농산물 판매·구매 계획 수립, 농산물 유통 분야 사업모델 발굴, 유통 과정 부가가치 창출, 개인 및 기관의 연구 목적으로 활용 등 다양한 빅데이터를 활용하여 융복합 기대 - (유통) 농산물유통정보 분석으로 생산성 관리, 재고관리 등 유통 분야 활용 - (농업종사자) 농산물유통정보 가격등락, 추이 정보 등을 활용, 농산물유통정보 데이터 확보를 통한 출하선택·결정권 강화 - (정책담당자) 농산물유통정보 분석을 통해 주요품목 수급안정 및 농산물 가격변동 완화 - (지자체:도매시장 개설자)농산물유통정보를 활용한 재고 및 물류 최적화",https://www.data.go.kr/data/15156070/openapi.do,한국농수산식품유통공사,2026-01-09,534,34,
식품의약품안전처_기구등의 살균소독제 한시적 기준 및 규격 인정 현황,"또한 식품안전 분야의 정보 투명성 제고, 식품산업 발전 지원, 데이터에 기반한 식품안전정책 수립, 맞춤형 서비스 개발 기반 제공으로 국민 편의성을 향상 시킬 수 있습니다.",https://www.data.go.kr/data/15058635/openapi.do,식품의약품안전처,2025-08-26,3210,328,
식품의약품안전처_식품업소 인허가 변경 정보,식품위생법에 따른 식품업소의 인허가 변경 사항을 제공합니다.,https://www.data.go.kr/data/15145168/openapi.do,식품의약품안전처,2025-08-07,978,18,
식품의약품안전처_축산물 식육포장처리업영업허가대장,"또한 식품산업 발전 지원, 데이터에 기반한 식품안전정책 수립, 맞춤형 서비스 개발 기반 제공으로 국민 편의성을 향상 시킬 수 있습니다.",https://www.data.go.kr/data/15064840/openapi.do,식품의약품안전처,2025-08-27,3158,418,
한국식품안전관리인증원_HACCP 업종공정별 중요관리점 통계정보,"(HACCP 업종공정별 중요관리점 통계정보 제공 서비스) 전국 식품업체 중 HACCP 인증을 받은 업체의 업종공정별 중요관리점 관련 축산/식품구분, 업종명, 유형명, 공정명, 업종(",https://www.data.go.kr/data/15033312/openapi.do,한국식품안전관리인증원,2025-06-09,3157,68,
경기도_식중독 발생 현황,"감염병 예방, 식중독 위험 예측 및 대응 체계 수립, 식품안전 관리 정책 개발 등에 유용하게 활용될 수 있습니다.",https://www.data.go.kr/data/15056661/openapi.do,경기도,2025-07-21,4030,403,
식품의약품안전처_수산물이력정보-출하정보,"또한 식품안전 분야의 정보 투명성 제고, 식품산업 발전 지원, 데이터에 기반한 식품안전정책 수립, 맞춤형 서비스 개발 기반 제공으로 국민 편의성을 향상 시킬 수 있습니다.",https://www.data.go.kr/data/15064940/openapi.do,식품의약품안전처,2025-08-26,2469,292,
식품의약품안전처_과태료부과기준,"식품관련 법령의 과태료 부과기준 관련 정보입니다. 처분기준코드 , 처분기준명 , 레벨 , 근거법령 , 위반유형 , 유효시작일자 , 유효종료일자의 속성정보를 제공합니다.",https://www.data.go.kr/data/15064956/openapi.do,식품의약품안전처,2025-08-26,3248,243,
농촌진흥청 국립식량과학원_농식품 우리술 성분 정보,"우리술 성분(일반성분, 유기산, 유리당, 향기성분, 유리아미노산) 정보를 제공하며 주종코드, 년도, 분석항목으로 조회 - 제공항목(우리술 성분 정보 조회) : 분석 상세 코드(cmpr_Dtl_Code), 분석상세 명(cmpr_Dtl_Nm), 분석상세 영문명(cmpr_Dtl_Nm), 특징(sfe), 감미도(prsiundo), 강도(in_Value), 입상주(mouthresdng), 비입상주(ctmouthresdng), 검정통계량(%)(f_Value), 유의확률(%)(p_Value), 측정년도(measure_Year), 주종 코드(achl_Kind_Code), 주종 명(achl_Kind_Nm), 시료 수(sample_Cnt), 시료 비고(sample_Rm), 분석항목 목록(cmpr_Item_List)",https://www.data.go.kr/data/15141892/openapi.do,농촌진흥청 국립식량과학원,2025-07-29,3263,18,
대구광역시_먹거리골목별 음식점,"그리고 대구10미, 대빵(대구명품빵), 대구우수식품 등 대구의 대표 음식 브랜드 및 대구밀키트, 대구의 먹거리골목과 먹거리골목에 있는 음식점 등에 대한 내용들을 확인할 수 있어 이",https://www.data.go.kr/data/15086132/openapi.do,대구광역시,2026-01-26,4206,742,
식품의약품안전처_수입쇠고기 냉동전환 정보,"또한 식품안전 분야의 정보 투명성 제고, 식품산업 발전 지원, 데이터에 기반한 식품안전정책 수립, 맞춤형 서비스 개발 기반 제공으로 국민 편의성을 향상 시킬 수 있습니다.",https://www.data.go.kr/data/15097884/openapi.do,식품의약품안전처,2025-08-26,2523,312,
식품의약품안전처_기구 및 용기.포장의 한시적 기준 및 규격 인정 현황,식품의약품안전처에서 관리하는 식품위생법에 따른 기구 및 용기.포장의 한시적 기준 및 규격 인정 현황 자료입니다.,https://www.data.go.kr/data/15057488/openapi.do,식품의약품안전처,2025-08-26,3739,233,
한국농수산식품유통공사_가격 추이 정보 조회,"한국농수산식품유통공사의 조회일 기준 평균가격, 1~4주전 평균가격 추이 제공 데이터로, 조사일자, 구분코드, 구분명, 부류코드, 부류명, 품목코드, 품목명, 품종코드, 품종명, 등급코드, 등급명, 단위, 단위크기, 조사일평균가격, 조사일kg환산평균가격, 1주일전평균가격, 1주일전kg환산평균가격, 2주일전평균가격, 2주일전kg환산평균가격, 3주일전평균가격, 3주일전kg환산평균가격, 4주일전평균가격, 4주일전kg환산평균가격을 제공합니다. ★ API명세서 및 관련 코드정보가 첨부되어 있습니다. 기대활용분야 - (국민) 농산물유통정보를 활용하여 농산물 판매·구매 계획 수립, 농산물 유통 분야 사업모델 발굴, 유통 과정 부가가치 창출, 개인 및 기관의 연구 목적으로 활용 등 다양한 빅데이터를 활용하여 융복합 기대 - (유통) 농산물유통정보 분석으로 생산성 관리, 재고관리 등 유통 분야 활용 - (농업종사자) 농산물유통정보 가격등락, 추이 정보 등을 활용, 농산물유통정보 데이터 확보를 통한 출하선택·결정권 강화 - (정책담당자) 농산물유통정보 분석을 통해 주요품목 수급안정 및 농산물 가격변동 완화 - (지자체:도매시장 개설자)농산물유통정보를 활용한 재고 및 물류 최적화",https://www.data.go.kr/data/15156069/openapi.do,한국농수산식품유통공사,2026-01-09,985,29,
경상남도 진주시_음식점,"본 데이터는 시민과 관광객이 음식점을 선택할 때 참고 자료로 활용할 수 있을 뿐만 아니라, 지역 외식업 분포 분석, 상권 변화 추세 파악, 식품 위생 관리 지원 등 행정적 활용에도",https://www.data.go.kr/data/15068868/openapi.do,경상남도 진주시,2025-12-10,4281,689,
식품의약품안전처_수입식품등영업신고대장,이 자료는 수입식품안전관리 특별법에 따른 수입식품등 수입판매업 등 영업에 대한 신고대장 자료입니다.,https://www.data.go.kr/data/15062902/openapi.do,식품의약품안전처,2025-08-26,2649,218,
"한국농수산식품유통공사_연월별 도,소매가격정보 조회","한국농수산식품유통공사의 조회 기간(연월) 동안 중도매인 판매가격 및 소매가격 정보 데이터로, 조사연월, 시군구코드, 시군구명, 구분코드, 구분명, 부류코드, 부류명, 품목코드, 품목명, 품종코드, 품종명, 등급코드, 등급명, 단위, 단위크기, 월별평균가, 월별최고가, 월별최저가, 월별표준편차, 월별변동계수, 월별진폭계수, 연별평균가, 연별최고가, 연별최저가, 연별표준편차, 연별변동계수, 연별진폭계수, 원본등록일시를 제공합니다. ★ API명세서 및 관련 코드정보가 첨부되어 있습니다. 기대 활용 분야 - (국민) 농산물유통정보를 활용하여 농산물 판매·구매 계획 수립, 농산물 유통 분야 사업모델 발굴, 유통 과정 부가가치 창출, 개인 및 기관의 연구 목적으로 활용 등 다양한 빅데이터를 활용하여 융복합 기대 - (유통) 농산물유통정보 분석으로 생산성 관리, 재고관리 등 유통 분야 활용 - (농업종사자) 농산물유통정보 가격등락, 추이 정보 등을 활용, 농산물유통정보 데이터 확보를 통한 출하선택·결정권 강화 - (정책담당자) 농산물유통정보 분석을 통해 주요품목 수급안정 및 농산물 가격변동 완화 - (지자체:도매시장 개설자)농산물유통정보를 활용한 재고 및 물류 최적화",https://www.data.go.kr/data/15156060/openapi.do,한국농수산식품유통공사,2026-01-09,434,27,
"한국농수산식품유통공사_지역별 품목별 도,소매 가격정보 조회","한국농수산식품유통공사의 조회기간 기준 지역별, 품목별 중도매인 판매가격 및 소매가격 정보 데이터로, 조사일자, 구분코드, 구분명, 부류코드, 부류명, 품목코드, 품목명, 품종코드, 품종명, 등급코드, 등급명, 시군구코드, 시군구명, 단위, 단위크기, 조사일최저가격, 조사일환산최저가격, 조사일평균가격, 조사일환산평균가격, 조사일최고가격, 조사일환산최고가격을 제공합니다. ★ API명세서 및 관련 코드정보가 첨부되어 있습니다. 기대활용분야 - (국민) 농산물유통정보를 활용하여 농산물 판매·구매 계획 수립, 농산물 유통 분야 사업모델 발굴, 유통 과정 부가가치 창출, 개인 및 기관의 연구 목적으로 활용 등 다양한 빅데이터를 활용하여 융복합 기대 - (유통) 농산물유통정보 분석으로 생산성 관리, 재고관리 등 유통 분야 활용 - (농업종사자) 농산물유통정보 가격등락, 추이 정보 등을 활용, 농산물유통정보 데이터 확보를 통한 출하선택·결정권 강화 - (정책담당자) 농산물유통정보 분석을 통해 주요품목 수급안정 및 농산물 가격변동 완화 - (지자체:도매시장 개설자)농산물유통정보를 활용한 재고 및 물류 최적화",https://www.data.go.kr/data/15156062/openapi.do,한국농수산식품유통공사,2026-01-09,659,27,
"한국농수산식품유통공사_최근일자 도,소매가격정보 조회","한국농수산식품유통공사의 조회일 기준 1일, 1주일, 1개월, 1년 전 평균 중도매인 판매가격 및 소매가격 정보 데이터로, 조사일자, 구분코드, 구분명, 부류코드, 부류명, 품목코드, 품목명, 품종코드, 품종명, 등급코드, 등급명, 단위, 단위크기, 조사일평균가격, 조사일kg환산평균가격, 1일전가격, 1일전kg환산가격, 1주일전가격, 1주일전kg환산가격, 1개월전가격, 1개월전kg환산가격, 1년전가격, 1년전kg환산가격을 제공합니다. ★ API명세서 및 관련 코드정보가 첨부되어 있습니다. 기대활용분야 - (국민) 농산물유통정보를 활용하여 농산물 판매·구매 계획 수립, 농산물 유통 분야 사업모델 발굴, 유통 과정 부가가치 창출, 개인 및 기관의 연구 목적으로 활용 등 다양한 빅데이터를 활용하여 융복합 기대 - (유통) 농산물유통정보 분석으로 생산성 관리, 재고관리 등 유통 분야 활용 - (농업종사자) 농산물유통정보 가격등락, 추이 정보 등을 활용, 농산물유통정보 데이터 확보를 통한 출하선택·결정권 강화 - (정책담당자) 농산물유통정보 분석을 통해 주요품목 수급안정 및 농산물 가격변동 완화 - (지자체:도매시장 개설자)농산물유통정보를 활용한 재고 및 물류 최적화",https://www.data.go.kr/data/15156063/openapi.do,한국농수산식품유통공사,2026-01-09,522,27,
한국농수산식품유통공사_출하량 추이 정보 조회,"한국농수산식품유통공사의 조회일 기준 1~4주전 농산물 평균출하수량 및 평균출하량 추이 제공 데이터로, 출하일자, 도매시장코드, 도매시장명, 법인코드, 법인명, 상품대분류코드, 상품대분류명, 상품중분류코드, 상품중분류명, 상품소분류코드, 상품소분류명, 단위코드, 단위명, 단위물량, 평균출하수량, 평균출하량, 1주일전평균출하수량, 1주일전평균출하량, 2주일전평균출하수량, 2주일전평균출하량, 3주일전평균출하수량, 3주일전평균출하량, 4주일전평균출하수량, 4주일전평균출하량을 제공합니다. ★ API명세서 및 관련 코드정보가 첨부되어 있습니다. 기대활용분야 - (국민) 농산물유통정보를 활용하여 농산물 판매·구매 계획 수립, 농산물 유통 분야 사업모델 발굴, 유통 과정 부가가치 창출, 개인 및 기관의 연구 목적으로 활용 등 다양한 빅데이터를 활용하여 융복합 기대 - (유통) 농산물유통정보 분석으로 생산성 관리, 재고관리 등 유통 분야 활용 - (농업종사자) 농산물유통정보 가격등락, 추이 정보 등을 활용, 농산물유통정보 데이터 확보를 통한 출하선택·결정권 강화 - (정책담당자) 농산물유통정보 분석을 통해 주요품목 수급안정 및 농산물 가격변동 완화 - (지자체:도매시장 개설자)농산물유통정보를 활용한 재고 및 물류 최적화",https://www.data.go.kr/data/15156075/openapi.do,한국농수산식품유통공사,2026-01-09,676,27,
국토교통부_고도지구,"건폐율·용적률·높이 등을 제한함으로써 토지를 경제적·효율적으로 이용하고 공공복리의 증진을 도모하기 위하여 서로 중복되지 않게 도시관리계획으로 결정하는 지역으로 도시지역, 관리지역, 농림지역",https://www.data.go.kr/data/15057944/openapi.do,국토교통부,2025-07-01,5662,469,
농림축산식품부 국립농산물품질관리원_친환경 인증정보,"인증기관으로부터 환경을 오염하지 않고 농산물 및 유기식품에 대하여 재배, 수확, 유통함을 인증 받은 단체 및 개인의 인증번호, 인증 시작일 및 인증 종료일, 인증 품목명, 인증 단체명",https://www.data.go.kr/data/15141827/openapi.do,농림축산식품부 국립농산물품질관리원,2025-02-12,1623,31,
한국농수산식품유통공사_친환경농산물 가격정보 조회,"한국농수산식품유통공사의 조회 기간 동안 친환경농산물의 소매 가격정보 데이터로, 조사일자, 구분코드, 구분명, 부류코드, 부류명, 품목코드, 품목명, 품종코드, 품종명, 등급코드, 등급명, 시군구코드, 시군구명, 단위, 단위크기, 시장코드, 시장명, 조사일가격, 조사일kg환산가격, 원본등록일시를 제공합니다. ★ API 명세서 및 API 활용에 필요한 코드정보가 첨부되어 있습니다. 기대활용분야 - (국민) 농산물유통정보를 활용하여 농산물 판매·구매 계획 수립, 농산물 유통 분야 사업모델 발굴, 유통 과정 부가가치 창출, 개인 및 기관의 연구 목적으로 활용 등 다양한 빅데이터를 활용하여 융복합 기대 - (유통) 농산물유통정보 분석으로 생산성 관리, 재고관리 등 유통 분야 활용 - (농업종사자) 농산물유통정보 가격등락, 추이 정보 등을 활용, 농산물유통정보 데이터 확보를 통한 출하선택·결정권 강화 - (정책담당자) 농산물유통정보 분석을 통해 주요품목 수급안정 및 농산물 가격변동 완화 - (지자체:도매시장 개설자)농산물유통정보를 활용한 재고 및 물류 최적화",https://www.data.go.kr/data/15156073/openapi.do,한국농수산식품유통공사,2026-01-09,519,25,
식품의약품안전처_축산물 가공업허가정보,"또한 식품산업 발전 지원, 데이터에 기반한 식품안전정책 수립, 맞춤형 서비스 개발 기반 제공으로 국민 편의성을 향상 시킬 수 있습니다.",https://www.data.go.kr/data/15064844/openapi.do,식품의약품안전처,2025-08-27,2932,308,
식품의약품안전처 식품의약품안전평가원_통합위해성평가 오염도 자료,"""제1차 위해성평가 기본계획('23~'27)에 따라 '24년 공개한 프탈레이트 7종의 통합위해성평가 결과 중 식품 분야의 오염도 평균값 - 사람이 섭취·투여·접촉·흡입 등을 함으로써",https://www.data.go.kr/data/15140143/openapi.do,식품의약품안전처 식품의약품안전평가원,2025-12-01,1431,29,
행정안전부_어린이식품안전보호구역관리현황,"- 해당 데이터는 식품의약품안전처에서 제공하는 어린이식품안전보호구역관리현황 정보입니다.""",https://www.data.go.kr/data/15153234/openapi.do,행정안전부,2025-11-20,53,0,
경기도_일반음식점(이동조리) 현황,"이 데이터는 유동식 외식업 분석, 지역 이동형 상권 파악, 식품위생 및 영업환경 정책 수립 등에 활용될 수 있으며, 경기도 31개 시군의 데이터를 포함하고 Open API를 통해 실시간",https://www.data.go.kr/data/15059324/openapi.do,경기도,2025-09-08,4100,754,
국토교통부_관리지역,"건폐율·용적률·높이 등을 제한함으로써 토지를 경제적·효율적으로 이용하고 공공복리의 증진을 도모하기 위하여 서로 중복되지 않게 도시관리계획으로 결정하는 지역으로 도시지역, 관리지역, 농림지역",https://www.data.go.kr/data/15059409/openapi.do,국토교통부,2025-07-01,7288,419,
농림축산식품부_시도별 사고원인 가축보험금지급 통계정보,"축산농가 입장에서는 지역·사고별 리스크를 이해하고 사전 대비책을 마련하는 참고자료가 되며, 정책 담당자에게는 가축재해보험 제도의 운영 성과를 점검하고 보완 방향을 마련하는 기초자료로",https://www.data.go.kr/data/15057886/openapi.do,농림축산식품부,2025-09-11,2281,145,
식품의약품안전처_국외시험검사기관 지정 정보,"식품ㆍ의약품분야 시험ㆍ검사 등에 관한 법률에 따른 국외시험검사기관 인정번호, 기관명, 대표자, 지정일자, 검사항목, 전화번호, 주소 등을 제공합니다.",https://www.data.go.kr/data/15074320/openapi.do,식품의약품안전처,2025-08-26,2358,188,
경기도_관광농원 지정 현황,"관광농원은 농어촌의 자연자원과 농림수산 생산기반을 이용하여 지역특산물 판매시설, 영농 체험시설, 체육시설, 휴양시설, 숙박시설, 음식 또는 용역을 제공하거나 그 밖에 이에 딸린 시설을",https://www.data.go.kr/data/15058797/openapi.do,경기도,2025-06-23,4453,500,
경기도_가축 분뇨 수집 운반업체 현황,"주요 활용 분야로는 지역 축산환경 관리 정책 수립, 분뇨처리 기반시설 분석, 환경영업 종사자 관리, 위생관리 시스템 개선, 지속가능한 축산업 기반 조성 등이 있습니다.",https://www.data.go.kr/data/15059478/openapi.do,경기도,2025-09-17,3779,262,
한국농촌경제연구원_연구보고서,"농림업 및 식품산업 정책, 농촌 지역발전, 삶의 질 향상, 농림업·농촌 환경보전, 자원관리, 국민 먹거리 공급체계, 농식품 수급 안정, 농림식품 분야 통상, 국제 농업협력 등 농림경제",https://www.data.go.kr/data/15144214/openapi.do,한국농촌경제연구원,2025-07-02,385,22,
식품의약품안전처_과징금부과기준,식품위생법 등 관련 법령의 .과징금 부과기준 관련 정보입니다.,https://www.data.go.kr/data/15064959/openapi.do,식품의약품안전처,2025-08-26,2237,154,
기후에너지환경부 국립환경과학원_시군구 통계 서비스,"조사항목은 생활계, 축산계, 산업계, 토지계(국토부자료), 양식계, 매립계, 환경기초시설, 기타수질오염원 8개 항목에 대하여 조사하며, 각 오염원별 시군구별 통계자료 제공",https://www.data.go.kr/data/15058984/openapi.do,기후에너지환경부 국립환경과학원,2025-05-26,46863,153,
식품의약품안전처_쇠고기(국내)이력추적 정보,"또한 식품안전 분야의 정보 투명성 제고, 식품산업 발전 지원, 데이터에 기반한 식품안전정책 수립, 맞춤형 서비스 개발 기반 제공으로 국민 편의성을 향상 시킬 수 있습니다.",https://www.data.go.kr/data/15078191/openapi.do,식품의약품안전처,2025-08-26,2100,202,
한국농어촌공사_농산어촌지역개발 농촌마을현황,"마을의 경제자원 - 농림축수산물, 음식 및 식품, 특산물자원, 농업관련시설, 관광 및 휴양시설, 산업시설",https://www.data.go.kr/data/15104291/openapi.do,한국농어촌공사,2025-06-30,5043,65,
경상북도 영천시_동물약국현황,해당 데이터와 관련하여 궁금하신 사항 있으실 경우 영천시 축산과로 연락주시기 바랍니다.,https://www.data.go.kr/data/15157821/openapi.do,경상북도 영천시,2026-03-25,43,4,
국토교통부_수질측정망농업용수지점,"물환경정보 물환경정보도(수생태계조사지점,수질자동측정망측정지점,수질측정망하천수지점,수질측정망호소수지점,수질측정망농업용수지점,수질측정망공단배수지점,수질측정망도시관류지점,농공단지처리시설,축산폐수공공처리시설",https://www.data.go.kr/data/15058706/openapi.do,국토교통부,2024-07-10,5110,183,
경기도_일반음식점(중국식) 현황,"해당 데이터는 중식 외식업 시장 분석, 중화요리 전문점 분포 파악, 상권 개발, 식품위생 정책 수립 등에 활용될 수 있습니다.",https://www.data.go.kr/data/15058071/openapi.do,경기도,2025-09-08,3642,528,
경기도_집단급식소 위탁운영 현황,위치정보와 결합하면 GIS 기반의 집단급식소 분포 분석 및 식품 안전관리 정책 수립에도 활용될 수 있습니다.,https://www.data.go.kr/data/15058973/openapi.do,경기도,2025-09-25,4711,658,
서울특별시농수산식품공사_농수산물 가격정보 자동응답서비스(ARS) 품목코드 API,양곡/청과/수산/축산으로 구분하며 5자리의 품목코드 및 품목명을 포함하고 있습니다.,https://www.data.go.kr/data/15121567/openapi.do,서울특별시농수산식품공사,2025-07-03,1706,157,
식품의약품안전처_도축업 인허가 대장,"또한 축산물 안전 분야의 정보 투명성 제고, 산업 발전 지원, 데이터에 기반한 식품안전정책 수립, 맞춤형 서비스 개발 기반 제공으로 국민 편의성을 향상 시킬 수 있습니다.",https://www.data.go.kr/data/15128096/openapi.do,식품의약품안전처,2025-08-18,1100,9,
해양수산부 국립수산물품질관리원_수산물 방사능 생산 지역별 안전 현황,"본 데이터는 수산물의 방사능 안전성에 대한 연구, 식품 안전 관리 정책 수립, 소비자에게 안전한 수산물 정보를 제공하는 데 활용될 수 있습니다.",https://www.data.go.kr/data/15115752/openapi.do,해양수산부 국립수산물품질관리원,2025-08-06,1695,472,
농림축산식품부_소 브루셀라 검사결과현황,"나아가 축산 농가에는 질병 예방의 중요성을 인식시키고 사육 관리 개선을 유도함으로써, 궁극적으로는 축산물 안전성 확보와 공중보건 향상에 기여하는 의미 있는 데이터라 할 수 있습니다.",https://www.data.go.kr/data/15058595/openapi.do,농림축산식품부,2025-09-11,2555,242,
식품의약품안전처_수입수산물 검사통계 정보 서비스,- 수입식품 중 수산물의 검사결과를 통계적으로 정리한 정보를 제공하고 있습니다.,https://www.data.go.kr/data/15132779/openapi.do,식품의약품안전처,2025-08-07,936,12,
식품의약품안전처_HACCP 지정현황,식품의약품안전처 「HACCP 지정현황」 OpenAPI는 식품 안전관리인증기준(HACCP)을 받은 업체의 지정 현황 정보를 제공합니다.,https://www.data.go.kr/data/15058303/openapi.do,식품의약품안전처,2025-09-19,7129,203,
국토교통부_습지보호지역,"건폐율·용적률·높이 등을 제한함으로써 토지를 경제적·효율적으로 이용하고 공공복리의 증진을 도모하기 위하여 서로 중복되지 않게 도시관리계획으로 결정하는 지역으로 도시지역, 관리지역, 농림지역",https://www.data.go.kr/data/15056787/openapi.do,국토교통부,2025-07-10,5596,288,
서울특별시농수산식품공사_가락시장 반입물량(경매전),* 서울시농수산식품공사에서 제공중인 가락시장 반입물량(경매전)에 대한 API 입니다.,https://www.data.go.kr/data/15076022/openapi.do,서울특별시농수산식품공사,2025-07-04,3595,333,
기후에너지환경부 국립환경과학원_토지계 정보제공서비스,"물환경보전법 제23조 및 동법 시행규칙 제32조에 의해 매년 시도지사는 관할구역의 오염원 종류, 수질오염원 발생량 등을 조사하며, 생활계, 축산계, 산업계, 양식계, 토지계, 매립계",https://www.data.go.kr/data/15059460/openapi.do,기후에너지환경부 국립환경과학원,2025-05-26,44593,155,
국토교통부_방화지구,"건폐율·용적률·높이 등을 제한함으로써 토지를 경제적·효율적으로 이용하고 공공복리의 증진을 도모하기 위하여 서로 중복되지 않게 도시관리계획으로 결정하는 지역으로 도시지역, 관리지역, 농림지역",https://www.data.go.kr/data/15058542/openapi.do,국토교통부,2025-07-11,5618,281,
경기도_식육부산물전문판매업 현황,"식육 부산물은 내장(간, 심장, 위장, 비장, 창자, 콩팥 등), 머리, 다리, 꼬리, 뼈, 혈액 등을 포함하며, 식용 가능한 축산 부산물의 유통과 관련된 업소를 전문적으로 관리하기",https://www.data.go.kr/data/15056622/openapi.do,경기도,2025-07-07,2707,110,
경기도_일반음식점(일식) 현황,"이 데이터는 일식 외식산업 현황 분석, 소비 트렌드 파악, 지역 상권 개발, 식품위생 관리 정책 수립 등에 활용될 수 있으며, 경기도 31개 시군을 대상으로 수집되어 Open API를",https://www.data.go.kr/data/15059274/openapi.do,경기도,2025-09-08,4263,474,
서울특별시농수산식품공사_품목별등급별가격(시장도매인거래),* 서울시농수산식품공사에서 제공중인 품목별등급별가격(시장도매인거래)에 대한 API 입니다.,https://www.data.go.kr/data/15076054/openapi.do,서울특별시농수산식품공사,2025-07-04,2731,342,
기후에너지환경부 국립환경과학원_생활계 물사용량 정보제공서비스,"물환경보전법 제23조 및 동법 시행규칙 제32조에 의해 매년 시도지사는 관할구역의 오염원 종류, 수질오염원 발생량 등을 조사하며, 생활계, 축산계, 산업계, 양식계, 토지계, 매립계",https://www.data.go.kr/data/15056633/openapi.do,기후에너지환경부 국립환경과학원,2025-05-26,46814,165,
식품의약품안전처_위생용품영업정보,"또한 식품안전 분야의 정보 투명성 제고, 식품산업 발전 지원, 데이터에 기반한 식품안전정책 수립, 맞춤형 서비스 개발 기반 제공으로 국민 편의성을 향상 시킬 수 있습니다.",https://www.data.go.kr/data/15057717/openapi.do,식품의약품안전처,2025-08-27,3489,160,
식품의약품안전처_시험항목코드,"행정표준코드에 의한 식품안전시험항목 코드에 대한 시험항목코드 , 한글명 , 영문명 , 약어 , 이명 , 시험항목명 , 시험항목대분류시퀀스 , 시험항목대분류코드 , 대분류한글명 , 시험항목중분류시퀀스",https://www.data.go.kr/data/15064779/openapi.do,식품의약품안전처,2025-08-26,2880,152,
국토교통부_개발진흥지구,"건폐율·용적률·높이 등을 제한함으로써 토지를 경제적·효율적으로 이용하고 공공복리의 증진을 도모하기 위하여 서로 중복되지 않게 도시관리계획으로 결정하는 지역으로 도시지역, 관리지역, 농림지역",https://www.data.go.kr/data/15058035/openapi.do,국토교통부,2025-07-01,5721,299,
농림축산식품부 농림축산검역본부_축종별 생체중량,"., 지역별,, 축종(품종)별 , 도축장별 검사실적 등 다양한 자료를 통해 체계적인 분석이 가능 - 정부와 지자체는 본 데이터를 활용하여 축산물 수급 조절, 도축장 관리감독, 축산정책",https://www.data.go.kr/data/15058538/openapi.do,농림축산식품부 농림축산검역본부,2025-09-18,2452,190,
국토교통부_경관지구,"건폐율·용적률·높이 등을 제한함으로써 토지를 경제적·효율적으로 이용하고 공공복리의 증진을 도모하기 위하여 서로 중복되지 않게 도시관리계획으로 결정하는 지역으로 도시지역, 관리지역, 농림지역",https://www.data.go.kr/data/15057554/openapi.do,국토교통부,2025-07-01,6244,292,
기후에너지환경부 국립환경과학원_생활계 인구현황 정보제공서비스,"물환경보전법 제23조 및 동법 시행규칙 제32조에 의해 매년 시도지사는 관할구역의 오염원 종류, 수질오염원 발생량 등을 조사하며, 생활계, 축산계, 산업계, 양식계, 토지계, 매립계",https://www.data.go.kr/data/15058230/openapi.do,기후에너지환경부 국립환경과학원,2025-05-26,44505,149,
식품의약품안전처_집단급식소 폐업 정보,"또한 식품안전 분야의 정보 투명성 제고, 식품산업 발전 지원, 데이터에 기반한 식품안전정책 수립, 맞춤형 서비스 개발 기반 제공으로 국민 편의성을 향상 시킬 수 있습니다.",https://www.data.go.kr/data/15096884/openapi.do,식품의약품안전처,2025-08-27,1994,146,
경기도_일반음식점(탕류) 현황,"이 데이터는 위생 및 식품안전 관리, 지역별 음식점 분포 분석, 외식 산업 연구, 상권 분석 등에 활용될 수 있습니다.",https://www.data.go.kr/data/15059096/openapi.do,경기도,2025-09-08,3780,462,
경기도_휴게음식점(푸드트럭) 현황,"본 데이터는 푸드트럭 운영 실태 파악, 식품 위생 관리, 창업 입지 분석, 지역 상권 지원 정책 수립 등에 활용될 수 있으며, 주간 단위로 갱신됩니다.",https://www.data.go.kr/data/15058884/openapi.do,경기도,2025-09-09,12467,452,
서울특별시 동작구 식품등 수입판매업 현황,"서울특별시 동작구 식품등 수입판매업 식품위생업소 현황(식품접객업소 및 제조,판매업소 업소별 신고현황)",https://www.data.go.kr/data/15038281/openapi.do,서울특별시 동작구,2019-09-06,2715,111,
식품의약품안전처_동물의약품별 잔류허용 기준,"동물의약품별 식품에 대한 잔류량 허용 기준 정보로 시행시점, 단계, 잔류허용(MRL) 정보 등의 항목을 제공합니다.",https://www.data.go.kr/data/15083970/openapi.do,식품의약품안전처,2025-08-26,1725,119,
기후에너지환경부 국립환경과학원_시도 통계 서비스,"조사항목은 생활계, 축산계, 산업계, 토지계(국토부자료), 양식계, 매립계, 환경기초시설, 기타수질오염원 8개 항목에 대하여 조사하고, 전국 시도별 통계자료로 제공",https://www.data.go.kr/data/15057780/openapi.do,기후에너지환경부 국립환경과학원,2025-05-26,45401,110,
식품의약품안전처_축산물 보관업영업허가대장,"또한 식품산업 발전 지원, 데이터에 기반한 식품안전정책 수립, 맞춤형 서비스 개발 기반 제공으로 국민 편의성을 향상 시킬 수 있습니다.",https://www.data.go.kr/data/15064831/openapi.do,식품의약품안전처,2025-08-27,2469,183,
서울특별시농수산식품공사_품목별등급별가격(도매시장법인거래),* 서울시농수산식품공사에서 제공중인 품목별등급별가격(도매시장법인거래)에 대한 API 입니다.,https://www.data.go.kr/data/15076053/openapi.do,서울특별시농수산식품공사,2025-07-04,2812,319,
기후에너지환경부 국립환경과학원_환경기초시설 정보제공서비스,"물환경보전법 제23조 및 동법 시행규칙 제32조에 의해 매년 시도지사는 관할구역의 오염원 종류, 수질오염원 발생량 등을 조사하며, 생활계, 축산계, 산업계, 양식계, 토지계, 매립계",https://www.data.go.kr/data/15058316/openapi.do,기후에너지환경부 국립환경과학원,2025-05-26,47374,168,
식품의약품안전처_수입위생용품영업신고대장,"또한 식품안전 분야의 정보 투명성 제고, 식품산업 발전 지원, 데이터에 기반한 식품안전정책 수립, 맞춤형 서비스 개발 기반 제공으로 국민 편의성을 향상 시킬 수 있습니다.",https://www.data.go.kr/data/15057534/openapi.do,식품의약품안전처,2025-08-26,3160,134,
식품의약품안전처_축산물 판매업영업신고대장,"또한 식품산업 발전 지원, 데이터에 기반한 식품안전정책 수립, 맞춤형 서비스 개발 기반 제공으로 국민 편의성을 향상 시킬 수 있습니다.",https://www.data.go.kr/data/15064786/openapi.do,식품의약품안전처,2025-08-27,2813,177,
식품의약품안전처_신고대상분류기준,식품 관련 법 위반에 대한 신고대상 분류에 대한 속성정보를 제공합니다.,https://www.data.go.kr/data/15064962/openapi.do,식품의약품안전처,2025-08-27,2398,97,
경기도_휴게음식점(아이스크림) 현황,"이 데이터는 여름철 식품안전 모니터링, 디저트 전문 매장 분포 분석, 프랜차이즈 입점전략 수립, 관광지 주변 휴게음식점 현황 파악 등에 활용될 수 있으며, Open API 형식으로",https://www.data.go.kr/data/15057630/openapi.do,경기도,2025-06-24,2638,371,
기후에너지환경부 국립환경과학원_권역별 통계 서비스,"조사항목은 생활계, 축산계, 산업계, 토지계(국토부자료), 양식계, 매립계, 환경기초시설, 기타수질오염원 8개 항목에 대하여 조사",https://www.data.go.kr/data/15058048/openapi.do,기후에너지환경부 국립환경과학원,2024-05-31,44933,90,
한국농수산식품유통공사_기간별 소매가격 정보 조회,"한국농수산식품유통공사의 조회 기간 동안 소매 가격 정보 데이터로, 조사일자, 구분코드, 구분명, 부류코드, 부류명, 품목코드, 품목명, 품종코드, 품종명, 등급코드, 등급명, 시군구코드, 시군구명, 단위, 단위크기, 시장코드, 시장명, 조사일가격, 조사일kg환산가격, 원본등록일시 를 제공합니다. 기대활용분야 - (국민) 농산물유통정보를 활용하여 농산물 판매·구매 계획 수립, 농산물 유통 분야 사업모델 발굴, 유통 과정 부가가치 창출, 개인 및 기관의 연구 목적으로 활용 등 다양한 빅데이터를 활용하여 융복합 기대 - (유통) 농산물유통정보 분석으로 생산성 관리, 재고관리 등 유통 분야 활용 - (농업종사자) 농산물유통정보 가격등락, 추이 정보 등을 활용, 농산물유통정보 데이터 확보를 통한 출하선택·결정권 강화 - (정책담당자) 농산물유통정보 분석을 통해 주요품목 수급안정 및 농산물 가격변동 완화 - (지자체:도매시장 개설자)농산물유통정보를 활용한 재고 및 물류 최적화",https://www.data.go.kr/data/15156065/openapi.do,한국농수산식품유통공사,2025-12-10,406,12,
식품의약품안전처_우수수입업소 등록 현황,우수수입업소 등록제도는 수입식품 등 수입자가 해외제조업소의 위생관리 상태를 사전 점검하고 현지실사 등을 통해 기준 적합 여부를 확인 후 등록하는 제도입니다.,https://www.data.go.kr/data/15064914/openapi.do,식품의약품안전처,2025-08-27,1843,90,
경기도_축산물 수입 판매업체 현황,"본 자료는 수입 축산물 유통 현황 파악, 식품 안전 관리, 유통 경로 분석 및 정책 수립 등에 활용될 수 있으며, Open API를 통해 접근 가능하고 주간 단위로 갱신됩니다.",https://www.data.go.kr/data/15056668/openapi.do,경기도,2025-07-07,4750,342,
식품의약품안전처_위생공통교육기관내역,"또한 식품안전 분야의 정보 투명성 제고, 식품산업 발전 지원, 데이터에 기반한 식품안전정책 수립으로 국민 편의성을 향상 시킬 수 있습니다.",https://www.data.go.kr/data/15064968/openapi.do,식품의약품안전처,2025-08-27,1945,121,
경기도_폐사가축 처리장비 지원 집계 현황,"이를 통해 시군별 장비 지원 규모와 비용 분담 구조를 파악할 수 있으며, 축산 분야 재난 대응 정책, 가축 질병 발생 시 긴급 지원 체계 마련, 예산 집행 관리 등에 유용합니다.",https://www.data.go.kr/data/15057383/openapi.do,경기도,2025-09-04,2490,75,
기후에너지환경부 국립환경과학원_유역별 통계 서비스,"조사항목은 생활계, 축산계, 산업계, 토지계(국토부자료), 양식계, 매립계, 환경기초시설, 기타수질오염원 8개 항목에 대하여 조사하며, 각 오염원별 4대강 수계권역(한강, 낙동강,",https://www.data.go.kr/data/15059088/openapi.do,기후에너지환경부 국립환경과학원,2025-05-26,44261,110,
경기도_유통전문판매업 현황,"식품 유통산업 실태 조사, 유통 안전관리 정책 수립, 지역 유통구조 파악 등에 유용하며, Open API로 연계 가능합니다.",https://www.data.go.kr/data/15058063/openapi.do,경기도,2025-07-21,4260,308,
농촌진흥청_농기계 안전이용 지침,"콤바인, 트랙터, 이앙기, 경운기, 관리기부터 도로주행 농기계와 축산용 농기계, 방제기, 동력예취기까지 다양한 농기계의 안전 이용 지침을 한눈에 확인할 수 있습니다.",https://www.data.go.kr/data/15086459/openapi.do,농촌진흥청,2026-04-28,2438,142,
해양수산부 국립수산물품질관리원_국내소금검사통계,본 데이터는 식품 제조업체가 원료 소금의 품질을 확인하여 제품 안전성을 확보하는 데 활용될 수 있습니다.,https://www.data.go.kr/data/15059071/openapi.do,해양수산부 국립수산물품질관리원,2025-08-06,3199,158,
경기도_동물용 의료용구 판매업체 현황,"항목에는 시군명, 사업장명, 인허가일자, 영업상태, 주소(도로명 및 지번), 전화번호, 업태구분, 소재지면적, 종업원 수, 좌표(WGS84), 축산업무구분명, 축산물가공업구분명, 축산고유번호",https://www.data.go.kr/data/15058268/openapi.do,경기도,2025-06-27,2608,145,
서울특별시농수산식품공사_판매결과,* 서울시농수산식품공사에서 제공중인 판매결과에 대한 API 입니다.,https://www.data.go.kr/data/15076051/openapi.do,서울특별시농수산식품공사,2025-07-04,2639,217,
서울특별시 동작구_통신판매업 인허가 정보,"이 데이터는 서울특별시 동작구의 TV홈쇼핑, 인터넷, 카탈로그, 신문잡지, 기타의 방법으로 가구, 가전, 식품, 의류 등을 판매하는 업소정보를 포함하고 있습니다.",https://www.data.go.kr/data/15094618/openapi.do,서울특별시 동작구,2021-11-15,2536,183,
한국농수산식품유통공사_기간별 중도매인 가격정보 조회,"한국농수산식품유통공사의 조회 기간 동안 중도매인 판매가격 정보 데이터로, 조사일자, 구분코드, 구분명, 부류코드, 부류명, 품목코드, 품목명, 품종코드, 품종명, 등급코드, 등급명, 시군구코드, 시군구명, 단위, 단위크기, 시장코드, 시장명, 조사일가격, 조사일kg환산가격, 원본등록일시를 제공합니다. ★ API명세서 및 관련 코드정보가 첨부되어 있습니다. 기대활용분야 - (국민) 농산물유통정보를 활용하여 농산물 판매·구매 계획 수립, 농산물 유통 분야 사업모델 발굴, 유통 과정 부가가치 창출, 개인 및 기관의 연구 목적으로 활용 등 다양한 빅데이터를 활용하여 융복합 기대 - (유통) 농산물유통정보 분석으로 생산성 관리, 재고관리 등 유통 분야 활용 - (농업종사자) 농산물유통정보 가격등락, 추이 정보 등을 활용, 농산물유통정보 데이터 확보를 통한 출하선택·결정권 강화 - (정책담당자) 농산물유통정보 분석을 통해 주요품목 수급안정 및 농산물 가격변동 완화 - (지자체:도매시장 개설자)농산물유통정보를 활용한 재고 및 물류 최적화",https://www.data.go.kr/data/15156064/openapi.do,한국농수산식품유통공사,2026-01-09,339,10,
농촌진흥청_첨단농업기술,"농업환경, 안정성, 특용작물, 축산, 곤충, 농기계 등 다양한 분야의 기술 정보를 분류별로 제공하여 필요한 자료를 쉽고 빠르게 찾을 수 있습니다.",https://www.data.go.kr/data/15083591/openapi.do,농촌진흥청,2026-04-28,2494,121,
경기도_축산물 유통전문 판매업체 현황,"해당 데이터는 축산물 유통 흐름 분석, 브랜드 유통경로 파악, 식품 안전관리 체계 수립, 지역 유통산업 정책 설계 등에 활용될 수 있으며, Open API 형식으로 접근 가능합니다.",https://www.data.go.kr/data/15058473/openapi.do,경기도,2025-07-07,3591,331,
기후에너지환경부 국립환경과학원_하천별 통계 서비스,"조사항목은 생활계, 축산계, 산업계, 토지계(국토부자료), 양식계, 매립계, 환경기초시설, 기타수질오염원 8개 항목에 대하여 조사하며, 국가하천 및 지방하천 등 전국 하천별 오염원",https://www.data.go.kr/data/15057131/openapi.do,기후에너지환경부 국립환경과학원,2025-05-26,45238,101,
서울특별시농수산식품공사_경매품목 산지별 가격,* 서울시농수산식품공사에서 제공중인 경매품목 산지별 가격입니다.,https://www.data.go.kr/data/15075999/openapi.do,서울특별시농수산식품공사,2025-07-04,3102,213,
농림축산식품부_축종별 가축보험금지급 통계정보,"본 데이터는 정책 담당자에게는 가축재해보험의 성과 평가와 제도 개선 방향 설정의 기초 자료가 되고, 농업인과 축산농가에게는 축종별 보장 수준을 이해하고 보험 가입 여부를 결정하는 데",https://www.data.go.kr/data/15057879/openapi.do,농림축산식품부,2025-09-11,2479,161,
식품의약품안전처_영업소재지 GIS 코드,"또한 식품안전 분야의 정보 투명성 제고, 식품산업 발전 지원, 데이터에 기반한 식품안전정책 수립, 맞춤형 서비스 개발 기반 제공으로 국민 편의성을 향상 시킬 수 있습니다.",https://www.data.go.kr/data/15064777/openapi.do,식품의약품안전처,2025-08-27,3645,103,
식품의약품안전처_생산중단제품정보,"또한 식품안전 분야의 정보 투명성 제고, 식품산업 발전 지원, 데이터에 기반한 식품안전정책 수립, 맞춤형 서비스 개발 기반 제공으로 국민 편의성을 향상 시킬 수 있습니다.",https://www.data.go.kr/data/15092275/openapi.do,식품의약품안전처,2025-08-26,1611,100,
농림축산식품부_소 브루셀라 이동제한 정보,"축산 농가에는 이동 제한 지침을 명확히 안내하여 현장에서 불필요한 혼란을 줄이고, 예방적 차원의 대응을 강화하는 효과가 있습니다.",https://www.data.go.kr/data/15059491/openapi.do,농림축산식품부,2025-09-11,2705,133,
국토교통부_급경사재해예방지역(WMS/WFS),"건폐율·용적률·높이 등을 제한함으로써 토지를 경제적·효율적으로 이용하고 공공복리의 증진을 도모하기 위하여 서로 중복되지 않게 도시관리계획으로 결정하는 지역으로 도시지역, 관리지역, 농림지역",https://www.data.go.kr/data/15058475/openapi.do,국토교통부,2025-07-01,4423,182,
국토교통부_유통단지,"건폐율·용적률·높이 등을 제한함으로써 토지를 경제적·효율적으로 이용하고 공공복리의 증진을 도모하기 위하여 서로 중복되지 않게 도시관리계획으로 결정하는 지역으로 도시지역, 관리지역, 농림지역",https://www.data.go.kr/data/15058055/openapi.do,국토교통부,2025-07-09,4670,161,
대전광역시 문화관광(모범음식점),"모범음식점 지정은 시민들에게 신뢰할 수 있는 외식 문화를 제공하고, 식품 위생 관리 및 음식문화 개선에 기여합니다.",https://www.data.go.kr/data/15000863/openapi.do,대전광역시,2025-07-23,6926,274,
농림수산식품교육문화정보원_산지공판장별경락가격조회,"이 서비스는 특히 농림수산업 관련 기업이나 공공기관, 연구기관 등에서 정책 결정이나 시장 조사 목적으로 활용되며, 효율적인 정보 접근을 통해 농산물 거래의 투명성을 높이는 데 기여하고",https://www.data.go.kr/data/15109052/openapi.do,농림수산식품교육문화정보원,2025-07-29,1588,131,
농촌진흥청_창업을 위한 식용 곤충요리,"또한 식품, 외식, 가공산업 등 다양한 분야에서 활용할 수 있는 아이디어를 함께 제공해 관련 산업 활성화에도 기여하고 있습니다.",https://www.data.go.kr/data/15040895/openapi.do,농촌진흥청,2026-04-24,2506,271,
기후에너지환경부 국립환경과학원_매립계 정보제공서비스,"물환경보전법 제23조 및 동법 시행규칙 제32조에 의해 매년 시도지사는 관할구역의 오염원 종류, 수질오염원 발생량 등을 조사하며, 생활계, 축산계, 산업계, 양식계, 토지계, 매립계",https://www.data.go.kr/data/15058301/openapi.do,기후에너지환경부 국립환경과학원,2025-05-26,43398,90,
경기도_식용란수집판매업 현황,"식용란수집판매업은 달걀을 농장 또는 중간 유통업체로부터 수집·처리하여 소매업소나 소비자에게 공급하는 업종으로, 식품 안전과 위생 관리에 중요한 역할을 합니다.",https://www.data.go.kr/data/15058388/openapi.do,경기도,2025-07-07,2963,140,
기후에너지환경부 국립환경과학원_산업계 정보제공서비스,"물환경보전법 제23조 및 동법 시행규칙 제32조에 의해 매년 시도지사는 관할구역의 오염원 종류, 수질오염원 발생량 등을 조사하며, 생활계, 축산계, 산업계, 양식계, 토지계, 매립계",https://www.data.go.kr/data/15057129/openapi.do,기후에너지환경부 국립환경과학원,2025-05-26,44259,99,
국토교통부_수질측정망공단배수지점,"물환경정보 물환경정보도(수생태계조사지점,수질자동측정망측정지점,수질측정망하천수지점,수질측정망호소수지점,수질측정망농업용수지점,수질측정망공단배수지점,수질측정망도시관류지점,농공단지처리시설,축산폐수공공처리시설",https://www.data.go.kr/data/15057635/openapi.do,국토교통부,2024-07-10,4796,89,
기후에너지환경부 국립환경과학원_양식계 정보제공서비스,"물환경보전법 제23조 및 동법 시행규칙 제32조에 의해 매년 시도지사는 관할구역의 오염원 종류, 수질오염원 발생량 등을 조사하며, 생활계, 축산계, 산업계, 양식계, 토지계, 매립계",https://www.data.go.kr/data/15056550/openapi.do,기후에너지환경부 국립환경과학원,2025-05-26,43969,89,
서울특별시농수산식품공사_가락시장 반입물량(경매후),* 서울시농수산식품공사에서 제공중인 가락시장 반입물량(경매후)에 대한 API 입니다.,https://www.data.go.kr/data/15076023/openapi.do,서울특별시농수산식품공사,2025-07-04,2888,184,
국토교통부_특정용도제한지구,"건폐율·용적률·높이 등을 제한함으로써 토지를 경제적·효율적으로 이용하고 공공복리의 증진을 도모하기 위하여 서로 중복되지 않게 도시관리계획으로 결정하는 지역으로 도시지역, 관리지역, 농림지역",https://www.data.go.kr/data/15059308/openapi.do,국토교통부,2025-07-01,6230,152,
경기도_가축 인공 수정소업체 현황,"구성되며, 사업장명, 인허가일자, 영업상태, 폐업일자, 소재지 주소, 위치정보(WGS84 위도·경도 및 좌표값), 총 종업원 수, 축산업무구분명, 축산물가공업구분명, 업태구분명, 축산고유번호",https://www.data.go.kr/data/15059276/openapi.do,경기도,2025-07-21,2233,54,
경기도_용기·포장지제조업 현황,"식품 산업, 포장재 산업, 공정안전 분야의 현황 분석 및 제조업체의 위치 기반 데이터 수요에 활용될 수 있으며, Open API를 통해 접근 가능합니다.",https://www.data.go.kr/data/15058961/openapi.do,경기도,2025-07-21,3609,229,
관세청_세관장확인대상물품( GW),"외국환거래법」해당물품 등이 있으며, 세관장확인대상 수입물품에는 (1)「약사법」해당물품 중 의약품(첨단바이오의약품 포함) 및 한약재, (2)「마약류 관리에 관한 법률」 해당물품, (3)「수입식품안전관리",https://www.data.go.kr/data/15101589/openapi.do,관세청,2025-09-10,5532,98,
식품의약품안전처_공통기준종류,"또한 식품안전 분야의 정보 투명성 제고, 식품산업 발전 지원, 데이터에 기반한 식품안전정책 수립, 맞춤형 서비스 개발 기반 제공으로 국민 편의성을 향상 시킬 수 있습니다.",https://www.data.go.kr/data/15064768/openapi.do,식품의약품안전처,2025-08-26,2252,85,
농림수산식품교육문화정보원_부류표준품목코드조회,"이 데이터는 농산물 거래 및 유통의 효율성을 높이고, 농수산식품 관련 연구와 정책 개발에 활용될 수 있습니다.",https://www.data.go.kr/data/15109056/openapi.do,농림수산식품교육문화정보원,2025-07-29,1129,46,
식품의약품안전처_축산물위생검사기관 지정 정보,"또한 식품안전 분야의 정보 투명성 제고, 식품산업 발전 지원, 데이터에 기반한 식품안전정책 수립, 맞춤형 서비스 개발 기반 제공으로 국민 편의성을 향상 시킬 수 있습니다.",https://www.data.go.kr/data/15074319/openapi.do,식품의약품안전처,2025-08-27,1795,82,
한국도로공사_휴게소별/영업소별 인근지역 식중독지수,식중독지수는 고온다습한 환경에서 식품 섭취 시 발생할 수 있는 위해 가능성을 수치화한 지표이다.,https://www.data.go.kr/data/15076651/openapi.do,한국도로공사,2025-07-24,3741,138,
농림축산식품부 국립농산물품질관리원_무항생제 인증정보,"항생제가 포함되지 않은 사료로 가축을 사육, 유통함을 인증한 인증내용으로 인증번호, 인증시작일 및 인증종료일, 대표품목명, 단체명, 인증기관명 등에 대한 정보 제공 합니다.",https://www.data.go.kr/data/15141806/openapi.do,농림축산식품부 국립농산물품질관리원,2025-02-12,895,11,
경기도_종계업 현황,"축산시설 분포 파악, 번식용 가축 관리 현황 분석, 지역 축산정책 수립에 활용될 수 있으며, 데이터는 행정안전부가 제공하며 Open API 형태로 접근 가능합니다.",https://www.data.go.kr/data/15057529/openapi.do,경기도,2025-07-21,2372,48,
경상북도 영천시_위생관리등급평가 결과,해당 데이터는 경상북도 영천시 소재 식품 제조 및 가공업체의 위생 관리 등급 평가 결과 현황을 나타내는 자료입니다.,https://www.data.go.kr/data/15157815/openapi.do,경상북도 영천시,2026-03-25,50,4,
국토교통부_백두대간보호지역(WMS/WFS),"건폐율·용적률·높이 등을 제한함으로써 토지를 경제적·효율적으로 이용하고 공공복리의 증진을 도모하기 위하여 서로 중복되지 않게 도시관리계획으로 결정하는 지역으로 도시지역, 관리지역, 농림지역",https://www.data.go.kr/data/15058405/openapi.do,국토교통부,2025-07-11,4294,192,
경기도_종돈업 현황,"본 데이터는 돼지 번식 산업의 구조 분석, 방역 관리, 축산업 등록업체 모니터링, 정책 수립 등 다양한 축산 관련 행정 및 연구에 활용될 수 있습니다.",https://www.data.go.kr/data/15056594/openapi.do,경기도,2025-09-05,1897,98,
경기도_휴게음식점(키즈카페) 현황,"데이터는 어린이 대상의 식품판매업소 운영 실태 분석, 위생관리 및 안전대책 수립, 키즈카페 이용자 보호 정책 등에 활용될 수 있습니다.",https://www.data.go.kr/data/15057362/openapi.do,경기도,2025-06-24,3424,213,
서울특별시농수산식품공사_유통인 정보,* 서울시농수산식품공사에서 제공중인 유통인정보 API 입니다.,https://www.data.go.kr/data/15076056/openapi.do,서울특별시농수산식품공사,2025-07-24,2041,112,
기후에너지환경부 국립환경과학원_기타수질오염원 정보제공서비스,"물환경보전법 제23조 및 동법 시행규칙 제32조에 의해 매년 시도지사는 관할구역의 오염원 종류, 수질오염원 발생량 등을 조사하며, 생활계, 축산계, 산업계, 양식계, 토지계, 매립계",https://www.data.go.kr/data/15057469/openapi.do,기후에너지환경부 국립환경과학원,2025-05-26,43890,94,
서울특별시농수산식품공사_가락시장 반입물량(정산후),* 서울시농수산식품공사에서 제공중인 가락시장 반입물량(정산후)에 대한 API 입니다.,https://www.data.go.kr/data/15076025/openapi.do,서울특별시농수산식품공사,2025-07-04,2825,154,
경기도_다단계판매(도매업유통) 현황,"이 데이터는 경기도 내 다단계판매(도매업·유통) 업종의 현황을 정리한 자료로, 건강기능식품 일반판매업을 중심으로 한 사업장 인허가 및 운영 정보를 제공합니다.",https://www.data.go.kr/data/15057423/openapi.do,경기도,2025-09-18,2669,119,
경기도_일반음식점(생선회) 현황,"해당 데이터는 지역 내 수산물 기반 외식업 동향 파악, 식품위생 관리 정책 수립, 해산물 전문 상권 개발, 안전 관리체계 구축 등에 활용될 수 있습니다.",https://www.data.go.kr/data/15056669/openapi.do,경기도,2025-09-08,2898,216,
서울특별시농수산식품공사_품목별 최근 5개년 가격,* 서울시농수산식품공사에서 제공하는 품목별 최근 5개년 가격입니다.,https://www.data.go.kr/data/15075998/openapi.do,서울특별시농수산식품공사,2025-07-04,2658,154,
국토교통부_보호지구,"건폐율·용적률·높이 등을 제한함으로써 토지를 경제적·효율적으로 이용하고 공공복리의 증진을 도모하기 위하여 서로 중복되지 않게 도시관리계획으로 결정하는 지역으로 도시지역, 관리지역, 농림지역",https://www.data.go.kr/data/15058253/openapi.do,국토교통부,2025-07-11,5660,173,
한국농수산식품유통공사_상장예외 거래정보 조회,"한국농수산식품유통공사의 농안법 제31조에 따른 상장되지 않고 출하자와 중도매인이 직접 거래하는 농산물에 대한 거래정보 데이터로 정산일자, 도매시장코드, 도매시장명, 법인코드, 법인명, 상품대분류코드, 상품대분류명, 상품중분류코드, 상품중분류명, 상품소분류코드, 상품소분류명, 단위코드, 단위명, 포장코드, 포장명, 크기코드, 크기명, 등급코드, 등급명, 물량, 낙찰가, 원산지코드, 원산지명, 단위총물량, 총가격, 단위중량을 제공합니다. ★ API 명세서가 첨부되어있습니다. API 활용에 참고하실 수 있습니다. 기대활용분야 - (국민) 농산물유통정보를 활용하여 농산물 판매·구매 계획 수립, 농산물 유통 분야 사업모델 발굴, 유통 과정 부가가치 창출, 개인 및 기관의 연구 목적으로 활용 등 다양한 빅데이터를 활용하여 융복합 기대 - (유통) 농산물유통정보 분석으로 생산성 관리, 재고관리 등 유통 분야 활용 - (농업종사자) 농산물유통정보 가격등락, 추이 정보 등을 활용, 농산물유통정보 데이터 확보를 통한 출하선택·결정권 강화 - (정책담당자) 농산물유통정보 분석을 통해 주요품목 수급안정 및 농산물 가격변동 완화 - (지자체:도매시장 개설자)농산물유통정보를 활용한 재고 및 물류 최적화",https://www.data.go.kr/data/15157046/openapi.do,한국농수산식품유통공사,2026-01-09,238,6,
한국식품안전관리인증원_건강기능식품전문제조 HACCP업체 정보 서비스,"(건강기능식품 전문제조 HACCP 인증업체 정보 제공 서비스) 전국의 건강기능식품 전문제조업체 중 HACCP 인증을 받은 건강기능식품 전문제조업체의 인증번호, 회사명, 업종, 품목,",https://www.data.go.kr/data/15090428/openapi.do,한국식품안전관리인증원,2025-06-05,2846,53,
대전광역시 서구_제과점현황,"이 데이터는 식품위생 관리, 업종별 상권 분석, 지역경제 및 생활서비스 분포 조사 등 다양한 행정·연구 업무에 활용 가능하며, 주소 기반 위치정보가 포함되어 있어 지도 서비스, 포털",https://www.data.go.kr/data/15108170/openapi.do,대전광역시 서구,2025-11-21,1916,231,
국토교통부_자유무역지역지정및운영,"건폐율·용적률·높이 등을 제한함으로써 토지를 경제적·효율적으로 이용하고 공공복리의 증진을 도모하기 위하여 서로 중복되지 않게 도시관리계획으로 결정하는 지역으로 도시지역, 관리지역, 농림지역",https://www.data.go.kr/data/15058722/openapi.do,국토교통부,2025-07-09,5034,114,
식품의약품안전처_처분기준코드,"또한 식품안전 분야의 정보 투명성 제고, 식품산업 발전 지원, 데이터에 기반한 식품안전정책 수립, 맞춤형 서비스 개발 기반 제공으로 국민 편의성을 향상 시킬 수 있습니다.",https://www.data.go.kr/data/15064778/openapi.do,식품의약품안전처,2025-08-27,2593,73,
해양수산부 국립수산물품질관리원_천일염 생산 및 유통정보,"또한 천일염의 원산지 관리, 식품 안전 점검, 정책 기반 마련 등 공공 행정 업무 및 연구 자료로도 사용할 수 있습니다.",https://www.data.go.kr/data/15116927/openapi.do,해양수산부 국립수산물품질관리원,2025-08-06,1366,190,
식품의약품안전처_후대교배종의 안전성 평가 신청 및 검토 정보,"또한 식품안전 분야의 정보 투명성 제고, 식품산업 발전 지원, 데이터에 기반한 식품안전정책 수립, 맞춤형 서비스 개발 기반 제공으로 국민 편의성을 향상 시킬 수 있습니다.",https://www.data.go.kr/data/15074314/openapi.do,식품의약품안전처,2025-08-27,2309,65,
경기도_가축 거래상 업체 현황,"해당 데이터는 가축의 거래와 유통 경로 파악, 허가 사업장 집중도 분석, 불법 영업 단속, 축산 관련 방역 관리 등 다양한 공공·행정 목적에 활용될 수 있습니다.",https://www.data.go.kr/data/15056609/openapi.do,경기도,2025-09-17,2545,86,
농림수산식품교육문화정보원_표준품목매핑목록조회,따라서 이 데이터는 농림수산 분야의 품목 매핑 정보와 관련하여 매우 중요한 자료로 활용될 수 있습니다.,https://www.data.go.kr/data/15109241/openapi.do,농림수산식품교육문화정보원,2025-07-29,1138,64,
국토교통부_산림보호(WMS/WFS),"건폐율·용적률·높이 등을 제한함으로써 토지를 경제적·효율적으로 이용하고 공공복리의 증진을 도모하기 위하여 서로 중복되지 않게 도시관리계획으로 결정하는 지역으로 도시지역, 관리지역, 농림지역",https://www.data.go.kr/data/15059380/openapi.do,국토교통부,2025-07-11,4508,147,
국토교통부_수질측정망도시관류지점,"물환경정보 물환경정보도(수생태계조사지점,수질자동측정망측정지점,수질측정망하천수지점,수질측정망호소수지점,수질측정망농업용수지점,수질측정망공단배수지점,수질측정망도시관류지점,농공단지처리시설,축산폐수공공처리시설",https://www.data.go.kr/data/15057773/openapi.do,국토교통부,2024-07-10,4750,56,
경기도_축산물 운반업체 현황,", 폐업일자, 소재지 주소(도로명 및 지번), 소재지 면적, 우편번호, 위경도 좌표(WGS84 기준), 전화번호, 총 종업원 수, 업태구분명, 축산업무구분명, 축산물가공업구분명, 축산고유번호",https://www.data.go.kr/data/15059387/openapi.do,경기도,2025-07-07,2682,88,
농촌진흥청 국립식량과학원_농식품 식단관리 음식별 영양성분 정보,"식단관리(메뉴젠) 음식별 영양성분(음식 코드, 음식 명, 음식별 성분 목록(식품 코드, 식품명 등)) 정보를 제공하며, 음식코드로 조회 - 제공항목(식단관리(메뉴젠) 음식별 영양성분",https://www.data.go.kr/data/15143461/openapi.do,농촌진흥청 국립식량과학원,2025-07-29,768,49,
경기도_도축업 현황,"이 데이터는 축산물 위생 관리, 도축업체의 안전 점검, 지역 간 도축업 인프라 비교, 축산업 관련 정책 수립 등 공공행정과 연구에 활용할 수 있으며, 나아가 식품안전 및 공급망 관리",https://www.data.go.kr/data/15058391/openapi.do,경기도,2025-09-17,3279,207,
축산물품질평가원_농장식별번호정보,이러한 정보는 축산물의 이력 추적을 통해 보다 안전한 식품 소비 환경을 조성하는 데 기여하고 있습니다.,https://www.data.go.kr/data/15106233/openapi.do,축산물품질평가원,2025-06-16,7131,205,
대전광역시 서구_휴게음식점현황,"이 데이터는 식품접객업 위생관리, 지역 상권 분석, 생활서비스업 분포 조사 등 행정·연구 업무에 활용될 수 있으며, 주소 기반 위치정보가 포함되어 있어 지도 서비스, 검색 포털, 상권",https://www.data.go.kr/data/15108189/openapi.do,대전광역시 서구,2025-11-21,1666,172,
부산광역시_구군 행정기관 현황,"개방되는 데이터에는 16개 구군, 206개 행정복지센터, 119안전센터, 치안센터, 도서관, 소방서, 세무서, 우체국, 노동청, 선거관리위원회, 근로복지공단, 식품의약품 안전청, 국민건강보험공단",https://www.data.go.kr/data/15034031/openapi.do,부산광역시,2025-05-21,8559,132,
서울특별시농수산식품공사_품목별등급별가격(중도매인거래),* 서울시농수산식품공사에서 제공중인 품목별등급별가격(중도매인거래)에 대한 API 입니다.,https://www.data.go.kr/data/15076055/openapi.do,서울특별시농수산식품공사,2025-07-04,2104,105,
충청북도_농산물 잔류농약 검사결과,"충청북도 농산물 잔류농약 검사결과는 시도, 수거기관, 수거계획명, 수거일시, 국내·수입 구분, 식품 구분, 식품 유형, 제품명, 제조일자, 유통기한, 제조국, 제조업종, 판매업종,",https://www.data.go.kr/data/15078893/openapi.do,충청북도,2025-12-10,3526,41,
경기도_휴게음식점(백화점) 현황,"이 데이터는 대형 쇼핑시설 내 외식 공간의 유통현황 분석, 소비 패턴 조사, 식품안전 모니터링, 외식창업 입지분석 등에 유용하게 활용될 수 있습니다.",https://www.data.go.kr/data/15057057/openapi.do,경기도,2025-06-24,2762,150,
국토교통부_대기환경규제지역(WMS/WFS),"건폐율·용적률·높이 등을 제한함으로써 토지를 경제적·효율적으로 이용하고 공공복리의 증진을 도모하기 위하여 서로 중복되지 않게 도시관리계획으로 결정하는 지역으로 도시지역, 관리지역, 농림지역",https://www.data.go.kr/data/15059298/openapi.do,국토교통부,2025-07-11,4348,86,
한국식품안전관리인증원_HACCP 품목코드정보,"(HACCP 품목 코드 정보 제공 서비스) 전국의 식품업체 중 HACCP 인증을 받은 업체의 식품 품목에 대한 코드, 한글코드명, 상위코드, 코드순서, 사용여부, 코드군, 코드군명",https://www.data.go.kr/data/15035283/openapi.do,한국식품안전관리인증원,2025-06-09,3612,74,
농림수산식품교육문화정보원_신구표준등급목록조회,"이러한 정보는 농업 및 식품 관련 연구와 정책 수립에 필수적인 데이터를 제공하여, 농림수산식품의 품질 개선 및 관리에 기여할 수 있도록 돕습니다.",https://www.data.go.kr/data/15109227/openapi.do,농림수산식품교육문화정보원,2025-07-29,732,12,
식품의약품안전처_축산물 집유업영업허가대장,"또한 식품산업 발전 지원, 데이터에 기반한 식품안전정책 수립, 맞춤형 서비스 개발 기반 제공으로 국민 편의성을 향상 시킬 수 있습니다.",https://www.data.go.kr/data/15064785/openapi.do,식품의약품안전처,2025-08-27,2134,62,
농림축산식품부 농림축산검역본부_소 품종별 암수별 도축실적,"통해 위생 기준 충족 여부, 부적합 사례, 질병 발생 여부등 파악을 위한 참조자료로 활용 가능 - 정부와 지자체는 본 데이터를 활용하여 축산물 위생정책 수립, 도축시설 감독, 식품",https://www.data.go.kr/data/15057300/openapi.do,농림축산식품부 농림축산검역본부,2025-09-18,2640,126,
경기도_일반음식점(복어취급) 현황,"음식점의 규모나 주변 환경 구분, 폐업일자 및 시설면적 등의 세부 항목도 제공되어, 음식점 운영 현황 분석, 식품안전 관리, 상권 분석, 정책 수립 자료로 활용될 수 있습니다.",https://www.data.go.kr/data/15059215/openapi.do,경기도,2025-09-09,3222,139,
경기도_일반음식점(정종·대포집(선술집)) 현황,"해당 데이터는 선술집 형태의 영업장 현황을 파악하고자 할 때 유용하며, 주류 중심 외식업 동향 분석, 도시별 상권 구성 분석, 식품위생 및 안전 정책 수립 등에 활용될 수 있습니다.",https://www.data.go.kr/data/15059505/openapi.do,경기도,2025-09-08,3101,139,
경상북도 영주시_용도지역,"토지소유주의 경우 소유 토지가도시지역, 농림지역, 자연환경보전지역 중 어디에 속해있는지 확인하는 용도로 활용 가능하며, 공공기관에서는 도시계획 수립, 행정구역별 면적 분석, 인허가",https://www.data.go.kr/data/15110892/openapi.do,경상북도 영주시,2025-07-02,2337,31,
경기도_축산물 보관업체 현황,"영업상태, 주소(도로명 및 지번), 소재지 면적, 전화번호, 종업원 수, 축산물가공업구분명, 축산업무구분명, 위경도 좌표(WGS84) 등이며, 축산물 위생관리와 유통 경로 분석, 냉장식품",https://www.data.go.kr/data/15057089/openapi.do,경기도,2025-07-07,3013,115,
농촌진흥청_수출자료 Zoom-In,농수산식품 수출의 흐름을 한눈에 파악할 수 있는 전문 자료를 만나보세요.,https://www.data.go.kr/data/15064106/openapi.do,농촌진흥청,2026-04-28,2959,124,
식품의약품안전처_공통기준제외,"또한 식품안전 분야의 정보 투명성 제고, 식품산업 발전 지원, 데이터에 기반한 식품안전정책 수립, 맞춤형 서비스 개발 기반 제공으로 국민 편의성을 향상 시킬 수 있습니다.",https://www.data.go.kr/data/15064309/openapi.do,식품의약품안전처,2025-08-26,1744,40,
한국식품안전관리인증원_HACCP 공정코드정보,"(HACCP 공정 코드정보 제공 서비스) 전국의 식품업체 중 HACCP 인증을 받은 업체의 식품제조 공정에 대한 코드, 한글코드명, 상위코드, 코드순서, 사용여부, 코드군, 코드군명",https://www.data.go.kr/data/15035284/openapi.do,한국식품안전관리인증원,2025-06-09,3287,57,
국토교통부_벤처기업육성지역(WMS/WFS),"건폐율·용적률·높이 등을 제한함으로써 토지를 경제적·효율적으로 이용하고 공공복리의 증진을 도모하기 위하여 서로 중복되지 않게 도시관리계획으로 결정하는 지역으로 도시지역, 관리지역, 농림지역",https://www.data.go.kr/data/15058793/openapi.do,국토교통부,2025-07-11,4180,92,
식품의약품안전처_음식점 업소 인허가 변경 정보,식품위생법에 따른 일반음식점 등 음식점업소의 인허가 변경 정보를 제공합니다.,https://www.data.go.kr/data/15145167/openapi.do,식품의약품안전처,2025-08-07,1340,30,
국토교통부_보금자리주택(WMS/WFS),"건폐율·용적률·높이 등을 제한함으로써 토지를 경제적·효율적으로 이용하고 공공복리의 증진을 도모하기 위하여 서로 중복되지 않게 도시관리계획으로 결정하는 지역으로 도시지역, 관리지역, 농림지역",https://www.data.go.kr/data/15059234/openapi.do,국토교통부,2025-07-11,4049,90,
행정안전부_동물_사료제조업 조회서비스,정리하여 인허가 현황을 일관되게 안내 - 해당 데이터에 대한 추가적인 자료 요청시 지자체 및 소관기관 담당자에게 문의 - 해당 데이터 법령 소관기관 및 문의처 : 농림축산식품부 축산환경자원과,https://www.data.go.kr/data/15155121/openapi.do,행정안전부,2026-04-15,159,44,
식품의약품안전처_검사부적합 현황(농산물),"또한 식품안전 분야의 정보 투명성 제고, 식품산업 발전 지원, 데이터에 기반한 식품안전정책 수립으로 국민 편의성을 향상 시킬 수 있습니다.",https://www.data.go.kr/data/15113321/openapi.do,식품의약품안전처,2025-08-18,2579,36,
서울특별시농수산식품공사_부류별가격정보(수입품목),* 서울시농수산식품공사에서 제공중인 부류별가격정보(수입품목) API 입니다.,https://www.data.go.kr/data/15076027/openapi.do,서울특별시농수산식품공사,2025-07-04,2285,79,
지식재산처_한국전통 논문정보,"세부 정보 내용 논문정보: 한의학, 약학, 식품, 생물 분야에서 대표적인 학술지 45종을 대상으로 전통지식과 관련이 있는 논문을 선별하여 구축한 정보(XML) 3.",https://www.data.go.kr/data/15002147/openapi.do,지식재산처,2020-09-21,4923,87,
경기도_우유류판매업 현황,"이 데이터는 유제품 유통망 분석, 지역별 판매업소 분포 파악, 식품 안전관리, 축산물 관련 산업 육성 및 영업현황 분석에 활용될 수 있으며, 주간 단위로 갱신되며 Open API 방식으로",https://www.data.go.kr/data/15058448/openapi.do,경기도,2025-07-07,2734,102,
서울특별시농수산식품공사_주요품목가격(수입품목전용),* 서울시농수산식품공사에서 제공중인 주요품목가격(수입품목전용)에 대한 API 입니다.,https://www.data.go.kr/data/15076050/openapi.do,서울특별시농수산식품공사,2025-07-04,2509,69,
식품의약품안전처_축산물 운반업영업신고대장,"또한 식품산업 발전 지원, 데이터에 기반한 식품안전정책 수립, 맞춤형 서비스 개발 기반 제공으로 국민 편의성을 향상 시킬 수 있습니다.",https://www.data.go.kr/data/15064787/openapi.do,식품의약품안전처,2025-08-27,2550,43,
행정안전부_동물_가축사육업 조회서비스,상세 주소를 비식별 조치하여 제공 - 해당 데이터에 대한 추가적인 자료 요청시 지자체 및 소관기관 담당자에게 문의 - 해당 데이터 법령 소관기관 및 문의처 : 농림축산식품부 축산정책과,https://www.data.go.kr/data/15155089/openapi.do,행정안전부,2026-04-15,485,50,
한국산업은행_기금대출 정보,", 산업재해예방기금, 석유저장시설 안전관리기금, 소상공인시장진흥기금, 에너지이용합리화자금, 정보통신진흥기금, 중소벤처기업창업 및 진흥기금, 지방중소기업육성자금, 청정대기분야자금, 축산발전기금",https://www.data.go.kr/data/15060633/openapi.do,한국산업은행,2025-07-09,4402,58,
식품의약품안전처_나트륨 줄이기 실천음식점 지정업체 대장,"또한 식품안전 분야의 정보 투명성 제고, 식품산업 발전 지원, 데이터에 기반한 식품안전정책 수립, 맞춤형 서비스 개발 기반 제공으로 국민 편의성을 향상 시킬 수 있습니다.",https://www.data.go.kr/data/15105560/openapi.do,식품의약품안전처,2025-08-18,1502,30,
한국식품안전관리인증원_HACCP 평가표정보 서비스,"(HACCP 평가표정보) 한국식품안전관리인증원에서 평가하는 식품제조업소의 식품안전관리 수준 제고를 위한 HACCP 인증 평가와 관련한 평가표 정보(만점기준, 품목(유형) 코드, 평가규모",https://www.data.go.kr/data/15090403/openapi.do,한국식품안전관리인증원,2025-06-25,2898,32,
충청북도_고용동향 산업별취업자,"산업별 취업자 데이터는 지역경제의 산업 구조와 인력 배분을 파악할 수 있는 핵심 지표로, 제조업·서비스업·농림어업 등 산업군별 고용 비중 변화, 산업 성장·쇠퇴 추세, 기술 변화에",https://www.data.go.kr/data/15078345/openapi.do,충청북도,2025-12-10,2537,32,
축산물품질평가원_축산물DNA동일성검사 업소정보,"또한, 이 데이터를 통해 소비자들은 구매하는 쇠고기와 돼지고기가 어떻게 관리되고 유통되었는지를 확인할 수 있어, 현재의 식품 안전 및 품질 관리 체계에 기여합니다.",https://www.data.go.kr/data/15056733/openapi.do,축산물품질평가원,2025-06-16,7809,129,
농촌진흥청 국립식량과학원_농식품 식단관리(메뉴젠) 음식 및 재료 정보,"정보, 재료 정보를 제공하며, 음식명으로 조회 - 제공항목(식단관리(메뉴젠) 음식 및 재료 정보 조회) : 동,식물 분류(amplt_Cl_Nm), 음식코드(fd_Code ), 식품코드",https://www.data.go.kr/data/15143500/openapi.do,농촌진흥청 국립식량과학원,2025-07-29,726,44,
식품의약품안전처_수입식품업 폐업정보,"또한 사용자는 폐업업체의 분포 및 빈도를 분석해 공급망 변화, 수입식품 산업의 구조적 변동 또는 특정 지역의 폐업 추세 등을 파악하는 기초자료로 활용할 수 있습니다.",https://www.data.go.kr/data/15091535/openapi.do,식품의약품안전처,2025-09-19,2108,98,
식품의약품안전처_IS_제품LOT_원자재정보조회,"식품의약품안전처에서는 안전한 식품선택을 위한 소비자의 알 권리를 보장하고, 식품의 안전성 확보를 위한 신속한 유통차단과 회수조치를 위해 제조·가공단계부터 판매단계까지 각 단계별로",https://www.data.go.kr/data/15111966/openapi.do,식품의약품안전처,2025-08-12,2443,21,
경기도_부화업체 현황,"본 데이터는 행정안전부에서 제공하며, 축산 관련 정책 수립, 지역별 부화산업 분석, 축산업 등록업체 모니터링 등에 활용할 수 있습니다.",https://www.data.go.kr/data/15058341/openapi.do,경기도,2025-09-05,2056,34,
경기도_일반음식점(출장조리) 현황,"해당 데이터는 외식업 시장 분석, 출장요리 수요 예측, 공공 위생 및 식품안전 정책 수립에 활용될 수 있습니다.",https://www.data.go.kr/data/15057797/openapi.do,경기도,2025-09-08,2933,74,
서울특별시농수산식품공사_주간등락품목(주별가격흐름),* 서울시농수산식품공사에서 제공중인 주간등락품목(주별가격흐름)에 대한 API 입니다.,https://www.data.go.kr/data/15076048/openapi.do,서울특별시농수산식품공사,2025-07-04,1648,51,
"농촌진흥청 국립식량과학원_농식품 식단관리(메뉴젠) 음식, 재료, 조리 및 이미지 정보","정보 조회) : 이미지 주소, 순서, 조리 정보, 결과코드, 결과메세지, 한 페이지 결과 수, 페이지 번호, 총 항목 수, 순번, 음식코드, 음식 대분류, 음식 중분류, 음식 명, 식품",https://www.data.go.kr/data/15143471/openapi.do,농촌진흥청 국립식량과학원,2025-07-30,668,35,
행정안전부_동물_부화업 조회서비스,상세 주소를 비식별 조치하여 제공 - 해당 데이터에 대한 추가적인 자료 요청시 지자체 및 소관기관 담당자에게 문의 - 해당 데이터 법령 소관기관 및 문의처 : 농림축산식품부 축산정책과,https://www.data.go.kr/data/15155112/openapi.do,행정안전부,2026-04-15,142,38,
서울특별시농수산식품공사_월별등락품목(하락한품목),* 서울시농수산식품공사에서 제공중인 월간등락품목(하락한품목) API 입니다.,https://www.data.go.kr/data/15076038/openapi.do,서울특별시농수산식품공사,2025-07-04,1945,50,
농촌진흥청 국립축산과학원_대외 발표자료(포스터),"해당 포스터는 축산 관련 연구 성과, 실험 결과, 기술 개발 내용 등을 시각적으로 표현한 자료로, 연구자들이 국내외 학술대회나 세미나에서 발표한 내용을 포함하고 있습니다.",https://www.data.go.kr/data/15102024/openapi.do,농촌진흥청 국립축산과학원,2025-08-03,1251,10,
서울특별시농수산식품공사_경매품목 물량분포,* 서울시농수산식품공사에서 제공중인 경매품목 물량분포에 대한 API 입니다.,https://www.data.go.kr/data/15076005/openapi.do,서울특별시농수산식품공사,2025-07-04,2557,42,
농촌진흥청 국립축산과학원_홈페이지 보도자료,"축산 연구성과, 정책 동향, 기술 개발, 행사 및 홍보 내용 등 축산 분야의 최신 소식을 국민에게 투명하게 전달하고, 연구기관의 활동을 대외적으로 알리는 데 목적이 있습니다.",https://www.data.go.kr/data/15115477/openapi.do,농촌진흥청 국립축산과학원,2025-08-03,1111,10,
식품의약품안전처 식품의약품안전평가원_동물용의약품 물리화학적 정보 서비스,"동약 국문명, 동약 영문명, 식품 국문명, 식품 영문명, MRL(Maximum Residue Limit, 잔류허용기준) 등의 정보를 제공합니다.",https://www.data.go.kr/data/15133583/openapi.do,식품의약품안전처 식품의약품안전평가원,2025-12-01,502,17,
행정안전부_생활_통신판매업 조회서비스,"생활_통신판매업 데이터는 TV홈쇼핑, 인터넷, 카탈로그, 신문잡지, 기타의 방법으로 가구, 가전, 식품, 의류 등을 판매하는 업소정보 데이터로 인허가일자, 영업상태, 사업장명, 소재지주소",https://www.data.go.kr/data/15154963/openapi.do,행정안전부,2026-04-15,412,78,
대전광역시 서구_동물의약품도매상 등록 현황,"데이터는 축산·반려동물 관련 방역 및 질병 관리, 동물병원·약국 등에 대한 공급망 분석, 지역별 동물용 의약품 접근성 검토 등 공공 목적 활용에 적합하도록 표준화된 항목 중심으로 설계되었습니다",https://www.data.go.kr/data/15128499/openapi.do,대전광역시 서구,2025-11-20,6004,22,
식품의약품안전처_식용란선별포장업 인허가 대장 조회,"또한 식용란선별포장업 분야의 정보 투명성 제고, 식품산업 발전 지원, 데이터에 기반한 식품안전정책 수립, 맞춤형 서비스 개발 기반 제공으로 국민 편의성을 향상 시킬 수 있습니다.",https://www.data.go.kr/data/15107363/openapi.do,식품의약품안전처,2025-08-18,2197,22,
"농촌진흥청 국립식량과학원_농식품 식단관리(메뉴젠) 음식, 재료 및 조리 정보","중분류, 음식명, 중량) 정보, 재료 정보, 조리 정보를 제공하며, 음식명으로 조회 -제공항목(식단관리(메뉴젠) 음식, 재료 및 조리 정보 조회) : 국가표준성분 출처, 음식코드, 식품코드",https://www.data.go.kr/data/15143502/openapi.do,농촌진흥청 국립식량과학원,2025-07-30,909,26,
전라남도_전남 임가통계 정보,"- “임가(林家)”란 농림어업총조사 규칙에 따라 정의된 개념으로, 가구주 또는 동거가구원이 생계를 위해 직접 임업을 경영하는 가구를 말합니다.",https://www.data.go.kr/data/15086903/openapi.do,전라남도,2025-07-21,1719,18,
식품의약품안전처_위생용품영업 생산실적보고,"또한 위생용품 분야의 정보 투명성 제고, 식품산업 발전 지원, 데이터에 기반한 식품안전정책 수립, 맞춤형 서비스 개발 기반 제공으로 국민 편의성을 향상 시킬 수 있습니다.",https://www.data.go.kr/data/15105496/openapi.do,식품의약품안전처,2025-08-18,2269,20,
식품의약품안전처 식품의약품안전평가원_농약 잔류허용기준 서비스,"농약 국문명, 농약 영문명, 식품 국문명, 식품 영문명, MRL(Maximum Residue Limit, 잔류허용기준) 등의 항목을 제공합니다.",https://www.data.go.kr/data/15133582/openapi.do,식품의약품안전처 식품의약품안전평가원,2025-12-01,1074,14,
경기도_다단계판매기타(복합등) 현황,"본 데이터는 경기도 내 건강기능식품일반판매업 중 ‘기타(복합 등)’으로 분류된 다단계판매 형태의 사업장 현황을 정리한 자료로, 시군별로 사업장명, 소재지 정보(지번 및 도로명), 인허가일자",https://www.data.go.kr/data/15057299/openapi.do,경기도,2025-09-18,2173,17,
농림수산식품교육문화정보원_HSK품목매핑목록조회,"본 데이터는 농업 및 식품 산업에서의 국제 거래를 지원하기 위해 만들어졌으며, 다양한 분야에서의 연구 및 정책 수립에 기여할 수 있습니다.",https://www.data.go.kr/data/15109240/openapi.do,농림수산식품교육문화정보원,2025-07-29,1150,47,
서울특별시농수산식품공사_월간등락품목(월평균가격),* 서울시농수산식품공사에서 제공중인 월간등락품목(월평균가격)에 대한 API 입니다.,https://www.data.go.kr/data/15076036/openapi.do,서울특별시농수산식품공사,2025-07-04,2115,33,
서울특별시농수산식품공사_주간등락품목(기간평균가격),* 서울시농수산식품공사에서 제공중인 주간등락품목(기간평균가격)에 대한 API 입니다.,https://www.data.go.kr/data/15076044/openapi.do,서울특별시농수산식품공사,2025-07-04,1691,33,
식품의약품안전처_즉석판매제조가공업 인허가 대장 조회,"또한 즉석판매제조가공업 분야의 정보 제공, 식품산업 발전 지원, 데이터에 기반한 식품안전정책 수립, 맞춤형 서비스 개발 기반 제공으로 국민 편의성을 향상 시킬 수 있습니다.",https://www.data.go.kr/data/15107376/openapi.do,식품의약품안전처,2025-08-18,5317,19,
"농촌진흥청 국립식량과학원_농식품 식단관리(메뉴젠) 음식, 재료 및 이미지 정보","정보, 이미지 정보를 제공하며, 음식명으로 조회 - 제공항목(식단관리(메뉴젠) 음식, 재료 및 이미지 정보 조회) : 이미지 주소(food_Image_Address), 음식코드, 식품코드",https://www.data.go.kr/data/15143525/openapi.do,농촌진흥청 국립식량과학원,2025-07-29,631,22,
경상북도 구미시_일반 음식점,"이 데이터는 시민들의 생활 편의 향상, 위생 관리 및 지도점검, 식품위생 정책 수립, 관광 및 상권 분석 등 다양한 행정 및 민간 활용 목적으로 활용될 수 있습니다.",https://www.data.go.kr/data/15097246/openapi.do,경상북도 구미시,2025-08-06,6657,49,
서울특별시농수산식품공사_월간등락품목(상승한품목),* 서울시농수산식품공사에서 제공중인 월간등락품목(상승한품목) API 입니다.,https://www.data.go.kr/data/15076031/openapi.do,서울특별시농수산식품공사,2025-07-04,1983,33,
식품의약품안전처 식품의약품안전평가원_동물용의약품 잔류허용기준 서비스,"동약 국문명, 동약 영문명, 식품 국문명, 식품 영문명, MRL(Maximum Residue Limit, 잔류허용기준) 등의 정보를 제공합니다.",https://www.data.go.kr/data/15133585/openapi.do,식품의약품안전처 식품의약품안전평가원,2025-12-01,822,12,
식품의약품안전처_급식 학교 식재료 공급업체 정보,학교는 집단 급식 형태로 제한된 공간과 정해진 시간에 식품을 제공(섭취)함에 따라 식중독 발생 시 다수의 인원이 동시에 발생되어 대형 식중독으로 확대될 우려가 높고 납품받은 식재료에서,https://www.data.go.kr/data/15117398/openapi.do,식품의약품안전처,2025-08-12,3174,45,
대전광역시 서구_모범음식점지정현황,"이를 통해 지역 내 모범음식점의 분포와 특징을 명확히 파악할 수 있으며, 위생·서비스 품질 관리, 지역 외식업 정책 수립, 식품안전 관련 행정업무 수행에 활용할 수 있다.",https://www.data.go.kr/data/15108156/openapi.do,대전광역시 서구,2025-11-20,1355,41,
식품의약품안전처_위생용품 수입성분정보,"주요 항목으로는 위생용품 신고품목구분코드 및 명칭, 성분코드와 성분명, 그리고 각 성분이 세척제 1종·2종·3종 대상 여부, 수입식품 성분 생성 여부, 설명, 실제 사용여부 등이 포함됩니다",https://www.data.go.kr/data/15073916/openapi.do,식품의약품안전처,2025-08-07,3185,36,
농림수산식품교육문화정보원_표준단위매핑목록조회,"이 정보는 농업 및 수산업 관련 데이터 분석이나 연구에 활용될 수 있으며, 특히 표준화된 코드 체계를 통해 식품의 출처 및 품질 개선에 기여할 수 있습니다.",https://www.data.go.kr/data/15109246/openapi.do,농림수산식품교육문화정보원,2025-07-29,1197,42,
식품의약품안전처_축산물 식육포장처리업 폐업정보,"또한 축산물 식욕포장처리업 분야의 정보 제공, 식품산업 발전 지원, 데이터에 기반한 식품안전정책 수립, 맞춤형 서비스 개발 기반 제공으로 국민 편의성을 향상 시킬 수 있습니다.",https://www.data.go.kr/data/15105538/openapi.do,식품의약품안전처,2025-08-18,1644,15,
식품의약품안전처_식육즉석판매가공업 인허가 대장 조회,"또한 식육즉석판매가공업 분야의 정보 투명성 제고, 식품산업 발전 지원, 데이터에 기반한 식품안전정책 수립, 맞춤형 서비스 개발 기반 제공으로 국민 편의성을 향상 시킬 수 있습니다.",https://www.data.go.kr/data/15107365/openapi.do,식품의약품안전처,2025-08-18,2513,15,
농림수산식품교육문화정보원_산지코드조회,"농림수산식품교육문화정보원에서 제공하는 ""농수산식품부 OpenAPI 서비스""는 농수산식품 관련 각종 코드 정보를 체계적으로 관리하고 공유하기 위한 시스템입니다.",https://www.data.go.kr/data/15109057/openapi.do,농림수산식품교육문화정보원,2025-07-29,1186,55,
농촌진흥청 국립식량과학원_농식품 기능성 페놀산 성분 정보,"시료ID 값으로 조회 - 제공 항목(기능성 페놀산 시료ID 정보 조회, 기능성 페놀산 성분 정보 조회) : 결과메세지, 결과코드, 총 항목 수, 페이지당 항목 수, 페이지 번호, 식품",https://www.data.go.kr/data/15143599/openapi.do,농촌진흥청 국립식량과학원,2025-07-29,524,16,
경기도_명품민물고기생산업체 현황,"해당 데이터는 지역 수산물의 품질 관리, 안전한 식품 공급망 구축, 수산업 활성화 정책 수립 등에 활용될 수 있습니다.",https://www.data.go.kr/data/15056645/openapi.do,경기도,2025-07-25,2257,35,
식품의약품안전처_축산물 판매업 폐업정보,"또한 축산물 판매업 분야의 정보 투명성 제고, 식품산업 발전 지원, 데이터에 기반한 식품안전정책 수립, 맞춤형 서비스 개발 기반 제공으로 국민 편의성을 향상 시킬 수 있습니다.",https://www.data.go.kr/data/15105524/openapi.do,식품의약품안전처,2025-08-18,1580,14,
한국농업기술진흥원_생명자원정보 조회 서비스,"학명, 일반명(한글), 자원분류 정보와 함께 식물(영양체, 종자), 미생물(세균, 바이러스), 동물(축산, 곤충) 등 국내 15개 이상 연계기관의 다양한 통합 생명자원 내역을 상세하게",https://www.data.go.kr/data/15152596/openapi.do,한국농업기술진흥원,2025-12-15,233,6,
"식품의약품안전처_축산물(도축업,보관업,운반업,집유업,식용란선별포장업) 폐업정보 조회","또한 축산물 분야의 정보 투명성 제고, 식품산업 발전 지원, 데이터에 기반한 식품안전정책 수립, 맞춤형 서비스 개발 기반 제공으로 국민 편의성을 향상 시킬 수 있습니다.",https://www.data.go.kr/data/15111984/openapi.do,식품의약품안전처,2025-08-18,1357,13,
식품의약품안전처_식육즉석판매가공업 폐업정보,"또한 식육즉석판매가공업 분야의 정보 투명성 제고, 식품산업 발전 지원, 데이터에 기반한 식품안전정책 수립, 맞춤형 서비스 개발 기반 제공으로 국민 편의성을 향상 시킬 수 있습니다.",https://www.data.go.kr/data/15105522/openapi.do,식품의약품안전처,2025-08-18,1661,13,
경기도_축산물 출하전 생체 잔류검사 집계 현황,"지자체 및 연구기관은 축산물 안전 정책 수립, 축종별 위험도 평가, 축산농가의 위생 관리 개선 방안 마련 등에 본 데이터를 활용할 수 있습니다.",https://www.data.go.kr/data/15056913/openapi.do,경기도,2025-08-22,2055,19,
식품의약품안전처_위생용품 폐업정보,"또한 위생용품 분야의 정보 제공, 식품산업 발전 지원, 데이터에 기반한 식품안전정책 수립, 맞춤형 서비스 개발 기반 제공으로 국민 편의성을 향상 시킬 수 있습니다.",https://www.data.go.kr/data/15105543/openapi.do,식품의약품안전처,2025-08-18,1483,13,
전라남도_환경방사선안전정보,"검사 항목은 세슘(Cs) 및 요오드(I) 핵종이며, 정부 기준(세슘 ≤ 100 Bq/kg, 유아 식품은 ≤ 50 Bq/kg)을 모두 만족합니다.",https://www.data.go.kr/data/15143331/openapi.do,전라남도,2026-04-21,771,38,
서울특별시농수산식품공사_주간등락품목(하락한품목),* 서울시농수산식품공사에서 제공중인 주간등락품목(하락한품목)에 대한 API 입니다.,https://www.data.go.kr/data/15076049/openapi.do,서울특별시농수산식품공사,2025-07-04,1894,22,
전라남도_천일염 가공기업,"주로 염전에서 생산되며, 자연친화적인 방식과 풍부한 미네랄 함량으로 건강식품 및 전통 식재료로 주목받고 있습니다.",https://www.data.go.kr/data/15074714/openapi.do,전라남도,2025-07-21,2479,29,
전라남도_분양단지 정보,"정주여건 개선: 환경·문화 인프라 확충 지원사업 강화 - 전략 산업단지 동향 - 광양만권 첨단소재 국가산단: 약 396만㎡, 반도체·2차전지 등 육성 계획 추진 중 - 고흥 청정식품단지",https://www.data.go.kr/data/15083769/openapi.do,전라남도,2025-07-21,2637,33,
식품의약품안전처_위생용품 품목제조보고(원재료),"또한 식품안전 분야의 정보 투명성 제고, 식품산업 발전 지원, 데이터에 기반한 식품안전정책 수립, 맞춤형 서비스 개발 기반 제공으로 국민 편의성을 향상 시킬 수 있습니다.",https://www.data.go.kr/data/15145163/openapi.do,식품의약품안전처,2025-08-07,859,8,
식품의약품안전처_용기.포장류제조업 폐업정보 조회,"또한 용기포장류제조업 분야의 정보 제공, 식품산업 발전 지원, 데이터에 기반한 식품안전정책 수립, 맞춤형 서비스 개발 기반 제공으로 국민 편의성을 향상 시킬 수 있습니다.",https://www.data.go.kr/data/15107374/openapi.do,식품의약품안전처,2025-08-18,1984,11,
식품의약품안전처 식품의약품안전평가원_식품의약품안전처 연구관리 과학기술표준분류 조회 서비스,"[공통설명] 식약처 데이터는 의약품,식품,의료기기,화장품 등 다양한 품목에 관한 허가 및 심사 정보, 제조와 유통 이력,안전성 평가,부작용 사례,위해 정보 등을 포괄적으로 포함하고",https://www.data.go.kr/data/15068283/openapi.do,식품의약품안전처 식품의약품안전평가원,2025-11-18,2059,40,
전라남도_천일염 생산자,"주로 염전에서 생산되며, 자연친화적인 방식과 풍부한 미네랄 함량으로 건강식품 및 전통 식재료로 주목받고 있습니다.",https://www.data.go.kr/data/15074717/openapi.do,전라남도,2025-07-21,2554,27,
식품의약품안전처 식품의약품안전평가원_식품의약품안전처 연구관리 공통_도로명코드 조회 서비스,"[공통설명] 식약처 데이터는 의약품,식품,의료기기,화장품 등 다양한 품목에 관한 허가 및 심사 정보, 제조와 유통 이력,안전성 평가,부작용 사례,위해 정보 등을 포괄적으로 포함하고",https://www.data.go.kr/data/15068285/openapi.do,식품의약품안전처 식품의약품안전평가원,2025-11-23,2408,31,
식품의약품안전처_수입축산물 냉동전환 정보,"또한 축산물 안전 분야의 정보 투명성 제고, 식품산업 발전 지원, 데이터에 기반한 식품안전정책 수립 제공으로 국민 편의성을 향상 시킬 수 있습니다.",https://www.data.go.kr/data/15126216/openapi.do,식품의약품안전처,2025-08-18,1858,12,
식품의약품안전처_축산물 가공업 폐업정보 조회,"또한 축산물가공업 분야의 정보 제공, 식품산업 발전 지원, 데이터에 기반한 식품안전정책 수립, 맞춤형 서비스 개발 기반 제공으로 국민 편의성을 향상 시킬 수 있습니다.",https://www.data.go.kr/data/15111985/openapi.do,식품의약품안전처,2025-08-18,1292,11,
식품의약품안전처 식품의약품안전평가원_식품의약품안전처 연구관리 공통_도로명주소 조회 서비스,"[공통설명] 식약처 데이터는 의약품,식품,의료기기,화장품 등 다양한 품목에 관한 허가 및 심사 정보, 제조와 유통 이력,안전성 평가,부작용 사례,위해 정보 등을 포괄적으로 포함하고",https://www.data.go.kr/data/15068284/openapi.do,식품의약품안전처 식품의약품안전평가원,2025-11-23,2118,30,
식품의약품안전처 식품의약품안전평가원_식품의약품안전처 연구관리 기술 분류 정보조회 서비스,"[공통설명] 식약처 데이터는 의약품,식품,의료기기,화장품 등 다양한 품목에 관한 허가 및 심사 정보, 제조와 유통 이력,안전성 평가,부작용 사례,위해 정보 등을 포괄적으로 포함하고",https://www.data.go.kr/data/15068423/openapi.do,식품의약품안전처 식품의약품안전평가원,2025-11-18,2973,30,
농촌진흥청 국립원예특작과학원_원예특용작물가격동향 조회 서비스,"화훼 : 장미, 백합, 호접란 (*자료출처: aTKamis( 도매가격 ), 화훼(장미, 백합, 호접란)는 양재동 도매가격 인삼은 금산군청 산지시장가격 버섯(표고,양송이) 서울농수산식품공사",https://www.data.go.kr/data/15102060/openapi.do,농촌진흥청 국립원예특작과학원,2025-07-28,2864,26,
서울특별시농수산식품공사_주간등락품목(상승한품목),* 서울시농수산식품공사에서 제공중인 주간등락품목(상승한품목)에 대한 API 입니다.,https://www.data.go.kr/data/15076046/openapi.do,서울특별시농수산식품공사,2025-07-04,1913,19,
식품의약품안전처 식품의약품안전평가원_식품의약품안전처 연구관리 조달 계획 조회 서비스,"[공통설명] 식약처 데이터는 의약품,식품,의료기기,화장품 등 다양한 품목에 관한 허가 및 심사 정보, 제조와 유통 이력,안전성 평가,부작용 사례,위해 정보 등을 포괄적으로 포함하고",https://www.data.go.kr/data/15068577/openapi.do,식품의약품안전처 식품의약품안전평가원,2025-11-23,2281,29,
서울특별시농수산식품공사_일일등락품목(상승한품목),* 서울시농수산식품공사에서 제공중인 일일등락품목(상승한품목)에 대한 API 입니다.,https://www.data.go.kr/data/15076040/openapi.do,서울특별시농수산식품공사,2025-07-04,1744,18,
농촌진흥청 국립식량과학원_농식품 기능성 사포닌 성분정보 조회 서비스,"제공항목(기능성성분 사포닌 시료정보 조회, 기능성성분 사포닌 성분정보 조회) : 데이터의 총 갯수, 결과목록, 한 페이지 레코드 수, 페이지 수, 건조 생물 여부, 데이터 번호, 시료(식품",https://www.data.go.kr/data/15143604/openapi.do,농촌진흥청 국립식량과학원,2025-07-30,442,12,
식품의약품안전처 식품의약품안전평가원_식품의약품안전처 연구관리 등급 구간 조회 서비스,"[공통설명] 식약처 데이터는 의약품,식품,의료기기,화장품 등 다양한 품목에 관한 허가 및 심사 정보, 제조와 유통 이력,안전성 평가,부작용 사례,위해 정보 등을 포괄적으로 포함하고",https://www.data.go.kr/data/15068548/openapi.do,식품의약품안전처 식품의약품안전평가원,2025-11-23,2283,28,
식품의약품안전처 식품의약품안전평가원_식품의약품안전처 연구관리 연구 보고서 요약 조회 서비스,"[공통설명] 식약처 데이터는 의약품,식품,의료기기,화장품 등 다양한 품목에 관한 허가 및 심사 정보, 제조와 유통 이력,안전성 평가,부작용 사례,위해 정보 등을 포괄적으로 포함하고",https://www.data.go.kr/data/15068690/openapi.do,식품의약품안전처 식품의약품안전평가원,2025-11-23,2710,28,
식품의약품안전처 식품의약품안전평가원_식품의약품안전처 연구관리 사업 공고 조회 서비스,"[공통설명] 식약처 데이터는 의약품,식품,의료기기,화장품 등 다양한 품목에 관한 허가 및 심사 정보, 제조와 유통 이력,안전성 평가,부작용 사례,위해 정보 등을 포괄적으로 포함하고",https://www.data.go.kr/data/15067899/openapi.do,식품의약품안전처 식품의약품안전평가원,2025-11-23,2348,27,
식품의약품안전처 식품의약품안전평가원_식품의약품안전처 연구관리 시설 장비 사용 정보 조회 서비스,"[공통설명] 식약처 데이터는 의약품,식품,의료기기,화장품 등 다양한 품목에 관한 허가 및 심사 정보, 제조와 유통 이력,안전성 평가,부작용 사례,위해 정보 등을 포괄적으로 포함하고",https://www.data.go.kr/data/15068290/openapi.do,식품의약품안전처 식품의약품안전평가원,2025-11-23,2106,27,
식품의약품안전처 식품의약품안전평가원_식품의약품안전처 연구관리 조달 계획 첨부파일 조회 서비스,"[공통설명] 식약처 데이터는 의약품,식품,의료기기,화장품 등 다양한 품목에 관한 허가 및 심사 정보, 제조와 유통 이력,안전성 평가,부작용 사례,위해 정보 등을 포괄적으로 포함하고",https://www.data.go.kr/data/15068563/openapi.do,식품의약품안전처 식품의약품안전평가원,2025-11-23,2314,27,
식품의약품안전처 식품의약품안전평가원_식품의약품안전처 연구관리 시험연구비 첨부파일 조회 서비스,"[공통설명] 식약처 데이터는 의약품,식품,의료기기,화장품 등 다양한 품목에 관한 허가 및 심사 정보, 제조와 유통 이력,안전성 평가,부작용 사례,위해 정보 등을 포괄적으로 포함하고",https://www.data.go.kr/data/15068712/openapi.do,식품의약품안전처 식품의약품안전평가원,2025-11-23,2142,27,
농림수산식품교육문화정보원_정산경락 도매시장 유통통계 조회,"이 데이터는 농수축산물 가격 분석, 시장 동향 파악, 식품 정책 개발 및 연구의 기초 자료로 사용될 수 있습니다.",https://www.data.go.kr/data/15109067/openapi.do,농림수산식품교육문화정보원,2025-07-29,880,37,
식품의약품안전처 식품의약품안전평가원_식품의약품안전처 연구관리 사전검토 종류 조회 서비스,"[공통설명] 식약처 데이터는 의약품,식품,의료기기,화장품 등 다양한 품목에 관한 허가 및 심사 정보, 제조와 유통 이력,안전성 평가,부작용 사례,위해 정보 등을 포괄적으로 포함하고",https://www.data.go.kr/data/15068553/openapi.do,식품의약품안전처 식품의약품안전평가원,2025-11-23,2108,26,
전라남도 여수시_면역력 관광 상품개발을 위한 여수시 로컬푸드 조회 서비스,"또한 (+)catechin, (-)epicatechin(EC) 등 플라보노이드 계열 성분 정보를 포함하여 식품의 기능성 특성을 분석할 수 있도록 구성되어 있습니다.",https://www.data.go.kr/data/15097223/openapi.do,전라남도 여수시,,2586,33,
식품의약품안전처 식품의약품안전평가원_식품의약품안전처 연구관리 평가 문항 조회 서비스,"[공통설명] 식약처 데이터는 의약품,식품,의료기기,화장품 등 다양한 품목에 관한 허가 및 심사 정보, 제조와 유통 이력,안전성 평가,부작용 사례,위해 정보 등을 포괄적으로 포함하고",https://www.data.go.kr/data/15068422/openapi.do,식품의약품안전처 식품의약품안전평가원,2025-11-23,2100,25,
식품의약품안전처 식품의약품안전평가원_식품의약품안전처 연구관리 단위사업 성과지표 조회 서비스,"[공통설명] 식약처 데이터는 의약품,식품,의료기기,화장품 등 다양한 품목에 관한 허가 및 심사 정보, 제조와 유통 이력,안전성 평가,부작용 사례,위해 정보 등을 포괄적으로 포함하고",https://www.data.go.kr/data/15068711/openapi.do,식품의약품안전처 식품의약품안전평가원,2025-11-23,1898,25,
식품의약품안전처 식품의약품안전평가원_식품의약품안전처 연구관리 사업 체계 조회 서비스,"[공통설명] 식약처 데이터는 의약품,식품,의료기기,화장품 등 다양한 품목에 관한 허가 및 심사 정보, 제조와 유통 이력,안전성 평가,부작용 사례,위해 정보 등을 포괄적으로 포함하고",https://www.data.go.kr/data/15068715/openapi.do,식품의약품안전처 식품의약품안전평가원,2025-11-23,2214,25,
식품의약품안전처 식품의약품안전평가원_식품의약품안전처 연구관리 연도별 시행계획 조회 서비스,"[공통설명] 식약처 데이터는 의약품,식품,의료기기,화장품 등 다양한 품목에 관한 허가 및 심사 정보, 제조와 유통 이력,안전성 평가,부작용 사례,위해 정보 등을 포괄적으로 포함하고",https://www.data.go.kr/data/15068720/openapi.do,식품의약품안전처 식품의약품안전평가원,2025-11-23,2011,25,
식품의약품안전처_건강기능식품업소 인허가 변경 정보,"건강기능식품에 관한 법률에 따라 식품의약품안전처가 관리하는 건강기능식품전문제조업, 벤처제조업의 인허가 변경 사항을 제공합니다.",https://www.data.go.kr/data/15145159/openapi.do,식품의약품안전처,2025-08-07,736,5,
식품의약품안전처 식품의약품안전평가원_식품의약품안전처 연구관리 연구 분야 기술 조회 서비스,"[공통설명] 식약처 데이터는 의약품,식품,의료기기,화장품 등 다양한 품목에 관한 허가 및 심사 정보, 제조와 유통 이력,안전성 평가,부작용 사례,위해 정보 등을 포괄적으로 포함하고",https://www.data.go.kr/data/15068388/openapi.do,식품의약품안전처 식품의약품안전평가원,2025-11-23,1764,24,
식품의약품안전처 식품의약품안전평가원_식품의약품안전처 연구관리 제외 조건 가중치 조회 서비스,"[공통설명] 식약처 데이터는 의약품,식품,의료기기,화장품 등 다양한 품목에 관한 허가 및 심사 정보, 제조와 유통 이력,안전성 평가,부작용 사례,위해 정보 등을 포괄적으로 포함하고",https://www.data.go.kr/data/15068445/openapi.do,식품의약품안전처 식품의약품안전평가원,2025-11-23,2002,24,
식품의약품안전처 식품의약품안전평가원_식품의약품안전처 연구관리 등급 분배 조회 서비스,"[공통설명] 식약처 데이터는 의약품,식품,의료기기,화장품 등 다양한 품목에 관한 허가 및 심사 정보, 제조와 유통 이력,안전성 평가,부작용 사례,위해 정보 등을 포괄적으로 포함하고",https://www.data.go.kr/data/15068543/openapi.do,식품의약품안전처 식품의약품안전평가원,2025-11-23,2183,24,
식품의약품안전처 식품의약품안전평가원_식품의약품안전처 연구관리 기술료 징수 조회 서비스,"[공통설명] 식약처 데이터는 의약품,식품,의료기기,화장품 등 다양한 품목에 관한 허가 및 심사 정보, 제조와 유통 이력,안전성 평가,부작용 사례,위해 정보 등을 포괄적으로 포함하고",https://www.data.go.kr/data/15068673/openapi.do,식품의약품안전처 식품의약품안전평가원,2025-11-23,2265,24,
식품의약품안전처 식품의약품안전평가원_식품의약품안전처 연구관리 연구 보고서 요약 첨부파일 조회 서비스,"[공통설명] 식약처 데이터는 의약품,식품,의료기기,화장품 등 다양한 품목에 관한 허가 및 심사 정보, 제조와 유통 이력,안전성 평가,부작용 사례,위해 정보 등을 포괄적으로 포함하고",https://www.data.go.kr/data/15068681/openapi.do,식품의약품안전처 식품의약품안전평가원,2025-11-23,1846,24,
식품의약품안전처 식품의약품안전평가원_식품의약품안전처 연구관리 연구비 첨부파일 조회 서비스,"[공통설명] 식약처 데이터는 의약품,식품,의료기기,화장품 등 다양한 품목에 관한 허가 및 심사 정보, 제조와 유통 이력,안전성 평가,부작용 사례,위해 정보 등을 포괄적으로 포함하고",https://www.data.go.kr/data/15068692/openapi.do,식품의약품안전처 식품의약품안전평가원,2025-11-23,2325,24,
식품의약품안전처 식품의약품안전평가원_식품의약품안전처 연구관리 사업 체계 첨부파일 조회 서비스,"[공통설명] 식약처 데이터는 의약품,식품,의료기기,화장품 등 다양한 품목에 관한 허가 및 심사 정보, 제조와 유통 이력,안전성 평가,부작용 사례,위해 정보 등을 포괄적으로 포함하고",https://www.data.go.kr/data/15068716/openapi.do,식품의약품안전처 식품의약품안전평가원,2025-11-23,1965,24,
식품의약품안전처 식품의약품안전평가원_식품의약품안전처 연구관리 조직코드 조회 서비스,"[공통설명] 식약처 데이터는 의약품,식품,의료기기,화장품 등 다양한 품목에 관한 허가 및 심사 정보, 제조와 유통 이력,안전성 평가,부작용 사례,위해 정보 등을 포괄적으로 포함하고",https://www.data.go.kr/data/15068281/openapi.do,식품의약품안전처 식품의약품안전평가원,2025-11-23,2600,33,
식품의약품안전처 식품의약품안전평가원_식품의약품안전처 연구관리 조직(기관) 조회 서비스,"[공통설명] 식약처 데이터는 의약품,식품,의료기기,화장품 등 다양한 품목에 관한 허가 및 심사 정보, 제조와 유통 이력,안전성 평가,부작용 사례,위해 정보 등을 포괄적으로 포함하고",https://www.data.go.kr/data/15068286/openapi.do,식품의약품안전처 식품의약품안전평가원,2025-11-23,3862,33,
서울특별시농수산식품공사_일일등락품목(등락품목수),* 서울시농수산식품공사에서 제공중인 일일등락품목(등락품목수) API 입니다.,https://www.data.go.kr/data/15076039/openapi.do,서울특별시농수산식품공사,2025-07-04,1880,14,
식품의약품안전처 식품의약품안전평가원_연구관리 평가 수당 기본 지급율 조회 서비스,"[공통설명] 식약처 데이터는 의약품,식품,의료기기,화장품 등 다양한 품목에 관한 허가 및 심사 정보, 제조와 유통 이력,안전성 평가,부작용 사례,위해 정보 등을 포괄적으로 포함하고",https://www.data.go.kr/data/15068304/openapi.do,식품의약품안전처 식품의약품안전평가원,2025-11-23,1853,28,
식품의약품안전처 식품의약품안전평가원_식품의약품안전처 연구관리 기관 조회서비스,"[공통설명] 식약처 데이터는 의약품,식품,의료기기,화장품 등 다양한 품목에 관한 허가 및 심사 정보, 제조와 유통 이력,안전성 평가,부작용 사례,위해 정보 등을 포괄적으로 포함하고",https://www.data.go.kr/data/15080330/openapi.do,식품의약품안전처 식품의약품안전평가원,2025-11-23,4657,23,
식품의약품안전처 식품의약품안전평가원_식품의약품안전처 연구관리 수요 조사 참여부서 조회 서비스,"[공통설명] 식약처 데이터는 의약품,식품,의료기기,화장품 등 다양한 품목에 관한 허가 및 심사 정보, 제조와 유통 이력,안전성 평가,부작용 사례,위해 정보 등을 포괄적으로 포함하고",https://www.data.go.kr/data/15068130/openapi.do,식품의약품안전처 식품의약품안전평가원,2025-11-23,2171,23,
식품의약품안전처 식품의약품안전평가원_식품의약품안전처 연구관리 수요 조사 일정 조회 서비스,"[공통설명] 식약처 데이터는 의약품,식품,의료기기,화장품 등 다양한 품목에 관한 허가 및 심사 정보, 제조와 유통 이력,안전성 평가,부작용 사례,위해 정보 등을 포괄적으로 포함하고",https://www.data.go.kr/data/15068144/openapi.do,식품의약품안전처 식품의약품안전평가원,2025-11-23,2282,23,
식품의약품안전처 식품의약품안전평가원_식품의약품안전처 연구관리 평가 위원회 조회 서비스,"[공통설명] 식약처 데이터는 의약품,식품,의료기기,화장품 등 다양한 품목에 관한 허가 및 심사 정보, 제조와 유통 이력,안전성 평가,부작용 사례,위해 정보 등을 포괄적으로 포함하고",https://www.data.go.kr/data/15068382/openapi.do,식품의약품안전처 식품의약품안전평가원,2025-11-23,2455,23,
식품의약품안전처 식품의약품안전평가원_식품의약품안전처 연구관리 평가 항목 조회 서비스,"[공통설명] 식약처 데이터는 의약품,식품,의료기기,화장품 등 다양한 품목에 관한 허가 및 심사 정보, 제조와 유통 이력,안전성 평가,부작용 사례,위해 정보 등을 포괄적으로 포함하고",https://www.data.go.kr/data/15068408/openapi.do,식품의약품안전처 식품의약품안전평가원,2025-11-23,2263,23,
식품의약품안전처 식품의약품안전평가원_식품의약품안전처 연구관리 세부사업 성과지표 조회 서비스,"[공통설명] 식약처 데이터는 의약품,식품,의료기기,화장품 등 다양한 품목에 관한 허가 및 심사 정보, 제조와 유통 이력,안전성 평가,부작용 사례,위해 정보 등을 포괄적으로 포함하고",https://www.data.go.kr/data/15068413/openapi.do,식품의약품안전처 식품의약품안전평가원,2025-11-23,2245,23,
식품의약품안전처 식품의약품안전평가원_식품의약품안전처 연구관리 제외 조건 조회 서비스,"[공통설명] 식약처 데이터는 의약품,식품,의료기기,화장품 등 다양한 품목에 관한 허가 및 심사 정보, 제조와 유통 이력,안전성 평가,부작용 사례,위해 정보 등을 포괄적으로 포함하고",https://www.data.go.kr/data/15068434/openapi.do,식품의약품안전처 식품의약품안전평가원,2025-11-23,2010,23,
식품의약품안전처 식품의약품안전평가원_식품의약품안전처 연구관리 녹색 기술 분야 조회 서비스,"[공통설명] 식약처 데이터는 의약품,식품,의료기기,화장품 등 다양한 품목에 관한 허가 및 심사 정보, 제조와 유통 이력,안전성 평가,부작용 사례,위해 정보 등을 포괄적으로 포함하고",https://www.data.go.kr/data/15068447/openapi.do,식품의약품안전처 식품의약품안전평가원,2025-11-23,2024,23,
식품의약품안전처 식품의약품안전평가원_식품의약품안전처 연구관리 식약처_연구비_비목 코드 조회 서비스,"[공통설명] 식약처 데이터는 의약품,식품,의료기기,화장품 등 다양한 품목에 관한 허가 및 심사 정보, 제조와 유통 이력,안전성 평가,부작용 사례,위해 정보 등을 포괄적으로 포함하고",https://www.data.go.kr/data/15068646/openapi.do,식품의약품안전처 식품의약품안전평가원,2025-11-23,2863,23,
식품의약품안전처 식품의약품안전평가원_식품의약품안전처 연구관리 기술료 징수 첨부파일 조회 서비스,"[공통설명] 식약처 데이터는 의약품,식품,의료기기,화장품 등 다양한 품목에 관한 허가 및 심사 정보, 제조와 유통 이력,안전성 평가,부작용 사례,위해 정보 등을 포괄적으로 포함하고",https://www.data.go.kr/data/15068686/openapi.do,식품의약품안전처 식품의약품안전평가원,2025-11-23,1944,23,
식품의약품안전처 식품의약품안전평가원_식품의약품안전처 연구관리 기본 계획 조회 서비스,"[공통설명] 식약처 데이터는 의약품,식품,의료기기,화장품 등 다양한 품목에 관한 허가 및 심사 정보, 제조와 유통 이력,안전성 평가,부작용 사례,위해 정보 등을 포괄적으로 포함하고",https://www.data.go.kr/data/15068717/openapi.do,식품의약품안전처 식품의약품안전평가원,2025-11-23,2299,23,
식품의약품안전처 식품의약품안전평가원_식품의약품안전처 연구관리 위탁 정산기관 조회 서비스,"[공통설명] 식약처 데이터는 의약품,식품,의료기기,화장품 등 다양한 품목에 관한 허가 및 심사 정보, 제조와 유통 이력,안전성 평가,부작용 사례,위해 정보 등을 포괄적으로 포함하고",https://www.data.go.kr/data/15068723/openapi.do,식품의약품안전처 식품의약품안전평가원,2025-11-23,2032,23,
식품의약품안전처 식품의약품안전평가원_식품의약품안전처 연구관리 정산 계획 조회 서비스,"[공통설명] 식약처 데이터는 의약품,식품,의료기기,화장품 등 다양한 품목에 관한 허가 및 심사 정보, 제조와 유통 이력,안전성 평가,부작용 사례,위해 정보 등을 포괄적으로 포함하고",https://www.data.go.kr/data/15068724/openapi.do,식품의약품안전처 식품의약품안전평가원,2025-11-23,2417,23,
식품의약품안전처 식품의약품안전평가원_식품의약품안전처 연구관리 협약/계약 환경 조회 서비스,"[공통설명] 식약처 데이터는 의약품,식품,의료기기,화장품 등 다양한 품목에 관한 허가 및 심사 정보, 제조와 유통 이력,안전성 평가,부작용 사례,위해 정보 등을 포괄적으로 포함하고",https://www.data.go.kr/data/15067878/openapi.do,식품의약품안전처 식품의약품안전평가원,2025-11-23,1864,22,
식품의약품안전처 식품의약품안전평가원_식품의약품안전처 연구관리 제안과제 수행 참여 부서 조회 서비스,"[공통설명] 식약처 데이터는 의약품,식품,의료기기,화장품 등 다양한 품목에 관한 허가 및 심사 정보, 제조와 유통 이력,안전성 평가,부작용 사례,위해 정보 등을 포괄적으로 포함하고",https://www.data.go.kr/data/15068151/openapi.do,식품의약품안전처 식품의약품안전평가원,2025-11-23,2284,22,
식품의약품안전처 식품의약품안전평가원_식품의약품안전처 연구관리 제안과제 수행 참여 부서 이력 조회 서비스,"[공통설명] 식약처 데이터는 의약품,식품,의료기기,화장품 등 다양한 품목에 관한 허가 및 심사 정보, 제조와 유통 이력,안전성 평가,부작용 사례,위해 정보 등을 포괄적으로 포함하고",https://www.data.go.kr/data/15068165/openapi.do,식품의약품안전처 식품의약품안전평가원,2025-11-23,2344,22,
식품의약품안전처 식품의약품안전평가원_식품의약품안전처 연구관리 보유 기관 전담 인력 조회 서비스,"[공통설명] 식약처 데이터는 의약품,식품,의료기기,화장품 등 다양한 품목에 관한 허가 및 심사 정보, 제조와 유통 이력,안전성 평가,부작용 사례,위해 정보 등을 포괄적으로 포함하고",https://www.data.go.kr/data/15068301/openapi.do,식품의약품안전처 식품의약품안전평가원,2025-11-23,1749,22,
식품의약품안전처 식품의약품안전평가원_식품의약품안전처 연구관리 연구 시설 장비 표준 조회 서비스,"[공통설명] 식약처 데이터는 의약품,식품,의료기기,화장품 등 다양한 품목에 관한 허가 및 심사 정보, 제조와 유통 이력,안전성 평가,부작용 사례,위해 정보 등을 포괄적으로 포함하고",https://www.data.go.kr/data/15068383/openapi.do,식품의약품안전처 식품의약품안전평가원,2025-11-23,2339,22,
식품의약품안전처 식품의약품안전평가원_식품의약품안전처 연구관리 성과물 유형 조회 서비스,"[공통설명] 식약처 데이터는 의약품,식품,의료기기,화장품 등 다양한 품목에 관한 허가 및 심사 정보, 제조와 유통 이력,안전성 평가,부작용 사례,위해 정보 등을 포괄적으로 포함하고",https://www.data.go.kr/data/15068391/openapi.do,식품의약품안전처 식품의약품안전평가원,2025-11-23,2104,22,
식품의약품안전처 식품의약품안전평가원_식품의약품안전처 연구관리 평가 등급 조회 서비스,"[공통설명] 식약처 데이터는 의약품,식품,의료기기,화장품 등 다양한 품목에 관한 허가 및 심사 정보, 제조와 유통 이력,안전성 평가,부작용 사례,위해 정보 등을 포괄적으로 포함하고",https://www.data.go.kr/data/15068394/openapi.do,식품의약품안전처 식품의약품안전평가원,2025-11-23,2550,22,
식품의약품안전처 식품의약품안전평가원_식품의약품안전처 연구관리 세부사업 성과목표 조회 서비스,"[공통설명] 식약처 데이터는 의약품,식품,의료기기,화장품 등 다양한 품목에 관한 허가 및 심사 정보, 제조와 유통 이력,안전성 평가,부작용 사례,위해 정보 등을 포괄적으로 포함하고",https://www.data.go.kr/data/15068402/openapi.do,식품의약품안전처 식품의약품안전평가원,2025-11-23,2118,22,
식품의약품안전처 식품의약품안전평가원_식품의약품안전처 연구관리 전문 위원회 자료 조회 서비스,"[공통설명] 식약처 데이터는 의약품,식품,의료기기,화장품 등 다양한 품목에 관한 허가 및 심사 정보, 제조와 유통 이력,안전성 평가,부작용 사례,위해 정보 등을 포괄적으로 포함하고",https://www.data.go.kr/data/15068664/openapi.do,식품의약품안전처 식품의약품안전평가원,2025-11-23,2146,22,
식품의약품안전처 식품의약품안전평가원_식품의약품안전처 연구관리 성과지표 성과물 유형 조회 서비스,"[공통설명] 식약처 데이터는 의약품,식품,의료기기,화장품 등 다양한 품목에 관한 허가 및 심사 정보, 제조와 유통 이력,안전성 평가,부작용 사례,위해 정보 등을 포괄적으로 포함하고",https://www.data.go.kr/data/15068669/openapi.do,식품의약품안전처 식품의약품안전평가원,2025-11-23,2216,22,
식품의약품안전처 식품의약품안전평가원_식품의약품안전처 연구관리 전문 위원회 조회 서비스,"[공통설명] 식약처 데이터는 의약품,식품,의료기기,화장품 등 다양한 품목에 관한 허가 및 심사 정보, 제조와 유통 이력,안전성 평가,부작용 사례,위해 정보 등을 포괄적으로 포함하고",https://www.data.go.kr/data/15068675/openapi.do,식품의약품안전처 식품의약품안전평가원,2025-11-23,2235,22,
식품의약품안전처 식품의약품안전평가원_식품의약품안전처 연구관리 회의록 첨부파일 조회 서비스,"[공통설명] 식약처 데이터는 의약품,식품,의료기기,화장품 등 다양한 품목에 관한 허가 및 심사 정보, 제조와 유통 이력,안전성 평가,부작용 사례,위해 정보 등을 포괄적으로 포함하고",https://www.data.go.kr/data/15068677/openapi.do,식품의약품안전처 식품의약품안전평가원,2025-11-23,2210,22,
식품의약품안전처 식품의약품안전평가원_식품의약품안전처 연구관리 기술료 사용 조회 서비스,"[공통설명] 식약처 데이터는 의약품,식품,의료기기,화장품 등 다양한 품목에 관한 허가 및 심사 정보, 제조와 유통 이력,안전성 평가,부작용 사례,위해 정보 등을 포괄적으로 포함하고",https://www.data.go.kr/data/15068688/openapi.do,식품의약품안전처 식품의약품안전평가원,2025-11-23,2027,22,
식품의약품안전처 식품의약품안전평가원_식품의약품안전처 연구관리 기술료 사용 첨부파일 조회 서비스,"[공통설명] 식약처 데이터는 의약품,식품,의료기기,화장품 등 다양한 품목에 관한 허가 및 심사 정보, 제조와 유통 이력,안전성 평가,부작용 사례,위해 정보 등을 포괄적으로 포함하고",https://www.data.go.kr/data/15068689/openapi.do,식품의약품안전처 식품의약품안전평가원,2025-11-23,1919,22,
식품의약품안전처 식품의약품안전평가원_식품의약품안전처 연구관리 민간 부담금 납부 조회 서비스,"[공통설명] 식약처 데이터는 의약품,식품,의료기기,화장품 등 다양한 품목에 관한 허가 및 심사 정보, 제조와 유통 이력,안전성 평가,부작용 사례,위해 정보 등을 포괄적으로 포함하고",https://www.data.go.kr/data/15068707/openapi.do,식품의약품안전처 식품의약품안전평가원,2025-11-23,1884,22,
식품의약품안전처 식품의약품안전평가원_식품의약품안전처 연구관리 민간 부담금 첨부파일 조회 서비스,"[공통설명] 식약처 데이터는 의약품,식품,의료기기,화장품 등 다양한 품목에 관한 허가 및 심사 정보, 제조와 유통 이력,안전성 평가,부작용 사례,위해 정보 등을 포괄적으로 포함하고",https://www.data.go.kr/data/15068710/openapi.do,식품의약품안전처 식품의약품안전평가원,2025-11-23,1835,22,
식품의약품안전처 식품의약품안전평가원_식품의약품안전처 연구관리 정산 계획 정산기관 조회 서비스,"[공통설명] 식약처 데이터는 의약품,식품,의료기기,화장품 등 다양한 품목에 관한 허가 및 심사 정보, 제조와 유통 이력,안전성 평가,부작용 사례,위해 정보 등을 포괄적으로 포함하고",https://www.data.go.kr/data/15069866/openapi.do,식품의약품안전처 식품의약품안전평가원,2025-11-23,2197,22,
경상북도 상주시_축산물 판매업 현황,"또한, 상주시 내 축산물 판매업체들의 체계적인 관리와 감독을 가능하게 하여, 식품 안전 및 위생 관리에 기여하며, 공공기관과 민간 부문 모두에서 참고할 수 있는 신뢰성 높은 정보 자원으로",https://www.data.go.kr/data/15124612/openapi.do,경상북도 상주시,2023-10-25,1165,30,
식품의약품안전처_학교 위탁급식업체 식재료 공급업체 정보,학교는 집단 급식 형태로 제한된 공간과 정해진 시간에 식품을 제공(섭취)함에 따라 식중독 발생 시 다수의 인원이 동시에 발생되어 대형 식중독으로 확대될 우려가 높고 납품받은 식재료에서,https://www.data.go.kr/data/15117410/openapi.do,식품의약품안전처,2025-08-12,2336,23,
식품의약품안전처 식품의약품안전평가원_식품의약품안전처 연구관리 전문기술분야코드 조회 서비스,"[공통설명] 식약처 데이터는 의약품,식품,의료기기,화장품 등 다양한 품목에 관한 허가 및 심사 정보, 제조와 유통 이력,안전성 평가,부작용 사례,위해 정보 등을 포괄적으로 포함하고",https://www.data.go.kr/data/15068280/openapi.do,식품의약품안전처 식품의약품안전평가원,2025-11-23,2279,21,
식품의약품안전처 식품의약품안전평가원_식품의약품안전처 연구관리 평가 위원회 분과 조회 서비스,"[공통설명] 식약처 데이터는 의약품,식품,의료기기,화장품 등 다양한 품목에 관한 허가 및 심사 정보, 제조와 유통 이력,안전성 평가,부작용 사례,위해 정보 등을 포괄적으로 포함하고",https://www.data.go.kr/data/15068387/openapi.do,식품의약품안전처 식품의약품안전평가원,2025-11-23,2093,21,
식품의약품안전처 식품의약품안전평가원_식품의약품안전처 연구관리 성과 항목 조회 서비스,"[공통설명] 식약처 데이터는 의약품,식품,의료기기,화장품 등 다양한 품목에 관한 허가 및 심사 정보, 제조와 유통 이력,안전성 평가,부작용 사례,위해 정보 등을 포괄적으로 포함하고",https://www.data.go.kr/data/15068696/openapi.do,식품의약품안전처 식품의약품안전평가원,2025-11-23,2217,21,
식품의약품안전처 식품의약품안전평가원_식품의약품안전처 연구관리 기술 실시 첨부파일 조회 서비스,"[공통설명] 식약처 데이터는 의약품,식품,의료기기,화장품 등 다양한 품목에 관한 허가 및 심사 정보, 제조와 유통 이력,안전성 평가,부작용 사례,위해 정보 등을 포괄적으로 포함하고",https://www.data.go.kr/data/15068701/openapi.do,식품의약품안전처 식품의약품안전평가원,2025-11-23,1894,21,
식품의약품안전처 식품의약품안전평가원_식품의약품안전처 연구관리 기술 실시 계약 조회 서비스,"[공통설명] 식약처 데이터는 의약품,식품,의료기기,화장품 등 다양한 품목에 관한 허가 및 심사 정보, 제조와 유통 이력,안전성 평가,부작용 사례,위해 정보 등을 포괄적으로 포함하고",https://www.data.go.kr/data/15068706/openapi.do,식품의약품안전처 식품의약품안전평가원,2025-11-23,1793,21,
식품의약품안전처 식품의약품안전평가원_식품의약품안전처 연구관리 단위사업 성과물 유형 조회 서비스,"[공통설명] 식약처 데이터는 의약품,식품,의료기기,화장품 등 다양한 품목에 관한 허가 및 심사 정보, 제조와 유통 이력,안전성 평가,부작용 사례,위해 정보 등을 포괄적으로 포함하고",https://www.data.go.kr/data/15068709/openapi.do,식품의약품안전처 식품의약품안전평가원,2025-11-23,1842,21,
식품의약품안전처_식중독 조기경보(SMS) 전파,학교는 집단 급식 형태로 제한된 공간과 정해진 시간에 식품을 제공(섭취)함에 따라 식중독 발생 시 다수의 인원이 동시에 발생되어 대형 식중독으로 확대될 우려가 높고 납품받은 식재료에서,https://www.data.go.kr/data/15117401/openapi.do,식품의약품안전처,2025-08-12,1207,16,
식품의약품안전처 식품의약품안전평가원_식품의약품안전처 연구관리 평가 서식 조회 서비스,"[공통설명] 식약처 데이터는 의약품,식품,의료기기,화장품 등 다양한 품목에 관한 허가 및 심사 정보, 제조와 유통 이력,안전성 평가,부작용 사례,위해 정보 등을 포괄적으로 포함하고",https://www.data.go.kr/data/15068389/openapi.do,식품의약품안전처 식품의약품안전평가원,2025-11-23,1962,20,
식품의약품안전처 식품의약품안전평가원_식품의약품안전처 연구관리 세부사업 성과지표 성과물 유형 조회 서비스,"[공통설명] 식약처 데이터는 의약품,식품,의료기기,화장품 등 다양한 품목에 관한 허가 및 심사 정보, 제조와 유통 이력,안전성 평가,부작용 사례,위해 정보 등을 포괄적으로 포함하고",https://www.data.go.kr/data/15068392/openapi.do,식품의약품안전처 식품의약품안전평가원,2025-11-23,2501,20,
식품의약품안전처 식품의약품안전평가원_식품의약품안전처 연구관리 성과지표 조회 서비스,"[공통설명] 식약처 데이터는 의약품,식품,의료기기,화장품 등 다양한 품목에 관한 허가 및 심사 정보, 제조와 유통 이력,안전성 평가,부작용 사례,위해 정보 등을 포괄적으로 포함하고",https://www.data.go.kr/data/15068662/openapi.do,식품의약품안전처 식품의약품안전평가원,2025-11-23,2134,20,
식품의약품안전처 식품의약품안전평가원_식품의약품안전처 연구관리 정산 결과 조회 서비스,"[공통 설명] 식약처 데이터는 의약품,식품,의료기기,화장품 등 다양한 품목에 관한 허가 및 심사 정보, 제조와 유통 이력, 안전성 평가,부작용 사례,위해 정보 등을 포괄적으로 포함하고",https://www.data.go.kr/data/15069868/openapi.do,식품의약품안전처 식품의약품안전평가원,2025-11-04,1948,20,
충청남도 계룡시_위생등급제 지정현황 API,충청남도 계룡시의 '위생등급제 지정현황 API' 데이터는 관내 식품위생업소 중 식품의약품안전처의 위생등급제를 획득한 업소들의 상세 정보를 실시간으로 제공하는 공공데이터 서비스입니다.,https://www.data.go.kr/data/15096011/openapi.do,충청남도 계룡시,2025-11-24,3488,16,
서울특별시농수산식품공사_일일등락품목(하락한품목),* 서울시농수산식품공사에서 제공중인 일일등락품목(하락한품목)에 대한 API 입니다.,https://www.data.go.kr/data/15076042/openapi.do,서울특별시농수산식품공사,2025-07-04,1563,12,
농림수산식품교육문화정보원_농수축산물 거래단량 매핑 정보조회,"이를 통해 효과적인 농수축산물 거래를 지원하고, 식품문화 관련 정책 수립 시 기초 자료로 활용되기도 합니다.",https://www.data.go.kr/data/15109065/openapi.do,농림수산식품교육문화정보원,2025-07-29,1035,29,
한국식품산업클러스터진흥원_인증,식품 관련 각종 인증·규격 정보를 표준 스키마로 제공합니다.,https://www.data.go.kr/data/15151513/openapi.do,한국식품산업클러스터진흥원,2025-11-10,123,19,
농촌진흥청 국립식량과학원_농식품 식단관리(메뉴젠)음식 및 이미지 정보,"수(total_Count), 순번(no), 음식코드(fd_Code), 음식 대분류(upper_Fd_Grupp_Nm), 음식 중분류(fd_Grupp_Nm), 음식 명(fd_Nm), 식품",https://www.data.go.kr/data/15143464/openapi.do,농촌진흥청 국립식량과학원,2025-07-29,479,15,
농림수산식품교육문화정보원_신구표준품목목록조회,"이러한 데이터는 농업, 수산업 및 식품 산업의 환경에서 이용되어, 품목 코드를 정확히 매핑하여 보다 효율적인 경영 및 거래에 기여할 수 있습니다.",https://www.data.go.kr/data/15109221/openapi.do,농림수산식품교육문화정보원,2025-07-29,962,19,
전라남도 보성군_차 가공식품 정보 데이터 조회 서비스,"보성군은 지역 내 차 산업의 부가가치를 높이고 소비자가 믿고 구매할 수 있는 가공제품 정보를 제공하기 위해, 관내외 식품 제조 기업의 생산 품목 데이터를 표준화된 인터페이스 형식으로",https://www.data.go.kr/data/15110244/openapi.do,전라남도 보성군,2026-01-15,1245,10,
식품의약품안전처 식품의약품안전평가원_국가생약자원 관능검사 부적합 사례,"수입 제조업체의 품질관리 기준서 반영을 의무화하며, 식품-의약품분야 시험-검사 기관평가규정에 따라 지정기관에 활용됩니다.",https://www.data.go.kr/data/15117161/openapi.do,식품의약품안전처 식품의약품안전평가원,2025-12-01,1143,12,
전라남도_보건환경연구원_환경소음측정망,"- 전라남도 및 대한민국 지방자치단체에서 운영하는 보건환경연구원은 지역 주민의 건강과 환경을 보호하고, 재난·감염병·식품 안전 등 공공 위협에 대응하는 핵심 기능을 수행하는 전문",https://www.data.go.kr/data/15133142/openapi.do,전라남도,2025-07-21,1481,7,
한국산업인력공단_분야별 전년도 산업현장교수 선정 통계,"직종별(기계관련직, 화학관련직, 섬유의복관련직, 전기전자관련직, 식품가공관련직, 건설관려직, 디자인문화콘텐츠관련직, 정보통신관련직, 디자인관련직(구), 생산품질관리관련직(구), 이미용관련직",https://www.data.go.kr/data/15111254/openapi.do,한국산업인력공단,2025-06-09,1535,9,
농림수산식품교육문화정보원_신구표준단위목록조회,따라서 농림축산업 관련 기관 및 연구자들에게 유용한 정보를 제공하게 됩니다.,https://www.data.go.kr/data/15109223/openapi.do,농림수산식품교육문화정보원,2025-07-29,734,3,
식품의약품안전처_공동급식소 등록 정보,학교는 집단 급식 형태로 제한된 공간과 정해진 시간에 식품을 제공(섭취)함에 따라 식중독 발생 시 다수의 인원이 동시에 발생되어 대형 식중독으로 확대될 우려가 높고 납품받은 식재료에서,https://www.data.go.kr/data/15117397/openapi.do,식품의약품안전처,2025-08-12,1081,9,
경상북도 영천시_동물병원 현황,해당 데이터와 관련하여 궁금하신 사항이 있으실 경우 영천시 농업기술센터 축산과로 연락주시기 바랍니다.,https://www.data.go.kr/data/15157795/openapi.do,경상북도 영천시,2026-03-24,34,3,
경상북도 영주시_안심식당 현황,"이를 통해 시민은 위생적으로 안심하고 방문할 수 있는 음식점을 쉽게 확인할 수 있으며, 정책 수립기관은 위생 인프라의 현황과 지역별 분포, 업종별 특성 등을 고려하여 방역 및 식품안전",https://www.data.go.kr/data/15110872/openapi.do,경상북도 영주시,2025-07-16,2207,18,
대구광역시 동구_나트륨줄이기실천음식점 현황,"이를 통해 이용자는 나트륨 섭취를 줄이면서 편리하게 이용할 수 있는 음식점을 선택할 수 있고, 행정기관은 식품위생과 건강 정책 관리, 모니터링, 평가에 활용할 수 있습니다.",https://www.data.go.kr/data/15110588/openapi.do,대구광역시 동구,2025-08-28,1530,15,
농촌진흥청 국립식량과학원_농식품 식단관리(메뉴젠) 음식 및 조리정보,"ckry_Sumry_Info), 순번(no), 음식코드(fd_Code), 음식 대분류(upper_Fd_Grupp_Nm), 음식 중분류(fd_Grupp_Nm), 음식 명(fd_Nm), 식품",https://www.data.go.kr/data/15143468/openapi.do,농촌진흥청 국립식량과학원,2025-07-29,420,10,
식품의약품안전처 식품의약품안전평가원_RND_MB_논문 서비스,"[공통설명] 식약처 데이터는 의약품,식품,의료기기,화장품 등 다양한 품목에 관한 허가 및 심사 정보, 제조와 유통 이력,안전성 평가,부작용 사례,위해 정보 등을 포괄적으로 포함하고",https://www.data.go.kr/data/15134055/openapi.do,식품의약품안전처 식품의약품안전평가원,2025-11-10,1029,13,
식품의약품안전처 식품의약품안전평가원_실험동물자원은행 자원관리 정보 서비스,"[공통설명] 식약처 데이터는 의약품,식품,의료기기,화장품 등 다양한 품목에 관한 허가 및 심사 정보, 제조와 유통 이력,안전성 평가,부작용 사례,위해 정보 등을 포괄적으로 포함하고",https://www.data.go.kr/data/15133589/openapi.do,식품의약품안전처 식품의약품안전평가원,2025-11-23,1177,16,
한국산업안전보건공단_위험기계기구 자율안전확인신고서 진위확인 조회서비스,"산업안전보건법 제89조(자율안전확인의 신고) - 대상 : 자율안전확인대상 기계,기구 등을 제조 및 수입하려는 자 - 대상품 : 연삭기,연마기,산업용로봇,혼합기,파쇄기,분쇄기,식품가공용기계",https://www.data.go.kr/data/15150184/openapi.do,한국산업안전보건공단,2025-11-27,306,7,
식품의약품안전처 식품의약품안전평가원_RND_MB_저역서실적 서비스,"[공통설명] 식약처 데이터는 의약품,식품,의료기기,화장품 등 다양한 품목에 관한 허가 및 심사 정보, 제조와 유통 이력,안전성 평가,부작용 사례,위해 정보 등을 포괄적으로 포함하고",https://www.data.go.kr/data/15133578/openapi.do,식품의약품안전처 식품의약품안전평가원,2025-11-10,685,10,
식품의약품안전처 식품의약품안전평가원_RND_MB_지식재산권 서비스,"[공통설명] 식약처 데이터는 의약품,식품,의료기기,화장품 등 다양한 품목에 관한 허가 및 심사 정보, 제조와 유통 이력,안전성 평가,부작용 사례,위해 정보 등을 포괄적으로 포함하고",https://www.data.go.kr/data/15133579/openapi.do,식품의약품안전처 식품의약품안전평가원,2025-11-10,699,10,
식품의약품안전처 식품의약품안전평가원_실험동물자원은행 분양자원 정보 서비스,"[공통설명] 식약처 데이터는 의약품,식품,의료기기,화장품 등 다양한 품목에 관한 허가 및 심사 정보, 제조와 유통 이력,안전성 평가,부작용 사례,위해 정보 등을 포괄적으로 포함하고",https://www.data.go.kr/data/15133588/openapi.do,식품의약품안전처 식품의약품안전평가원,2025-11-23,1023,11,
경상북도 영천시_공장 현황,"본 데이터는 자동차 부품, 플라스틱, 금속, 석재, 섬유, 식품 등 다양한 업종의 공장 정보를 포괄하고 있으며, 각 기업별 상세 주소와 생산품, 생산 규모, 면적 등을 구체적으로 제공하여",https://www.data.go.kr/data/15157767/openapi.do,경상북도 영천시,2026-03-24,86,3,
경상북도 영천시_일반음식점현황,"해당 데이터는 영천시의 관광, 지역경제 활성화, 식품 안전 및 위생 관리, 지역 상권 분석 등 다양한 목적으로 활용 가능하며, 공공기관의 정책 수립과 지역 맞춤형 서비스 제공에 기초",https://www.data.go.kr/data/15157786/openapi.do,경상북도 영천시,2026-03-24,85,2,
행정안전부_우수수산식품등인증기관행정처분,"- 해당 데이터는 국립수산물품질관리원에서 제공하는 우수수산식품 인증기관 행정처분 정보입니다.""",https://www.data.go.kr/data/15153251/openapi.do,행정안전부,2025-11-20,54,0,
