apiId,name,englishName,enabled,version,sourceUrl
20141120000000000081,칼로리,EPIS_CALORY,Y,1.0,https://data.mafra.go.kr/opendata/data/indexOpenDataDetail.do?data_id=20240806000000002609
20141220000000000118,일반농산어촌지역개발 사업정보,TI_EPIS_AGCTL_CMPRDEVL,Y,1.0,https://data.mafra.go.kr/opendata/data/indexOpenDataDetail.do?data_id=20240806000000002609
20151028000000000250,소브루셀라 이동제한 정보,TI_MAFRA_BVBCS_MVMN_LMTT_INFO,Y,1.0,https://data.mafra.go.kr/opendata/data/indexOpenDataDetail.do?data_id=20240806000000002609
20141221000000000121,농수축산물 표준등급코드,TI_EPIS_AP_ST_GRAD_CD,Y,1.0,https://data.mafra.go.kr/opendata/data/indexOpenDataDetail.do?data_id=20240806000000002609
20141221000000000122,농수축산물 표준단위코드,TI_EPIS_REAL_UNITCODE,Y,1.0,https://data.mafra.go.kr/opendata/data/indexOpenDataDetail.do?data_id=20240806000000002609
20141221000000000123,농수축산물 도매시장법인코드,TI_EPIS_AP_WMC_CD,Y,1.0,https://data.mafra.go.kr/opendata/data/indexOpenDataDetail.do?data_id=20240806000000002609
20141221000000000124,농수축산물 도매시장코드,TI_EPIS_AP_WM_CD,Y,1.0,https://data.mafra.go.kr/opendata/data/indexOpenDataDetail.do?data_id=20240806000000002609
20141221000000000125,농수축산물 조사가격 품목코드,TI_EPIS_IF_ITEM_CODE,Y,1.0,https://data.mafra.go.kr/opendata/data/indexOpenDataDetail.do?data_id=20240806000000002609
20141223000000000140,양잠산물 생산현황,TI_MAFRA_SILKWM_FARM_BULK,Y,1.0,https://data.mafra.go.kr/opendata/data/indexOpenDataDetail.do?data_id=20240806000000002609
20141223000000000145,양장농가현황(기능성 양잠업 종사경력),TI_MAFRA_FUNCTIONALITY_ENGAGE,Y,1.0,https://data.mafra.go.kr/opendata/data/indexOpenDataDetail.do?data_id=20240806000000002609
20141224000000000146,농업용 면세유 사용위반(용도외 사용) 정보 현황,TI_MAFRA_TAXXPT_OIL_VIOLT,Y,1.0,https://data.mafra.go.kr/opendata/data/indexOpenDataDetail.do?data_id=20240806000000002609
20141229000000000188,농수축산물 조사가격 품목코드,TI_EPIS_AP_ET_PRDLST_CD,Y,1.0,https://data.mafra.go.kr/opendata/data/indexOpenDataDetail.do?data_id=20240806000000002609
20150108000000000189,시도별 재배현황(품목별 재배현황),TI_MAFRA_CTPRVN_PRDLST_STTUS,Y,1.0,https://data.mafra.go.kr/opendata/data/indexOpenDataDetail.do?data_id=20240806000000002609
20150108000000000190,식물병해충검역정보,TI_QIA_PLNT_DBYHS_QRANT,Y,1.0,https://data.mafra.go.kr/opendata/data/indexOpenDataDetail.do?data_id=20240806000000002609
20150407000000000218,낙농체험 목장 정보,TI_MAFRA_EXPRN_FARM_INFO,Y,1.0,https://data.mafra.go.kr/opendata/data/indexOpenDataDetail.do?data_id=20240806000000002609
20150401000000000216,전국 도매시장 일별 실시간 경락가격,TI_EPIS_MRKT_DAY_REAL_TIME_AUC,Y,1.0,https://data.mafra.go.kr/opendata/data/indexOpenDataDetail.do?data_id=20240806000000002609
20151027000000000245,친환경인증품목별현황,TI_NAQS_EVRFRND_CRTFC_PR_INFO,Y,1.0,https://data.mafra.go.kr/opendata/data/indexOpenDataDetail.do?data_id=20240806000000002609
20151028000000000249,소브루셀라 검사결과현황,TI_MAFRA_BVBCS_INSPCT,Y,1.0,https://data.mafra.go.kr/opendata/data/indexOpenDataDetail.do?data_id=20240806000000002609
20151029000000000274,시설채소온실현황,TI_MAFRA_T_VTTD_ALL,Y,1.0,https://data.mafra.go.kr/opendata/data/indexOpenDataDetail.do?data_id=20240806000000002609
20151029000000000275,특별긴급관세,TI_MAFRA_T_SPCL_EMRY_CSTS,Y,1.0,https://data.mafra.go.kr/opendata/data/indexOpenDataDetail.do?data_id=20240806000000002609
20151029000000000276,관세율현황,TI_MAFRA_T_ARPRD_TRR_ST,Y,1.0,https://data.mafra.go.kr/opendata/data/indexOpenDataDetail.do?data_id=20240806000000002609
20151029000000000277,국가별인증실적변동,TI_MAFRA_T_NAT_CTFSL_CHN,Y,1.0,https://data.mafra.go.kr/opendata/data/indexOpenDataDetail.do?data_id=20240806000000002609
20151029000000000278,식생활우수농천체험,TI_MAFRA_T_DTDC_EXPRN_AP,Y,1.0,https://data.mafra.go.kr/opendata/data/indexOpenDataDetail.do?data_id=20240806000000002609
20151029000000000279,정부지원RPC현황,TI_MAFRA_T_RICE_GNRPRS_ST,Y,1.0,https://data.mafra.go.kr/opendata/data/indexOpenDataDetail.do?data_id=20240806000000002609
20151029000000000280,컨설팅지원및업체현황,TI_MAFRA_T_CNSL_SPT_ENS_ST,Y,1.0,https://data.mafra.go.kr/opendata/data/indexOpenDataDetail.do?data_id=20240806000000002609
20151029000000000281,달평균음융횟수,TI_MAFRA_A_MTAVRG_DKPSCO,Y,1.0,https://data.mafra.go.kr/opendata/data/indexOpenDataDetail.do?data_id=20240806000000002609
20151029000000000282,도별생산주종,TI_MAFRA_A_DOO_PRDMSSN,Y,1.0,https://data.mafra.go.kr/opendata/data/indexOpenDataDetail.do?data_id=20240806000000002609
20151029000000000283,주류시장현황,TI_MAFRA_A_ACQRMK_T,Y,1.0,https://data.mafra.go.kr/opendata/data/indexOpenDataDetail.do?data_id=20240806000000002609
20151029000000000284,외식업경기지수,TI_MAFRA_A_FOODC_GGIDEX,Y,1.0,https://data.mafra.go.kr/opendata/data/indexOpenDataDetail.do?data_id=20240806000000002609
20151029000000000285,외식업규모별,TI_MAFRA_A_FOODC_SCALE,Y,1.0,https://data.mafra.go.kr/opendata/data/indexOpenDataDetail.do?data_id=20240806000000002609
20151029000000000286,외식업지역별,TI_MAFRA_A_FOODC_ARA,Y,1.0,https://data.mafra.go.kr/opendata/data/indexOpenDataDetail.do?data_id=20240806000000002609
20151029000000000287,한식분기별,TI_MAFRA_A_KOR_FOD_QU_GG,Y,1.0,https://data.mafra.go.kr/opendata/data/indexOpenDataDetail.do?data_id=20240806000000002609
20151029000000000288,한식좌석별,TI_MAFRA_A_KOR_FOD_SET_GG,Y,1.0,https://data.mafra.go.kr/opendata/data/indexOpenDataDetail.do?data_id=20240806000000002609
20151029000000000289,한식지역별,TI_MAFRA_A_KOR_FOD_ARA_GG,Y,1.0,https://data.mafra.go.kr/opendata/data/indexOpenDataDetail.do?data_id=20240806000000002609
20151029000000000290,생산품목별원가구성,TI_MAFRA_A_PRDK_PRMPC_CO,Y,1.0,https://data.mafra.go.kr/opendata/data/indexOpenDataDetail.do?data_id=20240806000000002609
20151029000000000291,원료별국산원료사용비중,TI_MAFRA_A_ML_DOME_USMP,Y,1.0,https://data.mafra.go.kr/opendata/data/indexOpenDataDetail.do?data_id=20240806000000002609
20151029000000000292,농지시군별거래현황,TI_MAFRA_A_FRLND_SIGUN_DST,Y,1.0,https://data.mafra.go.kr/opendata/data/indexOpenDataDetail.do?data_id=20240806000000002609
20151029000000000293,동행응답자특성,TI_MAFRA_A_CT_RPD_CHR,Y,1.0,https://data.mafra.go.kr/opendata/data/indexOpenDataDetail.do?data_id=20240806000000002609
20151029000000000294,음식점인지경로,TI_MAFRA_A_RSTR_PAPSP_CS,Y,1.0,https://data.mafra.go.kr/opendata/data/indexOpenDataDetail.do?data_id=20240806000000002609
20151029000000000295,여성농업담당비중,TI_MAFRA_A_FEE_FARRG_MP,Y,1.0,https://data.mafra.go.kr/opendata/data/indexOpenDataDetail.do?data_id=20240806000000002609
20151029000000000296,여성농업외소득활동,TI_MAFRA_A_FEE_FAREL_INCOM,Y,1.0,https://data.mafra.go.kr/opendata/data/indexOpenDataDetail.do?data_id=20240806000000002609
20151029000000000297,여성시급해결과제,TI_MAFRA_A_FEE_PYUT_TASK,Y,1.0,https://data.mafra.go.kr/opendata/data/indexOpenDataDetail.do?data_id=20240806000000002609
20151104000000000298,축산업허가등록현황,TI_MAFRA_STKRS_PRMISN_RESTTUS,Y,1.0,https://data.mafra.go.kr/opendata/data/indexOpenDataDetail.do?data_id=20240806000000002609
20151104000000000299,가축거래상인등록현황,TI_MAFRA_LVSTCK_DEALER_RESTTUS,Y,1.0,https://data.mafra.go.kr/opendata/data/indexOpenDataDetail.do?data_id=20240806000000002609
20151112000000000300,국제곡물가격정보,TI_KREI_INTRL_CRLS_PC_INFO,Y,1.0,https://data.mafra.go.kr/opendata/data/indexOpenDataDetail.do?data_id=20240806000000002609
20151124000000000301,경영이양직접지불제 통계자료,TI_KRC_ADMINISTTRAN_DIRPYM_STA,Y,1.0,https://data.mafra.go.kr/opendata/data/indexOpenDataDetail.do?data_id=20240806000000002609
20151124000000000302,농지규모화 사업추진실적,TI_KRC_FRLND_SBP_AMST,Y,1.0,https://data.mafra.go.kr/opendata/data/indexOpenDataDetail.do?data_id=20240806000000002609
20151124000000000303,과원규모화 사업추진실적,TI_KRC_ORCHARD_SBPRTN_AMST,Y,1.0,https://data.mafra.go.kr/opendata/data/indexOpenDataDetail.do?data_id=20240806000000002609
20151124000000000304,지급방식별 가입분석,TI_KRC_PYTHD_SBSCRB_ANALS,Y,1.0,https://data.mafra.go.kr/opendata/data/indexOpenDataDetail.do?data_id=20240806000000002609
20151124000000000305,담보농지 분석,TI_KRC_MRTGG_FRLND_ANALS,Y,1.0,https://data.mafra.go.kr/opendata/data/indexOpenDataDetail.do?data_id=20240806000000002609
20151124000000000306,임대수탁 농지분석,TI_KRC_RENT_TRFR_ANALS,Y,1.0,https://data.mafra.go.kr/opendata/data/indexOpenDataDetail.do?data_id=20240806000000002609
20151124000000000307,경영회생 지역별 추진실적,TI_KRC_ADMINISTTRAN_RARP_AMST,Y,1.0,https://data.mafra.go.kr/opendata/data/indexOpenDataDetail.do?data_id=20240806000000002609
20151124000000000308,매입비축 도별 임대현황,TI_KRC_PUCHAS_SVDORENT_STUS,Y,1.0,https://data.mafra.go.kr/opendata/data/indexOpenDataDetail.do?data_id=20240806000000002609
20151125000000000309,원천산지공판장가격목록조회,VIEW_SRC_MTC_JMRKT_PC_LIST,Y,1.0,https://data.mafra.go.kr/opendata/data/indexOpenDataDetail.do?data_id=20240806000000002609
20151125000000000310,원천산지위판장가격목록조회,VIEW_SRC_MTC_CTTMLT_PC_LIST,Y,1.0,https://data.mafra.go.kr/opendata/data/indexOpenDataDetail.do?data_id=20240806000000002609
20151127000000000311,원천정산경락가격품목목록조회,VIEW_EXCCLC_AUCCT_PC_PRDLST,Y,1.0,https://data.mafra.go.kr/opendata/data/indexOpenDataDetail.do?data_id=20240806000000002609
20151127000000000312,원천정산경락가격도매시장목록조회,VIEW_EXCCLC_AUCCT_MRKT_PRDLST,Y,1.0,https://data.mafra.go.kr/opendata/data/indexOpenDataDetail.do?data_id=20240806000000002609
20151127000000000313,원천실시간경락가격품목목록조회,VIEW_RLTM_AUCCT_PC_PRDLST,Y,1.0,https://data.mafra.go.kr/opendata/data/indexOpenDataDetail.do?data_id=20240806000000002609
20151127000000000314,원천실시간경락가격도매시장목록조회,VIEW_RLTM_AUCCT_MRKT_PRDLST,Y,1.0,https://data.mafra.go.kr/opendata/data/indexOpenDataDetail.do?data_id=20240806000000002609
20151128000000000315,농수축산물조사가격상세정보,VIEW_ODM_EXAMIN_PRIC_OPEN,Y,1.0,https://data.mafra.go.kr/opendata/data/indexOpenDataDetail.do?data_id=20240806000000002609
20151204000000000316,가축질병발생정보,TI_QIA_LVSTCK_DISOCNC_INFO,Y,1.0,https://data.mafra.go.kr/opendata/data/indexOpenDataDetail.do?data_id=20240806000000002609
20151204000000000317,동물질병정보,TI_QIA_ANIMAL_DISS_INFO,Y,1.0,https://data.mafra.go.kr/opendata/data/indexOpenDataDetail.do?data_id=20240806000000002609
20151204000000000318,수의유전자원정보,TI_QIA_VLTRN_GENSRC_INFO,Y,1.0,https://data.mafra.go.kr/opendata/data/indexOpenDataDetail.do?data_id=20240806000000002609
20141119000000000002,수입축산물 검역 합격현황,QIA_IMPORT_SFRMPRD_PSEXAM,Y,1.0,https://data.mafra.go.kr/opendata/data/indexOpenDataDetail.do?data_id=20240806000000002609
20141119000000000007,우수 식품 인증정보,NAQS_EXCLNC_FOOD_CRTFC,Y,1.0,https://data.mafra.go.kr/opendata/data/indexOpenDataDetail.do?data_id=20240806000000002609
20141119000000000010,정부생산 보급종자 검사 결과,SEED_GVRN_SPCIES_INSPCT,Y,1.0,https://data.mafra.go.kr/opendata/data/indexOpenDataDetail.do?data_id=20240806000000002609
20141119000000000013,종자수입생산판매 신고 정보,SEED_SIDBIZ_STTEMNT,Y,1.0,https://data.mafra.go.kr/opendata/data/indexOpenDataDetail.do?data_id=20240806000000002609
20141119000000000017,농림축산검역검사기술개발 연구성과 정보,QIA_QRANT_RSRCH_RSLT,Y,1.0,https://data.mafra.go.kr/opendata/data/indexOpenDataDetail.do?data_id=20240806000000002609
20141119000000000019,주요시설,KRC_MAIN_FCLTY,Y,1.0,https://data.mafra.go.kr/opendata/data/indexOpenDataDetail.do?data_id=20240806000000002609
20141119000000000020,지역축제,KRC_AREA_FSTVL,Y,1.0,https://data.mafra.go.kr/opendata/data/indexOpenDataDetail.do?data_id=20240806000000002609
20141119000000000021,마을축제,KRC_VILAGE_FSTVL,Y,1.0,https://data.mafra.go.kr/opendata/data/indexOpenDataDetail.do?data_id=20240806000000002609
20141119000000000022,체험마을주변숙박,KRC_EXPRN_CFR_STAYNG,Y,1.0,https://data.mafra.go.kr/opendata/data/indexOpenDataDetail.do?data_id=20240806000000002609
20141119000000000023,동네맛집,KRC_VILCFR_TASTE_HOUSE,Y,1.0,https://data.mafra.go.kr/opendata/data/indexOpenDataDetail.do?data_id=20240806000000002609
20141119000000000024,체험식단,KRC_EXPRN_DIET,Y,1.0,https://data.mafra.go.kr/opendata/data/indexOpenDataDetail.do?data_id=20240806000000002609
20141119000000000025,농업 수입지출 통계정보(총괄통계),EPIS_FARM_SMRIZE_STATS,Y,1.0,https://data.mafra.go.kr/opendata/data/indexOpenDataDetail.do?data_id=20240806000000002609
20141119000000000026,자원·환경·생태기반R&D 특허정보,IPET_RESRCE_ENVRN_PATENT,Y,1.0,https://data.mafra.go.kr/opendata/data/indexOpenDataDetail.do?data_id=20240806000000002609
20141119000000000027,자원·환경·생태기반R&D 완료과제_최종보고서정보,IPET_RESRCE_ENVRN_REPRT,Y,1.0,https://data.mafra.go.kr/opendata/data/indexOpenDataDetail.do?data_id=20240806000000002609
20141119000000000029,자원·환경·생태기반R&D 과제정보,IPET_RESRCE_ENVRN_TASK,Y,1.0,https://data.mafra.go.kr/opendata/data/indexOpenDataDetail.do?data_id=20240806000000002609
20141119000000000032,식품·유통R&D 과제정보,IPET_FOOD_DISTB_TASK,Y,1.0,https://data.mafra.go.kr/opendata/data/indexOpenDataDetail.do?data_id=20240806000000002609
20141119000000000042,바이오R&D 논문정보,IPET_BIO_THESIS,Y,1.0,https://data.mafra.go.kr/opendata/data/indexOpenDataDetail.do?data_id=20240806000000002609
20141119000000000043,바이오R&D 과제정보,IPET_BIO_TASK,Y,1.0,https://data.mafra.go.kr/opendata/data/indexOpenDataDetail.do?data_id=20240806000000002609
20141119000000000046,문화R&D 논문정보,IPET_CLTUR_THESIS,Y,1.0,https://data.mafra.go.kr/opendata/data/indexOpenDataDetail.do?data_id=20240806000000002609
20141119000000000047,문화R&D 과제정보,IPET_CLTUR_TASK,Y,1.0,https://data.mafra.go.kr/opendata/data/indexOpenDataDetail.do?data_id=20240806000000002609
20141119000000000049,IBT융합기술R&D 완료과제_최종보고서정보,IPET_IBT_REPRT,Y,1.0,https://data.mafra.go.kr/opendata/data/indexOpenDataDetail.do?data_id=20240806000000002609
20141119000000000053,우수외식업지구 식당현황,MAFRA_EXCLNC_FDBSN_DSTRC,Y,1.0,https://data.mafra.go.kr/opendata/data/indexOpenDataDetail.do?data_id=20240806000000002609
20141119000000000054,사단법인,MAFRA_CRGGRG,Y,1.0,https://data.mafra.go.kr/opendata/data/indexOpenDataDetail.do?data_id=20240806000000002609
20141119000000000055,토양개량제지원 현황,MAFRA_SPRV_SPORT_STTUS,Y,1.0,https://data.mafra.go.kr/opendata/data/indexOpenDataDetail.do?data_id=20240806000000002609
20141119000000000057,조건불리지역 직불 지급현황,MAFRA_DSDVN_DEBIT_PYMNT,Y,1.0,https://data.mafra.go.kr/opendata/data/indexOpenDataDetail.do?data_id=20240806000000002609
20141119000000000060,쌀소득등보전직불제 지급현황_고정,MAFRA_RICE_DEBIT_FIX,Y,1.0,https://data.mafra.go.kr/opendata/data/indexOpenDataDetail.do?data_id=20240806000000002609
20141119000000000064,경관보전직불 사업지구,MAFRA_SCENE_PRESV_BSNS,Y,1.0,https://data.mafra.go.kr/opendata/data/indexOpenDataDetail.do?data_id=20240806000000002609
20141119000000000066,유제품별 생산 및 소비실적,MAFRA_DYCTS_PRDCTN_CNSMP,Y,1.0,https://data.mafra.go.kr/opendata/data/indexOpenDataDetail.do?data_id=20240806000000002609
20141119000000000067,시도별 우유 생산량,MAFRA_CTPRVN_MILK_PRDCTN,Y,1.0,https://data.mafra.go.kr/opendata/data/indexOpenDataDetail.do?data_id=20240806000000002609
20141119000000000069,연도별 가공업체 현황,MAFRA_YEAR_PRCSS_ENTRPS,Y,1.0,https://data.mafra.go.kr/opendata/data/indexOpenDataDetail.do?data_id=20240806000000002609
20141119000000000072,식품·유통R&D 특허정보,IPET_FOOD_DISTB_PATENT,Y,1.0,https://data.mafra.go.kr/opendata/data/indexOpenDataDetail.do?data_id=20240806000000002609
20141119000000000074,과실류 가공내역,MAFRA_FRUIT_PRCSS_DETAILS,Y,1.0,https://data.mafra.go.kr/opendata/data/indexOpenDataDetail.do?data_id=20240806000000002609
20141119000000000080,농업기계 보유현황,MAFRA_FCH_HOLD_STTUS,Y,1.0,https://data.mafra.go.kr/opendata/data/indexOpenDataDetail.do?data_id=20240806000000002609
20141201000000000082,농식품공무원교육원 교육정보,ATI_EDC_INFO,Y,1.0,https://data.mafra.go.kr/opendata/data/indexOpenDataDetail.do?data_id=20240806000000002609
20141217000000000096,학교장터연계상품,TI_KRC_SCHUL_MRKTPLCE_GOODS,Y,1.0,https://data.mafra.go.kr/opendata/data/indexOpenDataDetail.do?data_id=20240806000000002609
20141217000000000098,체험마을탐방,TI_KRC_EXPRN_VILAGE_VISIT,Y,1.0,https://data.mafra.go.kr/opendata/data/indexOpenDataDetail.do?data_id=20240806000000002609
20141217000000000099,여행작가추천여행,TI_KRC_WRITR_RECOMEND_TOUR,Y,1.0,https://data.mafra.go.kr/opendata/data/indexOpenDataDetail.do?data_id=20240806000000002609
20141217000000000100,농어촌체험마을,TI_KRC_FMLG_EXPRN_VILAGE,Y,1.0,https://data.mafra.go.kr/opendata/data/indexOpenDataDetail.do?data_id=20240806000000002609
20141217000000000101,승용마 및 제주산 등록 내역,TI_KRA_REGIST_A_RING_HRE,Y,1.0,https://data.mafra.go.kr/opendata/data/indexOpenDataDetail.do?data_id=20240806000000002609
20141217000000000106,경주마정보,TI_KRA_RCHOSE_INFO,Y,1.0,https://data.mafra.go.kr/opendata/data/indexOpenDataDetail.do?data_id=20240806000000002609
20141217000000000108,품목관측정보-월보,TI_KREI_PRDLST_OBSR_ND_MTHPR,Y,1.0,https://data.mafra.go.kr/opendata/data/indexOpenDataDetail.do?data_id=20240806000000002609
20141217000000000110,품목관측-관측속보,TI_KREI_PRDLST_OBSR_BRKNEWS,Y,1.0,https://data.mafra.go.kr/opendata/data/indexOpenDataDetail.do?data_id=20240806000000002609
20141218000000000117,모두투어연계상품,TI_KRC_MODETOUR_CNTC_GOODS,Y,1.0,https://data.mafra.go.kr/opendata/data/indexOpenDataDetail.do?data_id=20240806000000002609
20141221000000000120,농수축산물 표준품목코드,TI_EPIS_AP_ST_PRDLST_CD,Y,1.0,https://data.mafra.go.kr/opendata/data/indexOpenDataDetail.do?data_id=20240806000000002609
20141222000000000127,양잠현황(총괄),TI_MAFRA_SILKWM_FARM_SMRIZE,Y,1.0,https://data.mafra.go.kr/opendata/data/indexOpenDataDetail.do?data_id=20240806000000002609
20141222000000000128,위반정보,TI_MAFRA_TAXXPT_OIL_VIOLT,Y,1.0,https://data.mafra.go.kr/opendata/data/indexOpenDataDetail.do?data_id=20240806000000002609
20141222000000000129,가축 인공수정사 면허취득 현황,TI_MAFRA_ARTINSEMI_LCNS_ACQS,Y,1.0,https://data.mafra.go.kr/opendata/data/indexOpenDataDetail.do?data_id=20240806000000002609
20141222000000000132,경영주 경영체수 현황,TI_MAFRA_OWNER_MNENT,Y,1.0,https://data.mafra.go.kr/opendata/data/indexOpenDataDetail.do?data_id=20240806000000002609
20141222000000000133,농업법인 경영체수 현황,TI_MAFRA_AGCRPT_MNENT,Y,1.0,https://data.mafra.go.kr/opendata/data/indexOpenDataDetail.do?data_id=20240806000000002609
20141222000000000134,전체 노지작물 수확(재배) 경영체수 현황,TI_MAFRA_ALL_CROPS_MNENT,Y,1.0,https://data.mafra.go.kr/opendata/data/indexOpenDataDetail.do?data_id=20240806000000002609
20141222000000000137,"한우,송아지 피해보전직불 지원현황",TI_MAFRA_KORCTT_DMGE_DEBIT,Y,1.0,https://data.mafra.go.kr/opendata/data/indexOpenDataDetail.do?data_id=20240806000000002609
20141222000000000138,후계농 지원사업 선정현황,TI_MAFRA_SUCCFRMER_SPORT,Y,1.0,https://data.mafra.go.kr/opendata/data/indexOpenDataDetail.do?data_id=20240806000000002609
20141222000000000139,우수후계농 지원사업 선정현황,TI_MAFRA_EXCLNC_SUCCFRMER,Y,1.0,https://data.mafra.go.kr/opendata/data/indexOpenDataDetail.do?data_id=20240806000000002609
20141223000000000142,누에사육 규모별 농가수,TI_MAFRA_SCALE_FRMHS_CO,Y,1.0,https://data.mafra.go.kr/opendata/data/indexOpenDataDetail.do?data_id=20240806000000002609
20141224000000000148,하추곡 매입검사 실적,TI_NAQS_GRAIN_INSPCT_ACMSLT,Y,1.0,https://data.mafra.go.kr/opendata/data/indexOpenDataDetail.do?data_id=20240806000000002609
20141225000000000158,화훼류 시세현황,TI_AT_FLPLNT_CURPRC_STTUS,Y,1.0,https://data.mafra.go.kr/opendata/data/indexOpenDataDetail.do?data_id=20240806000000002609
20141225000000000160,농수축산물 친환경가격,TI_AT_EVRFRND_PRICE,Y,1.0,https://data.mafra.go.kr/opendata/data/indexOpenDataDetail.do?data_id=20240806000000002609
20141225000000000164,수출식물검역정보,TI_QIA_XPORT_PLNT_QRANT,Y,1.0,https://data.mafra.go.kr/opendata/data/indexOpenDataDetail.do?data_id=20240806000000002609
20141226000000000165,시도별 재배현황,TI_MAFRA_CTPRVN_CTVT,Y,1.0,https://data.mafra.go.kr/opendata/data/indexOpenDataDetail.do?data_id=20240806000000002609
20141226000000000166,시도별 재배시설현황,TI_MAFRA_CTPRVN_CTVT_FCLTY,Y,1.0,https://data.mafra.go.kr/opendata/data/indexOpenDataDetail.do?data_id=20240806000000002609
20141226000000000173,시도별 재배현황(재배농가),TI_MAFRA_CTPRVN_CTVT_FRMHS,Y,1.0,https://data.mafra.go.kr/opendata/data/indexOpenDataDetail.do?data_id=20240806000000002609
20150109000000000196,축산물 실시간 소도체 등급별경매현황정보,TI_EKAPE_RLTM_CTTLE_GRAD_AUC,Y,1.0,https://data.mafra.go.kr/opendata/data/indexOpenDataDetail.do?data_id=20240806000000002609
20150109000000000206,소 등급판정결과(확인서)정보,TI_EKAPE_CTTLE_GRAD_JDGMNT,Y,1.0,https://data.mafra.go.kr/opendata/data/indexOpenDataDetail.do?data_id=20240806000000002609
20150109000000000209,돼지 등급판정 부위별고기및부산물 정보,TI_EKAPE_PIG_REGN_MEAT,Y,1.0,https://data.mafra.go.kr/opendata/data/indexOpenDataDetail.do?data_id=20240806000000002609
20141119000000000001,수입축산물 검역 불합격현황,QIA_IMPORT_SFRMPRD_DSQLFC,Y,1.0,https://data.mafra.go.kr/opendata/data/indexOpenDataDetail.do?data_id=20240806000000002609
20141119000000000004,수입동물 검역 불합격현황,QIA_IMPORT_ANIMAL_DSQLFC,Y,1.0,https://data.mafra.go.kr/opendata/data/indexOpenDataDetail.do?data_id=20240806000000002609
20141119000000000005,표준규격품 사후관리 실적통계,NAQS_SNSDR_POSMANT_ACMSLT,Y,1.0,https://data.mafra.go.kr/opendata/data/indexOpenDataDetail.do?data_id=20240806000000002609
20141119000000000006,연간 정곡검사 통계,NAQS_FYER_TSHRICE_INSPCT,Y,1.0,https://data.mafra.go.kr/opendata/data/indexOpenDataDetail.do?data_id=20240806000000002609
20141119000000000011,정부보급종 생산공급 통계,SEED_GVRN_SPCIES_STATS,Y,1.0,https://data.mafra.go.kr/opendata/data/indexOpenDataDetail.do?data_id=20240806000000002609
20141119000000000012,전국 도매시장 일별 경락가격,EPIS_WHSAL_MRKT_DAY_AUCCT,Y,1.0,https://data.mafra.go.kr/opendata/data/indexOpenDataDetail.do?data_id=20240806000000002609
20141119000000000014,품종보호권 출원/등록 정보,SEED_VRPTRT_APLC,Y,1.0,https://data.mafra.go.kr/opendata/data/indexOpenDataDetail.do?data_id=20240806000000002609
20141119000000000015,동물의약품 허가결과정보,QIA_MDCIN_PRMISN_RESULT,Y,1.0,https://data.mafra.go.kr/opendata/data/indexOpenDataDetail.do?data_id=20240806000000002609
20141119000000000016,수출동물 검역현황,QIA_XPORT_ANIMAL_QRANT,Y,1.0,https://data.mafra.go.kr/opendata/data/indexOpenDataDetail.do?data_id=20240806000000002609
20141119000000000018,캠핑,KRC_CAMPING,Y,1.0,https://data.mafra.go.kr/opendata/data/indexOpenDataDetail.do?data_id=20240806000000002609
20141119000000000028,자원·환경·생태기반R&D 논문정보,IPET_RESRCE_ENVRN_THESIS,Y,1.0,https://data.mafra.go.kr/opendata/data/indexOpenDataDetail.do?data_id=20240806000000002609
20141119000000000030,식품·유통R&D 완료과제_최종보고서정보,IPET_FOOD_DISTB_REPRT,Y,1.0,https://data.mafra.go.kr/opendata/data/indexOpenDataDetail.do?data_id=20240806000000002609
20141119000000000037,생산·가공R&D 완료과제_최종보고서정보,IPET_PRDCTN_PRCSS_REPRT,Y,1.0,https://data.mafra.go.kr/opendata/data/indexOpenDataDetail.do?data_id=20240806000000002609
20141119000000000038,생산·가공R&D 논문정보,IPET_PRDCTN_PRCSS_THESIS,Y,1.0,https://data.mafra.go.kr/opendata/data/indexOpenDataDetail.do?data_id=20240806000000002609
20141119000000000039,생산·가공R&D 과제정보,IPET_PRDCTN_PRCSS_TASK,Y,1.0,https://data.mafra.go.kr/opendata/data/indexOpenDataDetail.do?data_id=20240806000000002609
20141119000000000040,바이오R&D 특허정보,IPET_BIO_PATENT,Y,1.0,https://data.mafra.go.kr/opendata/data/indexOpenDataDetail.do?data_id=20240806000000002609
20141119000000000041,바이오R&D 완료과제_최종보고서정보,IPET_BIO_REPRT,Y,1.0,https://data.mafra.go.kr/opendata/data/indexOpenDataDetail.do?data_id=20240806000000002609
20141119000000000044,문화R&D 특허정보,IPET_CLTUR_PATENT,Y,1.0,https://data.mafra.go.kr/opendata/data/indexOpenDataDetail.do?data_id=20240806000000002609
20141119000000000048,IBT융합기술R&D 특허정보,IPET_IBT_PATENT,Y,1.0,https://data.mafra.go.kr/opendata/data/indexOpenDataDetail.do?data_id=20240806000000002609
20141119000000000050,IBT융합기술R&D 논문정보,IPET_IBT_THESIS,Y,1.0,https://data.mafra.go.kr/opendata/data/indexOpenDataDetail.do?data_id=20240806000000002609
20141119000000000059,쌀소득등보전직불제 지급현황_변동,MAFRA_RICE_DEBIT_CHG,Y,1.0,https://data.mafra.go.kr/opendata/data/indexOpenDataDetail.do?data_id=20240806000000002609
20141119000000000061,밭농업직불제,MAFRA_FILD_FARMNG_DEBIT,Y,1.0,https://data.mafra.go.kr/opendata/data/indexOpenDataDetail.do?data_id=20240806000000002609
20141119000000000062,재배품목별 면세유 공급현황,MAFRA_PRDLST_TAXXPT_OIL,Y,1.0,https://data.mafra.go.kr/opendata/data/indexOpenDataDetail.do?data_id=20240806000000002609
20141119000000000063,지역별.유종별 면세유 공급량,MAFRA_AREA_TAXXPT_OIL,Y,1.0,https://data.mafra.go.kr/opendata/data/indexOpenDataDetail.do?data_id=20240806000000002609
20141119000000000065,특용작물생산통계,MAFRA_CPCLPR_PRDCTN_STTUS,Y,1.0,https://data.mafra.go.kr/opendata/data/indexOpenDataDetail.do?data_id=20240806000000002609
20141119000000000068,배합사료생산실적,MAFRA_ARDD_PRDCTN_ACMSLT,Y,1.0,https://data.mafra.go.kr/opendata/data/indexOpenDataDetail.do?data_id=20240806000000002609
20141119000000000070,농림업생산지수,MAFRA_AGLFRS_PRDCTN_IDEX,Y,1.0,https://data.mafra.go.kr/opendata/data/indexOpenDataDetail.do?data_id=20240806000000002609
20141119000000000071,생산시스템R&D 논문정보,IPET_PRDCTN_SYS_THESIS,Y,1.0,https://data.mafra.go.kr/opendata/data/indexOpenDataDetail.do?data_id=20240806000000002609
20141119000000000076,비영리법인,MAFRA_FNDT,Y,1.0,https://data.mafra.go.kr/opendata/data/indexOpenDataDetail.do?data_id=20240806000000002609
20141119000000000079,농산물 이력 추적 등록정보,NAQS_FRMPRD_CHGHST,Y,1.0,https://data.mafra.go.kr/opendata/data/indexOpenDataDetail.do?data_id=20240806000000002609
20141217000000000086,농협 공판장 경락가격,TI_EPIS_FLPLNT_NACF_AUCCT,Y,1.0,https://data.mafra.go.kr/opendata/data/indexOpenDataDetail.do?data_id=20240806000000002609
20141217000000000087,농협 종합유통센터 매입가격,TI_EPIS_GNRLZ_CNTER_AUCCT,Y,1.0,https://data.mafra.go.kr/opendata/data/indexOpenDataDetail.do?data_id=20240806000000002609
20141217000000000088,축산물 경락가격,TI_EPIS_SFRMPRD_AUCCT,Y,1.0,https://data.mafra.go.kr/opendata/data/indexOpenDataDetail.do?data_id=20240806000000002609
20141217000000000089,축산물 부분육 경락가격,TI_EPIS_SFRMPRD_CUTTING_AUCCT,Y,1.0,https://data.mafra.go.kr/opendata/data/indexOpenDataDetail.do?data_id=20240806000000002609
20141217000000000090,농수축산물 조사가격정보,TI_EPIS_AGFIPROD_AUCCT_INFO,Y,1.0,https://data.mafra.go.kr/opendata/data/indexOpenDataDetail.do?data_id=20240806000000002609
20141217000000000091,임산물 조사가격,TI_EPIS_FSRCS_EXAMIN_AUCCT,Y,1.0,https://data.mafra.go.kr/opendata/data/indexOpenDataDetail.do?data_id=20240806000000002609
20141217000000000093,마을동영상,TI_KRC_VILAGE_MVP,Y,1.0,https://data.mafra.go.kr/opendata/data/indexOpenDataDetail.do?data_id=20240806000000002609
20141217000000000094,포토 및 후기,TI_KRC_PHOTO_POSTSCRIPT,Y,1.0,https://data.mafra.go.kr/opendata/data/indexOpenDataDetail.do?data_id=20240806000000002609
20141217000000000095,마을특산물,TI_KRC_VILAGE_SPCPRD,Y,1.0,https://data.mafra.go.kr/opendata/data/indexOpenDataDetail.do?data_id=20240806000000002609
20141217000000000097,농가맛집,TI_KRC_FRMHS_TASTE_HOUSE,Y,1.0,https://data.mafra.go.kr/opendata/data/indexOpenDataDetail.do?data_id=20240806000000002609
20141217000000000102,훈련정보,TI_KRA_TRAING_INFO,Y,1.0,https://data.mafra.go.kr/opendata/data/indexOpenDataDetail.do?data_id=20240806000000002609
20141217000000000103,경주마정보 (주행심사결과),TI_KRA_RCHOSE_DRVNG_RESULT,Y,1.0,https://data.mafra.go.kr/opendata/data/indexOpenDataDetail.do?data_id=20240806000000002609
20141217000000000104,경주마정보 (출전정보),TI_KRA_RCHOSE_PARPA_INFO,Y,1.0,https://data.mafra.go.kr/opendata/data/indexOpenDataDetail.do?data_id=20240806000000002609
20141217000000000105,기수정보,TI_KRA_HRSMN_INFO,Y,1.0,https://data.mafra.go.kr/opendata/data/indexOpenDataDetail.do?data_id=20240806000000002609
20141217000000000107,품목정의,TI_KREI_PRDLST_DFN,Y,1.0,https://data.mafra.go.kr/opendata/data/indexOpenDataDetail.do?data_id=20240806000000002609
20141217000000000109,첨부파일 정보,TI_KREI_ATCHMNFL_INFO,Y,1.0,https://data.mafra.go.kr/opendata/data/indexOpenDataDetail.do?data_id=20240806000000002609
20141217000000000111,이달의추천여행,TI_KRC_NOW_MT_RECOMEND_TOUR,Y,1.0,https://data.mafra.go.kr/opendata/data/indexOpenDataDetail.do?data_id=20240806000000002609
20141217000000000112,체험프로그램,TI_KRC_EXPRN_PROGRM,Y,1.0,https://data.mafra.go.kr/opendata/data/indexOpenDataDetail.do?data_id=20240806000000002609
20141217000000000113,경주마정보 (경주결과),TI_KRA_RCHOSE_RACE_RESULT,Y,1.0,https://data.mafra.go.kr/opendata/data/indexOpenDataDetail.do?data_id=20240806000000002609
20141217000000000114,조교사정보,TI_KRA_TRNER_INFO,Y,1.0,https://data.mafra.go.kr/opendata/data/indexOpenDataDetail.do?data_id=20240806000000002609
20141217000000000115,체험마을숙박,TI_KRC_EXPRN_VILAGE_STAYNG,Y,1.0,https://data.mafra.go.kr/opendata/data/indexOpenDataDetail.do?data_id=20240806000000002609
20141217000000000116,경주마 등록 내역,TI_KRA_REGIST_RCHOSE_DTLS,Y,1.0,https://data.mafra.go.kr/opendata/data/indexOpenDataDetail.do?data_id=20240806000000002609
20141222000000000130,인공수정소 현황,TI_MAFRA_ARTINSEMI_PLACE,Y,1.0,https://data.mafra.go.kr/opendata/data/indexOpenDataDetail.do?data_id=20240806000000002609
20141222000000000131,계약재배(노지채소)현황,TI_MAFRA_CNTRCT_CTVT,Y,1.0,https://data.mafra.go.kr/opendata/data/indexOpenDataDetail.do?data_id=20240806000000002609
20141222000000000135,전체 축종별 경영체수 현황,TI_MAFRA_ALL_LVSTCKSPC_MNENT,Y,1.0,https://data.mafra.go.kr/opendata/data/indexOpenDataDetail.do?data_id=20240806000000002609
20141222000000000136,시설채소 생산실적,TI_MAFRA_FCLTY_VGETBL_FRMHS,Y,1.0,https://data.mafra.go.kr/opendata/data/indexOpenDataDetail.do?data_id=20240806000000002609
20141224000000000150,수출입식물방제업체운영정보,TI_QIA_PLNT_PRVNBE_ENTRPS,Y,1.0,https://data.mafra.go.kr/opendata/data/indexOpenDataDetail.do?data_id=20240806000000002609
20141224000000000152,국가표준식물목록_이명,TI_FOREST_CYTD_PLNT_LIST_TWNM,Y,1.0,https://data.mafra.go.kr/opendata/data/indexOpenDataDetail.do?data_id=20240806000000002609
20141225000000000154,우수농산물(GAP) 인증정보,TI_NAQS_GAP_CRTFC_INFO,Y,1.0,https://data.mafra.go.kr/opendata/data/indexOpenDataDetail.do?data_id=20240806000000002609
20141225000000000155,우수농산물(GAP) 관리시설 정보,VIEW_NAQS_ELCMG_FCLTY_INFO,Y,1.0,https://data.mafra.go.kr/opendata/data/indexOpenDataDetail.do?data_id=20240806000000002609
20141225000000000157,지리적표시관리정보,TI_NAQS_GRDC_MANAGE_INFO,Y,1.0,https://data.mafra.go.kr/opendata/data/indexOpenDataDetail.do?data_id=20240806000000002609
20141225000000000161,반려동물 등록대행업체 조회,TI_QIA_RETURN_ANIMAL_ENTRPS,Y,1.0,https://data.mafra.go.kr/opendata/data/indexOpenDataDetail.do?data_id=20240806000000002609
20141225000000000162,수입식물검역정보,TI_QIA_IMPORT_PLNT_QRANT,Y,1.0,https://data.mafra.go.kr/opendata/data/indexOpenDataDetail.do?data_id=20240806000000002609
20141119000000000003,수출축산물 검역현황,QIA_XPORT_SFRMPRD_QRANT,Y,1.0,https://data.mafra.go.kr/opendata/data/indexOpenDataDetail.do?data_id=20240806000000002609
20141119000000000008,수입농산물 검사 통계정보,NAQS_INCME_FRMPRD_INSPCT,Y,1.0,https://data.mafra.go.kr/opendata/data/indexOpenDataDetail.do?data_id=20240806000000002609
20141119000000000009,민간 지자체 생산종자 포장검사,SEED_PRVATE_SPCIES_INSPCT,Y,1.0,https://data.mafra.go.kr/opendata/data/indexOpenDataDetail.do?data_id=20240806000000002609
20141119000000000073,승마장정보,KRA_HORSE_COUE_INFO,Y,1.0,https://data.mafra.go.kr/opendata/data/indexOpenDataDetail.do?data_id=20240806000000002609
20141119000000000075,객실정보,KRC_RUM_INFO,Y,1.0,https://data.mafra.go.kr/opendata/data/indexOpenDataDetail.do?data_id=20240806000000002609
20141119000000000078,수입동물 검역 합격현황,QIA_IMPORT_ANIMAL_PSEXAM,Y,1.0,https://data.mafra.go.kr/opendata/data/indexOpenDataDetail.do?data_id=20240806000000002609
20141216000000000083,서울강서도매시장 조사가격,TI_EPIS_GANGSEO_MRKT,Y,1.0,https://data.mafra.go.kr/opendata/data/indexOpenDataDetail.do?data_id=20240806000000002609
20150408000000000219,농수축산물 조사가격 시장코드,TI_EPIS_AP_ET_MARKET_CD,Y,1.0,https://data.mafra.go.kr/opendata/data/indexOpenDataDetail.do?data_id=20240806000000002609
20141223000000000143,누에씨 생산실적 및 계획,TI_MAFRA_SILKWEGG_PRDCTN,Y,1.0,https://data.mafra.go.kr/opendata/data/indexOpenDataDetail.do?data_id=20240806000000002609
20141223000000000144,뽕나무 묘목 생산공급현황,TI_MAFRA_MULBERRY_YNGPLNT,Y,1.0,https://data.mafra.go.kr/opendata/data/indexOpenDataDetail.do?data_id=20240806000000002609
20141224000000000147,열처리업체운영정보,TI_QIA_HEATTREAT_ENTRPS_OPER,Y,1.0,https://data.mafra.go.kr/opendata/data/indexOpenDataDetail.do?data_id=20240806000000002609
20141224000000000149,양장농가현황(양장농가 소득현황),TI_MAFRA_FARMHOUSE_STTUS,Y,1.0,https://data.mafra.go.kr/opendata/data/indexOpenDataDetail.do?data_id=20240806000000002609
20150414000000000221,동의어테스트,SN_WHOLEMKT_AUCTION,Y,1.0,https://data.mafra.go.kr/opendata/data/indexOpenDataDetail.do?data_id=20240806000000002609
20141225000000000163,농수축산물 소매가격,TI_AT_RTLSAL_PRICE,Y,1.0,https://data.mafra.go.kr/opendata/data/indexOpenDataDetail.do?data_id=20240806000000002609
20141226000000000170,시도별 임산물 생산량(액),TI_FOREST_CTPRVN_FSRCS,Y,1.0,https://data.mafra.go.kr/opendata/data/indexOpenDataDetail.do?data_id=20240806000000002609
20141226000000000171,지방청별 임산물 생산량(액),TI_FOREST_INNCE_FSRCS,Y,1.0,https://data.mafra.go.kr/opendata/data/indexOpenDataDetail.do?data_id=20240806000000002609
20141226000000000172,시도별 재배현황(재배인력),TI_MAFRA_CTPRVN_CTVT_HNF,Y,1.0,https://data.mafra.go.kr/opendata/data/indexOpenDataDetail.do?data_id=20240806000000002609
20141226000000000174,"원산지정보, 유통이력정보, 위해쇠고기여부 조회",TI_QIA_ORGPLCE_DISTB_HIST,Y,1.0,https://data.mafra.go.kr/opendata/data/indexOpenDataDetail.do?data_id=20240806000000002609
20141226000000000175,시군구별_관리소별 임산물 생산량(액),TI_FOREST_SIGNGU_MO_FSRCS,Y,1.0,https://data.mafra.go.kr/opendata/data/indexOpenDataDetail.do?data_id=20240806000000002609
20141226000000000176,양장농가현황(기능성 양잠 경영수 연령분포),TI_MAFRA_FUNCTIONALITY_AGE,Y,1.0,https://data.mafra.go.kr/opendata/data/indexOpenDataDetail.do?data_id=20240806000000002609
20141226000000000178,농업인력포털 온라인교육과정,TI_EPIS_ONLINE_EDC_CRSE,Y,1.0,https://data.mafra.go.kr/opendata/data/indexOpenDataDetail.do?data_id=20240806000000002609
20141226000000000179,농업인력포털 교육실적통계,TI_EPIS_EDC_ACMSLT_STATS,Y,1.0,https://data.mafra.go.kr/opendata/data/indexOpenDataDetail.do?data_id=20240806000000002609
20141226000000000180,농업인력포털 오프라인교육과정,TI_EPIS_OFLNE_EDC_CRSE,Y,1.0,https://data.mafra.go.kr/opendata/data/indexOpenDataDetail.do?data_id=20240806000000002609
20141226000000000181,식물자원정보,TI_EPIS_PLNT_RESRCE_INFO,Y,1.0,https://data.mafra.go.kr/opendata/data/indexOpenDataDetail.do?data_id=20240806000000002609
20141226000000000182,동물자원정보,TI_EPIS_ANIMAL_RESRCE_INFO,Y,1.0,https://data.mafra.go.kr/opendata/data/indexOpenDataDetail.do?data_id=20240806000000002609
20141226000000000183,미생물자원정보,TI_EPIS_MCRRGNSM_RESRCE_INFO,Y,1.0,https://data.mafra.go.kr/opendata/data/indexOpenDataDetail.do?data_id=20240806000000002609
20141226000000000184,유전체자원정보,TI_EPIS_DLCTRC_RESRCE_INFO,Y,1.0,https://data.mafra.go.kr/opendata/data/indexOpenDataDetail.do?data_id=20240806000000002609
20141226000000000185,곤충자원정보,TI_EPIS_INSECT_RESRCE_INFO,Y,1.0,https://data.mafra.go.kr/opendata/data/indexOpenDataDetail.do?data_id=20240806000000002609
20141226000000000186,누에자원정보,TI_EPIS_SILKWRM_RESRCE_INFO,Y,1.0,https://data.mafra.go.kr/opendata/data/indexOpenDataDetail.do?data_id=20240806000000002609
20141226000000000187,수산자원정보,TI_EPIS_MARN_RESRCE_INFO,Y,1.0,https://data.mafra.go.kr/opendata/data/indexOpenDataDetail.do?data_id=20240806000000002609
20150109000000000210,소 검수(소비) 확인정보,TI_EKAPE_CTTLE_ACPTNC_CNSMP,Y,1.0,https://data.mafra.go.kr/opendata/data/indexOpenDataDetail.do?data_id=20240806000000002609
20150109000000000212,공통코드표,TI_EKAPE_CMMN_CD_TCKET,Y,1.0,https://data.mafra.go.kr/opendata/data/indexOpenDataDetail.do?data_id=20240806000000002609
20150410000000000220,일반농산어촌지역개발사업 통계,TI_EPIS_AGCTL_BNSS_STATS,Y,1.0,https://data.mafra.go.kr/opendata/data/indexOpenDataDetail.do?data_id=20240806000000002609
20150428000000000222,농식품 주제어별 소셜미디어 언급추이,VW_AGMRPD_ISSUE_KWRD_SM,Y,1.0,https://data.mafra.go.kr/opendata/data/indexOpenDataDetail.do?data_id=20240806000000002609
20150827000000000225,중국도매시장 가격 정보,VIEW_CH_PRICE_WHOLE,Y,1.0,https://data.mafra.go.kr/opendata/data/indexOpenDataDetail.do?data_id=20240806000000002609
20150827000000000226,레시피 기본정보,TI_RECIPE_INFO,Y,1.0,https://data.mafra.go.kr/opendata/data/indexOpenDataDetail.do?data_id=20240806000000002609
20150827000000000227,레시피 재료정보,TI_RECIPE_IRDNT,Y,1.0,https://data.mafra.go.kr/opendata/data/indexOpenDataDetail.do?data_id=20240806000000002609
20150827000000000228,레시피 과정정보,TI_RECIPE_CRSE,Y,1.0,https://data.mafra.go.kr/opendata/data/indexOpenDataDetail.do?data_id=20240806000000002609
20150903000000000229,정부보급종생산통계,TI_SEED_GVRN_PRDCTN_STATS,Y,1.0,https://data.mafra.go.kr/opendata/data/indexOpenDataDetail.do?data_id=20240806000000002609
20150914000000000230,귀농귀촌 빈집정보,VIEW_CH_EMPTY_HOUSE_INFO,Y,1.0,https://data.mafra.go.kr/opendata/data/indexOpenDataDetail.do?data_id=20240806000000002609
20151001000000000231,농업농촌 홍보 DB,VIEW_CH_FARM_PUBLIC,Y,1.0,https://data.mafra.go.kr/opendata/data/indexOpenDataDetail.do?data_id=20240806000000002609
20151001000000000232,종자품종맵,VIEW_CH_SEED_KIND_MAP,Y,1.0,https://data.mafra.go.kr/opendata/data/indexOpenDataDetail.do?data_id=20240806000000002609
20151019000000000233,직무교육과정 현장학습 정보,TI_ATI_JOB_CURSTUTRAREA_STUS,Y,1.0,https://data.mafra.go.kr/opendata/data/indexOpenDataDetail.do?data_id=20240806000000002609
20151019000000000234,농업기반 시설제원-저수지,TI_KRC_EQUM_POOL,Y,1.0,https://data.mafra.go.kr/opendata/data/indexOpenDataDetail.do?data_id=20240806000000002609
20151019000000000237,농업기반 시설제원-집수암거,TI_KRC_EQUM_COLL_COIT,Y,1.0,https://data.mafra.go.kr/opendata/data/indexOpenDataDetail.do?data_id=20240806000000002609
20151019000000000238,농업기반 시설제원-관정,TI_KRC_EQUM_ATW,Y,1.0,https://data.mafra.go.kr/opendata/data/indexOpenDataDetail.do?data_id=20240806000000002609
20151019000000000239,농업기반 시설제원-방조제,TI_KRC_EQUM_SEAWAL,Y,1.0,https://data.mafra.go.kr/opendata/data/indexOpenDataDetail.do?data_id=20240806000000002609
20151020000000000240,공무원 교육실적정보,TI_ATI_EDC_ACMSLT_INFO,Y,1.0,https://data.mafra.go.kr/opendata/data/indexOpenDataDetail.do?data_id=20240806000000002609
20151027000000000241,농축산물 유통조사 현황,TI_NAQS_ARGVPD_DISBEX_STUS,Y,1.0,https://data.mafra.go.kr/opendata/data/indexOpenDataDetail.do?data_id=20240806000000002609
20151027000000000242,원산지표시 우수업체 현황,TI_NAQS_ORGPLCE_IEEPS_STUS,Y,1.0,https://data.mafra.go.kr/opendata/data/indexOpenDataDetail.do?data_id=20240806000000002609
20151027000000000243,농축산물 원산지 표시 품목별 적발현황,TI_NAQS_ARGLVPRD_OIPD_STUS,Y,1.0,https://data.mafra.go.kr/opendata/data/indexOpenDataDetail.do?data_id=20240806000000002609
20151027000000000244,농산물검정 현황,TI_NAQS_FRMPRD_ATHRZ_STUS,Y,1.0,https://data.mafra.go.kr/opendata/data/indexOpenDataDetail.do?data_id=20240806000000002609
20151027000000000246,말방역현황,TI_KRA_HRE_DSNFC_STUS,Y,1.0,https://data.mafra.go.kr/opendata/data/indexOpenDataDetail.do?data_id=20240806000000002609
20151029000000000255,기타 가축통계(거위/사슴/칠면조),TI_MAFRA_S_LVSTCK_S_ONE,Y,1.0,https://data.mafra.go.kr/opendata/data/indexOpenDataDetail.do?data_id=20240806000000002609
20151029000000000256,기타 가축통계(개/마필),TI_MAFRA_S_LVSTCK_S_TWO,Y,1.0,https://data.mafra.go.kr/opendata/data/indexOpenDataDetail.do?data_id=20240806000000002609
20151029000000000258,기타 가축통계(메추리),TI_MAFRA_S_LVSTCK_S_QAL,Y,1.0,https://data.mafra.go.kr/opendata/data/indexOpenDataDetail.do?data_id=20240806000000002609
20151029000000000261,기타 가축통계(토끼),TI_MAFRA_S_LVSTCK_S_RBT,Y,1.0,https://data.mafra.go.kr/opendata/data/indexOpenDataDetail.do?data_id=20240806000000002609
20151029000000000262,귀농주가구원성별연령별,TI_MAFRA_S_RTMWK_FRT_SEX,Y,1.0,https://data.mafra.go.kr/opendata/data/indexOpenDataDetail.do?data_id=20240806000000002609
20151029000000000268,시장연도별거래실적,TI_MAFRA_T_MRKT_YEAR_DEAT,Y,1.0,https://data.mafra.go.kr/opendata/data/indexOpenDataDetail.do?data_id=20240806000000002609
20151029000000000269,고품질쌀현황,TI_MAFRA_T_HGHLTRICE_ST,Y,1.0,https://data.mafra.go.kr/opendata/data/indexOpenDataDetail.do?data_id=20240806000000002609
20151029000000000270,시장접근물량,TI_MAFRA_T_ARPRD_MKTS_VLM,Y,1.0,https://data.mafra.go.kr/opendata/data/indexOpenDataDetail.do?data_id=20240806000000002609
20141119000000000033,생산시스템R&D 특허정보,IPET_PRDCTN_SYS_PATENT,Y,1.0,https://data.mafra.go.kr/opendata/data/indexOpenDataDetail.do?data_id=20240806000000002609
20141119000000000034,생산시스템R&D 완료과제_최종보고서정보,IPET_PRDCTN_SYS_REPRT,Y,1.0,https://data.mafra.go.kr/opendata/data/indexOpenDataDetail.do?data_id=20240806000000002609
20141119000000000031,식품·유통R&D 논문정보,IPET_FOOD_DISTB_THESIS,Y,1.0,https://data.mafra.go.kr/opendata/data/indexOpenDataDetail.do?data_id=20240806000000002609
20141119000000000035,생산시스템R&D 과제정보,IPET_PRDCTN_SYS_TASK,Y,1.0,https://data.mafra.go.kr/opendata/data/indexOpenDataDetail.do?data_id=20240806000000002609
20141119000000000036,생산·가공R&D 특허정보,IPET_PRDCTN_PRCSS_PATENT,Y,1.0,https://data.mafra.go.kr/opendata/data/indexOpenDataDetail.do?data_id=20240806000000002609
20141119000000000045,문화R&D 완료과제_최종보고서정보,IPET_CLTUR_REPRT,Y,1.0,https://data.mafra.go.kr/opendata/data/indexOpenDataDetail.do?data_id=20240806000000002609
20141119000000000051,IBT융합기술R&D 과제정보,IPET_IBT_TASK,Y,1.0,https://data.mafra.go.kr/opendata/data/indexOpenDataDetail.do?data_id=20240806000000002609
20141119000000000052,국내 외식기업 해외진출 현황,MAFRA_DMSTC_FDENT_OVSEA,Y,1.0,https://data.mafra.go.kr/opendata/data/indexOpenDataDetail.do?data_id=20240806000000002609
20141119000000000058,조건불리지역 직접지불제 지원현황,MAFRA_DSDVN_DEBIT_SPORT,Y,1.0,https://data.mafra.go.kr/opendata/data/indexOpenDataDetail.do?data_id=20240806000000002609
20141216000000000084,서울가락도매시장 조사가격,TI_EPIS_GARAK_MRKT,Y,1.0,https://data.mafra.go.kr/opendata/data/indexOpenDataDetail.do?data_id=20240806000000002609
20141217000000000092,수협 산지위판장 경락가격,TI_EPIS_MPRC_MTC_CTTMLT,Y,1.0,https://data.mafra.go.kr/opendata/data/indexOpenDataDetail.do?data_id=20240806000000002609
20141223000000000141,뽕밭 규모별 농가수,TI_MAFRA_FLD_SCALE_FRMHS_CO,Y,1.0,https://data.mafra.go.kr/opendata/data/indexOpenDataDetail.do?data_id=20240806000000002609
20141224000000000151,국가표준식물목록_정명,TI_FOREST_CYTD_PLNT_LIST_CO_NM,Y,1.0,https://data.mafra.go.kr/opendata/data/indexOpenDataDetail.do?data_id=20240806000000002609
20141225000000000153,우수농산물(GAP) 인증기관 정보,TI_NAQS_GAP_CRTFC_INSTT,Y,1.0,https://data.mafra.go.kr/opendata/data/indexOpenDataDetail.do?data_id=20240806000000002609
20141225000000000156,술품질 인증 업체 정보,TI_NAQS_LIQR_QLITY_CRTFC,Y,1.0,https://data.mafra.go.kr/opendata/data/indexOpenDataDetail.do?data_id=20240806000000002609
20141226000000000167,품목별 임산물 생산량(액),TI_FOREST_PRDLT_FSRCS,Y,1.0,https://data.mafra.go.kr/opendata/data/indexOpenDataDetail.do?data_id=20240806000000002609
20141226000000000168,주요품목 주산지별 생산현황,TI_FOREST_MAIN_PRDLST_CPD,Y,1.0,https://data.mafra.go.kr/opendata/data/indexOpenDataDetail.do?data_id=20240806000000002609
20141226000000000169,농협별.유종별 면세유 공급량,TI_MAFRA_FRCN_TAXXPT_OIL,Y,1.0,https://data.mafra.go.kr/opendata/data/indexOpenDataDetail.do?data_id=20240806000000002609
20141226000000000177,농업인력포털 교육과정분류,TI_EPIS_EDC_CRSE_CL,Y,1.0,https://data.mafra.go.kr/opendata/data/indexOpenDataDetail.do?data_id=20240806000000002609
20150108000000000191,수출국가별 식품첨가물 및 유해물질정보,TI_AT_XPORT_FOODADTV_HRMMT,Y,1.0,https://data.mafra.go.kr/opendata/data/indexOpenDataDetail.do?data_id=20240806000000002609
20150109000000000192,소 및 쇠고기 개체정보,TI_EKAPE_BEEF_INDVD,Y,1.0,https://data.mafra.go.kr/opendata/data/indexOpenDataDetail.do?data_id=20240806000000002609
20150109000000000193,축산물 실시간 도매시장 정보,TI_EKAPE_RLTM_WHSAL_MRKT,Y,1.0,https://data.mafra.go.kr/opendata/data/indexOpenDataDetail.do?data_id=20240806000000002609
20150109000000000194,축산물 실시간 경매시황중계정보,TI_EKAPE_RLTM_AUC_RLAY,Y,1.0,https://data.mafra.go.kr/opendata/data/indexOpenDataDetail.do?data_id=20240806000000002609
20150109000000000195,축산물 실시간 소도체 경매세부현황정보,TI_EKAPE_RLTM_CTTLE_AUC_DTLS,Y,1.0,https://data.mafra.go.kr/opendata/data/indexOpenDataDetail.do?data_id=20240806000000002609
20150109000000000197,축산물 실시간 돼지도체 경매세부현황정보,TI_EKAPE_RLTM_PIG_AUC_DTLS,Y,1.0,https://data.mafra.go.kr/opendata/data/indexOpenDataDetail.do?data_id=20240806000000002609
20150109000000000198,축산물 실시간 돼지도체 등급별경매현황정보,TI_EKAPE_RLTM_PIG_GRAD_AUC,Y,1.0,https://data.mafra.go.kr/opendata/data/indexOpenDataDetail.do?data_id=20240806000000002609
20150109000000000199,축산물 소도체 육질등급별 경락가격정보,TI_EKAPE_CTTLE_MEATNSS_AUCCT,Y,1.0,https://data.mafra.go.kr/opendata/data/indexOpenDataDetail.do?data_id=20240806000000002609
20150109000000000200,축산물 도매시장 소도체 등급별 경락가격정보,TI_EKAPE_MRKT_CTTLE_AUCCT,Y,1.0,https://data.mafra.go.kr/opendata/data/indexOpenDataDetail.do?data_id=20240806000000002609
20150109000000000201,축산물 소도체 경락가격 상세정보,TI_EKAPE_CTTLE_AUCCT_DTLS,Y,1.0,https://data.mafra.go.kr/opendata/data/indexOpenDataDetail.do?data_id=20240806000000002609
20150109000000000202,축산물 돼지도체 등급별 경락가격정보,TI_EKAPE_PIG_GRAD_AUCCT,Y,1.0,https://data.mafra.go.kr/opendata/data/indexOpenDataDetail.do?data_id=20240806000000002609
20150109000000000203,축산물 돼지도체 경락가격 상세정보,TI_EKAPE_PIG_AUCCT_DTLS,Y,1.0,https://data.mafra.go.kr/opendata/data/indexOpenDataDetail.do?data_id=20240806000000002609
20150109000000000204,소 한우/육우 등급별 경락가격및출현율 정보,TI_EKAPE_CTTLE_AUCCT_ERE_RT,Y,1.0,https://data.mafra.go.kr/opendata/data/indexOpenDataDetail.do?data_id=20240806000000002609
20150109000000000205,"돼지 박피,탕박 권역별 경락가격 정보",TI_EKAPE_PIGSKIN_GRAD_AUCCT,Y,1.0,https://data.mafra.go.kr/opendata/data/indexOpenDataDetail.do?data_id=20240806000000002609
20150109000000000207,소 등급판정(확인서) 부위별고기및부산물 정보,TI_EKAPE_CTTLE_REGN_MEAT,Y,1.0,https://data.mafra.go.kr/opendata/data/indexOpenDataDetail.do?data_id=20240806000000002609
20150109000000000208,돼지 등급판정결과(확인서)정보,TI_EKAPE_PIG_GRAD_JDGMNT,Y,1.0,https://data.mafra.go.kr/opendata/data/indexOpenDataDetail.do?data_id=20240806000000002609
20150109000000000211,돼지 검수(소비)확인정보,TI_EKAPE_PIG_ACPTNC_CNSMP,Y,1.0,https://data.mafra.go.kr/opendata/data/indexOpenDataDetail.do?data_id=20240806000000002609
20150112000000000213,산림교육_프로그램_운영_정보,frstEduInfoOpenAPI,Y,1.0,https://data.mafra.go.kr/opendata/data/indexOpenDataDetail.do?data_id=20240806000000002609
20150406000000000217,농수축산물 도매가격,TI_AT_WHSAL_PRICE,Y,1.0,https://data.mafra.go.kr/opendata/data/indexOpenDataDetail.do?data_id=20240806000000002609
20150429000000000223,지자체 농수축산물 물가조사,VW_AGMRPD_LOCGOV_PRICES_EXAMIN,Y,1.0,https://data.mafra.go.kr/opendata/data/indexOpenDataDetail.do?data_id=20240806000000002609
20150429000000000224,농수축산물 품목별 소셜미디어 연관어,OPEN_API_VW_AGMRPD_RELATE_KWRD_SM,Y,1.0,https://data.mafra.go.kr/opendata/data/indexOpenDataDetail.do?data_id=20240806000000002609
20151019000000000235,농업기반 시설제원-양배수관,TI_KRC_EQUM_QUANTITY_SALURAN,Y,1.0,https://data.mafra.go.kr/opendata/data/indexOpenDataDetail.do?data_id=20240806000000002609
20151019000000000236,농업기반 시설제원-취입보,TI_KRC_EQUM_BLOW_BEAM,Y,1.0,https://data.mafra.go.kr/opendata/data/indexOpenDataDetail.do?data_id=20240806000000002609
20151028000000000247,가축분뇨살포현황,TI_MAFRA_LVSTCKEXCRS_SPSTUS,Y,1.0,https://data.mafra.go.kr/opendata/data/indexOpenDataDetail.do?data_id=20240806000000002609
20151028000000000248,가축분뇨 작물별 액비살포현황,TI_MAFRA_CROP_SPRAY_SPSTUS,Y,1.0,https://data.mafra.go.kr/opendata/data/indexOpenDataDetail.do?data_id=20240806000000002609
20151028000000000251,폐업지원 지역별 신청규모정보,TI_MAFRA_CLSBIZ_SPARRESC_INFO,Y,1.0,https://data.mafra.go.kr/opendata/data/indexOpenDataDetail.do?data_id=20240806000000002609
20151029000000000252,인삼연도별생산량,TI_MAFRA_S_GNSN_YR_OUTTRN,Y,1.0,https://data.mafra.go.kr/opendata/data/indexOpenDataDetail.do?data_id=20240806000000002609
20151029000000000253,재배면적별농가수,TI_MAFRA_S_GNSN_CTTR_FRCO,Y,1.0,https://data.mafra.go.kr/opendata/data/indexOpenDataDetail.do?data_id=20240806000000002609
20151029000000000254,채소류생산실적,TI_MAFRA_S_VTTD_PRDTO,Y,1.0,https://data.mafra.go.kr/opendata/data/indexOpenDataDetail.do?data_id=20240806000000002609
20151029000000000257,기타 가축통계(꿀벌),TI_MAFRA_S_LVSTCK_S_HNYB,Y,1.0,https://data.mafra.go.kr/opendata/data/indexOpenDataDetail.do?data_id=20240806000000002609
20151029000000000259,기타 가축통계(면양),TI_MAFRA_S_LVSTCK_S_MYEQY,Y,1.0,https://data.mafra.go.kr/opendata/data/indexOpenDataDetail.do?data_id=20240806000000002609
20151029000000000260,기타 가축통계(산양),TI_MAFRA_S_LVSTCK_S_GAT,Y,1.0,https://data.mafra.go.kr/opendata/data/indexOpenDataDetail.do?data_id=20240806000000002609
20151029000000000263,작물재배가구농지임차,TI_MAFRA_S_CRCTTR_FRLHIRE,Y,1.0,https://data.mafra.go.kr/opendata/data/indexOpenDataDetail.do?data_id=20240806000000002609
20151029000000000264,재배작물별귀농가구수,TI_MAFRA_S_CTTRPS_RTNFM,Y,1.0,https://data.mafra.go.kr/opendata/data/indexOpenDataDetail.do?data_id=20240806000000002609
20151029000000000265,농촌관광등급,TI_MAFRA_T_FMLG_TURSMGRAD,Y,1.0,https://data.mafra.go.kr/opendata/data/indexOpenDataDetail.do?data_id=20240806000000002609
20151029000000000266,6차산업 예비인증 사업자,TI_MAFRA_T_SXABIT_PRRATR,Y,1.0,https://data.mafra.go.kr/opendata/data/indexOpenDataDetail.do?data_id=20240806000000002609
20151029000000000267,시장법인별거래실적,TI_MAFRA_T_MRKT_CPR_DEAT,Y,1.0,https://data.mafra.go.kr/opendata/data/indexOpenDataDetail.do?data_id=20240806000000002609
20151029000000000271,농산물브랜드현황,TI_MAFRA_T_FRMPRD_BRAND,Y,1.0,https://data.mafra.go.kr/opendata/data/indexOpenDataDetail.do?data_id=20240806000000002609
20151029000000000272,식품명인현황,TI_MAFRA_T_NWPTMST_APPN,Y,1.0,https://data.mafra.go.kr/opendata/data/indexOpenDataDetail.do?data_id=20240806000000002609
20151029000000000273,로컬푸드직매장현황,TI_MAFRA_T_LCFOOD_DTSHD_ST,Y,1.0,https://data.mafra.go.kr/opendata/data/indexOpenDataDetail.do?data_id=20240806000000002609
20151207000000000320,신구표준등급목록조회,VIEW_SCM_GRAD_LIST,Y,1.0,https://data.mafra.go.kr/opendata/data/indexOpenDataDetail.do?data_id=20240806000000002609
20151207000000000325,신구표준품목목록조회,VIEW_SCM_PRDLST_LIST,Y,1.0,https://data.mafra.go.kr/opendata/data/indexOpenDataDetail.do?data_id=20240806000000002609
20151207000000000327,표준시장매핑목록조회,VIEW_SCM_MRKT_MAPNG_LIST,Y,1.0,https://data.mafra.go.kr/opendata/data/indexOpenDataDetail.do?data_id=20240806000000002609
20151207000000000328,표준품목매핑목록조회,VIEW_SCM_PRDLST_MAPNG_LIST,Y,1.0,https://data.mafra.go.kr/opendata/data/indexOpenDataDetail.do?data_id=20240806000000002609
20161118000000000370,해외한식당목록,TI_HANSIK_OVSEA_KOREAN_FOODPPR,Y,1.0,https://data.mafra.go.kr/opendata/data/indexOpenDataDetail.do?data_id=20240806000000002609
20161206000000000384,선박 AGM 검사 통계현황,TI_IPAB_SHIPKNDT_AGMINST_STATS,Y,1.0,https://data.mafra.go.kr/opendata/data/indexOpenDataDetail.do?data_id=20240806000000002609
20161206000000000385,수입재식용식물 검역장소 관리 현황,TI_IPAB_INCMEREBLEPTQRTPM_STTU,Y,1.0,https://data.mafra.go.kr/opendata/data/indexOpenDataDetail.do?data_id=20240806000000002609
20161213000000000402,종자 수출입 현황,TI_MAFRA_S_SEED_IMXPRT_ST,Y,1.0,https://data.mafra.go.kr/opendata/data/indexOpenDataDetail.do?data_id=20240806000000002609
20161213000000000405,시도별 농작물 보험가입 통계정보,TI_MAFRA_S_SIDO_FRC_ISRC_JN,Y,1.0,https://data.mafra.go.kr/opendata/data/indexOpenDataDetail.do?data_id=20240806000000002609
20161213000000000410,년도별 농작물 보험금지급 통계정보,TI_MAFRA_S_YEAR_FRC_ISRC_PM,Y,1.0,https://data.mafra.go.kr/opendata/data/indexOpenDataDetail.do?data_id=20240806000000002609
20161213000000000414,품목별 농작물 보험가입 통계정보,TI_MAFRA_S_PRDLST_FRC_IS_JN,Y,1.0,https://data.mafra.go.kr/opendata/data/indexOpenDataDetail.do?data_id=20240806000000002609
20161214000000000418,농지전용 허가(협의·신고) 현황,TI_KRC_FRLND_DVR_STTUS,Y,1.0,https://data.mafra.go.kr/opendata/data/indexOpenDataDetail.do?data_id=20240806000000002609
20161222000000000470,마필질병설명,Hemp disease description,Y,1.0,https://data.mafra.go.kr/opendata/data/indexOpenDataDetail.do?data_id=20240806000000002609
20161222000000000471,마필 구간별 최고 최저 평균기록,"Highest, Lowest, Average Record at Horseracing",Y,1.0,https://data.mafra.go.kr/opendata/data/indexOpenDataDetail.do?data_id=20240806000000002609
20170111000000000485,과실출하약정 사업실적 현황(요약),TI_MAFRA_FAULTSHIPMNTENGG_BSNS,Y,1.0,https://data.mafra.go.kr/opendata/data/indexOpenDataDetail.do?data_id=20240806000000002609
20170111000000000487,APC 산지유통관리시설현황,TI_MAFRA_APC_MTCDI_MAGEFCL_STS,Y,1.0,https://data.mafra.go.kr/opendata/data/indexOpenDataDetail.do?data_id=20240806000000002609
20170111000000000489,운영주체별 산지유통관리시설현황,TI_MAFRA_OPERMBY_MD_MAGEFY_STS,Y,1.0,https://data.mafra.go.kr/opendata/data/indexOpenDataDetail.do?data_id=20240806000000002609
20170111000000000491,지역별 과수시설현대화 지원실적 현황,TI_MAFRA_ARTOFTRPN_MDSTACT_STS,Y,1.0,https://data.mafra.go.kr/opendata/data/indexOpenDataDetail.do?data_id=20240806000000002609
20170111000000000492,과실전문생산단지기반조성사업 결과,TI_MAFRA_FATSP_HSFND_MAEBSSRET,Y,1.0,https://data.mafra.go.kr/opendata/data/indexOpenDataDetail.do?data_id=20240806000000002609
20170111000000000493,과실전문생산단지기반조성사업 단지기반 정보,TI_MAFRA_FATSP_HSFND_MAEBSINFO,Y,1.0,https://data.mafra.go.kr/opendata/data/indexOpenDataDetail.do?data_id=20240806000000002609
20170111000000000494,과수거점산지유통센터건립지원사업 상세정보,TI_MAFRA_FTRTN_MTCTB_CNTNSINFO,Y,1.0,https://data.mafra.go.kr/opendata/data/indexOpenDataDetail.do?data_id=20240806000000002609
20170216000000000505,표준코드국제코드 매핑 정보 서비스,AgpdMappIntlCodeService,Y,1.0,https://data.mafra.go.kr/opendata/data/indexOpenDataDetail.do?data_id=20240806000000002609
20170602000000000510,국가 중점데이터 통계,VIEW_STRESS_OPEN_DATA_STATS,Y,1.0,https://data.mafra.go.kr/opendata/data/indexOpenDataDetail.do?data_id=20240806000000002609
20171122000000000552,텃밭분양정보,VIEW_AU_FARMSELLS,Y,1.0,https://data.mafra.go.kr/opendata/data/indexOpenDataDetail.do?data_id=20240806000000002609
20180118000000000581,일별 정산 경락가격 상세(법인사용코드포함),VIEW_WO_DAILY_PRICE_DETAIL_NEW,Y,1.0,https://data.mafra.go.kr/opendata/data/indexOpenDataDetail.do?data_id=20240806000000002609
20171024000000000546,축산물통합이력정보제공,Livestock provide history information,Y,1.0,https://data.mafra.go.kr/opendata/data/indexOpenDataDetail.do?data_id=20240806000000002609
20181016000000000584,국가품종목록 신청 및 등재 현황,Application and list of national varieties,Y,1.0,https://data.mafra.go.kr/opendata/data/indexOpenDataDetail.do?data_id=20240806000000002609
20181106000000000590,승용마 조회 서비스,saddle horse View service,Y,1.0,https://data.mafra.go.kr/opendata/data/indexOpenDataDetail.do?data_id=20240806000000002609
20240626000000000664,단위 코드,TI_UNIT_CD,Y,1.0,https://data.mafra.go.kr/opendata/data/indexOpenDataDetail.do?data_id=20240806000000002609
20220817000000000620,농산물도매법인별경락가격조회,VIEW_WO_DAILYPRICE_NEW,Y,1.0,https://data.mafra.go.kr/opendata/data/indexOpenDataDetail.do?data_id=20240806000000002609
20160127000000000342,농촌마을별 자원정보1,TI_EPIS_FMLG_VILAGE_RESR1_INFO,Y,1.0,https://data.mafra.go.kr/opendata/data/indexOpenDataDetail.do?data_id=20240806000000002609
20160624000000000348,전국 도매시장 정산 경락가격 요약 정보,VIEW_WO_DAILY_PRICE_SANJI,Y,1.0,https://data.mafra.go.kr/opendata/data/indexOpenDataDetail.do?data_id=20240806000000002609
20160624000000000349,전국 농협산지공판장 경락가격 요약 정보,VIEW_WO_GONPAN_PRICE_SANJI,Y,1.0,https://data.mafra.go.kr/opendata/data/indexOpenDataDetail.do?data_id=20240806000000002609
20160722000000000351,농수축산 유통정보 조사가격(농수축산물 표준코드 변환),VIEW_IF_TREPORT,Y,1.0,https://data.mafra.go.kr/opendata/data/indexOpenDataDetail.do?data_id=20240806000000002609
20160722000000000352,농수축산 유통정보 조사가격(농수축산물표준코드변환),VIEW_IF_TREPORT,Y,1.0,https://data.mafra.go.kr/opendata/data/indexOpenDataDetail.do?data_id=20240806000000002609
20161117000000000357,농업용어 검색 및 설명정보,detailLikeWordList,Y,1.0,https://data.mafra.go.kr/opendata/data/indexOpenDataDetail.do?data_id=20240806000000002609
20161117000000000358,작물 병해충 검색 서비스,npmsAPIService,Y,1.0,https://data.mafra.go.kr/opendata/data/indexOpenDataDetail.do?data_id=20240806000000002609
20161117000000000359,작목별 영농기술 및 농사기술 정보,CropTechInfoInsttList,Y,1.0,https://data.mafra.go.kr/opendata/data/indexOpenDataDetail.do?data_id=20240806000000002609
20161117000000000360,식물자원조회,plantLstXml,Y,1.0,https://data.mafra.go.kr/opendata/data/indexOpenDataDetail.do?data_id=20240806000000002609
20161117000000000361,주간 농업정보 및 품목별 농사정보,workScheduleGrpList,Y,1.0,https://data.mafra.go.kr/opendata/data/indexOpenDataDetail.do?data_id=20240806000000002609
20161117000000000362,농축산물 소득정보,farmPrdtIncome,Y,1.0,https://data.mafra.go.kr/opendata/data/indexOpenDataDetail.do?data_id=20240806000000002609
20161117000000000363,농축산물 소득상세정보 서비스,farmincomeAPI,Y,1.0,https://data.mafra.go.kr/opendata/data/indexOpenDataDetail.do?data_id=20240806000000002609
20161117000000000364,표준 사료 검색 서비스,feedSearchList,Y,1.0,https://data.mafra.go.kr/opendata/data/indexOpenDataDetail.do?data_id=20240806000000002609
20161117000000000365,과수재배변동정보 조회 서비스,fruitTreeGrowChangeInfo,Y,1.0,https://data.mafra.go.kr/opendata/data/indexOpenDataDetail.do?data_id=20240806000000002609
20161117000000000366,국가농작물품목별병해충도감정보서비스,stateCropItemDAIPBook,Y,1.0,https://data.mafra.go.kr/opendata/data/indexOpenDataDetail.do?data_id=20240806000000002609
20161117000000000367,실내정원용 식물 목록 및 상세 정보,gardenList,Y,1.0,https://data.mafra.go.kr/opendata/data/indexOpenDataDetail.do?data_id=20240806000000002609
20161117000000000368,토양검정 화학성 분석 자료 서비스,SoilFeelingChemistryAssay,Y,1.0,https://data.mafra.go.kr/opendata/data/indexOpenDataDetail.do?data_id=20240806000000002609
20161206000000000388,수입농산물검사결과,TI_NAQS_INCME_FRM_PRSEC_RESULT,Y,1.0,https://data.mafra.go.kr/opendata/data/indexOpenDataDetail.do?data_id=20240806000000002609
20161206000000000390,농산물 잔류농약 분석결과,TI_NAQS_FRMREMN_AGCANALS_RESLT,Y,1.0,https://data.mafra.go.kr/opendata/data/indexOpenDataDetail.do?data_id=20240806000000002609
20161206000000000391,농산물 중금속 분석결과,TI_NAQS_FRMPRD_HM_ANALS_RESULT,Y,1.0,https://data.mafra.go.kr/opendata/data/indexOpenDataDetail.do?data_id=20240806000000002609
20161206000000000393,농산물 방사능 검사현황,TI_NAQS_FRMPRD_RAY_PRSEC_STTUS,Y,1.0,https://data.mafra.go.kr/opendata/data/indexOpenDataDetail.do?data_id=20240806000000002609
20161208000000000395,실시간경매속보조회,VIEW_RLTM_AUC_BRKNEWS,Y,1.0,https://data.mafra.go.kr/opendata/data/indexOpenDataDetail.do?data_id=20240806000000002609
20161209000000000398,지의류자원 서비스,Lichen resources services,Y,1.0,https://data.mafra.go.kr/opendata/data/indexOpenDataDetail.do?data_id=20240806000000002609
20161216000000000422,한국농수산식품유통공사 농식품교육정보,TI_AT_AGFD_EDC_INFO,Y,1.0,https://data.mafra.go.kr/opendata/data/indexOpenDataDetail.do?data_id=20240806000000002609
20161216000000000428,도축장별 축종별 도축실적,TI_QIA_SLALTO_LVTO_SLAU_ACMSLT,Y,1.0,https://data.mafra.go.kr/opendata/data/indexOpenDataDetail.do?data_id=20240806000000002609
20161221000000000431,"경마성적표(출전마 정보, 기록)","Horse racing report card (field information, record)",Y,1.0,https://data.mafra.go.kr/opendata/data/indexOpenDataDetail.do?data_id=20240806000000002609
20161221000000000429,전국 도매시장 일별 실시간 경락가격 상세정보,VIEW_WO_REAL_PRICE_DETAIL,Y,1.0,https://data.mafra.go.kr/opendata/data/indexOpenDataDetail.do?data_id=20240806000000002609
20161221000000000430,"경마성적표(경주개요, 상금, 승식별 매출액)","Horse racing report card (race summary, prize money, win-win sales)",Y,1.0,https://data.mafra.go.kr/opendata/data/indexOpenDataDetail.do?data_id=20240806000000002609
20161221000000000432,경주성적표(복승식확정배당률),Race Report (Decision Dividend Ratio),Y,1.0,https://data.mafra.go.kr/opendata/data/indexOpenDataDetail.do?data_id=20240806000000002609
20161221000000000443,말진료현황,The status of a racehorse.,Y,1.0,https://data.mafra.go.kr/opendata/data/indexOpenDataDetail.do?data_id=20240806000000002609
20161221000000000444,승급말현황,Racehorse upgrade status,Y,1.0,https://data.mafra.go.kr/opendata/data/indexOpenDataDetail.do?data_id=20240806000000002609
20161221000000000445,기수변경현황,The rider change of status,Y,1.0,https://data.mafra.go.kr/opendata/data/indexOpenDataDetail.do?data_id=20240806000000002609
20161221000000000448,일별훈련현황,Current status of daily training,Y,1.0,https://data.mafra.go.kr/opendata/data/indexOpenDataDetail.do?data_id=20240806000000002609
20161221000000000449,조교사정보,Horse trainer of information,Y,1.0,https://data.mafra.go.kr/opendata/data/indexOpenDataDetail.do?data_id=20240806000000002609
20161221000000000450,주행심사결과,Driving audit result,Y,1.0,https://data.mafra.go.kr/opendata/data/indexOpenDataDetail.do?data_id=20240806000000002609
20161221000000000451,출발심사결과,Starting examination result,Y,1.0,https://data.mafra.go.kr/opendata/data/indexOpenDataDetail.do?data_id=20240806000000002609
20161221000000000458,"마필,기수,조교사 통산경주기록","Horse rider, jockey, assistant racing record",Y,1.0,https://data.mafra.go.kr/opendata/data/indexOpenDataDetail.do?data_id=20240806000000002609
20161221000000000461,예상배당률정보(2착마적중승식),"Estimated payout ratio information (quinella,exacta,quinella place)",Y,1.0,https://data.mafra.go.kr/opendata/data/indexOpenDataDetail.do?data_id=20240806000000002609
20161221000000000463,승식별최고배당률,Maximum dividend rate of win,Y,1.0,https://data.mafra.go.kr/opendata/data/indexOpenDataDetail.do?data_id=20240806000000002609
20161222000000000464,마이카드 계좌고객 조건별 적중률 상위 20위,My card account customers hit rate ranked the top 20 for each condition,Y,1.0,https://data.mafra.go.kr/opendata/data/indexOpenDataDetail.do?data_id=20240806000000002609
20161222000000000468,렛츠런CCC 문화센터 강좌정보,Let's Run CCC Cultural Center course information,Y,1.0,https://data.mafra.go.kr/opendata/data/indexOpenDataDetail.do?data_id=20240806000000002609
20161222000000000469,승용마 정보,Roadster information,Y,1.0,https://data.mafra.go.kr/opendata/data/indexOpenDataDetail.do?data_id=20240806000000002609
20170111000000000484,과실출하약정 상세현황,TI_MAFRA_FAULT_SHI_ENGDETL_STS,Y,1.0,https://data.mafra.go.kr/opendata/data/indexOpenDataDetail.do?data_id=20240806000000002609
20170111000000000486,산지유통종합평가 결과,TI_MAFRA_MTC_DIGNZ_EVL_RESULT,Y,1.0,https://data.mafra.go.kr/opendata/data/indexOpenDataDetail.do?data_id=20240806000000002609
20170111000000000488,시도별 산지유통관리시설현황,TI_MAFRA_CTRMTCDIS_MAGEFCY_STS,Y,1.0,https://data.mafra.go.kr/opendata/data/indexOpenDataDetail.do?data_id=20240806000000002609
20170111000000000490,후계농업 경영인 선정 현황,TI_MAFRA_SCEFARM_MNG_SLCTN_STS,Y,1.0,https://data.mafra.go.kr/opendata/data/indexOpenDataDetail.do?data_id=20240806000000002609
20170111000000000495,"에너지효율화(목재펠릿, 에너지절감)",TI_MAFRA_ENERGYTIMBENERY_REDCN,Y,1.0,https://data.mafra.go.kr/opendata/data/indexOpenDataDetail.do?data_id=20240806000000002609
20170111000000000496,농촌체험휴양마을 으뜸촌 현황,TI_MAFRA_FMEXN_RECRT_VILEX_STS,Y,1.0,https://data.mafra.go.kr/opendata/data/indexOpenDataDetail.do?data_id=20240806000000002609
20171017000000000524,식물표본정보 조회,spcmInfo,Y,1.0,https://data.mafra.go.kr/opendata/data/indexOpenDataDetail.do?data_id=20240806000000002609
20171017000000000527,식물종자정보 검색,seedSearch,Y,1.0,https://data.mafra.go.kr/opendata/data/indexOpenDataDetail.do?data_id=20240806000000002609
20171017000000000529,보호림정보 검색,nrfstSearch,Y,1.0,https://data.mafra.go.kr/opendata/data/indexOpenDataDetail.do?data_id=20240806000000002609
20171124000000000560,국가품종목록등재 현황,Status of national variety list registry,Y,1.0,https://data.mafra.go.kr/opendata/data/indexOpenDataDetail.do?data_id=20240806000000002609
20171123000000000554,농업기상정보서비스,AWS_REALTIME,Y,1.0,https://data.mafra.go.kr/opendata/data/indexOpenDataDetail.do?data_id=20240806000000002609
20171123000000000556,젖소유전능력평가결과,EBV(Expected breeding value) of Korean Holstein,Y,1.0,https://data.mafra.go.kr/opendata/data/indexOpenDataDetail.do?data_id=20240806000000002609
20171124000000000569,도매시장별 관리사무소 직원 현황,Management office staff status by wholesale market,Y,1.0,https://data.mafra.go.kr/opendata/data/indexOpenDataDetail.do?data_id=20240806000000002609
20171124000000000570,공영도매시장 주요품목별 거래실적,Transaction performance by major item items in the public wholesale market,Y,1.0,https://data.mafra.go.kr/opendata/data/indexOpenDataDetail.do?data_id=20240806000000002609
20151230000000000339,우리말 농업용어,TI_MAFRA_KORLANG_FARMING_WORD,Y,1.0,https://data.mafra.go.kr/opendata/data/indexOpenDataDetail.do?data_id=20240806000000002609
20161009000000000353,가축위생방역지원본부 농가현황,TI_LHCA_FARM_STATE,Y,1.0,https://data.mafra.go.kr/opendata/data/indexOpenDataDetail.do?data_id=20240806000000002609
20161009000000000354,가축위생방역지원본부 가축사육현황,TI_LHCA_LVSTCK_BRD_STTUS,Y,1.0,https://data.mafra.go.kr/opendata/data/indexOpenDataDetail.do?data_id=20240806000000002609
20161202000000000375,소관작물 현황,TI_SEED_JRSD_CROPS_STTUS,Y,1.0,https://data.mafra.go.kr/opendata/data/indexOpenDataDetail.do?data_id=20240806000000002609
20161207000000000394,수입농산물가격조회,VIEW_OVSEA_FRMPRD_PC,Y,1.0,https://data.mafra.go.kr/opendata/data/indexOpenDataDetail.do?data_id=20240806000000002609
20161213000000000407,시도별 농작물보험료 통계정보,TI_MAFRA_S_CTPRVN_FRC_IRNCF,Y,1.0,https://data.mafra.go.kr/opendata/data/indexOpenDataDetail.do?data_id=20240806000000002609
20161213000000000412,축종별 가축보험가입 통계정보,TI_MAFRA_S_STKSP_STK_IS_JN,Y,1.0,https://data.mafra.go.kr/opendata/data/indexOpenDataDetail.do?data_id=20240806000000002609
20161213000000000416,품목별 농작물보험료 통계정보,TI_MAFRA_S_PRDLST_FRC_IRNCF,Y,1.0,https://data.mafra.go.kr/opendata/data/indexOpenDataDetail.do?data_id=20240806000000002609
20161214000000000420,국립산림품종관리센터 생산수입판매신고,TI_FOA_PRDCTNIMPORT_SLESTTEMNT,Y,1.0,https://data.mafra.go.kr/opendata/data/indexOpenDataDetail.do?data_id=20240806000000002609
20161214000000000421,국립산림품종관리센터 품종보호 출원 현황,TI_FOA_SPCIES_PRTC_APLC,Y,1.0,https://data.mafra.go.kr/opendata/data/indexOpenDataDetail.do?data_id=20240806000000002609
20161221000000000433,"경주성적표(상세구간통과기록, 펄롱타임)","Race report card (Detailed section pass, Fallon time)",Y,1.0,https://data.mafra.go.kr/opendata/data/indexOpenDataDetail.do?data_id=20240806000000002609
20161221000000000437,경주별 마권매출 순위정보,Ranking of bet book sales by race,Y,1.0,https://data.mafra.go.kr/opendata/data/indexOpenDataDetail.do?data_id=20240806000000002609
20161221000000000446,기수성적조회,The rider score,Y,1.0,https://data.mafra.go.kr/opendata/data/indexOpenDataDetail.do?data_id=20240806000000002609
20161221000000000447,기수정보,The rider of information,Y,1.0,https://data.mafra.go.kr/opendata/data/indexOpenDataDetail.do?data_id=20240806000000002609
20161221000000000452,출발훈련현황,Departure Training Status,Y,1.0,https://data.mafra.go.kr/opendata/data/indexOpenDataDetail.do?data_id=20240806000000002609
20161221000000000453,출전마진료및장구사용,Use of horse care and equipment,Y,1.0,https://data.mafra.go.kr/opendata/data/indexOpenDataDetail.do?data_id=20240806000000002609
20161221000000000454,경주마출전취소현황,Cancellation status of racehorse participation,Y,1.0,https://data.mafra.go.kr/opendata/data/indexOpenDataDetail.do?data_id=20240806000000002609
20161221000000000455,출전등록말현황(경주마),Status of participation registration (racehorse),Y,1.0,https://data.mafra.go.kr/opendata/data/indexOpenDataDetail.do?data_id=20240806000000002609
20161221000000000456,출전마체중안내,participation Horse weight guide,Y,1.0,https://data.mafra.go.kr/opendata/data/indexOpenDataDetail.do?data_id=20240806000000002609
20161221000000000457,출전표,participation table,Y,1.0,https://data.mafra.go.kr/opendata/data/indexOpenDataDetail.do?data_id=20240806000000002609
20161221000000000459,"조건별최고기록(거리, 주로상태, 날씨)","Highest record by condition (distance, condition, weather)",Y,1.0,https://data.mafra.go.kr/opendata/data/indexOpenDataDetail.do?data_id=20240806000000002609
20161221000000000460,예상배당률정보(1착마적중승식),"Estimated payout ratio information (win,place)",Y,1.0,https://data.mafra.go.kr/opendata/data/indexOpenDataDetail.do?data_id=20240806000000002609
20161221000000000462,예상배당률정보(3착마적중승식),"Estimated payout ratio information (quinella trebles,trifecta)",Y,1.0,https://data.mafra.go.kr/opendata/data/indexOpenDataDetail.do?data_id=20240806000000002609
20161222000000000465,마이카드 계좌고객 조건별 환수율 상위 20위,My card account customers top 20 rate of return by conditions,Y,1.0,https://data.mafra.go.kr/opendata/data/indexOpenDataDetail.do?data_id=20240806000000002609
20161222000000000466,전국승마장정보,About the national equestrian track,Y,1.0,https://data.mafra.go.kr/opendata/data/indexOpenDataDetail.do?data_id=20240806000000002609
20161222000000000467,사업장별 입장인원,Number of Entrants by Business place,Y,1.0,https://data.mafra.go.kr/opendata/data/indexOpenDataDetail.do?data_id=20240806000000002609
20161222000000000472,"마필종합정보(서울, 부산)","Information on horse (Seoul, Busan)",Y,1.0,https://data.mafra.go.kr/opendata/data/indexOpenDataDetail.do?data_id=20240806000000002609
20240625000000000654,도매시장 실시간 경락 정보,TI_WHLSL_MRKT_RLTM_AUC_INFO,Y,1.0,https://data.mafra.go.kr/opendata/data/indexOpenDataDetail.do?data_id=20240806000000002609
20170216000000000507,코드조회서비스,CodeListService,Y,1.0,https://data.mafra.go.kr/opendata/data/indexOpenDataDetail.do?data_id=20240806000000002609
20171017000000000528,식물종자정보 조회,seedInfo,Y,1.0,https://data.mafra.go.kr/opendata/data/indexOpenDataDetail.do?data_id=20240806000000002609
20171124000000000562,농식품공무원교육원 소장 도서목록,List of collections held by the agricultural food officials,Y,1.0,https://data.mafra.go.kr/opendata/data/indexOpenDataDetail.do?data_id=20240806000000002609
20171024000000000547,계란등급판정결과조회 서비스,Egg grading result inquiry service,Y,1.0,https://data.mafra.go.kr/opendata/data/indexOpenDataDetail.do?data_id=20240806000000002609
20171024000000000548,축산물검수정보서비스,Livestock Inspection Information Services,Y,1.0,https://data.mafra.go.kr/opendata/data/indexOpenDataDetail.do?data_id=20240806000000002609
20171124000000000571,도매시장 수입농수산물 거래동향,Transaction Trends of Agricultural Products in the Wholesale Market,Y,1.0,https://data.mafra.go.kr/opendata/data/indexOpenDataDetail.do?data_id=20240806000000002609
20171128000000000572,제철 농산물 상세정보,Agricultural produce of the season,Y,1.0,https://data.mafra.go.kr/opendata/data/indexOpenDataDetail.do?data_id=20240806000000002609
20181105000000000586,말등록정보,Horse Properties,Y,1.0,https://data.mafra.go.kr/opendata/data/indexOpenDataDetail.do?data_id=20240806000000002609
20181105000000000587,경주마정보,Racehorse information,Y,1.0,https://data.mafra.go.kr/opendata/data/indexOpenDataDetail.do?data_id=20240806000000002609
20181106000000000593,출전표,Exhibition table,Y,1.1,https://data.mafra.go.kr/opendata/data/indexOpenDataDetail.do?data_id=20240806000000002609
20181106000000000595,경주성적표,Racing report card,Y,1.0,https://data.mafra.go.kr/opendata/data/indexOpenDataDetail.do?data_id=20240806000000002609
20220823000000000630,산지코드조회,VIEW_MTC_CODE_LIST,Y,1.0,https://data.mafra.go.kr/opendata/data/indexOpenDataDetail.do?data_id=20240806000000002609
20220823000000000638,운영상태별 농장 통계 데이터 제공,VIEW_FARM_OPERATION_STAT_INFO,Y,1.0,https://data.mafra.go.kr/opendata/data/indexOpenDataDetail.do?data_id=20240806000000002609
20220823000000000632,농수축산물지역별가격조회,VIEW_AGMRPD_SFRMPRD_AREA_PC,Y,1.0,https://data.mafra.go.kr/opendata/data/indexOpenDataDetail.do?data_id=20240806000000002609
20220823000000000633,임산물품목별가격조회,VIEW_FSRCS_PRDLST_PC,Y,1.0,https://data.mafra.go.kr/opendata/data/indexOpenDataDetail.do?data_id=20240806000000002609
20220823000000000634,임산물지역별가격조회,VIEW_FSRCS_AREA_PC,Y,1.0,https://data.mafra.go.kr/opendata/data/indexOpenDataDetail.do?data_id=20240806000000002609
20220826000000000647,실시간경락 도매시장 유통통계 조회,VIEW_ODM_DEBY_REAL_OPEN,Y,1.0,https://data.mafra.go.kr/opendata/data/indexOpenDataDetail.do?data_id=20240806000000002609
20220824000000000641,업종별 농장 통계 데이터 제공,VIEW_FARM_SECTORS_STAT_INFO,Y,1.0,https://data.mafra.go.kr/opendata/data/indexOpenDataDetail.do?data_id=20240806000000002609
20220824000000000642,지역별 농장 통계 데이터 제공,VIEW_FARM_AREA_STAT_INFO,Y,1.0,https://data.mafra.go.kr/opendata/data/indexOpenDataDetail.do?data_id=20240806000000002609
20220826000000000650,산지위판장 유통통계정보 조회,VIEW_ODM_DEBY_SUSYUP_OPEN,Y,1.0,https://data.mafra.go.kr/opendata/data/indexOpenDataDetail.do?data_id=20240806000000002609
20240625000000000653,도매시장 정산 가격 정보,TI_WHLSL_MRKT_CLCLN_PRC_INFO,Y,1.0,https://data.mafra.go.kr/opendata/data/indexOpenDataDetail.do?data_id=20240806000000002609
20240625000000000657,정산가격 기간별 법인별 총물량 총금액,TI_CLCLN_PRC_CORP,Y,1.0,https://data.mafra.go.kr/opendata/data/indexOpenDataDetail.do?data_id=20240806000000002609
20240625000000000660,도매시장 산지공판장 정산 가격,TI_MD_JIMKT_CLCLN_PRC,Y,1.0,https://data.mafra.go.kr/opendata/data/indexOpenDataDetail.do?data_id=20240806000000002609
20240626000000000667,산지 코드,TI_PLOR_CD,Y,1.0,https://data.mafra.go.kr/opendata/data/indexOpenDataDetail.do?data_id=20240806000000002609
20151207000000000326,표준단위매핑목록조회,VIEW_SCM_UNIT_MAPNG_LIST,Y,1.0,https://data.mafra.go.kr/opendata/data/indexOpenDataDetail.do?data_id=20240806000000002609
20151207000000000329,GPC품목매핑목록조회,VIEW_SCM_GPC_PRDLST_MAPNG_LIST,Y,1.0,https://data.mafra.go.kr/opendata/data/indexOpenDataDetail.do?data_id=20240806000000002609
20161206000000000383,선박 AGM 검사 현황,TI_IPAB_SHIPAGM_INSPCT,Y,1.0,https://data.mafra.go.kr/opendata/data/indexOpenDataDetail.do?data_id=20240806000000002609
20161213000000000403,채소종자 국내외 생산량 현황,TI_MAFRA_S_VGTB_SED_HBRD_OP,Y,1.0,https://data.mafra.go.kr/opendata/data/indexOpenDataDetail.do?data_id=20240806000000002609
20161213000000000404,년도별 FTA협정세율 현황,TI_MAFRA_T_YEAR_FTA_TT_TRT,Y,1.0,https://data.mafra.go.kr/opendata/data/indexOpenDataDetail.do?data_id=20240806000000002609
20161213000000000411,년도별 농작물보험료 통계정보,TI_MAFRA_S_YEAR_FRC_IRNCF,Y,1.0,https://data.mafra.go.kr/opendata/data/indexOpenDataDetail.do?data_id=20240806000000002609
20161213000000000415,품목별 농작물 보험금지급 통계정보,TI_MAFRA_S_PRDLST_FRC_IS_PM,Y,1.0,https://data.mafra.go.kr/opendata/data/indexOpenDataDetail.do?data_id=20240806000000002609
20161223000000000475,식품산업일자리정보,TB_KFOODJOB_VIEW,Y,1.0,https://data.mafra.go.kr/opendata/data/indexOpenDataDetail.do?data_id=20240806000000002609
20161229000000000477,식품산업일자리(채용)정보,VIEW_FOOD_KFOODJOB,Y,1.0,https://data.mafra.go.kr/opendata/data/indexOpenDataDetail.do?data_id=20240806000000002609
20161229000000000478,전국 도매시장 일별 정산 경락가격 상세정보,VIEW_WO_DAILY_PRICE_DETAIL,Y,1.0,https://data.mafra.go.kr/opendata/data/indexOpenDataDetail.do?data_id=20240806000000002609
20170124000000000497,농수축산물 통합유통 정보제공 서비스,CombineDistributionStepInfoService,Y,1.0,https://data.mafra.go.kr/opendata/data/indexOpenDataDetail.do?data_id=20240806000000002609
20170124000000000498,축산물통합이력정보조회 서비스,AnimalTrace,Y,1.0,https://data.mafra.go.kr/opendata/data/indexOpenDataDetail.do?data_id=20240806000000002609
20170124000000000499,소 이동정보 조회,Breeding/cattleMove,Y,1.0,https://data.mafra.go.kr/opendata/data/indexOpenDataDetail.do?data_id=20240806000000002609
20170426000000000508,농림수산식품교육문화정보원 지능형 검색,EPIS Intelligent Search,Y,1.0,https://data.mafra.go.kr/opendata/data/indexOpenDataDetail.do?data_id=20240806000000002609
20170928000000000515,경주마레이팅내역,rating,Y,1.0,https://data.mafra.go.kr/opendata/data/indexOpenDataDetail.do?data_id=20240806000000002609
20171017000000000530,보호림정보 조회,nrfstInfo,Y,1.0,https://data.mafra.go.kr/opendata/data/indexOpenDataDetail.do?data_id=20240806000000002609
20171017000000000532,민속식물정보 조회,folkInfo,Y,1.0,https://data.mafra.go.kr/opendata/data/indexOpenDataDetail.do?data_id=20240806000000002609
20171025000000000549,"체험마을 시설, 캠핑, 동영상 및 후기","Experience the village facilities, camping, videos and reviews",Y,1.0,https://data.mafra.go.kr/opendata/data/indexOpenDataDetail.do?data_id=20240806000000002609
20171122000000000551,한국마사회_이리쿠르팅정보,KRA_E_RECRUIT_INFO,Y,1.0,https://data.mafra.go.kr/opendata/data/indexOpenDataDetail.do?data_id=20240806000000002609
20171124000000000558,고병원성조류인플루엔자 발생농가 분석,Analysis of AI occur in farmhouse,Y,1.0,https://data.mafra.go.kr/opendata/data/indexOpenDataDetail.do?data_id=20240806000000002609
20181005000000000583,e-book 자료,e-book,Y,1.0,https://data.mafra.go.kr/opendata/data/indexOpenDataDetail.do?data_id=20240806000000002609
20190710000000000599,팜맵기반 토양검정 조회 서비스,getFarmmapSoilAnalysisService,Y,1.0,https://data.mafra.go.kr/opendata/data/indexOpenDataDetail.do?data_id=20240806000000002609
20201022000000000608,축산농장 정보제공 서비스,Information Services provides livestock farms,Y,1.0,https://data.mafra.go.kr/opendata/data/indexOpenDataDetail.do?data_id=20240806000000002609
20220621000000000616,축산관계시설등록현황통계,TI_QLA_STKRS_RLQP_REGIST_STTUS,Y,1,https://data.mafra.go.kr/opendata/data/indexOpenDataDetail.do?data_id=20240806000000002609
20220823000000000628,가락시장품목코드조회,VIEW_PRDLST_CODE_LIST,Y,1.0,https://data.mafra.go.kr/opendata/data/indexOpenDataDetail.do?data_id=20240806000000002609
20220823000000000629,부류표준품목코드조회,VIEW_LRGE_PRDLST_CODE_LIST,Y,1.0,https://data.mafra.go.kr/opendata/data/indexOpenDataDetail.do?data_id=20240806000000002609
20220826000000000645,농수축산물 거래단량 매핑 정보조회,VIEW_TRADING_UNIT_MAPPING,Y,1.0,https://data.mafra.go.kr/opendata/data/indexOpenDataDetail.do?data_id=20240806000000002609
20220826000000000648,정산경락 도매시장 유통통계 조회,VIEW_ODM_DEBY_EXCCLC_OPEN,Y,1.0,https://data.mafra.go.kr/opendata/data/indexOpenDataDetail.do?data_id=20240806000000002609
20221205000000000651,지자체 농수축산물 물가조사가격 정보조회,VIEW_ODM_EXAMIN_PRIC_OPEN,Y,1.0,https://data.mafra.go.kr/opendata/data/indexOpenDataDetail.do?data_id=20240806000000002609
20240625000000000655,도매시장 원천데이터 정산 가격,TI_WHLSL_MRKT_DATA_CLCLN_PRC,Y,1.0,https://data.mafra.go.kr/opendata/data/indexOpenDataDetail.do?data_id=20240806000000002609
20240625000000000656,정산가격 기간별 도매시장별 총물량 총금액,TI_CLCLN_PRC_WHLSL_MRKT,Y,1.0,https://data.mafra.go.kr/opendata/data/indexOpenDataDetail.do?data_id=20240806000000002609
20240625000000000659,정산가격 기간별 법인별 품목별 총물량 총금액,TI_CLCLN_PRC_CORP_ITEM,Y,1.0,https://data.mafra.go.kr/opendata/data/indexOpenDataDetail.do?data_id=20240806000000002609
20151210000000000334,농촌마을현황정보,TI_EPIS_FMLG_VILAGE_STTUS_INFO,Y,1.0,https://data.mafra.go.kr/opendata/data/indexOpenDataDetail.do?data_id=20240806000000002609
20160613000000000347,전국 도매시장 실시간 경락가격 요약 정보,VIEW_WO_REAL_PRICE_SANJI,Y,1.0,https://data.mafra.go.kr/opendata/data/indexOpenDataDetail.do?data_id=20240806000000002609
20151214000000000337,행복마을만들기 선정마을 정보,TI_EPIS_AGCTL_HAPPY_INFO,Y,1.0,https://data.mafra.go.kr/opendata/data/indexOpenDataDetail.do?data_id=20240806000000002609
20160201000000000345,농업마이스터대학 현황,TI_EPIS_MEISTER_STTUS,Y,1.0,https://data.mafra.go.kr/opendata/data/indexOpenDataDetail.do?data_id=20240806000000002609
20161121000000000371,농지보전부담금통계,TI_KRC_FRLNDPRESVALOTM,Y,1.0,https://data.mafra.go.kr/opendata/data/indexOpenDataDetail.do?data_id=20240806000000002609
20161121000000000373,조성토지관리 통계정보,TI_KRC_MAKELADMANAGEINFO,Y,1.0,https://data.mafra.go.kr/opendata/data/indexOpenDataDetail.do?data_id=20240806000000002609
20161121000000000374,발전소 발전량 현황,TI_KRC_ELCPWSTN_DVLPQY_STTUS,Y,1.0,https://data.mafra.go.kr/opendata/data/indexOpenDataDetail.do?data_id=20240806000000002609
20161209000000000396,약용식물서비스,Medicinal plant,Y,1.0,https://data.mafra.go.kr/opendata/data/indexOpenDataDetail.do?data_id=20240806000000002609
20161213000000000408,시도별 사고원인 가축보험금지급 통계정보,TI_MAFRA_S_SD_ACT_STK_IR_PM,Y,1.0,https://data.mafra.go.kr/opendata/data/indexOpenDataDetail.do?data_id=20240806000000002609
20161212000000000401,기증자료 서비스,Donor data service,Y,1.0,https://data.mafra.go.kr/opendata/data/indexOpenDataDetail.do?data_id=20240806000000002609
20161213000000000406,시도별 농작물 보험금지급 통계정보,TI_MAFRA_S_SIDO_FRC_ISRC_PM,Y,1.0,https://data.mafra.go.kr/opendata/data/indexOpenDataDetail.do?data_id=20240806000000002609
20161213000000000409,년도별 농작물 보험가입 통계정보,TI_MAFRA_S_YEAR_FRC_ISRC_JN,Y,1.0,https://data.mafra.go.kr/opendata/data/indexOpenDataDetail.do?data_id=20240806000000002609
20161213000000000413,축종별 가축보험금지급 통계정보,TI_MAFRA_S_STKSP_STK_IS_PM,Y,1.0,https://data.mafra.go.kr/opendata/data/indexOpenDataDetail.do?data_id=20240806000000002609
20161214000000000419,산림사업용 묘목 가격,TI_FOA_MTST_BSS_YNGPLNT_PC,Y,1.0,https://data.mafra.go.kr/opendata/data/indexOpenDataDetail.do?data_id=20240806000000002609
20161216000000000423,시도별 도축실적,TI_QIA_CTRDACCTO_SLAU_ACMSLT,Y,1.0,https://data.mafra.go.kr/opendata/data/indexOpenDataDetail.do?data_id=20240806000000002609
20161216000000000424,축종별 암수별 도축실적,TI_QIA_LVS_CANCEO_SLAU_ACMSLT,Y,1.0,https://data.mafra.go.kr/opendata/data/indexOpenDataDetail.do?data_id=20240806000000002609
20161216000000000425,소 품종별 암수별 도축실적,TI_QIA_COW_SPO_CAO_SLAU_ACMSLT,Y,1.0,https://data.mafra.go.kr/opendata/data/indexOpenDataDetail.do?data_id=20240806000000002609
20161216000000000426,닭 품종별 도축실적,TI_QIA_FOWL_SPO_ACMSLT,Y,1.0,https://data.mafra.go.kr/opendata/data/indexOpenDataDetail.do?data_id=20240806000000002609
20161221000000000434,경주성적표(심판사항),Race Report (Judgment),Y,1.0,https://data.mafra.go.kr/opendata/data/indexOpenDataDetail.do?data_id=20240806000000002609
20161221000000000439,경주마정보,Racehorse information,Y,1.0,https://data.mafra.go.kr/opendata/data/indexOpenDataDetail.do?data_id=20240806000000002609
20161221000000000441,마주정보,Horse owner information,Y,1.0,https://data.mafra.go.kr/opendata/data/indexOpenDataDetail.do?data_id=20240806000000002609
20161226000000000476,산림유전자원서비스,Forest Genetic Resources Service,Y,1.0,https://data.mafra.go.kr/opendata/data/indexOpenDataDetail.do?data_id=20240806000000002609
20170216000000000506,농산어촌지역개발공간정보,LocalDevList,Y,1.0,https://data.mafra.go.kr/opendata/data/indexOpenDataDetail.do?data_id=20240806000000002609
20170426000000000509,농림수산식품교육문화정보원 귀농귀촌 지능형 상담,EPIS Intelligent Counseling System for Return To Farming,Y,1.0,https://data.mafra.go.kr/opendata/data/indexOpenDataDetail.do?data_id=20240806000000002609
20171017000000000531,민속식물정보 검색,folkSearch,Y,1.0,https://data.mafra.go.kr/opendata/data/indexOpenDataDetail.do?data_id=20240806000000002609
20171017000000000533,귀화식물정보 검색,naturalizedSearch,Y,1.0,https://data.mafra.go.kr/opendata/data/indexOpenDataDetail.do?data_id=20240806000000002609
20171123000000000555,한우씨수소정보,Korean Proven Bull Information,Y,1.0,https://data.mafra.go.kr/opendata/data/indexOpenDataDetail.do?data_id=20240806000000002609
20190710000000000598,팜맵기반 병해충발생 조회 서비스,getFarmmapDbyhsService,Y,1.0,https://data.mafra.go.kr/opendata/data/indexOpenDataDetail.do?data_id=20240806000000002609
20210806000000000612,동물등록 현황,TI_QIA_ANIMAL_REG_STTUS,Y,1.0,https://data.mafra.go.kr/opendata/data/indexOpenDataDetail.do?data_id=20240806000000002609
20210909000000000613,농림축산식품 공공데이터포털 개방데이터 목록,open data list,Y,1,https://data.mafra.go.kr/opendata/data/indexOpenDataDetail.do?data_id=20240806000000002609
20220818000000000621,수산물품목별도매경락가격조회,VIEW_MPRC_PRDLST_WHSAL_PC,Y,1.0,https://data.mafra.go.kr/opendata/data/indexOpenDataDetail.do?data_id=20240806000000002609
20240626000000000662,법인 코드,TI_CORP_CD,Y,1.0,https://data.mafra.go.kr/opendata/data/indexOpenDataDetail.do?data_id=20240806000000002609
20240626000000000665,포장 코드,TI_FRML_CD,Y,1.0,https://data.mafra.go.kr/opendata/data/indexOpenDataDetail.do?data_id=20240806000000002609
20151208000000000332,돼지묶음번호구성내역정보,TI_EKAPE_PIG_BNCN_DTLS_INFO,Y,1.0,https://data.mafra.go.kr/opendata/data/indexOpenDataDetail.do?data_id=20240806000000002609
20151214000000000336,전원마을 분양정보,TI_EPIS_SRC_VIGE_LOT_PBL_INFO,Y,1.0,https://data.mafra.go.kr/opendata/data/indexOpenDataDetail.do?data_id=20240806000000002609
20151214000000000338,행복마을 만들기 콘테스트 실적,TI_EPIS_AGCTL_RECORD_INFO,Y,1.0,https://data.mafra.go.kr/opendata/data/indexOpenDataDetail.do?data_id=20240806000000002609
20160624000000000350,전국 농협 하나로종합유통센터 매입 가격 요약 정보,VIEW_WO_HANARO_PRICE_SANJI,Y,1.0,https://data.mafra.go.kr/opendata/data/indexOpenDataDetail.do?data_id=20240806000000002609
20161011000000000355,스마트팜 데이터 조회 서비스,smartfarm,Y,1.0,https://data.mafra.go.kr/opendata/data/indexOpenDataDetail.do?data_id=20240806000000002609
20161116000000000356,식물목록별 참고문헌 정보서비스,searchOnccp,Y,1.0,https://data.mafra.go.kr/opendata/data/indexOpenDataDetail.do?data_id=20240806000000002609
20161205000000000381,식물 신품종 품종보호권 소멸공고 자료,TI_SEED_SPCIESPRTCWON_EXTSHPBL,Y,1.0,https://data.mafra.go.kr/opendata/data/indexOpenDataDetail.do?data_id=20240806000000002609
20161205000000000382,시도별 종자업 등록현황,TI_SEED_CTPRVNACCTO_SIDBIZ_REG,Y,1.0,https://data.mafra.go.kr/opendata/data/indexOpenDataDetail.do?data_id=20240806000000002609
20161209000000000399,국가표준곤충목록 서비스,National Standards Service list of insects,Y,1.0,https://data.mafra.go.kr/opendata/data/indexOpenDataDetail.do?data_id=20240806000000002609
20161216000000000427,축종별 생체중량,TI_QIA_LVSTCKSPCACCTO_LBDY_WT,Y,1.0,https://data.mafra.go.kr/opendata/data/indexOpenDataDetail.do?data_id=20240806000000002609
20161223000000000473,산불통계 서비스,Forest fire Statistics Service,Y,1.0,https://data.mafra.go.kr/opendata/data/indexOpenDataDetail.do?data_id=20240806000000002609
20161223000000000474,식물자원 서비스,PlantService,Y,1.0,https://data.mafra.go.kr/opendata/data/indexOpenDataDetail.do?data_id=20240806000000002609
20170125000000000504,가축사육 통계제공 서비스,AniStatService,Y,1.0,https://data.mafra.go.kr/opendata/data/indexOpenDataDetail.do?data_id=20240806000000002609
20170925000000000511,백두대간 등산로 정보 조회,Hiking trail information,Y,1.0,https://data.mafra.go.kr/opendata/data/indexOpenDataDetail.do?data_id=20240806000000002609
20170925000000000512,경제림육성단지구역도 서비스,Gyeongjerim only foster the service area Gyeongjerim only foster the service area Detail List,Y,1.0,https://data.mafra.go.kr/opendata/data/indexOpenDataDetail.do?data_id=20240806000000002609
20171017000000000534,귀화식물정보 조회,naturalizedInfo,Y,1.0,https://data.mafra.go.kr/opendata/data/indexOpenDataDetail.do?data_id=20240806000000002609
20171123000000000557,열처리업체 소독처리물량,Heat treatment amount of disinfection process,Y,1.0,https://data.mafra.go.kr/opendata/data/indexOpenDataDetail.do?data_id=20240806000000002609
20171023000000000543,산림사업법인 정보 서비스,Forest Act of Information Services,Y,1.0,https://data.mafra.go.kr/opendata/data/indexOpenDataDetail.do?data_id=20240806000000002609
20171123000000000553,농약검색 목록 서비스,PESTI_SRCH_LIST,Y,1.0,https://data.mafra.go.kr/opendata/data/indexOpenDataDetail.do?data_id=20240806000000002609
20171124000000000559,식재료 우수관리 지정업체 현황,Status of food quality management companies,Y,1.0,https://data.mafra.go.kr/opendata/data/indexOpenDataDetail.do?data_id=20240806000000002609
20171211000000000573,공영도매시장 연도별 거래실적,Transaction performance by year of public wholesale market,Y,1.0,https://data.mafra.go.kr/opendata/data/indexOpenDataDetail.do?data_id=20240806000000002609
20180109000000000574,해외한식당협의체 현황,TI_MAFRA_OVSEA_KORSTRT_CNSLTV,Y,1.0,https://data.mafra.go.kr/opendata/data/indexOpenDataDetail.do?data_id=20240806000000002609
20180109000000000575,음식점 업종별 매출액 분포,TI_MAFRA_RSTRT_INDUTY_SELNG,Y,1.0,https://data.mafra.go.kr/opendata/data/indexOpenDataDetail.do?data_id=20240806000000002609
20180109000000000576,음식점 서비스 유형별 수익성 및 생산성,TI_MAFRA_RSTRT_PRFTBL_PRDCTV,Y,1.0,https://data.mafra.go.kr/opendata/data/indexOpenDataDetail.do?data_id=20240806000000002609
20180118000000000577,전국 도매시장 일별 실시간 경락가격 상세정보(법인사용코드포함),VIEW_WO_REAL_PRICE_DETAIL_NEW,Y,1.0,https://data.mafra.go.kr/opendata/data/indexOpenDataDetail.do?data_id=20240806000000002609
20180118000000000578,전국 도매시장 일별 실시간 경락가격 상세정보(법인사용코드포함),VIEW_WO_REAL_PRICE_DETAIL_NEW,Y,1.0,https://data.mafra.go.kr/opendata/data/indexOpenDataDetail.do?data_id=20240806000000002609
20180118000000000579,도매시장 일별 실시간 경락가격 상세정보(법인사용코드포함),VIEW_WO_REAL_PRICE_DETAIL_NEW,Y,1.0,https://data.mafra.go.kr/opendata/data/indexOpenDataDetail.do?data_id=20240806000000002609
20180118000000000580,일별 실시간 경락가격 상세(법인사용코드포함),VIEW_WO_REAL_PRICE_DETAIL_NEW,Y,1.0,https://data.mafra.go.kr/opendata/data/indexOpenDataDetail.do?data_id=20240806000000002609
20181106000000000588,기수정보 조회 서비스,horse Rider information,Y,1.0,https://data.mafra.go.kr/opendata/data/indexOpenDataDetail.do?data_id=20240806000000002609
20181106000000000594,일별훈련현황,Daily Training Status,Y,1.0,https://data.mafra.go.kr/opendata/data/indexOpenDataDetail.do?data_id=20240806000000002609
20220621000000000618,거점소독시설안내,TI_QLA_PSTN_DSNF_FCLT_GUIDANCE,Y,1,https://data.mafra.go.kr/opendata/data/indexOpenDataDetail.do?data_id=20240806000000002609
20200114000000000603,국립종자원 국가품종목록 등재 내역,state kindList passing the examination,Y,1.0,https://data.mafra.go.kr/opendata/data/indexOpenDataDetail.do?data_id=20240806000000002609
20200114000000000604,국립종자원 품종코드,variety code,Y,1.0,https://data.mafra.go.kr/opendata/data/indexOpenDataDetail.do?data_id=20240806000000002609
20200713000000000605,안심식당 정보,relief restaurant,Y,1.0,https://data.mafra.go.kr/opendata/data/indexOpenDataDetail.do?data_id=20240806000000002609
20220822000000000624,화훼류농협공판장별경락가격조회,VIEW_FLPLNT_NONGHYUP_JMRKT_PC,Y,1.0,https://data.mafra.go.kr/opendata/data/indexOpenDataDetail.do?data_id=20240806000000002609
20220818000000000622,종합유통센터센터별경락가격조회,VIEW_GNRLZ_DISTBTR_CNTER_PC,Y,1.0,https://data.mafra.go.kr/opendata/data/indexOpenDataDetail.do?data_id=20240806000000002609
20220823000000000637,사육규모별 농장 통계 데이터 제공,VIEW_FARM_SCALE_STAT_INFO,Y,1.0,https://data.mafra.go.kr/opendata/data/indexOpenDataDetail.do?data_id=20240806000000002609
20220824000000000643,농수축산물 유통단계별 가격 정보조회,VIEW_DAILY_DISTRIBUTION_STEP,Y,1.0,https://data.mafra.go.kr/opendata/data/indexOpenDataDetail.do?data_id=20240806000000002609
20220824000000000644,농수축산물 전문가 시황 정보조회,VIEW_MARKET_SITUATION,Y,1.0,https://data.mafra.go.kr/opendata/data/indexOpenDataDetail.do?data_id=20240806000000002609
20160201000000000344,농촌마이스터대학 정보 학사일정,TI_EPIS_MEISTER_INFO_SCHAFS_FX,Y,1.0,https://data.mafra.go.kr/opendata/data/indexOpenDataDetail.do?data_id=20240806000000002609
20160308000000000346,원천실시간경락가격도매시장요약목록조회,VIEW_RLTM_AUCCT_MRKT_SU_PRDLST,Y,1.0,https://data.mafra.go.kr/opendata/data/indexOpenDataDetail.do?data_id=20240806000000002609
20161121000000000372,농촌용수 저수지수위 정보,ReservoirCode,Y,1.0,https://data.mafra.go.kr/opendata/data/indexOpenDataDetail.do?data_id=20240806000000002609
20161205000000000377,수출입식물 품목별 농약 등록 현황,TI_QIA_IMPT_PRTACTO_AGCHM_STUS,Y,1.0,https://data.mafra.go.kr/opendata/data/indexOpenDataDetail.do?data_id=20240806000000002609
20161205000000000378,국가재난병 감귤황룡병 방제 약제 등록 현황,TI_QIA_TNGYELESS_PRBECIN_STUS,Y,1.0,https://data.mafra.go.kr/opendata/data/indexOpenDataDetail.do?data_id=20240806000000002609
20161205000000000379,농림축산검역본부 식물병해충 소장 표본 현황,TI_QIA_PLNTDBS_FGT_SAMPLE_STUS,Y,1.0,https://data.mafra.go.kr/opendata/data/indexOpenDataDetail.do?data_id=20240806000000002609
20161206000000000386,수입재식용식물 검역장소 관리 통계 현황,TI_IPAB_INCMEREBLEPTQRTPM_STAT,Y,1.0,https://data.mafra.go.kr/opendata/data/indexOpenDataDetail.do?data_id=20240806000000002609
20161206000000000387,GAP인증농가 현황,TI_NAQS_GAP_CRTFC_FRMHS_STTUS,Y,1.0,https://data.mafra.go.kr/opendata/data/indexOpenDataDetail.do?data_id=20240806000000002609
20161206000000000389,가공용쌀 공급업체 단속현황,TI_NAQS_PRCSS_RICE_REGLT_STTUS,Y,1.0,https://data.mafra.go.kr/opendata/data/indexOpenDataDetail.do?data_id=20240806000000002609
20161206000000000392,농산물 독소류 분석결과,TI_NAQS_FRMPRD_TX_ANALS_RESULT,Y,1.0,https://data.mafra.go.kr/opendata/data/indexOpenDataDetail.do?data_id=20240806000000002609
20161209000000000397,백두대간 서비스,"Plants, services",Y,1.0,https://data.mafra.go.kr/opendata/data/indexOpenDataDetail.do?data_id=20240806000000002609
20161212000000000400,둘레길정보 조회,Information check the Dulegil,Y,1.0,https://data.mafra.go.kr/opendata/data/indexOpenDataDetail.do?data_id=20240806000000002609
20161214000000000417,새만금방조제 수위계측정보,TI_KRC_WAL_MEASURE_INFO,Y,1.0,https://data.mafra.go.kr/opendata/data/indexOpenDataDetail.do?data_id=20240806000000002609
20161221000000000438,대상경주 연간계획,Target race year plan,Y,1.0,https://data.mafra.go.kr/opendata/data/indexOpenDataDetail.do?data_id=20240806000000002609
20161221000000000435,경주계획표,Race schedule,Y,1.0,https://data.mafra.go.kr/opendata/data/indexOpenDataDetail.do?data_id=20240806000000002609
20161221000000000436,요약성적표,Summary report card,Y,1.0,https://data.mafra.go.kr/opendata/data/indexOpenDataDetail.do?data_id=20240806000000002609
20161221000000000440,마명변경내역,Name change of the horse,Y,1.0,https://data.mafra.go.kr/opendata/data/indexOpenDataDetail.do?data_id=20240806000000002609
20161221000000000442,말성적조회,Race horse grading inquiry,Y,1.0,https://data.mafra.go.kr/opendata/data/indexOpenDataDetail.do?data_id=20240806000000002609
20170104000000000483,녹비작물 품목별 신청현황,TI_MAFRA_RUSTNONCROPS_PRDLSTAC,Y,1.0,https://data.mafra.go.kr/opendata/data/indexOpenDataDetail.do?data_id=20240806000000002609
20170124000000000501,농수축산물 통합유통통계 정보제공 서비스,StatsInfoService,Y,1.0,https://data.mafra.go.kr/opendata/data/indexOpenDataDetail.do?data_id=20240806000000002609
20170125000000000503,축산농장 통계제공 서비스,FarmStatService,Y,1.0,https://data.mafra.go.kr/opendata/data/indexOpenDataDetail.do?data_id=20240806000000002609
20170925000000000513,임업기술 핸드북,Forestry Technology Handbook,Y,1.0,https://data.mafra.go.kr/opendata/data/indexOpenDataDetail.do?data_id=20240806000000002609
20170925000000000514,균류자원 서비스,The venomous fungi resource service,Y,1.0,https://data.mafra.go.kr/opendata/data/indexOpenDataDetail.do?data_id=20240806000000002609
20171017000000000523,식물표본정보 검색,spcmSearch,Y,1.0,https://data.mafra.go.kr/opendata/data/indexOpenDataDetail.do?data_id=20240806000000002609
20171017000000000525,식물도감정보 검색,plntIlstrSearch,Y,1.0,https://data.mafra.go.kr/opendata/data/indexOpenDataDetail.do?data_id=20240806000000002609
20181106000000000592,주행심사결과,Driving audit result,Y,1.0,https://data.mafra.go.kr/opendata/data/indexOpenDataDetail.do?data_id=20240806000000002609
20171023000000000542,축산농장 정보제공 서비스,Information Services provides livestock farms,Y,1.0,https://data.mafra.go.kr/opendata/data/indexOpenDataDetail.do?data_id=20240806000000002609
20181106000000000591,조교사정보,Teacher Information,Y,1.0,https://data.mafra.go.kr/opendata/data/indexOpenDataDetail.do?data_id=20240806000000002609
20200113000000000601,국립종자원 작물코드,crop code,Y,1.0,https://data.mafra.go.kr/opendata/data/indexOpenDataDetail.do?data_id=20240806000000002609
20210205000000000609,품목정의,TI_KREI_PRDLST_DFN,Y,1.0,https://data.mafra.go.kr/opendata/data/indexOpenDataDetail.do?data_id=20240806000000002609
20210205000000000610,품목관측정보-월보,TI_KREI_PRDLST_OBSR_ND_MTHPR,Y,1.0,https://data.mafra.go.kr/opendata/data/indexOpenDataDetail.do?data_id=20240806000000002609
20210205000000000611,품목관측-관측속보,TI_KREI_PRDLST_OBSR_BRKNEWS,Y,1.0,https://data.mafra.go.kr/opendata/data/indexOpenDataDetail.do?data_id=20240806000000002609
20220621000000000615,질병발생통계,TI_QLA_DISE_OCTY_STATS,Y,1.0,https://data.mafra.go.kr/opendata/data/indexOpenDataDetail.do?data_id=20240806000000002609
20240625000000000658,정산가격 기간별 도매시장별 품목별 총물량 총금액,TI_CLCLN_PRC_WHLSL_MRKT_ITEM,Y,1.0,https://data.mafra.go.kr/opendata/data/indexOpenDataDetail.do?data_id=20240806000000002609
20240625000000000661,도매시장 코드,TI_WHLSL_MRKT_CD,Y,1.0,https://data.mafra.go.kr/opendata/data/indexOpenDataDetail.do?data_id=20240806000000002609
20151207000000000319,신구표준단위목록조회,VIEW_SCM_UNIT_LIST,Y,1.0,https://data.mafra.go.kr/opendata/data/indexOpenDataDetail.do?data_id=20240806000000002609
20151207000000000321,신구표준산지목록조회,VIEW_SCM_MTC_LIST,Y,1.0,https://data.mafra.go.kr/opendata/data/indexOpenDataDetail.do?data_id=20240806000000002609
20151207000000000322,신구표준시장목록조회,VIEW_SCM_MRKT_LIST,Y,1.0,https://data.mafra.go.kr/opendata/data/indexOpenDataDetail.do?data_id=20240806000000002609
20151207000000000323,신구표준크기목록조회,VIEW_SCM_MG_LIST,Y,1.0,https://data.mafra.go.kr/opendata/data/indexOpenDataDetail.do?data_id=20240806000000002609
20151207000000000324,신구표준포장목록조회,VIEW_SCM_FRMLC_LIST,Y,1.0,https://data.mafra.go.kr/opendata/data/indexOpenDataDetail.do?data_id=20240806000000002609
20151207000000000330,학교급식전자조달시스템 계약정보,TI_AT_SCHOOL_EAT_CNTRCT_INFO,Y,1.0,https://data.mafra.go.kr/opendata/data/indexOpenDataDetail.do?data_id=20240806000000002609
20151208000000000331,돼지이력정보,TI_EKAPE_PIG_HIST_INFO,Y,1.0,https://data.mafra.go.kr/opendata/data/indexOpenDataDetail.do?data_id=20240806000000002609
20151208000000000333,돼지포장처리정보,TI_EKAPE_PIG_BNCN_PROCES_INFO,Y,1.0,https://data.mafra.go.kr/opendata/data/indexOpenDataDetail.do?data_id=20240806000000002609
20160127000000000340,농촌마을별 기본정보,TI_EPIS_FMLG_VILAGE_BASS_INFO,Y,1.0,https://data.mafra.go.kr/opendata/data/indexOpenDataDetail.do?data_id=20240806000000002609
20160127000000000341,농촌마을별 인원정보,TI_EPIS_FMLG_VILAGE_NMPR_INFO,Y,1.0,https://data.mafra.go.kr/opendata/data/indexOpenDataDetail.do?data_id=20240806000000002609
20160127000000000343,농촌마을별 자원정보2,TI_EPIS_FMLG_VILAGE_RESR2_INFO,Y,1.0,https://data.mafra.go.kr/opendata/data/indexOpenDataDetail.do?data_id=20240806000000002609
20161117000000000369,축산물DNA동일성검사 업소정보 조회,sampleGatherCompany,Y,1.0,https://data.mafra.go.kr/opendata/data/indexOpenDataDetail.do?data_id=20240806000000002609
20161205000000000376,농식품공무원교육원 시설 대여 신청 정보,TI_ATI_FCLTS_REQST_INFO,Y,1.0,https://data.mafra.go.kr/opendata/data/indexOpenDataDetail.do?data_id=20240806000000002609
20161205000000000380,식물검역연구장비 보유현황,TI_QIA_PLNTQRT_QRANN_HOLD_STUS,Y,1.0,https://data.mafra.go.kr/opendata/data/indexOpenDataDetail.do?data_id=20240806000000002609
20161230000000000479,분쟁종자 시험분석 데이터,Conflict Seed Test Analysis Data,Y,1.0,https://data.mafra.go.kr/opendata/data/indexOpenDataDetail.do?data_id=20240806000000002609
20170104000000000480,전국식재료 산지정보,Origin information of national foodstuffs,Y,1.0,https://data.mafra.go.kr/opendata/data/indexOpenDataDetail.do?data_id=20240806000000002609
20170104000000000481,산양삼생산신고,wood-cultivated ginseng production report,Y,1.0,https://data.mafra.go.kr/opendata/data/indexOpenDataDetail.do?data_id=20240806000000002609
20170104000000000482,직거래 사업장 정보,Direct Deal Place Information,Y,1.0,https://data.mafra.go.kr/opendata/data/indexOpenDataDetail.do?data_id=20240806000000002609
20170124000000000500,축산물등급판정확인서 발급번호정보,GradeConfirm,Y,1.0,https://data.mafra.go.kr/opendata/data/indexOpenDataDetail.do?data_id=20240806000000002609
20171017000000000526,식물도감정보 조회,plntIlstrInfo,Y,1.0,https://data.mafra.go.kr/opendata/data/indexOpenDataDetail.do?data_id=20240806000000002609
20171024000000000544,축산물DNA동일성검사 업소정보,Livestock DNA identity tests business information,Y,1.0,https://data.mafra.go.kr/opendata/data/indexOpenDataDetail.do?data_id=20240806000000002609
20171024000000000545,쇠고기이력정보서비스,Beef Information Service history,Y,1.0,https://data.mafra.go.kr/opendata/data/indexOpenDataDetail.do?data_id=20240806000000002609
20171121000000000550,등산로 위치 정보 조회,getforestspatialdataservice,Y,1.0,https://data.mafra.go.kr/opendata/data/indexOpenDataDetail.do?data_id=20240806000000002609
20171124000000000561,정부보급종 품종별 생산대행 현황,The government certificated seed production carrying out as proxy present condition by crop,Y,1.0,https://data.mafra.go.kr/opendata/data/indexOpenDataDetail.do?data_id=20240806000000002609
20171124000000000563,국립산림품종관리센터_생명자원분양정보,National Forest Cultivation Center _ Information on pre-sale of life resources,Y,1.0,https://data.mafra.go.kr/opendata/data/indexOpenDataDetail.do?data_id=20240806000000002609
20171124000000000564,도매시장 현황 거래실적,Transaction performance status of the wholesale market,Y,1.0,https://data.mafra.go.kr/opendata/data/indexOpenDataDetail.do?data_id=20240806000000002609
20171124000000000565,도매시장 부류별 법인별 수수료 현황,Current status of commission by corporate classification by type of wholesale market,Y,1.0,https://data.mafra.go.kr/opendata/data/indexOpenDataDetail.do?data_id=20240806000000002609
20171124000000000566,공영도매시장별 시장 종사자 현황,Market Status of Market Workers by Public Wholesale Markets,Y,1.0,https://data.mafra.go.kr/opendata/data/indexOpenDataDetail.do?data_id=20240806000000002609
20171124000000000567,공영도매시장별 출하자 현황,Forwarding status by public wholesale market,Y,1.0,https://data.mafra.go.kr/opendata/data/indexOpenDataDetail.do?data_id=20240806000000002609
20171124000000000568,공영도매시장별 관리공사 임직원 현황,Status of Executives and Employees in Public Procurement Market,Y,1.0,https://data.mafra.go.kr/opendata/data/indexOpenDataDetail.do?data_id=20240806000000002609
20181019000000000585,수입식물검역통계,Statistics of Income Statistic,Y,1.0,https://data.mafra.go.kr/opendata/data/indexOpenDataDetail.do?data_id=20240806000000002609
20181106000000000589,승마장 조회 서비스,Horse Race Tracking,Y,1.0,https://data.mafra.go.kr/opendata/data/indexOpenDataDetail.do?data_id=20240806000000002609
20181120000000000596,한국마사회 예상배당률 통합정보,Estimate of dividend rate,Y,1.0,https://data.mafra.go.kr/opendata/data/indexOpenDataDetail.do?data_id=20240806000000002609
20200929000000000606,유기농업자재 공시현황,notice,Y,1.0,https://data.mafra.go.kr/opendata/data/indexOpenDataDetail.do?data_id=20240806000000002609
20220621000000000617,축산차량등록현황통계,TI_QLA_STKRS_VHCLE_REGIST,Y,1,https://data.mafra.go.kr/opendata/data/indexOpenDataDetail.do?data_id=20240806000000002609
20220621000000000619,통제초소안내,TI_QLA_CNRL_GURPOST_GUIDANCE,Y,1,https://data.mafra.go.kr/opendata/data/indexOpenDataDetail.do?data_id=20240806000000002609
20220822000000000623,수산물도매시장별도매경락가격조회,VIEW_MPRC_WLT_PC,Y,1.0,https://data.mafra.go.kr/opendata/data/indexOpenDataDetail.do?data_id=20240806000000002609
20220822000000000625,산지공판장품목별경락가격조회,VIEW_MTC_JMRKT_PRDLST_PC,Y,1.0,https://data.mafra.go.kr/opendata/data/indexOpenDataDetail.do?data_id=20240806000000002609
20220822000000000626,산지공판장별경락가격조회,VIEW_MTC_JMRKT_PC,Y,1.0,https://data.mafra.go.kr/opendata/data/indexOpenDataDetail.do?data_id=20240806000000002609
20220822000000000627,종합유통센터품목별경락가격조회,VIEW_MPRC_PRDLST_WHSAL_PC,Y,1.0,https://data.mafra.go.kr/opendata/data/indexOpenDataDetail.do?data_id=20240806000000002609
20220826000000000649,산지공판장 유통통계정보 조회,VIEW_ODM_DEBY_NACF_OPEN,Y,1.0,https://data.mafra.go.kr/opendata/data/indexOpenDataDetail.do?data_id=20240806000000002609
20220823000000000635,가축 통계 데이터,VIEW_ANI_FARM_INFO,Y,1.0,https://data.mafra.go.kr/opendata/data/indexOpenDataDetail.do?data_id=20240806000000002609
20220823000000000636,대상질병별 농장 통계 데이터 제공,VIEW_FARM_DISEASE_STAT_INFO,Y,1.0,https://data.mafra.go.kr/opendata/data/indexOpenDataDetail.do?data_id=20240806000000002609
20220824000000000640,축종별 농장 통계 데이터 제공,VIEW_FARM_CATEGORY_STAT_INFO,Y,1.0,https://data.mafra.go.kr/opendata/data/indexOpenDataDetail.do?data_id=20240806000000002609
20220826000000000646,농수축산물 유통단계별 변환 규칙 정보조회,VIEW_DISTRIBUTION_STEP,Y,1.0,https://data.mafra.go.kr/opendata/data/indexOpenDataDetail.do?data_id=20240806000000002609
20221207000000000652,HSK품목매핑목록조회,VIEW_AGPD_MAPP_INTL_CODE,Y,1.0,https://data.mafra.go.kr/opendata/data/indexOpenDataDetail.do?data_id=20240806000000002609
20240626000000000663,등급 코드,TI_GRD_CD,Y,1.0,https://data.mafra.go.kr/opendata/data/indexOpenDataDetail.do?data_id=20240806000000002609
20240626000000000666,크기 코드,TI_SZ_CD,Y,1.0,https://data.mafra.go.kr/opendata/data/indexOpenDataDetail.do?data_id=20240806000000002609
20240626000000000668,품목 코드,TI_ITEM_CD,Y,1.0,https://data.mafra.go.kr/opendata/data/indexOpenDataDetail.do?data_id=20240806000000002609
