title,desc,url,provider,type,cycle,dataId,registered,updated
한우 개체별 인공수정이력 조회,"암소별, 주간별 한우인공수정 기록을 조회 한다.",https://data.mafra.go.kr/opendata/data/indexOpenDataDetail.do?data_id=20260306000000002986,농림축산식품부,OpenAPI,수시,20260306000000002986,2026-03-06,2026-03-06
한우 기간별 인공수정이력 조회,"암소별, 주간별 한우인공수정 기록을 조회 한다.",https://data.mafra.go.kr/opendata/data/indexOpenDataDetail.do?data_id=20260306000000002987,농림축산식품부,OpenAPI,수시,20260306000000002987,2026-03-06,2026-03-06
품목별 재해보험정보 및 경영체 품목정보,농식품 빅데이터 분석 플랫폼에서 추출한 분석 데이터입니다.,https://data.mafra.go.kr/opendata/data/indexOpenDataDetail.do?data_id=20260128000000002973,농림수산식품교육문화정보원,OpenAPI,수시,20260128000000002973,2026-01-28,2026-01-28
국가별 수입 위생조건 정보,농식품 빅데이터 분석 플랫폼에서 추출한 분석 데이터입니다.,https://data.mafra.go.kr/opendata/data/indexOpenDataDetail.do?data_id=20260128000000002974,농림수산식품교육문화정보원,OpenAPI,년간,20260128000000002974,2026-01-28,2026-01-28
전국 가뭄 정보,농식품 빅데이터 분석 플랫폼에서 추출한 분석 데이터입니다.,https://data.mafra.go.kr/opendata/data/indexOpenDataDetail.do?data_id=20260128000000002975,농림수산식품교육문화정보원,OpenAPI,년간,20260128000000002975,2026-01-28,2026-01-28
대기오염 영향 기반 축사 데이터,농식품 빅데이터 분석 플랫폼에서 추출한 분석 데이터입니다.,https://data.mafra.go.kr/opendata/data/indexOpenDataDetail.do?data_id=20260128000000002976,농림수산식품교육문화정보원,OpenAPI,수시,20260128000000002976,2026-01-28,2026-01-28
농업경영체(법인)와 HACCP 인증 결합정보,농식품 빅데이터 분석 플랫폼에서 추출한 분석 데이터입니다.,https://data.mafra.go.kr/opendata/data/indexOpenDataDetail.do?data_id=20260128000000002977,농림수산식품교육문화정보원,OpenAPI,수시,20260128000000002977,2026-01-28,2026-01-28
농식품 온라인 검색 순위 정보,농식품 빅데이터 분석 플랫폼에서 추출한 분석 데이터입니다.,https://data.mafra.go.kr/opendata/data/indexOpenDataDetail.do?data_id=20260128000000002978,농림수산식품교육문화정보원,OpenAPI,수시,20260128000000002978,2026-01-28,2026-01-28
곤충사육농가 유형과 매출 결합정보,농식품 빅데이터 분석 플랫폼에서 추출한 분석 데이터입니다.,https://data.mafra.go.kr/opendata/data/indexOpenDataDetail.do?data_id=20260128000000002971,농림수산식품교육문화정보원,OpenAPI,년간,20260128000000002971,2026-01-28,2026-01-28
농협계약재배 물량과 도매가격정보,농식품 빅데이터 분석 플랫폼에서 추출한 분석 데이터입니다.,https://data.mafra.go.kr/opendata/data/indexOpenDataDetail.do?data_id=20260128000000002979,농림수산식품교육문화정보원,OpenAPI,수시,20260128000000002979,2026-01-28,2026-01-28
전국 토양검정과 병해충 예찰 결합정보,농식품 빅데이터 분석 플랫폼에서 추출한 분석 데이터입니다.,https://data.mafra.go.kr/opendata/data/indexOpenDataDetail.do?data_id=20260128000000002980,농림수산식품교육문화정보원,OpenAPI,수시,20260128000000002980,2026-01-28,2026-01-28
음식별 영양성분·효능 결합정보,농식품 빅데이터 분석 플랫폼에서 추출한 분석 데이터입니다.,https://data.mafra.go.kr/opendata/data/indexOpenDataDetail.do?data_id=20260128000000002981,농림수산식품교육문화정보원,OpenAPI,수시,20260128000000002981,2026-01-28,2026-01-28
수입국 관세율 및 농산물 유통신고현황,농식품 빅데이터 분석 플랫폼에서 추출한 분석 데이터입니다.,https://data.mafra.go.kr/opendata/data/indexOpenDataDetail.do?data_id=20260128000000002982,농림수산식품교육문화정보원,OpenAPI,년간,20260128000000002982,2026-01-28,2026-01-28
소매가격정보와 소비 트렌드 결합정보,농식품 빅데이터 분석 플랫폼에서 추출한 분석 데이터입니다.,https://data.mafra.go.kr/opendata/data/indexOpenDataDetail.do?data_id=20260128000000002983,농림수산식품교육문화정보원,OpenAPI,년간,20260128000000002983,2026-01-28,2026-01-28
농식품 연구과제와 특허성과 결합정보,농식품 빅데이터 분석 플랫폼에서 추출한 분석 데이터입니다.,https://data.mafra.go.kr/opendata/data/indexOpenDataDetail.do?data_id=20260128000000002985,농림수산식품교육문화정보원,OpenAPI,년간,20260128000000002985,2026-01-28,2026-01-28
미생물 결합정보,농식품 빅데이터 분석 플랫폼에서 추출한 분석 데이터입니다.,https://data.mafra.go.kr/opendata/data/indexOpenDataDetail.do?data_id=20260128000000002984,농림수산식품교육문화정보원,OpenAPI,수시,20260128000000002984,2026-01-28,2026-01-28
지진경보 영향권과 농업시설물 결합정보,농식품 빅데이터 분석 플랫폼에서 추출한 분석 데이터입니다.,https://data.mafra.go.kr/opendata/data/indexOpenDataDetail.do?data_id=20260128000000002972,농림수산식품교육문화정보원,OpenAPI,수시,20260128000000002972,2026-01-28,2026-01-28
농식품인재개발원 입찰 정보,농식품인재개발원에서 발주한 입찰 정보입니다.,https://data.mafra.go.kr/opendata/data/indexOpenDataDetail.do?data_id=20260114000000002967,농식품공무원교육원,OpenAPI,년간,20260114000000002967,2026-01-13,2026-01-13
농식품인재개발원 입찰 정보,농식품인재개발원에서 발주한 입찰 정보입니다.,https://data.mafra.go.kr/opendata/data/indexOpenDataDetail.do?data_id=20260113000000002966,농식품공무원교육원,파일,년간,20260113000000002966,2026-01-13,2026-01-13
농지업무편람,"농지 관련 법령 및 제도, 농지법 제정 이후 농지제도 현황, 주요 농지제도 변천사, 농지의 정의 등 농지법 관련 업무 편람을 제공 합니다. 제공 목록 : 농지제도의 변천, 농지의 정의.소유.이용, 농지원부, 농지정보시스템 운영, 농업진흥지역 지정 및 관리, 농지의 전용,농지보전부담금",https://data.mafra.go.kr/opendata/data/indexOpenDataDetail.do?data_id=20251126000000002965,농림축산식품부,파일,수시,20251126000000002965,2025-11-26,2025-11-26
축산계열화사업자 및 경영사실 정보,"농림축산식품부에서는 축산계열화사업자 및 경영사실 정보를 제공합니다. 본 정보 제공 데이터는 등록번호, 경영년도, 일련번호, 관계, 이름, 기간, 상호, 자본금, 사업자유형, 영업상태, 축종돼지, 축종오리, 축종육계등의 정보를 포함하고 있습니다.",https://data.mafra.go.kr/opendata/data/indexOpenDataDetail.do?data_id=20251114000000002943,농림수산식품교육문화정보원,링크,수시,20251114000000002943,2025-11-14,2025-11-14
축산업인허가등록지역별통계현황정보,농림축산식품부에서는 축산업인허가등록지역별통계현황정보를 제공합니다.,https://data.mafra.go.kr/opendata/data/indexOpenDataDetail.do?data_id=20251114000000002944,농림수산식품교육문화정보원,링크,수시,20251114000000002944,2025-11-14,2025-11-14
출장소 관리 정보,"농림축산식품부에서 제공하는 출장소 관리 정보에 대한 데이터로 출장소코드, 출장소명칭, 등록일 등의 정보를 제공",https://data.mafra.go.kr/opendata/data/indexOpenDataDetail.do?data_id=20251114000000002945,농림수산식품교육문화정보원,링크,수시,20251114000000002945,2025-11-14,2025-11-14
출하품목 정보,"농림축산식품부에서 제공하는 출하품목 정보에 대한 데이터로 분류코드, 품목코드, 품목명 등의 정보를 제공",https://data.mafra.go.kr/opendata/data/indexOpenDataDetail.do?data_id=20251114000000002946,농림수산식품교육문화정보원,링크,수시,20251114000000002946,2025-11-14,2025-11-14
친환경농업 지원사업 신청현황정보,농림축산식품부에서는 친환경농업 지원사업 신청현황정보를 제공합니다.,https://data.mafra.go.kr/opendata/data/indexOpenDataDetail.do?data_id=20251114000000002947,농림수산식품교육문화정보원,링크,수시,20251114000000002947,2025-11-14,2025-11-14
친환경축산축종코드매핑정보,"농림축산식품부에서 제공하는 친환경축산축종코드매핑정보로 축종코드친환경품목코드,매핑일련번호,사용여부,등록일시,수정일시등의 정보를 포함하여 제공합니다.",https://data.mafra.go.kr/opendata/data/indexOpenDataDetail.do?data_id=20251114000000002948,농림수산식품교육문화정보원,링크,수시,20251114000000002948,2025-11-14,2025-11-14
토양 경지 면적 통계 정보,농림축산식품부에서는 토양 경지 면적 통계 정보를 제공합니다.,https://data.mafra.go.kr/opendata/data/indexOpenDataDetail.do?data_id=20251114000000002949,농림수산식품교육문화정보원,링크,수시,20251114000000002949,2025-11-14,2025-11-14
토양 지급기준 소요량정보,농림축산식품부에서는 토양 지급기준 소요량정보를 제공합니다.,https://data.mafra.go.kr/opendata/data/indexOpenDataDetail.do?data_id=20251114000000002950,농림수산식품교육문화정보원,링크,수시,20251114000000002950,2025-11-14,2025-11-14
토양개량제신청량및예산안정보,농림축산식품부에서는 토양개량제신청량및예산안정보를 제공합니다.,https://data.mafra.go.kr/opendata/data/indexOpenDataDetail.do?data_id=20251114000000002951,농림수산식품교육문화정보원,링크,수시,20251114000000002951,2025-11-14,2025-11-14
토양개량제월별살포통계정보,농림축산식품부에서는 토양개량제월별살포통계정보를 제공합니다.,https://data.mafra.go.kr/opendata/data/indexOpenDataDetail.do?data_id=20251114000000002952,농림수산식품교육문화정보원,링크,수시,20251114000000002952,2025-11-14,2025-11-14
토양개량제월별신청통계정보,"농림축산식품부에서 제공하는 토양개량제월별신청통계정보로 사업년도,선정년도,공급년도,토양개량제비료코드,토양개량제월별통계순번등의 정보를 포함하여 제공합니다.",https://data.mafra.go.kr/opendata/data/indexOpenDataDetail.do?data_id=20251114000000002953,농림수산식품교육문화정보원,링크,수시,20251114000000002953,2025-11-14,2025-11-14
퇴비부숙도 농가 이행상황정보,농림축산식품부에서는 퇴비부숙도 농가 이행상황정보를 제공합니다.,https://data.mafra.go.kr/opendata/data/indexOpenDataDetail.do?data_id=20251114000000002954,농림수산식품교육문화정보원,링크,수시,20251114000000002954,2025-11-14,2025-11-14
품목별농작물정보,농림축산식품부에서는 품목별농작물정보를 제공합니다.,https://data.mafra.go.kr/opendata/data/indexOpenDataDetail.do?data_id=20251114000000002955,농림수산식품교육문화정보원,링크,수시,20251114000000002955,2025-11-14,2025-11-14
품목정보 이행점검조사정보,농림축산식품부에서는 품목정보 이행점검조사정보를 제공합니다.,https://data.mafra.go.kr/opendata/data/indexOpenDataDetail.do?data_id=20251114000000002956,농림수산식품교육문화정보원,링크,수시,20251114000000002956,2025-11-14,2025-11-14
피해보전지침기준및신청상세현장점검첨부정보,"농림축산식품부에서 제공하는 피해보전지침기준및신청상세현장점검첨부정보로 사업년도,지침기준일련번호,사업시행지침일자송아지인정시작일자,송아지인정종료일자,첨부파일일련번호,등록일시,수정일시등의 정보를 제공합니다. 본 제공자료는 피해보전지침기준에 대한 현장점검을 통해 사업지원금액 신청건에 대하여 환수조치를 진행한 내용을 보여주는 데이터입니다.",https://data.mafra.go.kr/opendata/data/indexOpenDataDetail.do?data_id=20251114000000002957,농림수산식품교육문화정보원,링크,수시,20251114000000002957,2025-11-14,2025-11-14
후계자_관리_추진_실적,"농림축산식품부에서 제공하는 후계자 관리 추진 실적 정보에 대한 데이터로 사업연도, 사업추진경지, 사업추진시설 등의 통계 정보를 제공합니다",https://data.mafra.go.kr/opendata/data/indexOpenDataDetail.do?data_id=20251114000000002958,농림수산식품교육문화정보원,링크,수시,20251114000000002958,2025-11-14,2025-11-14
후계자_관리_포상_자격증,"농림축산식품부에서 제공하는 후계자 관리 포상 자격증 정보에 대한 데이터로 포상자격증, 선정연도 등의 통계 정보를 제공합니다",https://data.mafra.go.kr/opendata/data/indexOpenDataDetail.do?data_id=20251114000000002959,농림수산식품교육문화정보원,링크,수시,20251114000000002959,2025-11-14,2025-11-14
한우_송아지피해보전직불지원현황정보,농림축산식품부에서는 한우_송아지피해보전직불지원현황정보를 제공합니다.,https://data.mafra.go.kr/opendata/data/indexOpenDataDetail.do?data_id=20251114000000002960,농림수산식품교육문화정보원,링크,수시,20251114000000002960,2025-11-14,2025-11-14
행정처분정보,농림축산식품부에서는 행정처분정보를 제공합니다.,https://data.mafra.go.kr/opendata/data/indexOpenDataDetail.do?data_id=20251114000000002961,농림수산식품교육문화정보원,링크,수시,20251114000000002961,2025-11-14,2025-11-14
후계농 지원사업 선정현황정보,농림축산식품부에서는 후계농 지원사업 선정현황정보를 제공합니다.,https://data.mafra.go.kr/opendata/data/indexOpenDataDetail.do?data_id=20251114000000002962,농림수산식품교육문화정보원,링크,수시,20251114000000002962,2025-11-14,2025-11-14
농지폐경사유정보,"농림축산식품부에서는 농지폐경사유정보정보를 제공합니다. 본 정보 제공 데이터는 사업년도, 농지일련번호, 대장구분, 본번, 부번, 폐경사유일련번호, 경영체폐경면적, 폐경사유, 폐경사유비고등의 정보를 포함하고 있습니다.",https://data.mafra.go.kr/opendata/data/indexOpenDataDetail.do?data_id=20251114000000002963,농림수산식품교육문화정보원,링크,수시,20251114000000002963,2025-11-14,2025-11-14
조사료 유통업체 현황 정보,농림축산식품부에서는 조사료 유통업체 현황 정보를 제공합니다.,https://data.mafra.go.kr/opendata/data/indexOpenDataDetail.do?data_id=20251114000000002915,농림수산식품교육문화정보원,링크,수시,20251114000000002915,2025-11-14,2025-11-14
정제 비료품질 폐기물 재활용 정보,농림축산식품부에서는 정제 비료품질 폐기물 재활용 정보를 제공합니다.,https://data.mafra.go.kr/opendata/data/indexOpenDataDetail.do?data_id=20251114000000002914,농림수산식품교육문화정보원,링크,수시,20251114000000002914,2025-11-14,2025-11-14
전출전입 정보,"농림축산식품부에서는 전출전입 정보를 제공합니다. 본 정보 제공 데이터는 사업년도, 경영체일련번호, 전출전입일련번호, 경영체명, 진행상태명, 요청일자, 처리일자, 요청관할기관, 처리관할기관등의 정보를 포함하고 있습니다.",https://data.mafra.go.kr/opendata/data/indexOpenDataDetail.do?data_id=20251114000000002913,농림수산식품교육문화정보원,링크,수시,20251114000000002913,2025-11-14,2025-11-14
전체 축종별 현황정보,농림축산식품부에서는 전체 축종별 현황정보를 제공합니다.,https://data.mafra.go.kr/opendata/data/indexOpenDataDetail.do?data_id=20251114000000002912,농림수산식품교육문화정보원,링크,수시,20251114000000002912,2025-11-14,2025-11-14
전체 노지작물 수확(재배) 현황정보,농림축산식품부에서는 전체 노지작물 수확(재배) 현황정보를 제공합니다.,https://data.mafra.go.kr/opendata/data/indexOpenDataDetail.do?data_id=20251114000000002911,농림수산식품교육문화정보원,링크,수시,20251114000000002911,2025-11-14,2025-11-14
전략작물신청서품목및면적상세정보,농림축산식품부에서는 전략작물신청서품목및면적상세정보를 제공합니다.,https://data.mafra.go.kr/opendata/data/indexOpenDataDetail.do?data_id=20251114000000002910,농림수산식품교육문화정보원,링크,수시,20251114000000002910,2025-11-14,2025-11-14
전략작물 가루쌀 생산단지 정보,농림축산식품부에서는 전략작물 가루쌀 생산단지 정보를 제공합니다.,https://data.mafra.go.kr/opendata/data/indexOpenDataDetail.do?data_id=20251114000000002909,농림수산식품교육문화정보원,링크,수시,20251114000000002909,2025-11-14,2025-11-14
입업경영체재배품목내역 및 입업재해대책정보,"농림축산식품부에서 제공하는 입업경영체재배품목내역 및 입업재해대책정보로 입업정책사업명,임직원수,정산현황,재해대책정보를 포함하여 제공합니다.",https://data.mafra.go.kr/opendata/data/indexOpenDataDetail.do?data_id=20251114000000002908,농림수산식품교육문화정보원,링크,수시,20251114000000002908,2025-11-14,2025-11-14
비료품질 위탁별 공정 규격 코드,농림축산식품부에서 운영중인 비료품질 보조사업에서 위탁별(일련번호로 변경) 공정 규격 코드가 담긴 정보입니다. 각 공정 규격 코드별 규격 내용이 담겨 있습니다,https://data.mafra.go.kr/opendata/data/indexOpenDataDetail.do?data_id=20251114000000002964,농림수산식품교육문화정보원,링크,수시,20251114000000002964,2025-11-14,2025-11-14
임차필지 검증 정보,농림축산식품부에서는 임차필지 검증 정보를 제공합니다.,https://data.mafra.go.kr/opendata/data/indexOpenDataDetail.do?data_id=20251114000000002907,농림수산식품교육문화정보원,링크,수시,20251114000000002907,2025-11-14,2025-11-14
임지별재배품목정보,"농림축산식품부에서는 임지별재배품목정보를 제공합니다. 본 정보 제공 데이터는 경영체순번, 농지일련번호, 대장구분, 공동경작여부, 경영형태, 토지대장검증여부, 공부지목, 실제지목, 공부농지면적등의 정보를 포함하고 있습니다.",https://data.mafra.go.kr/opendata/data/indexOpenDataDetail.do?data_id=20251114000000002906,농림수산식품교육문화정보원,링크,수시,20251114000000002906,2025-11-14,2025-11-14
임업재해대책품목별지원지수정보,농림축산식품부에서는 임업재해대책품목별지원지수정보를 제공합니다.,https://data.mafra.go.kr/opendata/data/indexOpenDataDetail.do?data_id=20251114000000002905,농림수산식품교육문화정보원,링크,수시,20251114000000002905,2025-11-14,2025-11-14
임업재배품목내역정보,농림축산식품부에서는 임업재배품목내역정보를 제공합니다.,https://data.mafra.go.kr/opendata/data/indexOpenDataDetail.do?data_id=20251114000000002904,농림수산식품교육문화정보원,링크,수시,20251114000000002904,2025-11-14,2025-11-14
임업유통내역정보,농림축산식품부에서는 임업유통내역정보를 제공합니다.,https://data.mafra.go.kr/opendata/data/indexOpenDataDetail.do?data_id=20251114000000002903,농림수산식품교육문화정보원,링크,수시,20251114000000002903,2025-11-14,2025-11-14
인턴법인맵핑 및 인턴신청서정보,"농림축산식품부에서 제공하는 인턴법인맵핑 및 인턴신청서정보로 사업연도,인턴접수번호,희망직무코드,희망직무명,희망분야코드,희망법인명희망지역,정규징전환여부등의 정보를 포함하여 제공합니다.",https://data.mafra.go.kr/opendata/data/indexOpenDataDetail.do?data_id=20251114000000002902,농림수산식품교육문화정보원,링크,수시,20251114000000002902,2025-11-14,2025-11-14
인삼류제조업신고관리정보,농림축산식품부에서는 인삼류제조업신고관리정보를 제공합니다.,https://data.mafra.go.kr/opendata/data/indexOpenDataDetail.do?data_id=20251114000000002901,농림수산식품교육문화정보원,링크,수시,20251114000000002901,2025-11-14,2025-11-14
인공수정소 현황정보,농림축산식품부에서는 인공수정소 현황정보를 제공합니다.,https://data.mafra.go.kr/opendata/data/indexOpenDataDetail.do?data_id=20251114000000002900,농림수산식품교육문화정보원,링크,수시,20251114000000002900,2025-11-14,2025-11-14
이행점검조사정보,농림축산식품부에서는 이행점검조사정보를 제공합니다.,https://data.mafra.go.kr/opendata/data/indexOpenDataDetail.do?data_id=20251114000000002899,농림수산식품교육문화정보원,링크,수시,20251114000000002899,2025-11-14,2025-11-14
이력청년창업형후계농업경영인선정정보,"농림축산식품부에서 제공하는 이력청년창업형후계농업경영인선정정보로 경영주등록일,영농교육실적,농업계학교졸업여부,현재경영규모,병역코드,다문화가족여부,신청일자,접수기관등의 정보를 포함하여 제공합니다.",https://data.mafra.go.kr/opendata/data/indexOpenDataDetail.do?data_id=20251114000000002898,농림수산식품교육문화정보원,링크,수시,20251114000000002898,2025-11-14,2025-11-14
이력지원사업후계농품목_연도별_코드수,"농림축산식품부에서 운영중인 보조사업 후계농업인 사업 관련 데이터로, 연도별 지원한 품목 수",https://data.mafra.go.kr/opendata/data/indexOpenDataDetail.do?data_id=20251114000000002897,농림수산식품교육문화정보원,링크,수시,20251114000000002897,2025-11-14,2025-11-14
이력지원사업비료품질정보,"농림축산식품부에서 제공하는 이력지원사업비료품질정보로 비료품질단속내역,단속업체,수입비료검사대장,신청비료,실적이월내역,위탁검사,위탁검사업체,위탁용량 및 항목,출하자체항목 등의 정보를 제공합니다.",https://data.mafra.go.kr/opendata/data/indexOpenDataDetail.do?data_id=20251114000000002896,농림수산식품교육문화정보원,링크,수시,20251114000000002896,2025-11-14,2025-11-14
이력농림사업이행관련정보,"농림축산식품부에서 제공하는 이력농림사업이행관련정보로 이행점검기관정보,이행점검교육,지급기준,진행차수,지급일련번호,이력일련번호,사업연도,법인신청수량,개인신청수량,법인지급최대면적,개인지급최대면적등의 정보를 제공합니다.",https://data.mafra.go.kr/opendata/data/indexOpenDataDetail.do?data_id=20251114000000002895,농림수산식품교육문화정보원,링크,수시,20251114000000002895,2025-11-14,2025-11-14
이력귀농창업주택구입관리교육정보,"농림축산식품부에서 제공하는 이력귀농창업주택구입관리교육정보로 선전년도,관리일련번호,교육일련번호,이력일련번호,실시기관명,시작일자,종료일자,내역등의 정보를 제공합니다.",https://data.mafra.go.kr/opendata/data/indexOpenDataDetail.do?data_id=20251114000000002894,농림수산식품교육문화정보원,링크,수시,20251114000000002894,2025-11-14,2025-11-14
이력_지원사업_신청_친환경축산_구성원,"농림축산식품부에서 제공하는 지원사업 신청정보에 대한 데이터로 사업연도, 사업명 등의 통계 정보를 제공합니다",https://data.mafra.go.kr/opendata/data/indexOpenDataDetail.do?data_id=20251114000000002893,농림수산식품교육문화정보원,링크,수시,20251114000000002893,2025-11-14,2025-11-14
이력 판매촉진 공급 상세,농림축산식품부 판매 촉진 관련 정보로 에 대한 데이터로 공급정보를 포함하고 있습니다,https://data.mafra.go.kr/opendata/data/indexOpenDataDetail.do?data_id=20251114000000002892,농림수산식품교육문화정보원,링크,수시,20251114000000002892,2025-11-14,2025-11-14
이력 지원사업 신청 후계농 농업기계 등록,농림축산식품부 지원사업 신청 정보로 후계농 농업기계 등록 정보를 나타냅니다,https://data.mafra.go.kr/opendata/data/indexOpenDataDetail.do?data_id=20251114000000002891,농림수산식품교육문화정보원,링크,수시,20251114000000002891,2025-11-14,2025-11-14
이력 지원사업 신청 정보,"농림축산식품부 지원사업 신청정보로서 사업연도, 농림사업, 일련번호, 등록일을 제공합니다",https://data.mafra.go.kr/opendata/data/indexOpenDataDetail.do?data_id=20251114000000002890,농림수산식품교육문화정보원,링크,수시,20251114000000002890,2025-11-14,2025-11-14
유통내역조사대상 및 품목정보,"농림축산식품부에서는 유통내역조사대상 및 품목정보를 제공합니다. 본 정보 제공 데이터는 조사년도, 경영체순번, 대상농가여부, 패널구분, 유통품목구분, 유통품목, 판매금액, 판매처1비율, 판매처2비율등의 정보를 포함하고 있습니다.",https://data.mafra.go.kr/opendata/data/indexOpenDataDetail.do?data_id=20251114000000002889,농림수산식품교육문화정보원,링크,수시,20251114000000002889,2025-11-14,2025-11-14
유기질비료지원사업_신청일정,"농림축산식품부에서 제공하는 유기질비료지원사업 신청일정 정보에 대한 데이터로 사업연도, 사업명, 신청일자 등의 통계 정보를 제공합니다.",https://data.mafra.go.kr/opendata/data/indexOpenDataDetail.do?data_id=20251114000000002888,농림수산식품교육문화정보원,링크,수시,20251114000000002888,2025-11-14,2025-11-14
유기질비료지원_신청_현황정보,"농림축산식품부에서는 법인조합원등기이사명세정보를 제공합니다. 본 정보 제공 데이터는 경영체일련번호, 경영체명, 설립년도, 법인형태구분, 마을법인여부, 내외국인구분등의 정보를 포함하고 있습니다.",https://data.mafra.go.kr/opendata/data/indexOpenDataDetail.do?data_id=20251114000000002887,농림수산식품교육문화정보원,링크,수시,20251114000000002887,2025-11-14,2025-11-14
유기질비료지원_신청_상세,"농림축산식품부에서 제공하는 유기질비료지원 신청상세 정보에 대한 데이터로 공부상면적, 신청면적 등의 통계 정보를 제공합니다",https://data.mafra.go.kr/opendata/data/indexOpenDataDetail.do?data_id=20251114000000002886,농림수산식품교육문화정보원,링크,수시,20251114000000002886,2025-11-14,2025-11-14
주산지_작목코드 정보,"농림축산식품부에서 제공하는 주산지 작목코드 정보에 대한 데이터로 작목중분류코드, 작목중분류명, 작목세분류코드, 작목세분류명 등에 정보를 제공",https://data.mafra.go.kr/opendata/data/indexOpenDataDetail.do?data_id=20251114000000002916,농림수산식품교육문화정보원,링크,년간,20251114000000002916,2025-11-14,2025-11-14
지원사업 신청농지 피해보전 축산 개체,"농림축산식품부에서 제공하는 신청농지 피해보전 축산 개체정보로서 축종, 암수구분, 사육일자, 종료일자 등의 정보를 제공하고 있습니다",https://data.mafra.go.kr/opendata/data/indexOpenDataDetail.do?data_id=20251114000000002924,농림수산식품교육문화정보원,링크,수시,20251114000000002924,2025-11-14,2025-11-14
지원사업 신청 변경 이력,농림축산식품부 지원사업 신청 변경 이력을 관리하는 정보입니다,https://data.mafra.go.kr/opendata/data/indexOpenDataDetail.do?data_id=20251114000000002923,농림수산식품교육문화정보원,링크,수시,20251114000000002923,2025-11-14,2025-11-14
지원사업 비료품질 위탁 항목정보,농림축산식품부에서는 지원사업 비료품질 위탁 항목정보를 제공합니다.,https://data.mafra.go.kr/opendata/data/indexOpenDataDetail.do?data_id=20251114000000002922,농림수산식품교육문화정보원,링크,수시,20251114000000002922,2025-11-14,2025-11-14
지원사업 비료품질 실적 정보,농림축산식품부에서는 지원사업 비료품질 실적 정보를 제공합니다.,https://data.mafra.go.kr/opendata/data/indexOpenDataDetail.do?data_id=20251114000000002921,농림수산식품교육문화정보원,링크,수시,20251114000000002921,2025-11-14,2025-11-14
지원사업 비료품질 비종 성분 기준조건 정보,농림축산식품부에서는 지원사업 비료품질 비종 성분 기준조건 정보를 제공합니다.,https://data.mafra.go.kr/opendata/data/indexOpenDataDetail.do?data_id=20251114000000002920,농림수산식품교육문화정보원,링크,수시,20251114000000002920,2025-11-14,2025-11-14
지원사업 마을신청 및 경관보전 이행점검 정보,농림축산식품부에서는 지원사업 마을신청 및 경관보전 이행점검 정보를 제공합니다.,https://data.mafra.go.kr/opendata/data/indexOpenDataDetail.do?data_id=20251114000000002919,농림수산식품교육문화정보원,링크,수시,20251114000000002919,2025-11-14,2025-11-14
지역별 농업경영정보 등록 현황 정보,"농림축산식품부에서 제공하는 농업경영체에 대한 정보로 지자체별 등록된 농업경영체 수의 통계 정보(성별, 외국인 구분)를 제공합니다.",https://data.mafra.go.kr/opendata/data/indexOpenDataDetail.do?data_id=20251114000000002918,농림수산식품교육문화정보원,링크,수시,20251114000000002918,2025-11-14,2025-11-14
유기질비료지원_시비량 현황정보,농림축산식품부에서는 유기질비료지원_시비량 현황정보를 제공합니다.,https://data.mafra.go.kr/opendata/data/indexOpenDataDetail.do?data_id=20251114000000002885,농림수산식품교육문화정보원,링크,수시,20251114000000002885,2025-11-14,2025-11-14
주요시설설치계획,"농림축산식품부에서 제공하는 주요 시설 설치 정보에 대한 데이터로 사업연도, 시설명, 단가 등의 통계 정보를 제공합니다",https://data.mafra.go.kr/opendata/data/indexOpenDataDetail.do?data_id=20251114000000002917,농림수산식품교육문화정보원,링크,수시,20251114000000002917,2025-11-14,2025-11-14
지원사업 정산 정보,농림축산식품부에서는 지원사업 정산 정보를 제공합니다.,https://data.mafra.go.kr/opendata/data/indexOpenDataDetail.do?data_id=20251114000000002925,농림수산식품교육문화정보원,링크,수시,20251114000000002925,2025-11-14,2025-11-14
지원사업 후계농 인증 정보,"농림축산식품부에서 제공하는 후계농업인 인증정보로 후계농업인의 품목, 면적 등의 데이터를 제공합니다",https://data.mafra.go.kr/opendata/data/indexOpenDataDetail.do?data_id=20251114000000002926,농림수산식품교육문화정보원,링크,수시,20251114000000002926,2025-11-14,2025-11-14
지원사업_신청_경영이양_사후관리_승인,"농림축산식품부에서 제공하는 경영이양 지원사업 신청 정보에 대한 데이터로 신청일련번호, 승인일련번호, 승인일시 등의 통계 정보를 제공합니다",https://data.mafra.go.kr/opendata/data/indexOpenDataDetail.do?data_id=20251114000000002927,농림수산식품교육문화정보원,링크,수시,20251114000000002927,2025-11-14,2025-11-14
지원사업_신청_경영이양_사후관리_약정,"농림축산식품부에서 제공하는 경영이양 사후관리 정보에 대한 데이터로 약정 회차, 금액 등의 통계 정보를 제공합니다",https://data.mafra.go.kr/opendata/data/indexOpenDataDetail.do?data_id=20251114000000002928,농림수산식품교육문화정보원,링크,수시,20251114000000002928,2025-11-14,2025-11-14
지원사업_신청_과수고품질_세부사업,"농림축산식품부에서 제공하는 과수고품질 지원사업 신청 정보에 대한 데이터로 사업년도, 신청금액 등의 정보를 제공합니다.",https://data.mafra.go.kr/opendata/data/indexOpenDataDetail.do?data_id=20251114000000002929,농림수산식품교육문화정보원,링크,수시,20251114000000002929,2025-11-14,2025-11-14
지원사업_신청농지_피해보전 정보,농림축산식품부에서는 지원사업_신청농지_피해보전 정보를 제공합니다.,https://data.mafra.go.kr/opendata/data/indexOpenDataDetail.do?data_id=20251114000000002930,농림수산식품교육문화정보원,링크,수시,20251114000000002930,2025-11-14,2025-11-14
지원사업_품목 정보,농림축산식품부에서는 지원사업_품목 정보를 제공합니다.,https://data.mafra.go.kr/opendata/data/indexOpenDataDetail.do?data_id=20251114000000002931,농림수산식품교육문화정보원,링크,수시,20251114000000002931,2025-11-14,2025-11-14
지원사업_환수 정보,농림축산식품부에서는 지원사업_환수 정보를 제공합니다.,https://data.mafra.go.kr/opendata/data/indexOpenDataDetail.do?data_id=20251114000000002932,농림수산식품교육문화정보원,링크,수시,20251114000000002932,2025-11-14,2025-11-14
지원사업공급토양결과정보,농림축산식품부에서는 지원사업공급토양결과정보를 제공합니다.,https://data.mafra.go.kr/opendata/data/indexOpenDataDetail.do?data_id=20251114000000002933,농림수산식품교육문화정보원,링크,수시,20251114000000002933,2025-11-14,2025-11-14
지자체별 가축사육업 신청,"농림축산식품부에서 제공하는 가축사육업에 관련된 정보로 지자체별 연도별 접수된 품종, 생산 시설 수 등의 정보를 제공합니다",https://data.mafra.go.kr/opendata/data/indexOpenDataDetail.do?data_id=20251114000000002934,농림수산식품교육문화정보원,링크,수시,20251114000000002934,2025-11-14,2025-11-14
지자체별 안전재해보험 가입 현황,"농림축산식품부 안전재해 보험가입정보에 대한 계약자수, 국고 지원 금액 합, 총 보험료 합, 시도_지원_금액 합계 등에 대한 정보로 일부 기관, 특정시기(2016년)에 대한 데이터",https://data.mafra.go.kr/opendata/data/indexOpenDataDetail.do?data_id=20251114000000002935,농림수산식품교육문화정보원,링크,년간,20251114000000002935,2025-11-14,2025-11-14
진입평가항목및결과정보,"농림축산식품부에서는 진입평가항목및결과정보를 제공합니다. 본 정보 제공 데이터는 적용년도, 상위항목아이디, 항목아이디, 순서, 항목명, 항목값, 단위, 기준값, 충족기준, 항목설명, 충족여부, 항목실사값등의 정보를 포함하고 있습니다.",https://data.mafra.go.kr/opendata/data/indexOpenDataDetail.do?data_id=20251114000000002936,농림수산식품교육문화정보원,링크,수시,20251114000000002936,2025-11-14,2025-11-14
채소류 주산지단지 통계정보,농림축산식품부에서는 채소류 주산지단지 통계정보를 제공합니다.,https://data.mafra.go.kr/opendata/data/indexOpenDataDetail.do?data_id=20251114000000002937,농림수산식품교육문화정보원,링크,수시,20251114000000002937,2025-11-14,2025-11-14
청년 창업형 후계농업경영인 신청정보,농림축산식품부에서는 청년 창업형 후계농업경영인 신청정보를 제공합니다.,https://data.mafra.go.kr/opendata/data/indexOpenDataDetail.do?data_id=20251114000000002938,농림수산식품교육문화정보원,링크,수시,20251114000000002938,2025-11-14,2025-11-14
청년창업농 가축사육시설 명세 월별내역 정보,농림축산식품부에서는 청년창업농 가축사육시설 명세 월별내역 정보를 제공합니다.,https://data.mafra.go.kr/opendata/data/indexOpenDataDetail.do?data_id=20251114000000002939,농림수산식품교육문화정보원,링크,수시,20251114000000002939,2025-11-14,2025-11-14
청년창업농 농지시설 월별내역 정보,농림축산식품부에서는 청년창업농 농지시설 월별내역 정보를 제공합니다.,https://data.mafra.go.kr/opendata/data/indexOpenDataDetail.do?data_id=20251114000000002940,농림수산식품교육문화정보원,링크,수시,20251114000000002940,2025-11-14,2025-11-14
청년창업농조회용경영체재배품목내역 월별이력정보,"농림축산식품부에서 제공하는 청년창업농조회용경영체재배품목내역 월별이력정보로 농지일련번호,품목일련번호,노지재배면적,시설종류등의 정보를 포함하여 제공합니다.",https://data.mafra.go.kr/opendata/data/indexOpenDataDetail.do?data_id=20251114000000002941,농림수산식품교육문화정보원,링크,수시,20251114000000002941,2025-11-14,2025-11-14
축사 사육시설내역정보,농림축산식품부에서는 축사 사육시설내역정보를 제공합니다.,https://data.mafra.go.kr/opendata/data/indexOpenDataDetail.do?data_id=20251114000000002942,농림수산식품교육문화정보원,링크,수시,20251114000000002942,2025-11-14,2025-11-14
촌대학생학자금 학자금 융자 지원 정보,"농림축산식품부에서는 농촌대학생학자금 학자금 융자 지원정보를 제공합니다. 본 정보 제공 데이터는 사업년도, 지원일련번호, 농업경영체일련번호, 기준일자, 실행일자, 대출년도, 대출학기, 대출신청차수, 대출금액등의 정보를 포함하고 있습니다.",https://data.mafra.go.kr/opendata/data/indexOpenDataDetail.do?data_id=20251113000000002826,농림수산식품교육문화정보원,링크,수시,20251113000000002826,2025-11-13,2025-11-13
과실전문단지 지원사업신청 주요품목 정보,"농림축산식품부에서는 과실전문단지 지원사업신청 주요품목 정보를 제공합니다. 본 정보 제공 데이터는 사업년도, 농림사업명, 신청일련번호, 사업지구명, 위탁여부, 지시면적등의 정보를 포함하고 있습니다.",https://data.mafra.go.kr/opendata/data/indexOpenDataDetail.do?data_id=20251113000000002793,농림수산식품교육문화정보원,링크,수시,20251113000000002793,2025-11-13,2025-11-13
과실전문생산단지기반조성사업 현황정보,"농림축산식품부에서 제공하는 과실전문생산단지기반조성사업 현황정보로 년도, 년차, 시도명, 시군구명, 지구명, 지원면적, 지원액, 총사업비, 수출단지지정여부등의 정보를 제공합니다.",https://data.mafra.go.kr/opendata/data/indexOpenDataDetail.do?data_id=20251113000000002794,농림수산식품교육문화정보원,링크,수시,20251113000000002794,2025-11-13,2025-11-13
교육실적관리정보,"농림축산식품부에서는 교육실적관리정보를 제공합니다. 본 정보 제공 데이터는 사업년도, 신청분기, 신청일련번호, 교육실적일련번호, 교육실적구분, 교육실적명, 교육시간, 발급기관, 비고, 승인구분, 교육인정시간등의 정보를 포함하고 있습니다.",https://data.mafra.go.kr/opendata/data/indexOpenDataDetail.do?data_id=20251113000000002795,농림수산식품교육문화정보원,링크,수시,20251113000000002795,2025-11-13,2025-11-13
교육포털연계이수내역정보,"농림축산식품부에서는 교육실적관리정보를 제공합니다. 본 정보 제공 데이터는 사업년도, 신청분기, 신청일련번호, 교육실적일련번호, 교육실적구분, 교육실적명, 교육시간, 발급기관, 비고, 승인구분, 교육인정시간등의 정보를 포함하고 있습니다.",https://data.mafra.go.kr/opendata/data/indexOpenDataDetail.do?data_id=20251113000000002796,농림수산식품교육문화정보원,링크,수시,20251113000000002796,2025-11-13,2025-11-13
교육훈련과정 및 교육불참불이익정보,"농림축산식품부에서는 교육훈련과정 및 교육불참불이익정보를 제공합니다. 본 정보 제공 데이터는 등록번호, 일련번호, 교육구분, 교육내용, 교육방식, 교육시간, 비용부담, 교육내용불이익, 불이익상세등의 정보를 포함하고 있습니다.",https://data.mafra.go.kr/opendata/data/indexOpenDataDetail.do?data_id=20251113000000002797,농림수산식품교육문화정보원,링크,수시,20251113000000002797,2025-11-13,2025-11-13
귀농창업주택구입관리정보,"농림축산식품부에서는 귀농창업주택구입관리정보를 제공합니다. 본 정보 제공 데이터는 선정년도, 관리일련번호, 관리상태, 수도작금액, 원예금액, 과수금액, 특작금액, 경종기타금액, 한우금액, 낙농금액, 양돈금액등의 정보를 포함하고 있습니다.",https://data.mafra.go.kr/opendata/data/indexOpenDataDetail.do?data_id=20251113000000002798,농림수산식품교육문화정보원,링크,수시,20251113000000002798,2025-11-13,2025-11-13
년도별계약농가수정보,"농림축산식품부에서는 년도별계약농가수정보를 제공합니다. 본 정보 제공 데이터는 년도, 등록번호, 일련번호, 가축구분, 지역구분, 당해계약농가수, 전년계약농가수, 전전년계약농가수등의 정보를 포함하고 있습니다.",https://data.mafra.go.kr/opendata/data/indexOpenDataDetail.do?data_id=20251113000000002799,농림수산식품교육문화정보원,링크,수시,20251113000000002799,2025-11-13,2025-11-13
농가협의회현황정보,"농림축산식품부에서는 농가협의회현황정보를 제공합니다. 본 정보 제공 데이터는 년도, 등록번호, 일련번호, 축종, 이름, 직위, 임기, 역할, 등록일자, 기준일자, 안건, 협의일자, 지출구분, 세부내용, 비고등의 정보를 포함하고 있습니다.",https://data.mafra.go.kr/opendata/data/indexOpenDataDetail.do?data_id=20251113000000002800,농림수산식품교육문화정보원,링크,수시,20251113000000002800,2025-11-13,2025-11-13
농기계사고현황정보,"농림축산식품부에서는 농기계사고현황정보를 제공합니다. 본 정보 제공 데이터는 보험사분류, 시도명, 시군구명, 대물가입금액, 대인가입금액, 본인차량가입금액, 본인손해가입금액, 보험가입합계금액, 보험시작일자등의 정보를 포함하고 있습니다.",https://data.mafra.go.kr/opendata/data/indexOpenDataDetail.do?data_id=20251113000000002801,농림수산식품교육문화정보원,링크,수시,20251113000000002801,2025-11-13,2025-11-13
농기계코드,"농림축산식품부 농기계코드 정보로 사업_년도, 동력_구분_코드, 종류_코드, 부속_구분, 부속_상세_구분_코드, 농기계_명 등에 정보 데이터를 제공",https://data.mafra.go.kr/opendata/data/indexOpenDataDetail.do?data_id=20251113000000002802,농림수산식품교육문화정보원,링크,년간,20251113000000002802,2025-11-13,2025-11-13
농림부 사업내역정보,"농림축산식품부에서는 농림부 사업내역정보를 제공합니다. 본 정보 제공 데이터는 내역사업년도, 내역사업명, 실국, 사업과, 등록일자, 마감여부, 사업별관심분야, 사업별신청자격종류, 사업별지원자금종류부등의 정보를 포함하고 있습니다.",https://data.mafra.go.kr/opendata/data/indexOpenDataDetail.do?data_id=20251113000000002803,농림수산식품교육문화정보원,링크,수시,20251113000000002803,2025-11-13,2025-11-13
농림사업 경영이양 사업일정 및 지급기준정보,"농림축산식품부에서는 농림사업 경영이양 사업일정 및 지급기준정보를 제공합니다. 본 정보 제공 데이터는 사업년도, 농림사업명, 지급기준일련번호, 사업차수, 개인신청최대수량, 개인신청최소수량등의 정보를 포함하고 있습니다.",https://data.mafra.go.kr/opendata/data/indexOpenDataDetail.do?data_id=20251113000000002804,농림수산식품교육문화정보원,링크,수시,20251113000000002804,2025-11-13,2025-11-13
농림사업 유기질비료 사업일정 및 지급기준정보,"농림축산식품부에서는 농림사업 유기질비료 사업일정 및 지급기준정보를 제공합니다. 본 정보 제공 데이터는 사업년도, 농림사업명, 지급기준일련번호, 사업차수, 개인신청최대수량, 개인신청최소수량등의 정보를 포함하고 있습니다.",https://data.mafra.go.kr/opendata/data/indexOpenDataDetail.do?data_id=20251113000000002805,농림수산식품교육문화정보원,링크,수시,20251113000000002805,2025-11-13,2025-11-13
농림사업 지급기준 밭쌀조건불리정보,"농림축산식품부에서는 농림사업 지급기준 밭쌀조건불리정보를 제공합니다. 본 정보 제공 데이터는 사업년도, 농림사업명, 지급기준일련번호, 개인신청최대수량, 개인신청최소수량, 법인신청최대수량등의 정보를 포함하고 있습니다.",https://data.mafra.go.kr/opendata/data/indexOpenDataDetail.do?data_id=20251113000000002806,농림수산식품교육문화정보원,링크,수시,20251113000000002806,2025-11-13,2025-11-13
농림사업 지급기준 조사료정보,"농림축산식품부에서는 농림사업 지급기준 조사료정보를 제공합니다. 본 정보 제공 데이터는 사업년도, 농림사업명, 지급기준일련번호, 조사료등급, 제조비자부담비율, 건초사일리지가중치, 제조비지원톤금등의 정보를 포함하고 있습니다.",https://data.mafra.go.kr/opendata/data/indexOpenDataDetail.do?data_id=20251113000000002807,농림수산식품교육문화정보원,링크,수시,20251113000000002807,2025-11-13,2025-11-13
농림사업 지급기준 토양정보,"농림축산식품부에서는 농림사업 지급기준 토양정보를 제공합니다. 본 정보 제공 데이터는 사업년도, 농림사업명, 지급기준일련번호, 공급년도, 비종분류, 비종, 비종단가, 기준일자등의 정보를 포함하고 있습니다.",https://data.mafra.go.kr/opendata/data/indexOpenDataDetail.do?data_id=20251113000000002808,농림수산식품교육문화정보원,링크,수시,20251113000000002808,2025-11-13,2025-11-13
농림사업 진행,농림축산식품부 보조사업 관련 지자체별 진행 정보 입니다,https://data.mafra.go.kr/opendata/data/indexOpenDataDetail.do?data_id=20251113000000002809,농림수산식품교육문화정보원,링크,수시,20251113000000002809,2025-11-13,2025-11-13
농림사업 진행 품목 정보,"농림축산식품부에서는 농림사업 진행 품목 정보를 제공합니다. 본 정보 제공 데이터는 사업년도, 농림사업명, 진행일련번호, 변경분류, 품목분류, 품목, 품목차수등의 정보를 포함하고 있습니다.",https://data.mafra.go.kr/opendata/data/indexOpenDataDetail.do?data_id=20251113000000002810,농림수산식품교육문화정보원,링크,수시,20251113000000002810,2025-11-13,2025-11-13
농림사업관련정보,"농림축산식품부에서 제공하는 농식품부지원사업관련정보로 사업년도, 농림사업명, 신청일련번호, 신청농지일련번호, 부당대상자일련번호, 부당농지일련번호, 위반유형, 부당사유, 등록제한시작년도, 등록제한종료년도등의 정보를 제공합니다.",https://data.mafra.go.kr/opendata/data/indexOpenDataDetail.do?data_id=20251113000000002811,농림수산식품교육문화정보원,링크,수시,20251113000000002811,2025-11-13,2025-11-13
농림사업업체별개수정보,농림축산식품부 농림사업업체 연도별 업체 개수 정보에 대한 데이터로 연도별 업체 개수에 대한 정보 데이터를 제공합니다,https://data.mafra.go.kr/opendata/data/indexOpenDataDetail.do?data_id=20251113000000002812,농림수산식품교육문화정보원,링크,수시,20251113000000002812,2025-11-13,2025-11-13
농림사업정보공개열람사유정보,"농림축산식품부에서는 농림사업정보공개열람사유정보를 제공합니다. 본 정보 제공 데이터는 사업년도, 농림사업명, 사유일련번호, 열람목적, 쌀공개진행상태, 사유등의 정보를 포함하고 있습니다.",https://data.mafra.go.kr/opendata/data/indexOpenDataDetail.do?data_id=20251113000000002813,농림수산식품교육문화정보원,링크,수시,20251113000000002813,2025-11-13,2025-11-13
농식품부지원사업관련정보,"농림축산식품부에서 제공하는 농식품부지원사업관련정보로 대량검증,지원금한도관리,대량검증관리,농지면적,지원사업배정,부당농지,비료품질,신청농지,신청자금,정산차수,지급금액여부 등의 정보를 포함하여 제공합니다.",https://data.mafra.go.kr/opendata/data/indexOpenDataDetail.do?data_id=20251113000000002814,농림수산식품교육문화정보원,링크,수시,20251113000000002814,2025-11-13,2025-11-13
농업경영체 가축등록 정보 현황,"농림축산식품부에서 제공하는 농업경영체 가축등록현황정보로 농가별 등록된 가축등록마리 수, 출하 수 등의 정보를 제공합니다",https://data.mafra.go.kr/opendata/data/indexOpenDataDetail.do?data_id=20251113000000002815,농림수산식품교육문화정보원,링크,수시,20251113000000002815,2025-11-13,2025-11-13
농업경영컨설팅지원사업 현황정보,"농림축산식품부에서는 농업경영컨설팅지원사업 현황정보를 제공합니다. 본 정보 제공 데이터는 년도, 시도명, 신청사업비, 전체신청수, 전체확정수, 개별신청수, 개별확정수, 법인신청수, 법인확정수, 조직신청수등의 정보를 포함하고 있습니다.",https://data.mafra.go.kr/opendata/data/indexOpenDataDetail.do?data_id=20251113000000002816,농림수산식품교육문화정보원,링크,수시,20251113000000002816,2025-11-13,2025-11-13
농업법인실태조사대상 및 위반사항정보,"농림축산식품부에서는 농업법인실태조사대상 및 위반사항정보를 제공합니다. 본 정보 제공 데이터는 선정년도, 법인관리일련번호, 선정일시, 조사상태, 조사상태일시, 위반순번, 위반사유, 위반확인일자, 후속조치등의 정보를 포함하고 있습니다.",https://data.mafra.go.kr/opendata/data/indexOpenDataDetail.do?data_id=20251113000000002817,농림수산식품교육문화정보원,링크,수시,20251113000000002817,2025-11-13,2025-11-13
농업인 자산부채 상세,"농림축산식품부에서 제공하는 특정 농업인(약 600명)에 대한 자산, 부채에 대한 정보를 제공합니다",https://data.mafra.go.kr/opendata/data/indexOpenDataDetail.do?data_id=20251113000000002818,농림수산식품교육문화정보원,링크,수시,20251113000000002818,2025-11-13,2025-11-13
농업재해대책품목별지원지수정보,"농림축산식품부에서는 농업재해대책품목별지원지수정보를 제공합니다. 본 정보 제공 데이터는 사업년도, 기관명, 품목대분류, 품목중분류, 품목소분류, 규격명, 지급단위, 단가, 지원기준지수, 정렬순서등의 정보를 포함하고 있습니다.",https://data.mafra.go.kr/opendata/data/indexOpenDataDetail.do?data_id=20251113000000002819,농림수산식품교육문화정보원,링크,수시,20251113000000002819,2025-11-13,2025-11-13
농업재해정보,"농림축산식품부에서는 농업재해정보를 제공합니다. 본 정보 제공 데이터는 사업년도, 재해일련번호, 재해명, 재해시작일자, 재해종료일자, 재해종류, 사용상태여부등의 정보를 포함하고 있습니다.",https://data.mafra.go.kr/opendata/data/indexOpenDataDetail.do?data_id=20251113000000002820,농림수산식품교육문화정보원,링크,수시,20251113000000002820,2025-11-13,2025-11-13
농작물재해_손해_사정 현황정보,"농림축산식품부에서는 농작물재해_손해_사정 현황정보를 제공합니다. 본 정보 제공 데이터는 보험회사, 사업년도, 시도명, 보험품목, 성별유형, 나이, 직업명, 활동일련번호, 농지과수원번호, 농지하우스번호등의 정보를 포함하고 있습니다.",https://data.mafra.go.kr/opendata/data/indexOpenDataDetail.do?data_id=20251113000000002821,농림수산식품교육문화정보원,링크,수시,20251113000000002821,2025-11-13,2025-11-13
농지 상세 명세,농림축산식품부에서 제공하는 농지에 대한 정보로 특정 농업인이 입력한 농지면적들에 대한 데이터를 제공합니다,https://data.mafra.go.kr/opendata/data/indexOpenDataDetail.do?data_id=20251113000000002822,농림수산식품교육문화정보원,링크,수시,20251113000000002822,2025-11-13,2025-11-13
농지규모영농계획정보,"농림축산식품부에서는 농지규모영농계획정보를 제공합니다. 본 정보 제공 데이터는 사업년도, 신청일련번호, 신청규모일련번호, 농지구분, 소유임차구분, 현재면적, 면적1년차, 면적2년차, 면적3년차, 면적4년차등의 정보를 포함하고 있습니다.",https://data.mafra.go.kr/opendata/data/indexOpenDataDetail.do?data_id=20251113000000002823,농림수산식품교육문화정보원,링크,수시,20251113000000002823,2025-11-13,2025-11-13
농지정보 이행점검조사정보,농림축산식품부에서는 농지정보 이행점검조사정보를 제공합니다.,https://data.mafra.go.kr/opendata/data/indexOpenDataDetail.do?data_id=20251113000000002824,농림수산식품교육문화정보원,링크,수시,20251113000000002824,2025-11-13,2025-11-13
농촌대학생 학자금 융자,"농림축산식품부 농촌 대학생 학자금 융자 확인 정보로서 대출자의 태어난 연도, 대출연도 정보를 제공합니다",https://data.mafra.go.kr/opendata/data/indexOpenDataDetail.do?data_id=20251113000000002825,농림수산식품교육문화정보원,링크,수시,20251113000000002825,2025-11-13,2025-11-13
독림가선정및임업후계자선발정보,"농림축산식품부에서는 독림가선정및임업후계자선발정보를 제공합니다. 본 정보 제공 데이터는 선정연도, 경영체일련번호, 선정일련번호, 선정번호, 선정종류, 선정품목, 선정기관등의 정보를 포함하고 있습니다.",https://data.mafra.go.kr/opendata/data/indexOpenDataDetail.do?data_id=20251113000000002827,농림수산식품교육문화정보원,링크,수시,20251113000000002827,2025-11-13,2025-11-13
밭직불정보공개열람사유정보,"농림축산식품부에서는 밭직불정보공개열람사유정보를 제공합니다. 본 정보 제공 데이터는 사업년도, 신청절기구분코드, 순번, 열람목적, 공개진행상태등의 정보를 포함하고 있습니다.",https://data.mafra.go.kr/opendata/data/indexOpenDataDetail.do?data_id=20251113000000002828,농림수산식품교육문화정보원,링크,수시,20251113000000002828,2025-11-13,2025-11-13
배합사료 생산실적정보,농림축산식품부에서는 배합사료 생산실적정보를 제공합니다. 본 제공자료는 년도별 월별 축종에 대한 배합사료 생산 실적 등의 정보를 포함하고 있습니다.,https://data.mafra.go.kr/opendata/data/indexOpenDataDetail.do?data_id=20251113000000002829,농림수산식품교육문화정보원,링크,수시,20251113000000002829,2025-11-13,2025-11-13
법인신청정보,"농림축산식품부에서 제공하는 법인신청정보로,법인명,법인코드,사업년도,사업자등록번호,대표자,조직형태,설립일자,상시근로자수,평균매출액등의 정보를 제공합니다.",https://data.mafra.go.kr/opendata/data/indexOpenDataDetail.do?data_id=20251113000000002830,농림수산식품교육문화정보원,링크,수시,20251113000000002830,2025-11-13,2025-11-13
법인조합원등기이사명세정보,"농림축산식품부에서는 법인조합원등기이사명세정보를 제공합니다. 본 정보 제공 데이터는 경영체일련번호, 경영체명, 설립년도, 법인형태구분, 마을법인여부, 내외국인구분, 조합원개인출자자수등의 정보를 포함하고 있습니다.",https://data.mafra.go.kr/opendata/data/indexOpenDataDetail.do?data_id=20251113000000002831,농림수산식품교육문화정보원,링크,수시,20251113000000002831,2025-11-13,2025-11-13
벼매입실적및 변경사항 정보,"농림축산식품부에서 제공하는 벼매입실적 및 변경사항 정보로 기준년도,RPC코드,매입물량,일반물량,일반수탁물량,공매물량,하반기물량,연초물량,변경일자등의 정보를 제공합니다.",https://data.mafra.go.kr/opendata/data/indexOpenDataDetail.do?data_id=20251113000000002832,농림수산식품교육문화정보원,링크,수시,20251113000000002832,2025-11-13,2025-11-13
보조금 수령자_보조금 집행액,"2010년부터 14년까지 면적별로 등록된 보조금 수령인원, 보조금 집행액에 대한 정보로 연도별 추이에 대한 정보 데이터를 제공",https://data.mafra.go.kr/opendata/data/indexOpenDataDetail.do?data_id=20251113000000002833,농림수산식품교육문화정보원,링크,수시,20251113000000002833,2025-11-13,2025-11-13
보조사업 도로명 주소코드 정보,"농림축산식품부에서 제공하는 도로명주소코드 정보에 대한 데이터로 시군구코드, 도로명 번호, 읍면동 일련번호 등의 정보를 제공합니다.",https://data.mafra.go.kr/opendata/data/indexOpenDataDetail.do?data_id=20251113000000002834,농림수산식품교육문화정보원,링크,수시,20251113000000002834,2025-11-13,2025-11-13
보조사업 신청 접수 정보,"농림축산식품부의 보조사업 신청 접수 정보로서 접수일자, 지자체 기관코드, 신청번호 등이 포함한 데이터를 제공합니다",https://data.mafra.go.kr/opendata/data/indexOpenDataDetail.do?data_id=20251113000000002835,농림수산식품교육문화정보원,링크,수시,20251113000000002835,2025-11-13,2025-11-13
비료품질 사업 내 수입 비료물량,"농림축산식품부 비료품질 보조사업 관련 데이터로 수입산 비료 입고 현황(HS코드명, 도착일, 도착항, 물량)에 대한 정보를 제공합니다",https://data.mafra.go.kr/opendata/data/indexOpenDataDetail.do?data_id=20251113000000002836,농림수산식품교육문화정보원,링크,수시,20251113000000002836,2025-11-13,2025-11-13
비료품질 시험 연구기관정보,"농림축산식품부에서는 비료품질 시험 연구기관정보를 제공합니다. 본 정보 제공 데이터는 시험연구기관일련번호, 지정일자, 지정번호, 기관명, 대표자명, 지정여부, 국가지정여부등의 정보를 포함하고 있습니다.",https://data.mafra.go.kr/opendata/data/indexOpenDataDetail.do?data_id=20251113000000002837,농림수산식품교육문화정보원,링크,수시,20251113000000002837,2025-11-13,2025-11-13
비료품질 지원사업 단속 내역정보,"농림축산식품부에서는 비료품질 지원사업 단속 내역정보를 제공합니다. 본 정보 제공 데이터는 농림사업명, 단속일련번호, 관할기관, 관할하부기관, 부적합대분류구분, 부적합소분류구분, 기준값, 분석결과, 초과율역등의 정보를 포함하고 있습니다.",https://data.mafra.go.kr/opendata/data/indexOpenDataDetail.do?data_id=20251113000000002838,농림수산식품교육문화정보원,링크,수시,20251113000000002838,2025-11-13,2025-11-13
비료품질 지원사업 수입실적,"농림축산식품부에서는 비료품질 지원사업 수입실적정보를 제공합니다.본 정보 제공 데이터는 사업년도, 업체일련번호, 생산수입구분, 비료종류, 수입국가, 수입국가일련번호, 상반기수입건수, 하반기수입건수등의 정보를 포함하고 있습니다.",https://data.mafra.go.kr/opendata/data/indexOpenDataDetail.do?data_id=20251113000000002839,농림수산식품교육문화정보원,링크,수시,20251113000000002839,2025-11-13,2025-11-13
비료품질 지원사업 자체 출하내역 정보,"농림축산식품부에서는 비료품질 지원사업 자체 출하내역정보를 제공합니다. 본 정보 제공 데이터는 농림사업명, 출하일련번호, 업체일련번호, 비료종류, 상표명, 판정기계형식, 비고, 생산일자, 검사일자등의 정보를 포함하고 있습니다.",https://data.mafra.go.kr/opendata/data/indexOpenDataDetail.do?data_id=20251113000000002840,농림수산식품교육문화정보원,링크,수시,20251113000000002840,2025-11-13,2025-11-13
비료품질 포장판매등록 정보,농림축산식품부에서 제공하는 비료품질 보조사업에 등록된 업체별 포장판매등록 정보에 대한 정보를 제공합니다.,https://data.mafra.go.kr/opendata/data/indexOpenDataDetail.do?data_id=20251113000000002841,농림수산식품교육문화정보원,링크,수시,20251113000000002841,2025-11-13,2025-11-13
비포장비료 판매유통공급사용 사전신고 정보,"농림축산식품부에서는 비포장비료 판매유통공급사용 사전신고정보를 제공합니다. 본 정보 제공 데이터는 비포장일련번호, 업체일련번호, 접수일자, 접수번호, 비료제품일련번호, 생산수입구분, 비료종류등의 정보를 포함하고 있습니다.",https://data.mafra.go.kr/opendata/data/indexOpenDataDetail.do?data_id=20251113000000002842,농림수산식품교육문화정보원,링크,수시,20251113000000002842,2025-11-13,2025-11-13
사료 정보 코드,농림축산식품부에서 제공하는 농림사업정보시스템 사료 정보 코드에 대한 데이터로 사료코드 및 사료코드명 정보를 제공합니다.,https://data.mafra.go.kr/opendata/data/indexOpenDataDetail.do?data_id=20251113000000002843,농림수산식품교육문화정보원,링크,수시,20251113000000002843,2025-11-13,2025-11-13
사업년도별귀농창업주택구입관리주요사업정보,"농림축산식품부에서는 사업년도별귀농창업주택구입관리주요사업정보를 제공합니다. 본 정보 제공 데이터는 선정년도, 관리일련번호, 사업년차, 관리년도, 주요사업작목, 영농기반, 경영실적, 농촌생활만족도등의 정보를 포함하고 있습니다.",https://data.mafra.go.kr/opendata/data/indexOpenDataDetail.do?data_id=20251113000000002844,농림수산식품교육문화정보원,링크,수시,20251113000000002844,2025-11-13,2025-11-13
사업물량확보,"농림축산식품부에서 제공하는 사업물량확보에 대한 데이터로 사업연도, 면적, 물량 등의 통계 정보를 제공합니다",https://data.mafra.go.kr/opendata/data/indexOpenDataDetail.do?data_id=20251113000000002845,농림수산식품교육문화정보원,링크,수시,20251113000000002845,2025-11-13,2025-11-13
사업보조금지급정보,"농림축산식품부에서는 사업보조금지급정보를 제공합니다. 본 정보 제공 데이터는 신청번호, 내역사업년도, 지자체사업명, 사업시작년도, 사업종료년도, 검증구분, 개인법인구분, 등록기관, 기본주소, 사용구분등의 정보를 포함하고 있습니다.",https://data.mafra.go.kr/opendata/data/indexOpenDataDetail.do?data_id=20251113000000002846,농림수산식품교육문화정보원,링크,수시,20251113000000002846,2025-11-13,2025-11-13
산림경영계획인가정보,"농림축산식품부에서 제공하는 산림경영계획인가정보로 경영체 신청번호,게획일련번호,계획명칭,계획시작일,계획종료일,계획번호등의 정보를 제공합니다.",https://data.mafra.go.kr/opendata/data/indexOpenDataDetail.do?data_id=20251113000000002847,농림수산식품교육문화정보원,링크,수시,20251113000000002847,2025-11-13,2025-11-13
산지유통 사업비 지원현황 정보,농림축산식품부 산지유통사업비지원현황정보에 대한 데이터로 시설별 보조사업 지원금액을 포함한 데이터를 제공합니다.(2011년 일부),https://data.mafra.go.kr/opendata/data/indexOpenDataDetail.do?data_id=20251113000000002848,농림수산식품교육문화정보원,링크,수시,20251113000000002848,2025-11-13,2025-11-13
산지유통_사업_신청_건축_시설_계획,"농림축산식품부에서 제공하는 시스템 사용기간 연장신청 정보에 대한 데이터로 사업연도, 집하선별장 활용 여부, 저온저장고 활용 여부 등의 통계 정보를 제공합니다",https://data.mafra.go.kr/opendata/data/indexOpenDataDetail.do?data_id=20251113000000002849,농림수산식품교육문화정보원,링크,수시,20251113000000002849,2025-11-13,2025-11-13
산지유통_사업_신청_건축_예산,"농림축산식품부에서 제공하는 산지유통 사업 신청 건축 예산 정보에 대한 데이터로 사업연도, 지원사업 명 등의 통계 정보를 제공합니다",https://data.mafra.go.kr/opendata/data/indexOpenDataDetail.do?data_id=20251113000000002850,농림수산식품교육문화정보원,링크,수시,20251113000000002850,2025-11-13,2025-11-13
산지유통관련정보,"농림축산식품부에서 제공하는 산지유통관련정보로 사업년도, 시설일련번호, 시설종류, 주소, 사용승인일자, 운영상태, 사업신청이관여부, 전년복사여부, 자본금, 영업이익, 취급형태매취비율 등의 정보를 포함하고 있습니다.",https://data.mafra.go.kr/opendata/data/indexOpenDataDetail.do?data_id=20251113000000002851,농림수산식품교육문화정보원,링크,수시,20251113000000002851,2025-11-13,2025-11-13
산지유통시설공통코드정보,"농림축산식품부 산지유통시설공통코드정보에 대한 데이터로 공통_코드, 공통코드_명 정보를 포함한 데이터를 제공",https://data.mafra.go.kr/opendata/data/indexOpenDataDetail.do?data_id=20251113000000002852,농림수산식품교육문화정보원,링크,수시,20251113000000002852,2025-11-13,2025-11-13
생산 공정 원료 이력 정보,농림축산식품부 생산공정 등록 원료 이력 정보에 대한 데이터로 생산공정일련번호별 원료 투입량 데이터를 제공,https://data.mafra.go.kr/opendata/data/indexOpenDataDetail.do?data_id=20251113000000002853,농림수산식품교육문화정보원,링크,년간,20251113000000002853,2025-11-13,2025-11-13
성분별 검정능력 기준 코드,농림축산식품부 성분별 검정능력에 대한 데이터로 각 성분별로 단위와 기준이 담긴 정보를 제공합니다,https://data.mafra.go.kr/opendata/data/indexOpenDataDetail.do?data_id=20251113000000002854,농림수산식품교육문화정보원,링크,수시,20251113000000002854,2025-11-13,2025-11-13
소브루셀라검사관리_MRT_정보,"농림축산식품부에서 제공하는 소브루셀라검사관리_MRT_정보로 사업년도, 농장등록번호, 소브루셀라검사일련번호, 소브루셀라검사상세일련번호, 관할기관, 등의 정보를 제공합니다.",https://data.mafra.go.kr/opendata/data/indexOpenDataDetail.do?data_id=20251113000000002855,농림수산식품교육문화정보원,링크,수시,20251113000000002855,2025-11-13,2025-11-13
소브루셀라검사관리정보,"농림축산식품부에서 제공하는 소브루셀라검사관리정보로 검사관리도태,쇠고기이력시스템,축종통계등 도태일자,검사신청일련번호,사업연도,등록일시,수정일시,개체식별번호,농장버호,출생일자,인공수정개체여부,축종코드,신청수등의 정보를 제공합니다.",https://data.mafra.go.kr/opendata/data/indexOpenDataDetail.do?data_id=20251113000000002856,농림수산식품교육문화정보원,링크,수시,20251113000000002856,2025-11-13,2025-11-13
소브루셀라검사를 위한 이력정보,농림축산식품부 소브루셀라검사 관리를 위한 쇠고기이력시스템에 등록된 정보입니다,https://data.mafra.go.kr/opendata/data/indexOpenDataDetail.do?data_id=20251113000000002857,농림수산식품교육문화정보원,링크,수시,20251113000000002857,2025-11-13,2025-11-13
손익추정 정보,농림축산식품부에서 제공하는 산지유통사업에서 손익추정 정보에 대한 데이터로 사업년도별 업체별 금액 정보를 제공합니다.,https://data.mafra.go.kr/opendata/data/indexOpenDataDetail.do?data_id=20251113000000002858,농림수산식품교육문화정보원,링크,수시,20251113000000002858,2025-11-13,2025-11-13
송아지생산안정신청 및 계약현황정보,"농림축산식품부에서는 송아지생산안정신청 및 계약현황정보를 제공합니다. 본 정보 제공 데이터는 사업년도, 쇠고기이력시스템농장번호, 쇠고기이력시스템농장식별번호, 안정기준가격, 가축두수당부담금등의 정보를 포함하고 있습니다.",https://data.mafra.go.kr/opendata/data/indexOpenDataDetail.do?data_id=20251113000000002859,농림수산식품교육문화정보원,링크,수시,20251113000000002859,2025-11-13,2025-11-13
쇠고기이력 농장정보,"농림축산식품부에서 제공하는 쇠고기이력시스템 농장 정보에 대한 데이터로 농장식별번호, 농장주소, 폐업 규모, 지급대상 등의 정보를 제공합니다",https://data.mafra.go.kr/opendata/data/indexOpenDataDetail.do?data_id=20251113000000002860,농림수산식품교육문화정보원,링크,수시,20251113000000002860,2025-11-13,2025-11-13
쇠고기이력 폐업지원 개체정보,"농림축산식품부에서 제공하는 쇠고기이력시스템 폐업지원 개체 정보에 대한 데이터로 농장등록별 품목, 수정일시, 지급대상 여부 등의 정보를 제공합니다",https://data.mafra.go.kr/opendata/data/indexOpenDataDetail.do?data_id=20251113000000002861,농림수산식품교육문화정보원,링크,수시,20251113000000002861,2025-11-13,2025-11-13
쇠고기이력 피해보전 개체정보,"농림축산식품부에서 제공하는 쇠고기이력시스템 피해보전 개체 정보에 대한 데이터로 농장등록번호, 품목 등의 통계 정보를 제공합니다",https://data.mafra.go.kr/opendata/data/indexOpenDataDetail.do?data_id=20251113000000002862,농림수산식품교육문화정보원,링크,수시,20251113000000002862,2025-11-13,2025-11-13
시군지급단가변경정보,"농림축산식품부에서는 시군지급단가변경정보를 제공합니다. 본 정보 제공 데이터는 사업년도, 농림사업명, 관할기관, 대상물번호, 대상물단가표일련번호, 지급단가등의 정보를 포함하고 있습니다.",https://data.mafra.go.kr/opendata/data/indexOpenDataDetail.do?data_id=20251113000000002863,농림수산식품교육문화정보원,링크,수시,20251113000000002863,2025-11-13,2025-11-13
시설원예품질 농가 농지 정보,"농림축산식품부에서는 시설원예품질 농가 농지 정보를 제공합니다. 본 정보 제공 데이터는 사업년도, 관할기관, 농가명, 농업경영체일련번호, 농지일련번호, 지적분류, 농지본번, 농지부번, 지적지목, 지적면적등의 정보를 포함하고 있습니다.",https://data.mafra.go.kr/opendata/data/indexOpenDataDetail.do?data_id=20251113000000002864,농림수산식품교육문화정보원,링크,수시,20251113000000002864,2025-11-13,2025-11-13
신청인_지원사업_지급내역,"농림축산식품부에서 제공하는 시스템 지원사업 지급내역 정보에 대한 데이터로 사업명, 신청금액 등의 정보를 제공합니다",https://data.mafra.go.kr/opendata/data/indexOpenDataDetail.do?data_id=20251113000000002865,농림수산식품교육문화정보원,링크,수시,20251113000000002865,2025-11-13,2025-11-13
신청인별 직불금 통계정보,"농림축산식품부에서는 신청인별 직불금 통계(2020~)정보를 제공합니다. 본 정보 제공 데이터는 사업년도, 농업경영체일련번호, 신청번호, 신청농지일련번호, 시도명, 시군구명, 읍면동명, 소농여부, 법인여부등의 정보를 포함하고 있습니다.",https://data.mafra.go.kr/opendata/data/indexOpenDataDetail.do?data_id=20251113000000002866,농림수산식품교육문화정보원,링크,수시,20251113000000002866,2025-11-13,2025-11-13
안전재해보험_농기계_변경_현황,농림축산식품부에서 제공하는 농기계 안전재해보험 변경 현황 정보에 대한 데이터로 주요 계약 가입 금액 등의 통계 정보를 제공합니다.,https://data.mafra.go.kr/opendata/data/indexOpenDataDetail.do?data_id=20251113000000002867,농림수산식품교육문화정보원,링크,수시,20251113000000002867,2025-11-13,2025-11-13
안전재해보험_추출_인원_정보,농림축산식품부에서는 안전재해보험_추출_인원_정보를 제공합니다.,https://data.mafra.go.kr/opendata/data/indexOpenDataDetail.do?data_id=20251113000000002868,농림수산식품교육문화정보원,링크,수시,20251113000000002868,2025-11-13,2025-11-13
양봉농가현황정보,"농림축산식품부에서는 양봉농가현황정보를 제공합니다. 본 정보 제공 데이터는 농가일련번호, 고유번호, 관할시도기관, 관할시구기관, 접수번호, 접수일자, 처리기간, 농가구분, 법인일련번호, 서양사육수등의 정보를 포함하고 있습니다.",https://data.mafra.go.kr/opendata/data/indexOpenDataDetail.do?data_id=20251113000000002869,농림수산식품교육문화정보원,링크,수시,20251113000000002869,2025-11-13,2025-11-13
에너지변경신청정보,"농림축산식품부에서 제공하는 에너지변경신청정보로 사업년도,농림사업코드,신청일련번호,변경신청일련번호,변경국비,이전국비,변경분류코드,승인분류코드등의 정보를 제공합니다.",https://data.mafra.go.kr/opendata/data/indexOpenDataDetail.do?data_id=20251113000000002870,농림수산식품교육문화정보원,링크,수시,20251113000000002870,2025-11-13,2025-11-13
영농유형영농계획정보,농림축산식품부에서는 영농유형영농계획정보를 제공합니다.,https://data.mafra.go.kr/opendata/data/indexOpenDataDetail.do?data_id=20251113000000002871,농림수산식품교육문화정보원,링크,수시,20251113000000002871,2025-11-13,2025-11-13
영농자금신청금액정보,"농림축산식품부에서 제공하는 영농자금신청금액정보로 사업연도,신청분기,신청일련번호,신청월,신청금액,확정금액,사용여부,등록일시,수정일시등의 정보를 포함하여 제공합니다.",https://data.mafra.go.kr/opendata/data/indexOpenDataDetail.do?data_id=20251113000000002872,농림수산식품교육문화정보원,링크,수시,20251113000000002872,2025-11-13,2025-11-13
영농자금신청영농정보,"농림축산식품부에서는 영농자금신청영농정보를 제공합니다. 본 정보 제공 데이터는 사업년도, 신청분기, 신청일련번호, 신청상태, 카드검증체크여부, 접수결과확정, 접수결과사유, 접수결과상세사유등의 정보를 포함하고 있습니다.",https://data.mafra.go.kr/opendata/data/indexOpenDataDetail.do?data_id=20251113000000002873,농림수산식품교육문화정보원,링크,수시,20251113000000002873,2025-11-13,2025-11-13
우수후계농 지원사업 선정현황정보,농림축산식품부에서는 우수후계농 지원사업 선정현황정보를 제공합니다.,https://data.mafra.go.kr/opendata/data/indexOpenDataDetail.do?data_id=20251113000000002874,농림수산식품교육문화정보원,링크,수시,20251113000000002874,2025-11-13,2025-11-13
원료재고조정내역 정보,"농림축산식품부에서 제공하는 원료재고조정내역 정보에 대한 데이터로 업체별 원료 구입량, 사용량, 재고량 등의 정보를 제공합니다",https://data.mafra.go.kr/opendata/data/indexOpenDataDetail.do?data_id=20251113000000002875,농림수산식품교육문화정보원,링크,수시,20251113000000002875,2025-11-13,2025-11-13
원료재고현황 정보,"농림축산식품부의 비료품질 보조사업 내 등록된 업체별 원료재고 현황으로 재고량, 총 구입량, 총 사용량 등의 정보를 제공합니다",https://data.mafra.go.kr/opendata/data/indexOpenDataDetail.do?data_id=20251113000000002876,농림수산식품교육문화정보원,링크,수시,20251113000000002876,2025-11-13,2025-11-13
월별 가축 교반 관리 현황,"농림축산식품부_축산 교반관리 현황 사업 정보 데이터로 보조사업에 참여한 월별 축사 수, 가축 두수 합, 미생물살포량 총합 정보를 제공합니다(2021년)",https://data.mafra.go.kr/opendata/data/indexOpenDataDetail.do?data_id=20251113000000002877,농림수산식품교육문화정보원,링크,수시,20251113000000002877,2025-11-13,2025-11-13
유기농업자재 자금 집행 정보,""" 농림축산식품부에서 제공하는 유기농업자재 자금 집행 정보에 대한 데이터로 사업년도별 집행 지방비 시군 금액 등의 통계 정보를 제공""",https://data.mafra.go.kr/opendata/data/indexOpenDataDetail.do?data_id=20251113000000002878,농림수산식품교육문화정보원,링크,년간,20251113000000002878,2025-11-13,2025-11-13
유기농업자재 지원 비율,농림축산식품부에서 제공하는 유기농업자재 지원 비율 정보에 대한 데이터로 사업년도별 시도 보조 비율 등의 정보를 제공,https://data.mafra.go.kr/opendata/data/indexOpenDataDetail.do?data_id=20251113000000002879,농림수산식품교육문화정보원,링크,수시,20251113000000002879,2025-11-13,2025-11-13
유기농업자재 지원사업 현황정보,농림축산식품부에서는 유기농업자재 지원사업 현황정보를 제공합니다.,https://data.mafra.go.kr/opendata/data/indexOpenDataDetail.do?data_id=20251113000000002880,농림수산식품교육문화정보원,링크,수시,20251113000000002880,2025-11-13,2025-11-13
유기농업자재및 유기질 관련 정보,"농림축산식품부에서 제공하는 유기농업자재및 유기질 관련 정보로 유기농업자재사업물량,자금집행내역,지원비율등의 정보와 품목기준,업체비종생산량,제품공급항목,비종선정량,비료지원신청내역,신청일정등을 포함하여 제공합니다.",https://data.mafra.go.kr/opendata/data/indexOpenDataDetail.do?data_id=20251113000000002881,농림수산식품교육문화정보원,링크,수시,20251113000000002881,2025-11-13,2025-11-13
유기질 계약업체정보,농림축산식품부에서는 유기질 계약업체정보를 제공합니다.,https://data.mafra.go.kr/opendata/data/indexOpenDataDetail.do?data_id=20251113000000002882,농림수산식품교육문화정보원,링크,수시,20251113000000002882,2025-11-13,2025-11-13
유기질 비료 신청 공급 정보,"농림축산식품부에서 제공하는 유기질비료 지원 신청 상세 정보로 신청한 규모, 선정 규모, 지급 규모 등의 정보를 제공합니다",https://data.mafra.go.kr/opendata/data/indexOpenDataDetail.do?data_id=20251113000000002883,농림수산식품교육문화정보원,링크,수시,20251113000000002883,2025-11-13,2025-11-13
유기질비료지원 평균 신청 규모정보,농림축산식품부에서는 유기질비료지원 평균 신청 규모정보를 제공합니다.,https://data.mafra.go.kr/opendata/data/indexOpenDataDetail.do?data_id=20251113000000002884,농림수산식품교육문화정보원,링크,수시,20251113000000002884,2025-11-13,2025-11-13
고품질쌀브랜드 신청관련 정보,"농림축산식품부에서 제공하는 고품질쌀브랜드 신청관련 정보로 계약체결,갱신등 일부 정보를 포함하며 계약 체결일,갱신일,사용여부,등록일시,사업연도,관할기관코드등의 정보를 제공합니다.",https://data.mafra.go.kr/opendata/data/indexOpenDataDetail.do?data_id=20251112000000002786,농림수산식품교육문화정보원,링크,수시,20251112000000002786,2025-11-12,2025-11-12
RPC기여도평가 및 실사정보,"농림축산식품부에서는 미곡종합처리장 기여도평가 및 실사정보를 제공합니다. 본 정보 제공 데이터는 미곡종합처리장명, 기준년도, 항목명, 항목설명, 산출값, 평가점수, 실사내용, 수정여부, 실사일자, 기본지표여등의 정보를 포함하고 있습니다.",https://data.mafra.go.kr/opendata/data/indexOpenDataDetail.do?data_id=20251112000000002764,농림수산식품교육문화정보원,링크,수시,20251112000000002764,2025-11-12,2025-11-12
경영체 등록 법인 정보 현황,"농림축산식품부 농업경영정보 법인 정보로 각 지역별 등록된 농업법인, 영농조합법인, 농업회사법인의 수 정보를 나타냅니다",https://data.mafra.go.kr/opendata/data/indexOpenDataDetail.do?data_id=20251112000000002783,농림수산식품교육문화정보원,링크,수시,20251112000000002783,2025-11-12,2025-11-12
거점산지유통정보,"농림축산식품부에서 제공하는 거점산지유통정보로 유통사업비배정 배정시군비,배정시도비,배정진행단계포함 시설설치자금계획,자금집행내역 일부 정보를 제공합니다.",https://data.mafra.go.kr/opendata/data/indexOpenDataDetail.do?data_id=20251112000000002777,농림수산식품교육문화정보원,링크,수시,20251112000000002777,2025-11-12,2025-11-12
공동농업경영체경영정보,"농림축산식품부에서는 공동농업경영체경영정보를 제공합니다. 본 정보 제공 데이터는 공동농업경영체지정번호, 공동농업경영체명, 법인형태, 법인설립년도, 법인주소, 참여농업경영체수, 주요사업생산, 주요사업가공등의 정보를 포함하고 있습니다.",https://data.mafra.go.kr/opendata/data/indexOpenDataDetail.do?data_id=20251112000000002787,농림수산식품교육문화정보원,링크,수시,20251112000000002787,2025-11-12,2025-11-12
계약재배(노지채소)현황정보,"농림축산식품부에서 제공하는 계약재배(노지채소)현황정보로 연도, 시도, 시군, 읍면동, 사업방식, 품목, 신청농가수, 신청물량, 신청면적, 신청금액, 약정농가수, 약정물량, 약정면적, 약정금액, 출하물량, 출하금액등의 정보를 제공합니다.",https://data.mafra.go.kr/opendata/data/indexOpenDataDetail.do?data_id=20251112000000002785,농림수산식품교육문화정보원,링크,수시,20251112000000002785,2025-11-12,2025-11-12
과수실태 품종 및 부대시설현황정보,"농림축산식품부에서는 과수실태 품종 및 부대시설현황정보를 제공합니다.본 정보 제공 데이터는 사업년도, 경영체일련번호, 과수재배경력, 잠금여부, 품목종류, 보유동수, 바닥면적, 시설순번등의 정보 를 포함하고 있습니다.",https://data.mafra.go.kr/opendata/data/indexOpenDataDetail.do?data_id=20251112000000002792,농림수산식품교육문화정보원,링크,수시,20251112000000002792,2025-11-12,2025-11-12
공통코드 정보,"농림축산식품부 농림사업정보시스템에서 제공하는 공통코드 정보에 대한 데이터로 그루보드명, 상세코드명 연계코드 등의 정보를 제공합니다.",https://data.mafra.go.kr/opendata/data/indexOpenDataDetail.do?data_id=20251112000000002791,농림수산식품교육문화정보원,링크,수시,20251112000000002791,2025-11-12,2025-11-12
공익형농업인법인지급면적관리정보,"농림축산식품부에서는 공익형농업인법인지급면적관리정보를 제공합니다. 본 정보 제공 데이터는 사업년도, 경영체구성원일련번호, 구분, 경영체구성원이름, 지급횟수합, 지급면적합, 법인여부등의 정보를 포함하고 있습니다.",https://data.mafra.go.kr/opendata/data/indexOpenDataDetail.do?data_id=20251112000000002790,농림수산식품교육문화정보원,링크,수시,20251112000000002790,2025-11-12,2025-11-12
공익직불신청관련정보,"농림축산식품부에서는 공익직불신청관련정보를 제공합니다. 본 정보 제공 데이터는 신청번호, 접수년도, 등록구분, 공동접수구분, 농관원접수구분, 지자체접수구분, 앱등록시분초, 신청여부, 선택형신청여부등의 정보를 포함하고 있습니다.",https://data.mafra.go.kr/opendata/data/indexOpenDataDetail.do?data_id=20251112000000002789,농림수산식품교육문화정보원,링크,수시,20251112000000002789,2025-11-12,2025-11-12
거점산지유통 시설설치자금계획,농림축산식품부에서 제공하는 거점산지유통사업의 시설 설치 자금 계획 정보를 제공합니다,https://data.mafra.go.kr/opendata/data/indexOpenDataDetail.do?data_id=20251112000000002776,농림수산식품교육문화정보원,링크,수시,20251112000000002776,2025-11-12,2025-11-12
개인별 지원사업 신청 정보,"농림축산식품부 인삼경작 관련된 신청정보로 관할 하부 기관 코드, 지역명, 우편번호, 신청일자 등의 정보가 포함되어 있습니다",https://data.mafra.go.kr/opendata/data/indexOpenDataDetail.do?data_id=20251112000000002775,농림수산식품교육문화정보원,링크,수시,20251112000000002775,2025-11-12,2025-11-12
가축사육업에 등록된 지번 합계,농림축산식품부에서 제공하는 농림사업정보시스템 내에 등록된 가축사육업 보조사업을 신청한 특정 시도의 지번 수를 제공,https://data.mafra.go.kr/opendata/data/indexOpenDataDetail.do?data_id=20251112000000002774,농림수산식품교육문화정보원,링크,수시,20251112000000002774,2025-11-12,2025-11-12
가축사육업관리대장 정보,농림축산식품부에서 제공하는 가축사육업관리대장 정보에 대한 데이터로 지자체별 등록된 축산 시설면적의 통계 정보를 제공합니다.,https://data.mafra.go.kr/opendata/data/indexOpenDataDetail.do?data_id=20251112000000002773,농림수산식품교육문화정보원,링크,수시,20251112000000002773,2025-11-12,2025-11-12
가축사육시설 및 규모정보,"농림축산식품부에서는 가축사육시설 및 규모정보를 제공합니다. 본 정보 제공 데이터는 경영체일련번호, 경영체명, 시설일련번호, 시설도로명주소, 대장구분, 경영형태, 시설사용구분, 시설소유자명, 공부지목등의 정보를 포함하고 있습니다.",https://data.mafra.go.kr/opendata/data/indexOpenDataDetail.do?data_id=20251112000000002772,농림수산식품교육문화정보원,링크,수시,20251112000000002772,2025-11-12,2025-11-12
가축사육규모영농계획정보,"농림축산식품부에서는 가축사육규모영농계획정보를 제공합니다. 본 정보 제공 데이터는 사업년도, 신청일련번호, 현재비육우성축, 현재비육우자축, 현재번식우성축, 현재번식우자축, 현재육우성축, 현재육우자등의 정보를 포함하고 있습니다.",https://data.mafra.go.kr/opendata/data/indexOpenDataDetail.do?data_id=20251112000000002771,농림수산식품교육문화정보원,링크,수시,20251112000000002771,2025-11-12,2025-11-12
가축 현황 정보,"농림축산식품부에서는 가축 현황 정보정보를 제공합니다. 본 정보 제공 데이터는 민원신청번호, 시설일련번호, 연관지번일련번호, 대장구분, 부번, 본번, 시설주소, 실제시설면적, 공부면적, 공부시설면적등의 정보를 포함하고 있습니다.",https://data.mafra.go.kr/opendata/data/indexOpenDataDetail.do?data_id=20251112000000002768,농림수산식품교육문화정보원,링크,수시,20251112000000002768,2025-11-12,2025-11-12
공동농업지정확정정보,"농림축산식품부에서는 공동농업지정확정정보를 제공합니다. 본 정보 제공 데이터는 공동농업경영체일련번호, 공동농업경영체명, 신청서순번, 신청일자, 접수일자, 법인설립일자, 공동경영면적, 참여농업경영체수등의 정보를 포함하고 있습니다.",https://data.mafra.go.kr/opendata/data/indexOpenDataDetail.do?data_id=20251112000000002788,농림수산식품교육문화정보원,링크,수시,20251112000000002788,2025-11-12,2025-11-12
e그린우편 접수신청 및 제작결과정보,"농림축산식품부에서는 e그린우편 접수신청 및 제작결과정보를 제공합니다. 본 정보 제공 데이터는 사업년도, 농림사업명, 신청일자, 신청기관명, 신청문서명, 경영체명, 경영체신청일련번호, 경영체발송여등의 정보를 포함하고 있습니다.",https://data.mafra.go.kr/opendata/data/indexOpenDataDetail.do?data_id=20251112000000002766,농림수산식품교육문화정보원,링크,수시,20251112000000002766,2025-11-12,2025-11-12
가공내역정보,"농림축산식품부에서는 가공내역정보를 제공합니다. 본 정보 제공 데이터는 경영체일련번호, 경영체명, 주품목명, 판매금액, 가공품목순번등의 정보를 포함하고 있습니다.",https://data.mafra.go.kr/opendata/data/indexOpenDataDetail.do?data_id=20251112000000002767,농림수산식품교육문화정보원,링크,수시,20251112000000002767,2025-11-12,2025-11-12
RPC년도별운영실적정보,"농림축산식품부에서는 미곡종합처리장 년도별운영실적정보정보를 제공합니다. 본 정보 제공 데이터는 미곡종합처리장명, 기준년도, 항목명, 용량단위, 실적값, 실사값, 이의결과값, 확정값수등의 정보를 포함하고 있습니다.",https://data.mafra.go.kr/opendata/data/indexOpenDataDetail.do?data_id=20251112000000002765,농림수산식품교육문화정보원,링크,수시,20251112000000002765,2025-11-12,2025-11-12
가축사육관련자문정보,"농림축산식품부에서는 가축사육관련자문정보를 제공합니다. 본 정보 제공 데이터는 등록번호, 일련번호, 자문구분, 자문내역, 자문내용, 비고등의 정보를 포함하고 있습니다.",https://data.mafra.go.kr/opendata/data/indexOpenDataDetail.do?data_id=20251112000000002770,농림수산식품교육문화정보원,링크,수시,20251112000000002770,2025-11-12,2025-11-12
가축분뇨자원화관리 보조사업에 참여한 법인정보,"농림축산식품부 가축분뇨자원화관리 보조사업에 참여한 지자체별 법인 법인 수, 자본금 합, 직원 수 합 등의 법인 기초정보를 제공",https://data.mafra.go.kr/opendata/data/indexOpenDataDetail.do?data_id=20251112000000002769,농림수산식품교육문화정보원,링크,년간,20251112000000002769,2025-11-12,2025-11-12
경영체 관외경작조사 정보,농림축산식품부에서 제공하는 농림사업정보시스템에 등록된 농업경영정보의 관외경작 조사 결과에 대한 데이터를 제공합니다.,https://data.mafra.go.kr/opendata/data/indexOpenDataDetail.do?data_id=20251112000000002782,농림수산식품교육문화정보원,링크,수시,20251112000000002782,2025-11-12,2025-11-12
경영주와농업인일반현황정보,농림축산식품부에서는 경영주와농업인일반현황정보를 제공합니다.,https://data.mafra.go.kr/opendata/data/indexOpenDataDetail.do?data_id=20251112000000002781,농림수산식품교육문화정보원,링크,수시,20251112000000002781,2025-11-12,2025-11-12
건축건립계획및 완료 정보,"농림축산식품부에서 제공하는 축산관련 건축계획 및 건립 완료 정보를 포함한 정보로 등록일시,사업년도,용도코드,면적,착공일,준공일,건립완료일시,건립완료여부등 정보를 제공합니다.",https://data.mafra.go.kr/opendata/data/indexOpenDataDetail.do?data_id=20251112000000002779,농림수산식품교육문화정보원,링크,수시,20251112000000002779,2025-11-12,2025-11-12
건축계획,"농림축산식품부에서 제공하는 보조사업 내 등록된 건축계획에 대한 정보로 부지확보일, 토목설계일, 건축설계일, 착공일, 준공일 등의 정보를 제공합니다",https://data.mafra.go.kr/opendata/data/indexOpenDataDetail.do?data_id=20251112000000002780,농림수산식품교육문화정보원,링크,수시,20251112000000002780,2025-11-12,2025-11-12
가축사육정보(농림사업정보시스템),"농림축산식품부에서 제공하는 가축사육관련 정보로 사육시설주소코드,시설도로명주소,경영형태,공부지목코드,시설용도구분, 사육업관리대장 , 가축사육자문 정보를 포함하여 제공합니다.",https://data.mafra.go.kr/opendata/data/indexOpenDataDetail.do?data_id=20251112000000002778,농림수산식품교육문화정보원,링크,수시,20251112000000002778,2025-11-12,2025-11-12
RPC계약재배관리정보,"농림축산식품부에서는 미곡종합처리장 계약재배관리 정보를 제공합니다. 본 정보 제공 데이터는 기준년도, 등록일자, 미곡종합처리장명, 체결량, 농가수, 계약금, 종자, 육모, 중도금, 매입가, 위약금, 방제, 검토상태등의 정보를 포함하고 있습니다.",https://data.mafra.go.kr/opendata/data/indexOpenDataDetail.do?data_id=20251112000000002763,농림수산식품교육문화정보원,링크,수시,20251112000000002763,2025-11-12,2025-11-12
경영체농업법인정보,"농림축산식품부에서 제공하는 경영체농업법인 관련 정보로 법인정보 일부 주요사업 농업서비스 여부,유통여부,수출여부,마을법인여부,중복여부등을 포함한 정보를 제공합니다.",https://data.mafra.go.kr/opendata/data/indexOpenDataDetail.do?data_id=20251112000000002784,농림수산식품교육문화정보원,링크,수시,20251112000000002784,2025-11-12,2025-11-12
APC운영자금확보계획 정보,"농림축산식품부에서 제공하는 APC운영자금확보계획 정보에 등록된 정보로 업체별 출하선도금, 계약재배자금, 운영자금 등의 정보를 제공합니다",https://data.mafra.go.kr/opendata/data/indexOpenDataDetail.do?data_id=20251111000000002762,농림수산식품교육문화정보원,링크,수시,20251111000000002762,2025-11-11,2025-11-11
일별 농축수산물 도소매가격(1996년~2025년 8월),"- (개요)국내 농축수산물의 도매 76품목 118품종, 소매 91품목 135품종에 대한 일자별 가격조사 데이터 - (축적기간) 1996년부터 2025년까지 20년 이상(단, 기간별로 조사 품목 및 품종 상이) - (지역분포) 전국 5대 도매시자의 중도매인 판매가격(도매가격) 및 23개 지역의 전통시장, 대형마트별 소매가격",https://data.mafra.go.kr/opendata/data/indexOpenDataDetail.do?data_id=20251017000000002761,한국농수산식품유통공사,파일,주기없음,20251017000000002761,2025-10-15,2025-10-15
가성우역(PPR) 긴급행동지침(SOP),가성우역(PPR) 긴급행동지침(SOP),https://data.mafra.go.kr/opendata/data/indexOpenDataDetail.do?data_id=20250929000000002758,농림축산식품부,파일,수시,20250929000000002758,2025-09-29,2025-09-29
수입금지품 허가등록 현황,농림축산검역본부 수입금지품 허가등록 품목 현황,https://data.mafra.go.kr/opendata/data/indexOpenDataDetail.do?data_id=20250929000000002759,농림축산검역본부,파일,년간,20250929000000002759,2025-09-29,2025-09-29
2024년 농식품공무원교육원 교육훈련 통계자료,2024년 농식품공무원교육원 교육훈련 통계자료입니다.,https://data.mafra.go.kr/opendata/data/indexOpenDataDetail.do?data_id=20250926000000002756,농식품공무원교육원,파일,주기없음,20250926000000002756,2025-09-26,2025-09-26
보급종 공급농협 현황,"농림축산식품부 국립종자원은 우수한 정부 보증 종자를 농업인에게 공급하고 있습니다. 공급과정은 전국 각 지원(보급종 청사)에서 농업인이 신청한 전국 농협으로 수송하여 농업인에게 보급하고 있습니다. 이 자료는 농협(축협)의 명칭, 전화번호, 주소, 지역 정보, 농협/축협 구분값을 포함하고 있습니다. ※ 정부보급종은 종자산업법 제22조에 따라 정부가 생산·공급하고 있는 종자로 벼, 콩, 팥, 보리, 밀, 호밀 작물이 해당된다.",https://data.mafra.go.kr/opendata/data/indexOpenDataDetail.do?data_id=20250922000000002753,국립종자원,링크,주기없음,20250922000000002753,2025-09-22,2025-09-22
국제종자생명교육센터 강의실 현황,"국립종자원의 국제종자생명교육센터는 농업 종사자, 학생, 공무원, 일반인을 대상으로 종자생명 분야 전문교육을 담당합니다. 교육센터는 교육동과 숙소동으로 이루어져 있으며, 교육동은 지하1층에서 지상 4층으로 구성됩니다. 교육센터에서 각 강의동을 대관할 수도 있습니다. 본 자료는 교육동 각 강의실에 대한 정보를 포함하고 있습니다. 강의실의 명칭, 강의실 번호, 사용가능 여부, 강의실의 주 목적 정보가 포함됩니다.",https://data.mafra.go.kr/opendata/data/indexOpenDataDetail.do?data_id=20250922000000002754,국립종자원,링크,주기없음,20250922000000002754,2025-09-22,2025-09-22
6차산업 인증사업자 대상자 현황,6차산업 인증사업자 대상자 현황,https://data.mafra.go.kr/opendata/data/indexOpenDataDetail.do?data_id=20250918000000002751,농림축산식품부,파일,수시,20250918000000002751,2025-09-18,2025-09-18
국제종자생명교육센터 교육과정,"국립종자원 국제종자생명교육센터에서 운영한 교육과정에 대한 정보를 제공합니다. 교육과정에 대한 운영년도, 과정명, 기수, 교육대상자, 교육시작일, 교육종료일, 교육내용(목적)에 대한 정보를 제공합니다. 국제종자생명교육센터에서 학사관리시스템으로 교육과정을 관리하기 시작한 2021년 9월부터의 교육과정 정보입니다. 교육대상은 종사자, 학생, 공무원, 일반인으로 구분합니다. 종사자는 종자업체 임직원, 종자업자.육묘업자(준비자 포함) 등이며, 학생은 고등학생, 대학생, 대학원생 입니다.",https://data.mafra.go.kr/opendata/data/indexOpenDataDetail.do?data_id=20250917000000002750,국립종자원,링크,년간,20250917000000002750,2025-09-17,2025-09-17
농지개량행위 신고 업무지침,농지개량행위 신고 업무 처리에 필요한 사항을 규정하여 시 군 구 등 행정청의 관리업무 지원,https://data.mafra.go.kr/opendata/data/indexOpenDataDetail.do?data_id=20250919000000002752,농림축산식품부,파일,주기없음,20250919000000002752,2025-09-05,2025-09-05
전국 시군별 미니피그 사육규모 통계,"가축위생방역지원본부는 「가축전염병 예방법」 제9조제6항 제3호의2에 따라, 국가가축방역통합정보시스템을 통해 전국 가축사육시설 관련 정보를 체계적으로 수집·관리하고 있습니다. 본 데이터는 전국 시군별 가축 사육규모 현황을 최신 기준으로 집계한 통계자료로, 축산농가의 사육규모(호수·두수)를 시도별·시군별 단위로 구분하여 제공합니다. 자료의 용어해석은 다음과 같습니다. 1. 호수 : 가축을 사육하는 농가의 수 2. 두수(수수) : 사육중인 가축의 마릿수",https://data.mafra.go.kr/opendata/data/indexOpenDataDetail.do?data_id=20250904000000002714,가축위생방역지원본부,파일,년간,20250904000000002714,2025-09-04,2025-09-04
전국 시군별 육용오리 사육규모 통계,"가축위생방역지원본부는 「가축전염병 예방법」 제9조제6항 제3호의2에 따라, 국가가축방역통합정보시스템을 통해 전국 가축사육시설 관련 정보를 체계적으로 수집·관리하고 있습니다. 본 데이터는 전국 시군별 가축 사육규모 현황을 최신 기준으로 집계한 통계자료로, 축산농가의 사육규모(호수·두수)를 시도별·시군별 단위로 구분하여 제공합니다. 자료의 용어해석은 다음과 같습니다. 1. 호수 : 가축을 사육하는 농가의 수 2. 두수(수수) : 사육중인 가축의 마릿수",https://data.mafra.go.kr/opendata/data/indexOpenDataDetail.do?data_id=20250904000000002728,가축위생방역지원본부,파일,년간,20250904000000002728,2025-09-04,2025-09-04
전국 시군별 산란오리 사육규모 통계,"가축위생방역지원본부는 「가축전염병 예방법」 제9조제6항 제3호의2에 따라, 국가가축방역통합정보시스템을 통해 전국 가축사육시설 관련 정보를 체계적으로 수집·관리하고 있습니다. 본 데이터는 전국 시군별 가축 사육규모 현황을 최신 기준으로 집계한 통계자료로, 축산농가의 사육규모(호수·두수)를 시도별·시군별 단위로 구분하여 제공합니다. 자료의 용어해석은 다음과 같습니다. 1. 호수 : 가축을 사육하는 농가의 수 2. 두수(수수) : 사육중인 가축의 마릿수",https://data.mafra.go.kr/opendata/data/indexOpenDataDetail.do?data_id=20250904000000002729,가축위생방역지원본부,파일,년간,20250904000000002729,2025-09-04,2025-09-04
전국 시군별 일반오리 사육규모 통계,"가축위생방역지원본부는 「가축전염병 예방법」 제9조제6항 제3호의2에 따라, 국가가축방역통합정보시스템을 통해 전국 가축사육시설 관련 정보를 체계적으로 수집·관리하고 있습니다. 본 데이터는 전국 시군별 가축 사육규모 현황을 최신 기준으로 집계한 통계자료로, 축산농가의 사육규모(호수·두수)를 시도별·시군별 단위로 구분하여 제공합니다. 자료의 용어해석은 다음과 같습니다. 1. 호수 : 가축을 사육하는 농가의 수 2. 두수(수수) : 사육중인 가축의 마릿수",https://data.mafra.go.kr/opendata/data/indexOpenDataDetail.do?data_id=20250904000000002730,가축위생방역지원본부,파일,년간,20250904000000002730,2025-09-04,2025-09-04
전국 시군별 염소 사육규모 통계,"가축위생방역지원본부는 「가축전염병 예방법」 제9조제6항 제3호의2에 따라, 국가가축방역통합정보시스템을 통해 전국 가축사육시설 관련 정보를 체계적으로 수집·관리하고 있습니다. 본 데이터는 전국 시군별 가축 사육규모 현황을 최신 기준으로 집계한 통계자료로, 축산농가의 사육규모(호수·두수)를 시도별·시군별 단위로 구분하여 제공합니다. 자료의 용어해석은 다음과 같습니다. 1. 호수 : 가축을 사육하는 농가의 수 2. 두수(수수) : 사육중인 가축의 마릿수",https://data.mafra.go.kr/opendata/data/indexOpenDataDetail.do?data_id=20250904000000002731,가축위생방역지원본부,파일,년간,20250904000000002731,2025-09-04,2025-09-04
전국 시군별 사슴 사육규모 통계,"가축위생방역지원본부는 「가축전염병 예방법」 제9조제6항 제3호의2에 따라, 국가가축방역통합정보시스템을 통해 전국 가축사육시설 관련 정보를 체계적으로 수집·관리하고 있습니다. 본 데이터는 전국 시군별 가축 사육규모 현황을 최신 기준으로 집계한 통계자료로, 축산농가의 사육규모(호수·두수)를 시도별·시군별 단위로 구분하여 제공합니다. 자료의 용어해석은 다음과 같습니다. 1. 호수 : 가축을 사육하는 농가의 수 2. 두수(수수) : 사육중인 가축의 마릿수",https://data.mafra.go.kr/opendata/data/indexOpenDataDetail.do?data_id=20250904000000002732,가축위생방역지원본부,파일,년간,20250904000000002732,2025-09-04,2025-09-04
전국 시군별 면양 사육규모 통계,"가축위생방역지원본부는 「가축전염병 예방법」 제9조제6항 제3호의2에 따라, 국가가축방역통합정보시스템을 통해 전국 가축사육시설 관련 정보를 체계적으로 수집·관리하고 있습니다. 본 데이터는 전국 시군별 가축 사육규모 현황을 최신 기준으로 집계한 통계자료로, 축산농가의 사육규모(호수·두수)를 시도별·시군별 단위로 구분하여 제공합니다. 자료의 용어해석은 다음과 같습니다. 1. 호수 : 가축을 사육하는 농가의 수 2. 두수(수수) : 사육중인 가축의 마릿수",https://data.mafra.go.kr/opendata/data/indexOpenDataDetail.do?data_id=20250904000000002733,가축위생방역지원본부,파일,년간,20250904000000002733,2025-09-04,2025-09-04
전국 시군별 산양 사육규모 통계,"가축위생방역지원본부는 「가축전염병 예방법」 제9조제6항 제3호의2에 따라, 국가가축방역통합정보시스템을 통해 전국 가축사육시설 관련 정보를 체계적으로 수집·관리하고 있습니다. 본 데이터는 전국 시군별 가축 사육규모 현황을 최신 기준으로 집계한 통계자료로, 축산농가의 사육규모(호수·두수)를 시도별·시군별 단위로 구분하여 제공합니다. 자료의 용어해석은 다음과 같습니다. 1. 호수 : 가축을 사육하는 농가의 수 2. 두수(수수) : 사육중인 가축의 마릿수",https://data.mafra.go.kr/opendata/data/indexOpenDataDetail.do?data_id=20250904000000002734,가축위생방역지원본부,파일,년간,20250904000000002734,2025-09-04,2025-09-04
전국 시군별 메추리 사육규모 통계,"가축위생방역지원본부는 「가축전염병 예방법」 제9조제6항 제3호의2에 따라, 국가가축방역통합정보시스템을 통해 전국 가축사육시설 관련 정보를 체계적으로 수집·관리하고 있습니다. 본 데이터는 전국 시군별 가축 사육규모 현황을 최신 기준으로 집계한 통계자료로, 축산농가의 사육규모(호수·두수)를 시도별·시군별 단위로 구분하여 제공합니다. 자료의 용어해석은 다음과 같습니다. 1. 호수 : 가축을 사육하는 농가의 수 2. 두수(수수) : 사육중인 가축의 마릿수",https://data.mafra.go.kr/opendata/data/indexOpenDataDetail.do?data_id=20250904000000002735,가축위생방역지원본부,파일,년간,20250904000000002735,2025-09-04,2025-09-04
전국 시군별 기러기 사육규모 통계,"가축위생방역지원본부는 「가축전염병 예방법」 제9조제6항 제3호의2에 따라, 국가가축방역통합정보시스템을 통해 전국 가축사육시설 관련 정보를 체계적으로 수집·관리하고 있습니다. 본 데이터는 전국 시군별 가축 사육규모 현황을 최신 기준으로 집계한 통계자료로, 축산농가의 사육규모(호수·두수)를 시도별·시군별 단위로 구분하여 제공합니다. 자료의 용어해석은 다음과 같습니다. 1. 호수 : 가축을 사육하는 농가의 수 2. 두수(수수) : 사육중인 가축의 마릿수",https://data.mafra.go.kr/opendata/data/indexOpenDataDetail.do?data_id=20250904000000002736,가축위생방역지원본부,파일,년간,20250904000000002736,2025-09-04,2025-09-04
전국 시군별 꿩 사육규모 통계,"가축위생방역지원본부는 「가축전염병 예방법」 제9조제6항 제3호의2에 따라, 국가가축방역통합정보시스템을 통해 전국 가축사육시설 관련 정보를 체계적으로 수집·관리하고 있습니다. 본 데이터는 전국 시군별 가축 사육규모 현황을 최신 기준으로 집계한 통계자료로, 축산농가의 사육규모(호수·두수)를 시도별·시군별 단위로 구분하여 제공합니다. 자료의 용어해석은 다음과 같습니다. 1. 호수 : 가축을 사육하는 농가의 수 2. 두수(수수) : 사육중인 가축의 마릿수",https://data.mafra.go.kr/opendata/data/indexOpenDataDetail.do?data_id=20250904000000002737,가축위생방역지원본부,파일,년간,20250904000000002737,2025-09-04,2025-09-04
전국 시군별 거위 사육규모 통계,"가축위생방역지원본부는 「가축전염병 예방법」 제9조제6항 제3호의2에 따라, 국가가축방역통합정보시스템을 통해 전국 가축사육시설 관련 정보를 체계적으로 수집·관리하고 있습니다. 본 데이터는 전국 시군별 가축 사육규모 현황을 최신 기준으로 집계한 통계자료로, 축산농가의 사육규모(호수·두수)를 시도별·시군별 단위로 구분하여 제공합니다. 자료의 용어해석은 다음과 같습니다. 1. 호수 : 가축을 사육하는 농가의 수 2. 두수(수수) : 사육중인 가축의 마릿수",https://data.mafra.go.kr/opendata/data/indexOpenDataDetail.do?data_id=20250904000000002738,가축위생방역지원본부,파일,년간,20250904000000002738,2025-09-04,2025-09-04
전국 시군별 토종닭 사육규모 통계,"가축위생방역지원본부는 「가축전염병 예방법」 제9조제6항 제3호의2에 따라, 국가가축방역통합정보시스템을 통해 전국 가축사육시설 관련 정보를 체계적으로 수집·관리하고 있습니다. 본 데이터는 전국 시군별 가축 사육규모 현황을 최신 기준으로 집계한 통계자료로, 축산농가의 사육규모(호수·두수)를 시도별·시군별 단위로 구분하여 제공합니다. 자료의 용어해석은 다음과 같습니다. 1. 호수 : 가축을 사육하는 농가의 수 2. 두수(수수) : 사육중인 가축의 마릿수",https://data.mafra.go.kr/opendata/data/indexOpenDataDetail.do?data_id=20250904000000002721,가축위생방역지원본부,파일,년간,20250904000000002721,2025-09-04,2025-09-04
전국 시군별 육용종계 사육규모 통계,"가축위생방역지원본부는 「가축전염병 예방법」 제9조제6항 제3호의2에 따라, 국가가축방역통합정보시스템을 통해 전국 가축사육시설 관련 정보를 체계적으로 수집·관리하고 있습니다. 본 데이터는 전국 시군별 가축 사육규모 현황을 최신 기준으로 집계한 통계자료로, 축산농가의 사육규모(호수·두수)를 시도별·시군별 단위로 구분하여 제공합니다. 자료의 용어해석은 다음과 같습니다. 1. 호수 : 가축을 사육하는 농가의 수 2. 두수(수수) : 사육중인 가축의 마릿수",https://data.mafra.go.kr/opendata/data/indexOpenDataDetail.do?data_id=20250904000000002720,가축위생방역지원본부,파일,년간,20250904000000002720,2025-09-04,2025-09-04
전국 시군별 육계 사육규모 통계,"가축위생방역지원본부는 「가축전염병 예방법」 제9조제6항 제3호의2에 따라, 국가가축방역통합정보시스템을 통해 전국 가축사육시설 관련 정보를 체계적으로 수집·관리하고 있습니다. 본 데이터는 전국 시군별 가축 사육규모 현황을 최신 기준으로 집계한 통계자료로, 축산농가의 사육규모(호수·두수)를 시도별·시군별 단위로 구분하여 제공합니다. 자료의 용어해석은 다음과 같습니다. 1. 호수 : 가축을 사육하는 농가의 수 2. 두수(수수) : 사육중인 가축의 마릿수",https://data.mafra.go.kr/opendata/data/indexOpenDataDetail.do?data_id=20250904000000002719,가축위생방역지원본부,파일,년간,20250904000000002719,2025-09-04,2025-09-04
전국 시군별 흑돼지 사육규모 통계,"가축위생방역지원본부는 「가축전염병 예방법」 제9조제6항 제3호의2에 따라, 국가가축방역통합정보시스템을 통해 전국 가축사육시설 관련 정보를 체계적으로 수집·관리하고 있습니다. 본 데이터는 전국 시군별 가축 사육규모 현황을 최신 기준으로 집계한 통계자료로, 축산농가의 사육규모(호수·두수)를 시도별·시군별 단위로 구분하여 제공합니다. 자료의 용어해석은 다음과 같습니다. 1. 호수 : 가축을 사육하는 농가의 수 2. 두수(수수) : 사육중인 가축의 마릿수",https://data.mafra.go.kr/opendata/data/indexOpenDataDetail.do?data_id=20250904000000002718,가축위생방역지원본부,파일,년간,20250904000000002718,2025-09-04,2025-09-04
전국 시군별 멧돼지 사육규모 통계,"가축위생방역지원본부는 「가축전염병 예방법」 제9조제6항 제3호의2에 따라, 국가가축방역통합정보시스템을 통해 전국 가축사육시설 관련 정보를 체계적으로 수집·관리하고 있습니다. 본 데이터는 전국 시군별 가축 사육규모 현황을 최신 기준으로 집계한 통계자료로, 축산농가의 사육규모(호수·두수)를 시도별·시군별 단위로 구분하여 제공합니다. 자료의 용어해석은 다음과 같습니다. 1. 호수 : 가축을 사육하는 농가의 수 2. 두수(수수) : 사육중인 가축의 마릿수",https://data.mafra.go.kr/opendata/data/indexOpenDataDetail.do?data_id=20250904000000002717,가축위생방역지원본부,파일,년간,20250904000000002717,2025-09-04,2025-09-04
전국 시군별 실험용돼지 사육규모 통계,"가축위생방역지원본부는 「가축전염병 예방법」 제9조제6항 제3호의2에 따라, 국가가축방역통합정보시스템을 통해 전국 가축사육시설 관련 정보를 체계적으로 수집·관리하고 있습니다. 본 데이터는 전국 시군별 가축 사육규모 현황을 최신 기준으로 집계한 통계자료로, 축산농가의 사육규모(호수·두수)를 시도별·시군별 단위로 구분하여 제공합니다. 자료의 용어해석은 다음과 같습니다. 1. 호수 : 가축을 사육하는 농가의 수 2. 두수(수수) : 사육중인 가축의 마릿수",https://data.mafra.go.kr/opendata/data/indexOpenDataDetail.do?data_id=20250904000000002715,가축위생방역지원본부,파일,년간,20250904000000002715,2025-09-04,2025-09-04
전국 시군별 종돈 사육규모 통계,"가축위생방역지원본부는 「가축전염병 예방법」 제9조제6항 제3호의2에 따라, 국가가축방역통합정보시스템을 통해 전국 가축사육시설 관련 정보를 체계적으로 수집·관리하고 있습니다. 본 데이터는 전국 시군별 가축 사육규모 현황을 최신 기준으로 집계한 통계자료로, 축산농가의 사육규모(호수·두수)를 시도별·시군별 단위로 구분하여 제공합니다. 자료의 용어해석은 다음과 같습니다. 1. 호수 : 가축을 사육하는 농가의 수 2. 두수(수수) : 사육중인 가축의 마릿수",https://data.mafra.go.kr/opendata/data/indexOpenDataDetail.do?data_id=20250904000000002713,가축위생방역지원본부,파일,년간,20250904000000002713,2025-09-04,2025-09-04
전국 시군별 일반돼지 사육규모 통계,"가축위생방역지원본부는 「가축전염병 예방법」 제9조제6항 제3호의2에 따라, 국가가축방역통합정보시스템을 통해 전국 가축사육시설 관련 정보를 체계적으로 수집·관리하고 있습니다. 본 데이터는 전국 시군별 가축 사육규모 현황을 최신 기준으로 집계한 통계자료로, 축산농가의 사육규모(호수·두수)를 시도별·시군별 단위로 구분하여 제공합니다. 자료의 용어해석은 다음과 같습니다. 1. 호수 : 가축을 사육하는 농가의 수 2. 두수(수수) : 사육중인 가축의 마릿수",https://data.mafra.go.kr/opendata/data/indexOpenDataDetail.do?data_id=20250904000000002712,가축위생방역지원본부,파일,년간,20250904000000002712,2025-09-04,2025-09-04
전국 시군별 육우 사육규모 통계,"가축위생방역지원본부는 「가축전염병 예방법」 제9조제6항 제3호의2에 따라, 국가가축방역통합정보시스템을 통해 전국 가축사육시설 관련 정보를 체계적으로 수집·관리하고 있습니다. 본 데이터는 전국 시군별 가축 사육규모 현황을 최신 기준으로 집계한 통계자료로, 축산농가의 사육규모(호수·두수)를 시도별·시군별 단위로 구분하여 제공합니다. 자료의 용어해석은 다음과 같습니다. 1. 호수 : 가축을 사육하는 농가의 수 2. 두수(수수) : 사육중인 가축의 마릿수",https://data.mafra.go.kr/opendata/data/indexOpenDataDetail.do?data_id=20250904000000002711,가축위생방역지원본부,파일,년간,20250904000000002711,2025-09-04,2025-09-04
전국 시군별 젖소 사육규모 통계,"가축위생방역지원본부는 「가축전염병 예방법」 제9조제6항 제3호의2에 따라, 국가가축방역통합정보시스템을 통해 전국 가축사육시설 관련 정보를 체계적으로 수집·관리하고 있습니다. 본 데이터는 전국 시군별 가축 사육규모 현황을 최신 기준으로 집계한 통계자료로, 축산농가의 사육규모(호수·두수)를 시도별·시군별 단위로 구분하여 제공합니다. 자료의 용어해석은 다음과 같습니다. 1. 호수 : 가축을 사육하는 농가의 수 2. 두수(수수) : 사육중인 가축의 마릿수",https://data.mafra.go.kr/opendata/data/indexOpenDataDetail.do?data_id=20250904000000002710,가축위생방역지원본부,파일,년간,20250904000000002710,2025-09-04,2025-09-04
전국 시군별 한우 사육규모 통계,"가축위생방역지원본부는 「가축전염병 예방법」 제9조제6항 제3호의2에 따라, 국가가축방역통합정보시스템을 통해 전국 가축사육시설 관련 정보를 체계적으로 수집·관리하고 있습니다. 본 데이터는 전국 시군별 가축 사육규모 현황을 최신 기준으로 집계한 통계자료로, 축산농가의 사육규모(호수·두수)를 시도별·시군별 단위로 구분하여 제공합니다. 자료의 용어해석은 다음과 같습니다. 1. 호수 : 가축을 사육하는 농가의 수 2. 두수(수수) : 사육중인 가축의 마릿수",https://data.mafra.go.kr/opendata/data/indexOpenDataDetail.do?data_id=20250904000000002709,가축위생방역지원본부,파일,년간,20250904000000002709,2025-09-04,2025-09-04
전국 시군별 칠면조 사육규모 통계,"가축위생방역지원본부는 「가축전염병 예방법」 제9조제6항 제3호의2에 따라, 국가가축방역통합정보시스템을 통해 전국 가축사육시설 관련 정보를 체계적으로 수집·관리하고 있습니다. 본 데이터는 전국 시군별 가축 사육규모 현황을 최신 기준으로 집계한 통계자료로, 축산농가의 사육규모(호수·두수)를 시도별·시군별 단위로 구분하여 제공합니다. 자료의 용어해석은 다음과 같습니다. 1. 호수 : 가축을 사육하는 농가의 수 2. 두수(수수) : 사육중인 가축의 마릿수",https://data.mafra.go.kr/opendata/data/indexOpenDataDetail.do?data_id=20250904000000002739,가축위생방역지원본부,파일,년간,20250904000000002739,2025-09-04,2025-09-04
전국 시군별 타조 사육규모 통계,"가축위생방역지원본부는 「가축전염병 예방법」 제9조제6항 제3호의2에 따라, 국가가축방역통합정보시스템을 통해 전국 가축사육시설 관련 정보를 체계적으로 수집·관리하고 있습니다. 본 데이터는 전국 시군별 가축 사육규모 현황을 최신 기준으로 집계한 통계자료로, 축산농가의 사육규모(호수·두수)를 시도별·시군별 단위로 구분하여 제공합니다. 자료의 용어해석은 다음과 같습니다. 1. 호수 : 가축을 사육하는 농가의 수 2. 두수(수수) : 사육중인 가축의 마릿수",https://data.mafra.go.kr/opendata/data/indexOpenDataDetail.do?data_id=20250904000000002740,가축위생방역지원본부,파일,년간,20250904000000002740,2025-09-04,2025-09-04
전국 시군별 관상조 사육규모 통계,"가축위생방역지원본부는 「가축전염병 예방법」 제9조제6항 제3호의2에 따라, 국가가축방역통합정보시스템을 통해 전국 가축사육시설 관련 정보를 체계적으로 수집·관리하고 있습니다. 본 데이터는 전국 시군별 가축 사육규모 현황을 최신 기준으로 집계한 통계자료로, 축산농가의 사육규모(호수·두수)를 시도별·시군별 단위로 구분하여 제공합니다. 자료의 용어해석은 다음과 같습니다. 1. 호수 : 가축을 사육하는 농가의 수 2. 두수(수수) : 사육중인 가축의 마릿수",https://data.mafra.go.kr/opendata/data/indexOpenDataDetail.do?data_id=20250904000000002741,가축위생방역지원본부,파일,년간,20250904000000002741,2025-09-04,2025-09-04
전국 시군별 꿀벌 사육규모 통계,"가축위생방역지원본부는 「가축전염병 예방법」 제9조제6항 제3호의2에 따라, 국가가축방역통합정보시스템을 통해 전국 가축사육시설 관련 정보를 체계적으로 수집·관리하고 있습니다. 본 데이터는 전국 시군별 가축 사육규모 현황을 최신 기준으로 집계한 통계자료로, 축산농가의 사육규모(호수·두수)를 시도별·시군별 단위로 구분하여 제공합니다. 자료의 용어해석은 다음과 같습니다. 1. 호수 : 가축을 사육하는 농가의 수 2. 두수(수수) : 사육중인 가축의 마릿수",https://data.mafra.go.kr/opendata/data/indexOpenDataDetail.do?data_id=20250904000000002742,가축위생방역지원본부,파일,년간,20250904000000002742,2025-09-04,2025-09-04
전국 시군별 말 사육규모 통계,"가축위생방역지원본부는 「가축전염병 예방법」 제9조제6항 제3호의2에 따라, 국가가축방역통합정보시스템을 통해 전국 가축사육시설 관련 정보를 체계적으로 수집·관리하고 있습니다. 본 데이터는 전국 시군별 가축 사육규모 현황을 최신 기준으로 집계한 통계자료로, 축산농가의 사육규모(호수·두수)를 시도별·시군별 단위로 구분하여 제공합니다. 자료의 용어해석은 다음과 같습니다. 1. 호수 : 가축을 사육하는 농가의 수 2. 두수(수수) : 사육중인 가축의 마릿수",https://data.mafra.go.kr/opendata/data/indexOpenDataDetail.do?data_id=20250904000000002743,가축위생방역지원본부,파일,년간,20250904000000002743,2025-09-04,2025-09-04
전국 시군별 토끼 사육규모 통계,"가축위생방역지원본부는 「가축전염병 예방법」 제9조제6항 제3호의2에 따라, 국가가축방역통합정보시스템을 통해 전국 가축사육시설 관련 정보를 체계적으로 수집·관리하고 있습니다. 본 데이터는 전국 시군별 가축 사육규모 현황을 최신 기준으로 집계한 통계자료로, 축산농가의 사육규모(호수·두수)를 시도별·시군별 단위로 구분하여 제공합니다. 자료의 용어해석은 다음과 같습니다. 1. 호수 : 가축을 사육하는 농가의 수 2. 두수(수수) : 사육중인 가축의 마릿수",https://data.mafra.go.kr/opendata/data/indexOpenDataDetail.do?data_id=20250904000000002744,가축위생방역지원본부,파일,년간,20250904000000002744,2025-09-04,2025-09-04
전국 시군별 토종종계 사육규모 통계,"가축위생방역지원본부는 「가축전염병 예방법」 제9조제6항 제3호의2에 따라, 국가가축방역통합정보시스템을 통해 전국 가축사육시설 관련 정보를 체계적으로 수집·관리하고 있습니다. 본 데이터는 전국 시군별 가축 사육규모 현황을 최신 기준으로 집계한 통계자료로, 축산농가의 사육규모(호수·두수)를 시도별·시군별 단위로 구분하여 제공합니다. 자료의 용어해석은 다음과 같습니다. 1. 호수 : 가축을 사육하는 농가의 수 2. 두수(수수) : 사육중인 가축의 마릿수",https://data.mafra.go.kr/opendata/data/indexOpenDataDetail.do?data_id=20250904000000002722,가축위생방역지원본부,파일,년간,20250904000000002722,2025-09-04,2025-09-04
전국 시군별 백세미 사육규모 통계,"가축위생방역지원본부는 「가축전염병 예방법」 제9조제6항 제3호의2에 따라, 국가가축방역통합정보시스템을 통해 전국 가축사육시설 관련 정보를 체계적으로 수집·관리하고 있습니다. 본 데이터는 전국 시군별 가축 사육규모 현황을 최신 기준으로 집계한 통계자료로, 축산농가의 사육규모(호수·두수)를 시도별·시군별 단위로 구분하여 제공합니다. 자료의 용어해석은 다음과 같습니다. 1. 호수 : 가축을 사육하는 농가의 수 2. 두수(수수) : 사육중인 가축의 마릿수",https://data.mafra.go.kr/opendata/data/indexOpenDataDetail.do?data_id=20250904000000002723,가축위생방역지원본부,파일,년간,20250904000000002723,2025-09-04,2025-09-04
전국 시군별 산란계 사육규모 통계,"가축위생방역지원본부는 「가축전염병 예방법」 제9조제6항 제3호의2에 따라, 국가가축방역통합정보시스템을 통해 전국 가축사육시설 관련 정보를 체계적으로 수집·관리하고 있습니다. 본 데이터는 전국 시군별 가축 사육규모 현황을 최신 기준으로 집계한 통계자료로, 축산농가의 사육규모(호수·두수)를 시도별·시군별 단위로 구분하여 제공합니다. 자료의 용어해석은 다음과 같습니다. 1. 호수 : 가축을 사육하는 농가의 수 2. 두수(수수) : 사육중인 가축의 마릿수",https://data.mafra.go.kr/opendata/data/indexOpenDataDetail.do?data_id=20250904000000002724,가축위생방역지원본부,파일,년간,20250904000000002724,2025-09-04,2025-09-04
전국 시군별 산란중추 사육규모 통계,"가축위생방역지원본부는 「가축전염병 예방법」 제9조제6항 제3호의2에 따라, 국가가축방역통합정보시스템을 통해 전국 가축사육시설 관련 정보를 체계적으로 수집·관리하고 있습니다. 본 데이터는 전국 시군별 가축 사육규모 현황을 최신 기준으로 집계한 통계자료로, 축산농가의 사육규모(호수·두수)를 시도별·시군별 단위로 구분하여 제공합니다. 자료의 용어해석은 다음과 같습니다. 1. 호수 : 가축을 사육하는 농가의 수 2. 두수(수수) : 사육중인 가축의 마릿수",https://data.mafra.go.kr/opendata/data/indexOpenDataDetail.do?data_id=20250904000000002725,가축위생방역지원본부,파일,년간,20250904000000002725,2025-09-04,2025-09-04
전국 시군별 산란종계 사육규모 통계,"가축위생방역지원본부는 「가축전염병 예방법」 제9조제6항 제3호의2에 따라, 국가가축방역통합정보시스템을 통해 전국 가축사육시설 관련 정보를 체계적으로 수집·관리하고 있습니다. 본 데이터는 전국 시군별 가축 사육규모 현황을 최신 기준으로 집계한 통계자료로, 축산농가의 사육규모(호수·두수)를 시도별·시군별 단위로 구분하여 제공합니다. 자료의 용어해석은 다음과 같습니다. 1. 호수 : 가축을 사육하는 농가의 수 2. 두수(수수) : 사육중인 가축의 마릿수",https://data.mafra.go.kr/opendata/data/indexOpenDataDetail.do?data_id=20250904000000002726,가축위생방역지원본부,파일,년간,20250904000000002726,2025-09-04,2025-09-04
전국 시군별 종오리 사육규모 통계,"가축위생방역지원본부는 「가축전염병 예방법」 제9조제6항 제3호의2에 따라, 국가가축방역통합정보시스템을 통해 전국 가축사육시설 관련 정보를 체계적으로 수집·관리하고 있습니다. 본 데이터는 전국 시군별 가축 사육규모 현황을 최신 기준으로 집계한 통계자료로, 축산농가의 사육규모(호수·두수)를 시도별·시군별 단위로 구분하여 제공합니다. 자료의 용어해석은 다음과 같습니다. 1. 호수 : 가축을 사육하는 농가의 수 2. 두수(수수) : 사육중인 가축의 마릿수",https://data.mafra.go.kr/opendata/data/indexOpenDataDetail.do?data_id=20250904000000002727,가축위생방역지원본부,파일,년간,20250904000000002727,2025-09-04,2025-09-04
분기별 시군별 축종별 질병검색 현황,"본 자료는 가축위생방역지원본부가 전국 시군별 축산농가를 대상으로 실시한 질병검색 현황을 정리한 것입니다. 방역사는 농장을 직접 방문하여 임상증상을 확인하고, 필요 시 시료채취를 통해 가축전염병 여부를 검사합니다.",https://data.mafra.go.kr/opendata/data/indexOpenDataDetail.do?data_id=20250904000000002749,가축위생방역지원본부,파일,분기,20250904000000002749,2025-09-04,2025-09-04
분기별 시군별 축종별 임상증상 발생현황,"임상증상은 설사, 폐사, 선회증상 등 가축전염병 발생 가능성을 조기 감지할 수 있는 주요 지표로 활용되며, 전화예찰 결과는 지역별 질병 발생 동향을 신속히 파악하는 데 기여합니다. 또한, 해당 데이터는 가축질병 예방예찰과 더불어 농가 자율방역 의식을 제고하고, 시군별 방역정책 수립 및 긴급 대응계획 마련에 활용됩니다.",https://data.mafra.go.kr/opendata/data/indexOpenDataDetail.do?data_id=20250904000000002748,가축위생방역지원본부,파일,분기,20250904000000002748,2025-09-04,2025-09-04
연도별 초동방역 투입현황,"본 자료는 시군별 방역 투입 패턴을 분석하여, 향후 가축전염병 발생 시 투입 인력 규모 및 대응 소요 기간을 예측하는 데 기여합니다. 이를 통해 중앙정부와 지자체는 신속하고 효과적인 방역 정책을 수립할 수 있으며, 농가 단위의 자율방역과 연계된 선제적 재난대응 체계를 강화할 수 있습니다. 본 현황자료는 국가 가축방역 대응능력 향상과 피해 최소화를 위한 핵심 기초자료로 제공됩니다.",https://data.mafra.go.kr/opendata/data/indexOpenDataDetail.do?data_id=20250904000000002747,가축위생방역지원본부,파일,년간,20250904000000002747,2025-09-04,2025-09-04
분기별 가축전염병 전화예찰 현황,"전화예찰은 농가와의 직접 통화를 통해 임상증상, 사육환경, 방역관리 상태를 확인하는 방식으로 진행되며, 이는 현장 출동 이전 단계에서 조기경보 기능을 수행하는 중요한 예방예찰 수단입니다. 또한, 시군별로 세분화된 현황자료를 제공함으로써 지방자치단체와 중앙정부가 지역별 특성을 반영한 재난대응 정책을 수립할 수 있도록 지원합니다. 특히, 반복적인 전화예찰을 통해 축산농가의 경각심을 제고하고, 의심 사례가 발생할 경우 신속한 현장 대응과 차단방역이 가능하도록 정보를 연계합니다.",https://data.mafra.go.kr/opendata/data/indexOpenDataDetail.do?data_id=20250904000000002746,가축위생방역지원본부,파일,분기,20250904000000002746,2025-09-04,2025-09-04
경북지원 콩 종자 LMO 모니터링 결과,"농림축산식품부 국립종자원 경북지원에서 보급종 콩 종자를 LMO(Living Modified Organisms, 유전자변형생물체) 모니터링 검사한 결과",https://data.mafra.go.kr/opendata/data/indexOpenDataDetail.do?data_id=20250901000000002708,국립종자원,링크,주기없음,20250901000000002708,2025-09-01,2025-09-01
한국농어촌공사_임차농지 현황,"전국 시군구별 임차농지현황에 대한 자료로 시군구 코드, 시군구명, 필지수, 면적에 대한 정보",https://data.mafra.go.kr/opendata/data/indexOpenDataDetail.do?data_id=20250828000000002705,한국농어촌공사,파일,년간,20250828000000002705,2025-08-28,2025-08-28
조직도 및 조직정보,"현행화된 조직도에 대해 농림축산식품부 대표 홈페이지에 업로드 조직도 및 조직정보 데이터로 조직전체이름, 조직이름에 대한 내용 제공",https://data.mafra.go.kr/opendata/data/indexOpenDataDetail.do?data_id=20250822000000002700,농림축산식품부,파일,년간,20250822000000002700,2025-08-22,2025-08-22
설명자료 목록,언론 보도기사에 대해 농림축산식품부 대표 홈페이지에 업로드 된 해명 및 설명자료,https://data.mafra.go.kr/opendata/data/indexOpenDataDetail.do?data_id=20250822000000002702,농림축산식품부,파일,년간,20250822000000002702,2025-08-22,2025-08-22
정책홍보 영상 목록,"농림축산식품부에서 제작하여 게시한 농업, 식품, 축산 등 다양한 정책 홍보 영상 리스트를 제공하여 농업 및 농촌 정책에 대한 이해도 제고 및 관련 콘텐츠 제작에 참고자료로 활용",https://data.mafra.go.kr/opendata/data/indexOpenDataDetail.do?data_id=20250822000000002701,농림축산식품부,파일,년간,20250822000000002701,2025-08-22,2025-08-22
한국농어촌공사_펌프 정보,"- 한국농어촌공사 용수시설통합운영관리시스템(TOMS) 양,배수장 펌프 정보 입니다. - 양수장이란 강이나 하천 및 호소의 물을 이용하기 위해 양수하여 관개하는 시설을 말하며 - 배수장이란 배수가 불량하거나 홍수 시 물이 하천이나 강 및 호소로 빠지지 못하여 농경지 등이 침수되는 경우 기계장치를 이용하여 담수되어 있는 물을 배수하는 시설을 말합니다. - 본 데이터는 펌프에 대한 제원 정보로 시설명, 시설종류, 펌프종류, 양배수, 구경, 유량, 전양정, 실양정, 회전수 데이터를 제공하고 있습니다.",https://data.mafra.go.kr/opendata/data/indexOpenDataDetail.do?data_id=20250822000000002698,한국농어촌공사,파일,년간,20250822000000002698,2025-08-22,2025-08-22
한국농어촌공사_연계시설정보,"한국농어촌공사 용수시설통합운영관리시스템(TOMS)에 연계된 한국전력(KEPCO) 데이터 연계 정보입니다. 양수장 배수장에 설치되어 있는 펌프가동 정보를 기반으로 매달 전력사용량, 전기요금의 데이터를 연계합니다. 본 데이터에는 본부, 지사명이 기재되어 있으며 가동 시설명칭 펌프코드 등이 있습니다. 설치된 펌프의 펌프유량, 펌프동력 등 제원값도 제공됩니다. 한국전력과 연계되어있는 연계코드 등도 제공되며, 한국농어촌공사에서는 해당 연계 데이터를 통해 농업용수 공급량을 산출하는데 이용됩니다.",https://data.mafra.go.kr/opendata/data/indexOpenDataDetail.do?data_id=20250822000000002699,한국농어촌공사,파일,년간,20250822000000002699,2025-08-22,2025-08-22
반려동물 미용업 현황(2024년 기준),"동물보호법에 따른 동물미용업 등록 현황 - 제공 정보 : 지역별 동물미용업 업체 현황, 전체 업체 수 대비 지역별 비율, 관련 종사자수 - 동물미용업 : 반려동물의 털, 피부 또는 발톱 등을 손질하거나 위생적으로 관리하는 영업(동물보호법 시행규칙 제43조) - 구분 지역 : 서울, 부산, 대구, 인천, 광주, 대전, 울산, 세종, 경기, 강원, 충북, 충남, 전북, 전남, 경북, 경남, 제주",https://data.mafra.go.kr/opendata/data/indexOpenDataDetail.do?data_id=20250814000000002696,농림축산식품부,파일,년간,20250814000000002696,2025-08-14,2025-08-18
동영상 강의자료(알기 쉬운 농정 이야기),농식품공무원교육원에서 제작한 연도별 농림축산식품부 주요 업무추진 계획에 대해 설명하는 교육 목적의 영상물입니다.,https://data.mafra.go.kr/opendata/data/indexOpenDataDetail.do?data_id=20250814000000002695,농식품공무원교육원,파일,주기없음,20250814000000002695,2025-08-14,2025-08-14
농식품 공공데이터포털 표준코드 정보,농식품 공공데이터포털 표준코드 정보입니다.,https://data.mafra.go.kr/opendata/data/indexOpenDataDetail.do?data_id=20250807000000002693,농림축산식품부,파일,주기없음,20250807000000002693,2025-08-07,2025-08-07
농기자재 수출기업육성사업 운영지침,농기자재 수출기업 육성사업 개요 및 사업시행 주요내용입니다.,https://data.mafra.go.kr/opendata/data/indexOpenDataDetail.do?data_id=20250806000000002692,농림축산식품부,파일,년간,20250806000000002692,2025-08-06,2025-08-27
농식품 공공데이터포털 코드그룹 목록 정보,농식품 공공데이터포털 코드그룹 목록 정보 입니다.,https://data.mafra.go.kr/opendata/data/indexOpenDataDetail.do?data_id=20250721000000002687,농림축산식품부,파일,주기없음,20250721000000002687,2025-07-21,2025-07-21
농식품 공공데이터포털 메뉴관리 정보,농식품 공공데이터포털 메뉴관리 정보 입니다.,https://data.mafra.go.kr/opendata/data/indexOpenDataDetail.do?data_id=20250721000000002685,농림축산식품부,파일,주기없음,20250721000000002685,2025-07-21,2025-07-21
농식품 공공데이터포털 시각화 데이터 항목 정보,농식품 공공데이터포털 시각화 데이터 항목 정보 입니다.,https://data.mafra.go.kr/opendata/data/indexOpenDataDetail.do?data_id=20250721000000002683,농림축산식품부,파일,주기없음,20250721000000002683,2025-07-21,2025-07-21
농식품 공공데이터포털 속성 컬럼 정보,농식품 공공데이터포털 속성 컬럼 정보 입니다.,https://data.mafra.go.kr/opendata/data/indexOpenDataDetail.do?data_id=20250721000000002684,농림축산식품부,파일,주기없음,20250721000000002684,2025-07-21,2025-07-21
농식품 공공데이터포털 행정구역 분류 정보,농식품 공공데이터포털 행정구역 분류 정보 입니다.,https://data.mafra.go.kr/opendata/data/indexOpenDataDetail.do?data_id=20250721000000002686,농림축산식품부,파일,주기없음,20250721000000002686,2025-07-21,2025-07-21
농식품 공공데이터포털 분류체계 목록 정보,농식품 공공데이터포털 분류체계 목록 정보 입니다.,https://data.mafra.go.kr/opendata/data/indexOpenDataDetail.do?data_id=20250721000000002688,농림축산식품부,파일,주기없음,20250721000000002688,2025-07-21,2025-07-21
조미채소류 생산유통가격 정보,"주요 조미채소류 생산, 도매시장, 소매가격 통합 데이터 셋",https://data.mafra.go.kr/opendata/data/indexOpenDataDetail.do?data_id=20250320000000002675,농림수산식품교육문화정보원,OpenAPI,수시,20250320000000002675,2025-02-20,2025-02-26
농작업 기준정보,농업ON에 현재까지 구축된 농작업 기준정보 데이터 셋,https://data.mafra.go.kr/opendata/data/indexOpenDataDetail.do?data_id=20250224000000002671,농림수산식품교육문화정보원,파일,년간,20250224000000002671,2025-02-20,2025-02-26
병해충별 유기농업자재 현황정보,병해충&유기농업자재 매칭 데이터,https://data.mafra.go.kr/opendata/data/indexOpenDataDetail.do?data_id=20250224000000002668,농림수산식품교육문화정보원,파일,년간,20250224000000002668,2025-02-20,2025-04-29
지역별 농업종사자 고용현황,농업종사자 정보와 외국인 계절근로자 배정 시군별 통합 셋,https://data.mafra.go.kr/opendata/data/indexOpenDataDetail.do?data_id=20250224000000002667,농림수산식품교육문화정보원,파일,년간,20250224000000002667,2025-02-20,2025-02-26
지역별 농산업기관 정보,"직매장, 자재사(유기/일반), 농협, 하나로마트, 농업기술센터 위치, 연락처 통합 데이터셋",https://data.mafra.go.kr/opendata/data/indexOpenDataDetail.do?data_id=20250224000000002670,농림수산식품교육문화정보원,파일,년간,20250224000000002670,2025-02-20,2025-02-26
병해충별 농업자재 현황정보,병해충&농업자재 작용 기작 매칭 데이터,https://data.mafra.go.kr/opendata/data/indexOpenDataDetail.do?data_id=20250224000000002669,농림수산식품교육문화정보원,파일,년간,20250224000000002669,2025-02-20,2025-04-29
영농폐기물 집하장 및 발생 정보,"폐기물집하장, 폐기물 발생 정보 데이터 셋",https://data.mafra.go.kr/opendata/data/indexOpenDataDetail.do?data_id=20250224000000002672,농림수산식품교육문화정보원,파일,년간,20250224000000002672,2025-02-20,2025-02-26
지역별 누적 강수량 및 농업용수 저수율 정보,"시도별, 월별, 연간 누적강수· 저수율 평년비교 통합 데이터셋",https://data.mafra.go.kr/opendata/data/indexOpenDataDetail.do?data_id=20250220000000002661,농림수산식품교육문화정보원,OpenAPI,수시,20250220000000002661,2025-02-20,2025-02-26
복합환경제어기 수집기준정보,주요 복합환경제어기 업체별 수집 기준정보 통합데이터셋,https://data.mafra.go.kr/opendata/data/indexOpenDataDetail.do?data_id=20250224000000002673,농림수산식품교육문화정보원,파일,년간,20250224000000002673,2025-02-20,2025-02-26
자조금단체 현황정보,대표 자조금단체 기초현황정보 통합셋,https://data.mafra.go.kr/opendata/data/indexOpenDataDetail.do?data_id=20250224000000002674,농림수산식품교육문화정보원,파일,년간,20250224000000002674,2025-02-20,2025-02-26
기상관측 결합정보,"농진청 농업기상, 기상청 기상정보 결합셋",https://data.mafra.go.kr/opendata/data/indexOpenDataDetail.do?data_id=20250221000000002663,농림수산식품교육문화정보원,OpenAPI,수시,20250221000000002663,2025-02-20,2025-02-26
"기상특보, 농작물 재해보험 결합 정보",기상특보&농작물재해보험 정보 매칭 데이터,https://data.mafra.go.kr/opendata/data/indexOpenDataDetail.do?data_id=20250221000000002664,농림수산식품교육문화정보원,OpenAPI,수시,20250221000000002664,2025-02-20,2025-02-26
동물등록 정보조회,"반려동물이름, 성별, 품종, 중성화여부, 담당기관 등의 정보를 제공",https://data.mafra.go.kr/opendata/data/indexOpenDataDetail.do?data_id=20250214000000002655,농림축산검역본부,링크,주기없음,20250214000000002655,2025-02-14,2025-02-14
구조동물 조회,"반려동물이름, 성별, 품종, 중성화여부, 담당기관 등의 정보를 제공",https://data.mafra.go.kr/opendata/data/indexOpenDataDetail.do?data_id=20250214000000002656,농림축산검역본부,링크,주기없음,20250214000000002656,2025-02-14,2025-02-14
분실동물 조회,"반려동물이름, 성별, 품종, 중성화여부, 담당기관 등의 정보를 제공",https://data.mafra.go.kr/opendata/data/indexOpenDataDetail.do?data_id=20250214000000002657,농림축산검역본부,링크,주기없음,20250214000000002657,2025-02-14,2025-02-14
구조동물 통계 조회,"반려동물이름, 성별, 품종, 중성화여부, 담당기관 등의 정보를 제공",https://data.mafra.go.kr/opendata/data/indexOpenDataDetail.do?data_id=20250214000000002658,농림축산검역본부,링크,주기없음,20250214000000002658,2025-02-14,2025-02-14
동물보호센터 정보 조회,"반려동물이름, 성별, 품종, 중성화여부, 담당기관 등의 정보를 제공",https://data.mafra.go.kr/opendata/data/indexOpenDataDetail.do?data_id=20250214000000002659,농림축산검역본부,링크,주기없음,20250214000000002659,2025-02-14,2025-02-14
반려동물 등록대행업체 조회,"반려동물이름, 성별, 품종, 중성화여부, 담당기관 등의 정보를 제공",https://data.mafra.go.kr/opendata/data/indexOpenDataDetail.do?data_id=20250214000000002660,농림축산검역본부,링크,주기없음,20250214000000002660,2025-02-14,2025-02-14
축산물 유통정보조사 보고서,"국내산 및 수입산 축산물 총 11개 품목(국내산 축산물 6개 품목, 국내산 부산물 2개 품목, 수입산 축산물 2개 품목, 수입산 부산물 2개 품목)에 대한 유통경로, 유통비용, 거래가격 등을 조사 분석",https://data.mafra.go.kr/opendata/data/indexOpenDataDetail.do?data_id=20250124000000002652,농림축산식품부,파일,년간,20250124000000002652,2025-01-22,2026-04-23
농업진흥구역에서의 허용행위 및 농지전용허가 제한시설,"농업진흥구역에서는 설치할 수 있는 시설별 종류 및 규모가 엄격히 제한되는데, 농업진흥구역에서 설치할 수 있는 시설 및 규모를 건축법 시행령 별표1에 따른 용도별 건축물 종류 구분에 따라 정리하여 손쉽게 확인할 수 있는 자료임",https://data.mafra.go.kr/opendata/data/indexOpenDataDetail.do?data_id=20241230000000002645,농림축산식품부,파일,주기없음,20241230000000002645,2024-12-30,2025-09-05
농업보호구역에서의 허용행위 및 농지전용허가 제한시설,"농업보호구역에서는 설치할 수 있는 시설별 종류 및 규모가 엄격히 제한되는데, 농업보호구역에서 설치할 수 있는 시설 및 규모를 건축법 시행령 별표1에 따른 용도별 건축물 종류 구분에 따라 정리하여 손쉽게 확인할 수 있는 자료임",https://data.mafra.go.kr/opendata/data/indexOpenDataDetail.do?data_id=20241230000000002644,농림축산식품부,파일,주기없음,20241230000000002644,2024-12-30,2025-09-05
농업진흥지역 밖에서의 허용행위 및 농지전용허가 제한시설,"농지를 농업경영 외의 목적으로 전용하려는 경우 그 설치할 수 있는 시설과 종류가 제한되어 있으며, 농지법령에 따라 농지를 전용하여 설치할 수 있는 시설 및 규모를 보기 쉽게 정리한 자료임",https://data.mafra.go.kr/opendata/data/indexOpenDataDetail.do?data_id=20241230000000002646,농림축산식품부,파일,주기없음,20241230000000002646,2024-12-30,2025-09-05
농지전용신고 시설의 범위 및 규모,"농지를 농업경영 등 다른목적으로 사용하려는 경우 농지전용허가를 받아야 하나, 특정 요건을 만족하는 시설은 농지전용 신고로 갈음할 수 있음. 농지전용신고의 대상이 되는 시설을 보기 쉽게 정리한 자료임",https://data.mafra.go.kr/opendata/data/indexOpenDataDetail.do?data_id=20241230000000002647,농림축산식품부,파일,주기없음,20241230000000002647,2024-12-30,2025-09-05
2024년4분기 국내 검역시행장 현황,국내 동축산물 검역시행장 현황,https://data.mafra.go.kr/opendata/data/indexOpenDataDetail.do?data_id=20250117000000002651,농림축산검역본부,파일,분기,20250117000000002651,2024-10-15,2025-01-17
축산물 근육도감,"주요 축산물로 소비되는 가축(소, 돼지,닭, 오리)의 대분할 부위명, 소분할 부위명, 생산량, 용도, 명칭, 영양소 구성, 발골 방법 등의 정보를 제공",https://data.mafra.go.kr/opendata/data/indexOpenDataDetail.do?data_id=20241006000000002641,농림축산식품부,링크,주기없음,20241006000000002641,2024-10-06,2024-10-06
농식품 공공데이터 포털 민간데이터 정보,농식품 공공데이터 포털 민간데이터 정보,https://data.mafra.go.kr/opendata/data/indexOpenDataDetail.do?data_id=20240912000000002639,농림축산식품부,파일,주기없음,20240912000000002639,2024-09-12,2024-09-12
농식품 공공데이터 포털 시각화 데이터 정보,농식품 공공데이터 포털 시각화 데이터 정보,https://data.mafra.go.kr/opendata/data/indexOpenDataDetail.do?data_id=20240912000000002640,농림축산식품부,파일,주기없음,20240912000000002640,2024-09-12,2024-09-12
농식품 공공데이터 포털 데이터 목록 정보,농식품 공공데이터 포털 데이터 목록 정보,https://data.mafra.go.kr/opendata/data/indexOpenDataDetail.do?data_id=20240912000000002635,농림축산식품부,파일,주기없음,20240912000000002635,2024-09-12,2024-09-12
농식품 공공데이터 포털 만족도 정보,농식품 공공데이터 포털 만족도 정보,https://data.mafra.go.kr/opendata/data/indexOpenDataDetail.do?data_id=20240912000000002638,농림축산식품부,파일,주기없음,20240912000000002638,2024-09-12,2024-09-12
농식품 공공데이터 포털 데이터셋 정보,농식품 공공데이터 포털 데이터셋 정보,https://data.mafra.go.kr/opendata/data/indexOpenDataDetail.do?data_id=20240912000000002637,농림축산식품부,파일,주기없음,20240912000000002637,2024-09-12,2024-09-12
농식품 공공데이터 포털 기관 정보,농식품 공공데이터 포털 기관 정보,https://data.mafra.go.kr/opendata/data/indexOpenDataDetail.do?data_id=20240912000000002634,농림축산식품부,파일,주기없음,20240912000000002634,2024-09-12,2024-09-12
농림축산식품부 국립종자원_교육만족도 조사 질문 문항,"국제종자생명교육센터에서 교육과정을 수료한 교육생들을 대상으로 실시하는 설문조사 질문지 대한 데이터로, 조사항목, 질문내용, 응답유형, 응답지문의 항목을 제공합니다.",https://data.mafra.go.kr/opendata/data/indexOpenDataDetail.do?data_id=20240909000000002633,국립종자원,링크,주기없음,20240909000000002633,2024-09-09,2025-08-29
한국농수산대학교 입시 결과,"한국농수산대학교 모집전형, 모집인원, 경쟁률 및 합격자 평균 등급이 포함된 입시 결과 데이터",https://data.mafra.go.kr/opendata/data/indexOpenDataDetail.do?data_id=20240903000000002631,한국농수산대학,파일,년간,20240903000000002631,2024-09-03,2024-09-03
농림축산식품부 국립종자원_본지원 현황_20240827,"국립종자원이 보유한 종자관리통합시스템에서 추출한 관리 코드와 국립종자원 조직 정보로 본원 및 지원의 이름, 행정 전화번호, 행정 팩스 번호, 본원 지원의 주소와 보급종 관련 각 지원의 관할 구역에 관한 정보",https://data.mafra.go.kr/opendata/data/indexOpenDataDetail.do?data_id=20240903000000002632,국립종자원,링크,주기없음,20240903000000002632,2024-09-03,2025-08-29
종자산업 현황조사,"종자산업 육성 5개년 계획 수립 등 효율적인 정책 추진과 산,학,연에서 활용 가능한 신뢰도 있는 맞춤형 종자산업 통계자료 생산 및 제공",https://data.mafra.go.kr/opendata/data/indexOpenDataDetail.do?data_id=20240828000000002624,국립종자원,링크,주기없음,20240828000000002624,2024-08-28,2025-08-29
농림축산식품부 1천만원 이상 계약현황(2025),"2025년 7월 기준 농림축산식품부에서 체결한 1천만원 이상 계약현황(계약명, 내용, 계약일, 종료일, 계약방법, 계약형태, 업체) 자료입니다.",https://data.mafra.go.kr/opendata/data/indexOpenDataDetail.do?data_id=20240827000000002623,농림축산식품부,파일,주기없음,20240827000000002623,2024-08-27,2025-08-26
그린하트 기부내역,우리 부 직원들이 자발적으로 모금한 성금인 그린하트의 기부내역입니다.,https://data.mafra.go.kr/opendata/data/indexOpenDataDetail.do?data_id=20240826000000002622,농림축산식품부,파일,주기없음,20240826000000002622,2024-08-26,2025-08-22
기본형 공익직불금 안내서(1장),기본형 공익직불금 안내(실무자용),https://data.mafra.go.kr/opendata/data/indexOpenDataDetail.do?data_id=20240829000000002625,농림축산식품부,파일,주기없음,20240829000000002625,2024-08-23,2024-08-23
2025 기본형공익직불사업 시행지침서,기본형공익직불사업 시행지침서,https://data.mafra.go.kr/opendata/data/indexOpenDataDetail.do?data_id=20240829000000002626,농림축산식품부,파일,년간,20240829000000002626,2024-08-23,2024-08-23
럼피스킨(LSD) 발생 현황,국내 럼피스킨병(LSD) 발생 현황,https://data.mafra.go.kr/opendata/data/indexOpenDataDetail.do?data_id=20240807000000002612,농림축산식품부,링크,주기없음,20240807000000002612,2024-08-07,2025-08-28
동물용의약품산업 종합지원사업 시행지침,동물용의약품산업 종합지원사업 시행지침,https://data.mafra.go.kr/opendata/data/indexOpenDataDetail.do?data_id=20240807000000002615,농림축산식품부,파일,년간,20240807000000002615,2024-08-07,2025-08-27
농식품 공공데이터 포털 API 메시지 정보,농식품 공공데이터포털 API 정보,https://data.mafra.go.kr/opendata/data/indexOpenDataDetail.do?data_id=20240806000000002610,농림축산식품부,파일,주기없음,20240806000000002610,2024-08-06,2024-08-06
농식품 공공데이터 포털 API 데이터 정보,농식품 공공데이터포털 API 정보,https://data.mafra.go.kr/opendata/data/indexOpenDataDetail.do?data_id=20240806000000002609,농림축산식품부,파일,주기없음,20240806000000002609,2024-08-06,2024-08-06
농식품 공공·빅데이터 활용 창업경진대회 정보,농식품 공공·빅데이터 활용 창업경진대회 정보,https://data.mafra.go.kr/opendata/data/indexOpenDataDetail.do?data_id=20240806000000002608,농림축산식품부,파일,주기없음,20240806000000002608,2024-08-06,2024-08-06
농식품 공공데이터포털 활용사례 정보,농식품 공공데이터포털 활용사례 정보,https://data.mafra.go.kr/opendata/data/indexOpenDataDetail.do?data_id=20240806000000002607,농림축산식품부,파일,주기없음,20240806000000002607,2024-08-06,2024-08-06
농식품 공공데이터포털 데이터 분석 신청 정보,농식품 공공데이터포털 데이터 분석 신청 정보,https://data.mafra.go.kr/opendata/data/indexOpenDataDetail.do?data_id=20240806000000002606,농림축산식품부,파일,주기없음,20240806000000002606,2024-08-06,2024-08-06
중동·북아프리카 주요국 식량 시장 동향 및 스마트팜 진출전략,"물부족과 기후변화 등 환경적 제약을 극복하고, 수급차질로 인한 식량안보 문제에 대응하기 위한 방안으로 중동과 북아프리카 지역에서도 스마트팜을 도입하고 있으며, 스마트팜을 통해 식량안보 강화와 지속가능한 농업발전을 목표하고 있음. 본 데이터는 중동과 북아프리카 지역의 식량시장 동향과 스마트팜 진출전략을 담고있음.",https://data.mafra.go.kr/opendata/data/indexOpenDataDetail.do?data_id=20240807000000002613,농림축산식품부,파일,주기없음,20240807000000002613,2024-08-06,2024-08-06
농촌체험휴양마을 업무매뉴얼(2024),농촌체험휴양마을 업무매뉴얼(2024),https://data.mafra.go.kr/opendata/data/indexOpenDataDetail.do?data_id=20240729000000002600,농림축산식품부,파일,주기없음,20240729000000002600,2024-07-29,2025-09-30
원예농산물 산지유통시설 현황,원예농산물 산지유통시설 현황 자료집,https://data.mafra.go.kr/opendata/data/indexOpenDataDetail.do?data_id=20240729000000002601,농림축산식품부,파일,년간,20240729000000002601,2024-07-29,2024-07-29
농림축산식품부 적극행정 우수사례,공무원이 불합리한 규제를 개선하는 등 공공의 이익을 위해 창의성과 전문성을 바탕으로 적극적으로 업무를 처리하는 적극행정에 대한 우수사례임,https://data.mafra.go.kr/opendata/data/indexOpenDataDetail.do?data_id=20240726000000002599,농림축산식품부,파일,년간,20240726000000002599,2024-07-26,2024-07-26
수입농산물유통이력 품목별 신고현황,수입농산물유통이력 신고와 관련된 정보,https://data.mafra.go.kr/opendata/data/indexOpenDataDetail.do?data_id=20240724000000002593,국립농산물품질관리원,파일,년간,20240724000000002593,2024-07-24,2024-07-24
아프리카돼지열병 및 고병원성조류인플루엔자 발생현황,아프리카돼지열병 및 고병원성 조류인플루엔자 발생현황 및 주요 미흡사항 통계 자료,https://data.mafra.go.kr/opendata/data/indexOpenDataDetail.do?data_id=20170913000000000801,농림축산검역본부,파일,년간,20170913000000000801,2024-07-24,2024-07-24
농기계별 농기계종합보험 가입현황,농기계별 농기계종합보험 가입현황,https://data.mafra.go.kr/opendata/data/indexOpenDataDetail.do?data_id=20240724000000002594,농림축산식품부,파일,년간,20240724000000002594,2024-07-24,2025-08-14
한식진흥원_한식메뉴 외국어표기 길라잡이 800선,"외국인이 한식을 보다 쉽고 정확하게 이해하면서 즐길 수 있도록 한식메뉴의 외국어 표기를 4개국어(한·영·중·일)로 번역하여 메뉴명을 표기하고 , 간략한 설명과 음식사진을 곁들여 '한식메뉴 외국어표기 길라잡이'에 담았습니다.",https://data.mafra.go.kr/opendata/data/indexOpenDataDetail.do?data_id=20240725000000002598,한식진흥원,파일,주기없음,20240725000000002598,2024-07-23,2024-07-23
(대체)농지조성비 고시단가 연혁,농지를 전용할 때 부과하는 舊 「농지의 보전 및 이용에 관한 법률」에 따른 농지조성비 및 구 「농지법」에 따른 대체농지조성비의 평 또는 제곱미터당 부과 단가 고시 연혁을 정리한 자료,https://data.mafra.go.kr/opendata/data/indexOpenDataDetail.do?data_id=20240719000000002589,농림축산식품부,파일,주기없음,20240719000000002589,2024-07-19,2025-09-05
농업인안전보험 시도별 가입현황,농업인안전보험 시도별 가입현황,https://data.mafra.go.kr/opendata/data/indexOpenDataDetail.do?data_id=20240717000000002587,농림축산식품부,파일,년간,20240717000000002587,2024-07-17,2025-08-14
2023년 농식품공무원교육원 교육훈련 통계자료,2023년 농식품공무원교육원 교육훈련 통계자료입니다.,https://data.mafra.go.kr/opendata/data/indexOpenDataDetail.do?data_id=20240717000000002586,농식품공무원교육원,파일,주기없음,20240717000000002586,2024-07-17,2024-07-17
격리재배검역 명령 현황,연도별 격리재배검역 명령 현황,https://data.mafra.go.kr/opendata/data/indexOpenDataDetail.do?data_id=20240716000000002585,농림축산검역본부,파일,년간,20240716000000002585,2024-07-16,2025-08-28
한국농어촌공사_재난재해 홍수조절 방류현황,"재난, 재해 등 비상상황 발생시 한국농어촌공사 관리시설의 홍수조절 방류 현황 정보(재해현황, 시설코드, 시설명, 작성일, 수혜면적, 만수위, 홍수위, 개폐시작시간, 개폐종료시간)를 제공",https://data.mafra.go.kr/opendata/data/indexOpenDataDetail.do?data_id=20240704000000002562,한국농어촌공사,파일,년간,20240704000000002562,2024-07-04,2024-07-04
한국농어촌공사_지하수 단위면적당 이용량,농어촌지하수관리시스템에서 제공하는 농어촌지하수관리조사 결과 분석된 전국 단위 리별 지하수 단위면적당이용량(천㎥/년/㎢) 정보,https://data.mafra.go.kr/opendata/data/indexOpenDataDetail.do?data_id=20240704000000002576,한국농어촌공사,파일,년간,20240704000000002576,2024-07-04,2024-07-04
한국농어촌공사_지하수 관정밀도,농어촌지하수관리시스템에서 제공하는 농어촌지하수관리조사 결과 분석된 전국 단위 리별 지하수 관정밀도(공/㎢) 정보,https://data.mafra.go.kr/opendata/data/indexOpenDataDetail.do?data_id=20240704000000002577,한국농어촌공사,파일,년간,20240704000000002577,2024-07-04,2024-07-04
한국농어촌공사_지하수 오염예측도,농어촌지하수관리조사 결과 분석된 지하수 오염예측도(DRASTIC INDEX모델+단위면적당오염발생부하량)정보 ※ DRASTIC D: 지하수면의 깊이 R: 지하수 함양량 A: 대수층의 구성매질 S: 지표토양의 구성매질 T: 지형 I: 비포화대 매질의 영향 C: 대수층의 수리전도도,https://data.mafra.go.kr/opendata/data/indexOpenDataDetail.do?data_id=20240704000000002568,한국농어촌공사,파일,년간,20240704000000002568,2024-07-04,2024-07-04
한국농어촌공사_지하수 전기전도도 등고선,농어촌 지하수 관리시스템에서 제공하는 농어촌지하수관리조사 결과 분석된 전국 지하수 전기전도도(EC)등고선 자료,https://data.mafra.go.kr/opendata/data/indexOpenDataDetail.do?data_id=20240704000000002572,한국농어촌공사,파일,년간,20240704000000002572,2024-07-04,2024-07-04
한국농어촌공사_농업기반시설 안전점검결과,"한국농어촌공사 관리시설(저수지, 양수장 등) 안전점검 결과에 대한 정보입니다. 안전점검 결과에 대한 기본정보(본부명, 지사명, 표준시설코드, 시설명, 시설구분, 점검일시, 점검자, 점검결과(등급))를 제공합니다.",https://data.mafra.go.kr/opendata/data/indexOpenDataDetail.do?data_id=20240704000000002560,한국농어촌공사,파일,년간,20240704000000002560,2024-07-04,2024-07-04
한국농어촌공사_지하수 수두 등고선,농어촌 지하수 관리시스템에서 제공하는 농어촌지하수관리조사 결과 분석된 지하수 수두등고선 * 수두: 지하수면의 해발고도(m),https://data.mafra.go.kr/opendata/data/indexOpenDataDetail.do?data_id=20240704000000002567,한국농어촌공사,파일,년간,20240704000000002567,2024-07-04,2024-07-04
한국농어촌공사_지하수 수위 등고선,농어촌지하수관리시스템에서 제공하는 농어촌지하수관리조사 결과 분석된 전국 지하수 수위등고선 * 수위: 지표면에서 지하수면까지의 높이,https://data.mafra.go.kr/opendata/data/indexOpenDataDetail.do?data_id=20240704000000002566,한국농어촌공사,파일,년간,20240704000000002566,2024-07-04,2024-07-04
한국농어촌공사_지하수 수량관리지역,농어촌 지하수 관리시스템에서 제공하는 농어촌지하수관리조사 결과가 분석된 전국 리 단위별 지하수 수량관리지역 정보,https://data.mafra.go.kr/opendata/data/indexOpenDataDetail.do?data_id=20240704000000002565,한국농어촌공사,파일,년간,20240704000000002565,2024-07-04,2024-07-04
한국농어촌공사_농촌지하수관리 보고서,농어촌지역 지하수의 효율적 개발 및 관리 - 농어촌용수구역별 지하수 현황조사/분석을 통한 용수이용 및 시설물 관리 대책 수립 시행 - 지하수사업 재정 투입 적정성 판단의 기초자료로 활용,https://data.mafra.go.kr/opendata/data/indexOpenDataDetail.do?data_id=20240704000000002564,한국농어촌공사,링크,주기없음,20240704000000002564,2024-07-04,2024-07-04
한국농어촌공사_지하수 수맥지구,"전국 지하수를 대상으로 시추조사, 탐사를 위한 수맥조사지구와 탐사를 위한 분산지구에 대한 공간정보로 위치, 면적, 수량 및 수맥관정 정보를 제공",https://data.mafra.go.kr/opendata/data/indexOpenDataDetail.do?data_id=20240704000000002579,한국농어촌공사,파일,주기없음,20240704000000002579,2024-07-04,2024-07-04
한국농어촌공사_농업생산기반정비통계연보_용배수로현황,농업생산기반정비실적을 기록 보존하여 농업생산기반시설의 효율적인 유지관리와 농정시책 수립자료 활용을 위해 매년 발간하고 있는 농업생산기반정비통계연보 중 용배수로 현황에 대한 데이터 입니다.,https://data.mafra.go.kr/opendata/data/indexOpenDataDetail.do?data_id=20240704000000002561,한국농어촌공사,파일,년간,20240704000000002561,2024-07-04,2024-07-04
한국농어촌공사_하류하천 지역 비상대처 대피소 정보,"재난, 재해 등 비상상황 발생시 비상대처 대피장소에 대한정보(본부명, 지사명, 표준시설코드, 시설명, 대피소명, 소재지, 전화번호, 수용가능인원)을 제공",https://data.mafra.go.kr/opendata/data/indexOpenDataDetail.do?data_id=20240704000000002563,한국농어촌공사,파일,년간,20240704000000002563,2024-07-04,2024-07-04
한국농어촌공사_지하수 질산성질소 등고선,농어촌지하수관리시스템에서 제공하는 농어촌지하수관리조사 결과 분석된 전국 지하수 질산성질소(NO3-N)등고선,https://data.mafra.go.kr/opendata/data/indexOpenDataDetail.do?data_id=20240704000000002578,한국농어촌공사,파일,년간,20240704000000002578,2024-07-04,2024-07-04
한국농어촌공사_시추개발관정,"한국농어촌공사에서 1970년 이후 직영 시추개발한 지하수 관정정보 관정코드, PNU코드, TMX, TMY, 관리구분, 개발년도 표기",https://data.mafra.go.kr/opendata/data/indexOpenDataDetail.do?data_id=20240704000000002571,한국농어촌공사,파일,년간,20240704000000002571,2024-07-04,2024-07-04
한국농어촌공사_지하수 관정현황,농어촌지하수관리시스템에 등재된 데이터 중 농촌지하수자원관리조사에서 현장조사한 지하수 관정의 위치정보 및 제원 정보,https://data.mafra.go.kr/opendata/data/indexOpenDataDetail.do?data_id=20240704000000002570,한국농어촌공사,파일,년간,20240704000000002570,2024-07-04,2024-07-04
농업기반시설 시설제원 취입보,"한국농어촌공사 농업기반시설제원 취입보에 대한 정보입니다. 취입보에 대한 기본정보(표준시설코드,시설명,소재지,착공년도,준공년도,종별,구분,유역면적,홍수면적,만수면적,수혜면적 등)을 제공합니다.",https://data.mafra.go.kr/opendata/data/indexOpenDataDetail.do?data_id=20240704000000002557,한국농어촌공사,파일,년간,20240704000000002557,2024-07-04,2024-07-04
농업기반시설 시설제원 집수암거,"한국농어촌공사 농업기반시설제원 집수암거에 대한 정보입니다. 집수암거에 대한 기본정보(표준시설코드,시설명,소재지,착공년도,준공년도,종별,구분,유역면적,홍수면적,만수면적,수혜면적 등)을 제공합니다.",https://data.mafra.go.kr/opendata/data/indexOpenDataDetail.do?data_id=20240704000000002558,한국농어촌공사,파일,년간,20240704000000002558,2024-07-04,2024-07-04
농업기반시설 시설제원-양배수장,"한국농어촌공사 농업기반시설제원 양배수장에 대한 정보입니다. 양배수장에 대한 기본정보(표준시설코드,시설명,소재지,착공년도,준공년도,종별,구분,유역면적,홍수면적,만수면적,수혜면적 등)을 제공합니다.",https://data.mafra.go.kr/opendata/data/indexOpenDataDetail.do?data_id=20240704000000002556,한국농어촌공사,파일,년간,20240704000000002556,2024-07-04,2024-07-04
한국농어촌공사_지하수 오염취약성도,농어촌지하수관리조사 결과 분석된 지하수 오염취약성도(DRASTIC INDEX모델) 정보 ※ DRASTIC D: 지하수면의 깊이 R: 지하수 함양량 A: 대수층의 구성매질 S: 지표토양의 구성매질 T: 지형 I: 비포화대 매질의 영향 C: 대수층의 수리전도도,https://data.mafra.go.kr/opendata/data/indexOpenDataDetail.do?data_id=20240704000000002569,한국농어촌공사,파일,년간,20240704000000002569,2024-07-04,2024-07-04
한국농어촌공사_지하수 수질관리지역,농어촌지하수관리시스템에서 제공하는 농어촌지하수관리조사 결과가 분석된 전국 리 단위별 지하수 수질관리지역 정보,https://data.mafra.go.kr/opendata/data/indexOpenDataDetail.do?data_id=20240704000000002574,한국농어촌공사,파일,년간,20240704000000002574,2024-07-04,2024-07-04
한국농어촌공사_지하수 수소이온농도 등고선,농어촌지하수 관리시스템에서 제공하는 농어촌지하수관리조사 결과 분석된 전국 지하수 수소이온농도(pH) 등고선,https://data.mafra.go.kr/opendata/data/indexOpenDataDetail.do?data_id=20240704000000002573,한국농어촌공사,파일,년간,20240704000000002573,2024-07-04,2024-07-04
한국농어촌공사_농지관리기금 국가회계 손익계산서,농지관리기금을 한해 동안 운용하고 그에 대한 결산을 수행하였습니다. 결산 수행 후 생성한 결산보고서 중에서 손익계산서입니다.,https://data.mafra.go.kr/opendata/data/indexOpenDataDetail.do?data_id=20240703000000002549,한국농어촌공사,파일,년간,20240703000000002549,2024-07-03,2024-07-03
한국농어촌공사_지구 공구 토지정보,"한국농어촌공사 조성토지 데이터로 토지구분,행정구역코드,지구,공구,지번구분,지번,면적 정보를 제공합니다.",https://data.mafra.go.kr/opendata/data/indexOpenDataDetail.do?data_id=20240703000000002547,한국농어촌공사,파일,년간,20240703000000002547,2024-07-03,2024-07-03
논가뭄지도,논 가뭄에 대한 가뭄 정보와 변경된 저수율을 시군별로 나타내는 것 작성 기준일에 따른 가뭄 정보(N-현재)(1-1개월)(2-2개월)(3-3개월),https://data.mafra.go.kr/opendata/data/indexOpenDataDetail.do?data_id=20240703000000002552,한국농어촌공사,파일,년간,20240703000000002552,2024-07-03,2024-07-03
가뭄예경보 자료,가뭄전망 현재일 기준으로 1개월 -2개월-3개월순으로 정상 주위 심함 매우심함을 표현 가뭄전망 : 0:정상 1:주의 2:심함 3:매우심함,https://data.mafra.go.kr/opendata/data/indexOpenDataDetail.do?data_id=20240703000000002551,한국농어촌공사,파일,년간,20240703000000002551,2024-07-03,2024-07-03
한국농어촌공사_조성토지 임대계약현황,"한국농어촌공사 조성토지 임대 계약 현황 데이터로 계약번호, 지구,공구,계약일, 필지수, 면적 정보를 제공합니다.",https://data.mafra.go.kr/opendata/data/indexOpenDataDetail.do?data_id=20240703000000002546,한국농어촌공사,파일,년간,20240703000000002546,2024-07-03,2024-07-03
축산물등급판정통계연보_소_일평균_판정물량별_도축장개소수,"매년 발간되는 축산물등급판정통계연보에서 소고기, 소도체 , 소에 관한 통계정보 입니다.",https://data.mafra.go.kr/opendata/data/indexOpenDataDetail.do?data_id=20240703000000002542,축산물품질평가원,파일,년간,20240703000000002542,2024-07-03,2024-07-03
한국농어촌공사_농지보전부담금 부과 통계,"농지보전부담금 부과관련 통계자료로 집계월, 통계형태, 관할청, 발생근거, 납입문서, 농지별 면적/금액/건수 자료를 제공함",https://data.mafra.go.kr/opendata/data/indexOpenDataDetail.do?data_id=20240703000000002548,한국농어촌공사,파일,년간,20240703000000002548,2024-07-03,2024-07-03
축산물등급판정통계연보_소_품종별_등급판정결과,"매년 발간되는 축산물등급판정통계연보에서 소고기, 소도체 , 소에 관한 통계정보 입니다.",https://data.mafra.go.kr/opendata/data/indexOpenDataDetail.do?data_id=20240703000000002541,축산물품질평가원,파일,년간,20240703000000002541,2024-07-03,2024-07-03
시설뚝높이기정보,저수지 뚝높이기 시설의 사업 전의 유효저수량과 증고 후 유효저수량을 숫자로 표현한 값으로 저수지 뚝높이기 전과 후의 요효저수량 차이를 볼 수 있음,https://data.mafra.go.kr/opendata/data/indexOpenDataDetail.do?data_id=20240703000000002554,한국농어촌공사,파일,주기없음,20240703000000002554,2024-07-03,2024-07-03
한국농어촌공사_농지관리기금 국가회계 재정운영표,농지관리기금을 한해 동안 운용하고 그에 대한 결산을 수행하였습니다. 결산 수행 후 생성한 결산보고서중에서 재정운영표입니다.,https://data.mafra.go.kr/opendata/data/indexOpenDataDetail.do?data_id=20240703000000002550,한국농어촌공사,파일,년간,20240703000000002550,2024-07-03,2024-07-03
시설기본정보,공사관리 저수지의 수원공타입과 시설명 유효저수량 및 유효면적 수혜면적 및 위치정보를 포함하는 자료 수원공타입(주-M)(보조-S)(부속-I),https://data.mafra.go.kr/opendata/data/indexOpenDataDetail.do?data_id=20240703000000002553,한국농어촌공사,파일,년간,20240703000000002553,2024-07-03,2024-07-03
"국가 항생제 사용 및 내성 모니터링(동물, 축산물)",국내 축산및 반려동물 항생제 사용 및 내성 실태 조사,https://data.mafra.go.kr/opendata/data/indexOpenDataDetail.do?data_id=20240702000000002518,농림축산검역본부,링크,년간,20240702000000002518,2024-07-02,2024-07-02
축산물등급판정통계연보_소_품종별_성별_육질_육량등급별_출현율,"축산물등급판정통계연보 2023년, 1-3 표의 소 품종별 성별 육질, 육량등급별 출현율에 대한 데이터를 제공합니다. 소 품종별 성별 육질등급별 출현율과 품종별 성별 육량등급별 출현율을 제공합니다. 육량등급은 A, B, C가 있으며 육질등급은 1++, 1+, 1, 2, 3등급 및 등외가 있습니다.",https://data.mafra.go.kr/opendata/data/indexOpenDataDetail.do?data_id=20240702000000002511,축산물품질평가원,파일,주기없음,20240702000000002511,2024-07-02,2024-07-02
한국농어촌공사_농지연금사업 연금액 규모별 통계,한국농어촌공사 농지연금사업 가입자의 연도별 월 연금수령액을 규모별로 구분하여 2011년부터 현재까지 가입 건수 통계 자료 입니다.,https://data.mafra.go.kr/opendata/data/indexOpenDataDetail.do?data_id=20240702000000002508,한국농어촌공사,파일,년간,20240702000000002508,2024-07-02,2024-07-02
한국농어촌공사_농지은행 홍보정보,한국농어촌공사에서 농지은행사업 및 농지연금사업의 활성화를 위해 홍보한 내역을 링크주소로 제공하는 데이터 입니다.,https://data.mafra.go.kr/opendata/data/indexOpenDataDetail.do?data_id=20240702000000002509,한국농어촌공사,파일,년간,20240702000000002509,2024-07-02,2024-07-02
한국농어촌공사_연도별 가입자 연령별 농지연금 가입내역 통계,한국농어촌공사 농지연금사업의 연도별 가입자 가입연령을 2011년부터 현재까지 통계자료로 작성한 데이터 입니다.,https://data.mafra.go.kr/opendata/data/indexOpenDataDetail.do?data_id=20240702000000002510,한국농어촌공사,파일,년간,20240702000000002510,2024-07-02,2024-07-02
한국농어촌공사_연계 시설 코드 분류표,한국농어촌공사에서 운영하고 있는 용수시설통합운영관리시스템(TOMS)에서 사용하는 시설 코드 분류표 입니다. 내부시스템의 데이터를 활용할때 사용하시면 됩니다.,https://data.mafra.go.kr/opendata/data/indexOpenDataDetail.do?data_id=20240702000000002519,한국농어촌공사,파일,년간,20240702000000002519,2024-07-02,2025-08-22
한국농어촌공사_수위 관측소 정보 데이터,"홍수통제소에서 받은 하천 위치정보 입니다. 하천명, 관리기관, 주소정보와 좌푯값이 표시되어 있습니다. 보다 상세한 데이터는 홍수통제소 api를 활용하시길 바랍니다.",https://data.mafra.go.kr/opendata/data/indexOpenDataDetail.do?data_id=20240702000000002517,한국농어촌공사,파일,년간,20240702000000002517,2024-07-02,2025-08-22
한국농어촌공사_염도계 정보,"한국농어촌공사에서 설치/관리 하고 있는 염도 정보 입니다. 염도 위치정보, 염도값, 마지막 계측데이터를 제공합니다. 최신 데이터 데이터의 경우 RAWRIS 시스템에서 받아서 활용하시는걸 추천드립니다.",https://data.mafra.go.kr/opendata/data/indexOpenDataDetail.do?data_id=20240702000000002516,한국농어촌공사,파일,년간,20240702000000002516,2024-07-02,2025-08-22
한국농어촌공사_수문 설치 정보,한국농어촌공사 용수시설통합운영관리시스템(TOMS)에서 사용중인 수문 종류 입니다. 시스템 내부에서 사용하는 수문의 코드값이 분류되어 있습니다. 타 데이터와 결합해서 사용하실때 참고 하시길 바랍니다.,https://data.mafra.go.kr/opendata/data/indexOpenDataDetail.do?data_id=20240702000000002515,한국농어촌공사,파일,년간,20240702000000002515,2024-07-02,2025-08-22
한국농어촌공사_연구보고서,한국농어촌공사 농어촌연구원 연구보고서,https://data.mafra.go.kr/opendata/data/indexOpenDataDetail.do?data_id=20240702000000002520,한국농어촌공사,파일,년간,20240702000000002520,2024-07-02,2025-08-27
꿀벌질병 분기별 진단실적,"농림축산건역본부는 전국 꿀벌질병 병성감정을 수행하고 있으며, 분기별 진단 실적을 개방함으로써 농가에서 국내 질병 발생 현황을 파악하고 이동양봉 및 사양관리에 활용하여 선제적 질병방제 기반을 마련하고자함",https://data.mafra.go.kr/opendata/data/indexOpenDataDetail.do?data_id=20240701000000002503,농림축산검역본부,링크,주기없음,20240701000000002503,2024-07-01,2024-07-01
동물등록 현황정보(&amp;#39;21년~&amp;#39;22년),"21년부터 22년까지 동물등록 정보와 관련하여 등록동물의 정보(축종, 품종, 성별, 이름, 색상 항목)를 제공합니다",https://data.mafra.go.kr/opendata/data/indexOpenDataDetail.do?data_id=20240701000000002497,농림축산검역본부,링크,주기없음,20240701000000002497,2024-07-01,2024-07-01
행정구역별 반려동물등록 개체 수 현황,"""2022년 동물 보호복지 실태조사""를 바탕으로 작성한 동물등록 현황입니다. 2022년까지 시도, 시군구별 축종(개, 고양이)에 따른 동물 등록 누계(사망 제외) 자료입니다. 개 등록 누계(A), 고양이 등록 누계(B), 총 등록 누계(C=A+B)",https://data.mafra.go.kr/opendata/data/indexOpenDataDetail.do?data_id=20240701000000002502,농림축산검역본부,링크,주기없음,20240701000000002502,2024-07-01,2024-07-01
반려동물 영업장 주소 등 정보,반려동물 영업장 정보 동물판매업 동물수입업 동물생산업 동물위탁관리업 동물운송업 동물장묘업 동물미용업 정보를 제공합니다,https://data.mafra.go.kr/opendata/data/indexOpenDataDetail.do?data_id=20240701000000002501,농림축산검역본부,링크,주기없음,20240701000000002501,2024-07-01,2024-07-01
반려동물 보호복지 실태조사,"'21년 반려 동물 동물등록, 유기유실, 보호관리, 길고양이 중성화 등에 관한 현황을 담당 지자체로부터 제출받아 취합한 자료입니다.",https://data.mafra.go.kr/opendata/data/indexOpenDataDetail.do?data_id=20240701000000002500,농림축산검역본부,링크,주기없음,20240701000000002500,2024-07-01,2024-07-01
동물등록 분실신고,국가동물보호정보시스템을 통해 분실신고된 동물등록정보입니다. 동물 정보(품종 연령 털색 등)을 포함하고 있습니다.,https://data.mafra.go.kr/opendata/data/indexOpenDataDetail.do?data_id=20240701000000002499,농림축산검역본부,링크,주기없음,20240701000000002499,2024-07-01,2024-07-01
축산물품질평가원_축산물경락가격정보,"축산물(소·돼지·닭·계란·오리)에 대한 등급판정 결과, 고기 및 부산물 정보, 도매시장 정보, 경매 현황, 도페, 육질/육량 경락가격정보, 권역별 경략가격정보 등 축산물 등급 판정 및 경매에 관한 전반적인 정보 서비스를 제공함",https://data.mafra.go.kr/opendata/data/indexOpenDataDetail.do?data_id=20240703000000002543,축산물품질평가원,링크,주기없음,20240703000000002543,2024-07-01,2024-07-01
축산물품질평가원_농장식별번호정보,가축 및 축산물 이력관리에 관한 법률(축산물이력법)에 따른 농장식별번호 정보를 조회할 수 있는 서비스를 제공합니다.,https://data.mafra.go.kr/opendata/data/indexOpenDataDetail.do?data_id=20240703000000002544,축산물품질평가원,링크,주기없음,20240703000000002544,2024-07-01,2024-07-01
축산물품질평가원_가금산물 일일거래가격정보,"가금산물(육계ㆍ계란ㆍ오리)의 거래량과 거래가격을 수집해 정보 검증을 거처 익일에 가금산물(육계ㆍ계란ㆍ오리)산지,도매 일일 거래 가격 현황 자료",https://data.mafra.go.kr/opendata/data/indexOpenDataDetail.do?data_id=20240703000000002545,축산물품질평가원,링크,주기없음,20240703000000002545,2024-07-01,2024-07-01
재미있는 식물병해충 이야기,식물건강의 해를 기념하여 재미있는 식물병해충 이야기를 발간하였습니다.,https://data.mafra.go.kr/opendata/data/indexOpenDataDetail.do?data_id=20240709000000002581,농림축산검역본부,링크,주기없음,20240709000000002581,2024-07-01,2024-07-01
축산물등급판정통계연보_소_품종별_성별_육량등급별 육량지수,"축산물등급판정 통계연보2023년도에서 표1-4 소 품종(한우, 육우, 젖소)별 성(암, 수, 거세)별 육량등급(A, B, C)별 육량지수(Index)를 제공합니다.",https://data.mafra.go.kr/opendata/data/indexOpenDataDetail.do?data_id=20240701000000002494,축산물품질평가원,파일,년간,20240701000000002494,2024-07-01,2024-07-01
길고양이 중성화사업(TNR),"전국 지자체에서 길고양이의 개체수 조절을 위해 시행중인 길고양이 중성화사업(TNR) 정보를 시도/시군구, 포획일, 품종, 털색, 성별을 조회한 후 CSV 파일로 다운로드 할 수 있습니다. 관리번호, 사업지역, 포획정보, 길고양이 특징정보, 중성화/방사/종결 정보, 사진 정보(포획/중성화/방사)를 제공합니다.",https://data.mafra.go.kr/opendata/data/indexOpenDataDetail.do?data_id=20240701000000002498,농림축산검역본부,링크,주기없음,20240701000000002498,2024-07-01,2024-07-01
젖소 유방염 방제사업 결과,"젖소 유방염 조기발견 및 치료약제 선발에 활용하여 낙농가의 피해방지와 안전축산물 생산공급 기반 조성을 위해 실시하는 ""젖소 유방염 방제사업"" 수행결과",https://data.mafra.go.kr/opendata/data/indexOpenDataDetail.do?data_id=20240701000000002496,농림축산검역본부,링크,수시,20240701000000002496,2024-07-01,2024-07-01
농림축산식품부 농림축산검역본부 바이러스질병과 수의과학기술편람,농림축산검역본부 바이러스질병과에서 연구사업 등의 결과로 도출된 표준기술,https://data.mafra.go.kr/opendata/data/indexOpenDataDetail.do?data_id=20240701000000002504,농림축산검역본부,파일,년간,20240701000000002504,2024-07-01,2024-07-01
소 브루셀라 이동제한 정보,지역별 소 브루셀라병으로 인한 이동제한 농가 수,https://data.mafra.go.kr/opendata/data/indexOpenDataDetail.do?data_id=20151028000000000497,농림축산식품부,OpenAPI,월간,20151028000000000497,2024-06-28,2025-08-28
농림식품RnD 사업화 성과 정보,농림식품기술기획평가원에서 보유하고 있는 국가연구개발사업 정보입니다.,https://data.mafra.go.kr/opendata/data/indexOpenDataDetail.do?data_id=20240702000000002533,농림식품기술기획평가원,파일,년간,20240702000000002533,2024-06-27,2025-08-22
농림식품RnD 생명자원 성과 정보,농림식품기술기획평가원에서 보유하고 있는 국가연구개발사업 정보입니다.,https://data.mafra.go.kr/opendata/data/indexOpenDataDetail.do?data_id=20240702000000002532,농림식품기술기획평가원,파일,년간,20240702000000002532,2024-06-27,2025-08-22
농림식품RnD 신규과제 정보,농림식품기술기획평가원에서 보유하고 있는 국가연구개발사업 정보입니다.,https://data.mafra.go.kr/opendata/data/indexOpenDataDetail.do?data_id=20240702000000002531,농림식품기술기획평가원,파일,년간,20240702000000002531,2024-06-27,2025-08-22
농림식품 신기술인증 정보,농림식품기술기획평가원에서 보유하고 있는 국가연구개발사업 정보입니다.,https://data.mafra.go.kr/opendata/data/indexOpenDataDetail.do?data_id=20240702000000002530,농림식품기술기획평가원,파일,년간,20240702000000002530,2024-06-27,2025-08-22
농림식품RnD 인력양성 성과 정보,농림식품기술기획평가원에서 보유하고 있는 국가연구개발사업 정보입니다.,https://data.mafra.go.kr/opendata/data/indexOpenDataDetail.do?data_id=20240702000000002529,농림식품기술기획평가원,파일,년간,20240702000000002529,2024-06-27,2025-08-22
농림식품RnD 연구개발우수사례 정보,농림식품기술기획평가원에서 보유하고 있는 국가연구개발사업 정보입니다.,https://data.mafra.go.kr/opendata/data/indexOpenDataDetail.do?data_id=20240702000000002528,농림식품기술기획평가원,파일,년간,20240702000000002528,2024-06-27,2025-08-22
농림식품RnD 특허 성과 정보,농림식품기술기획평가원에서 보유하고 있는 국가연구개발사업 정보입니다.,https://data.mafra.go.kr/opendata/data/indexOpenDataDetail.do?data_id=20240702000000002527,농림식품기술기획평가원,파일,년간,20240702000000002527,2024-06-27,2025-08-22
농림식품RnD 학술발표 성과정보,농림식품기술기획평가원에서 보유하고 있는 국가연구개발사업 정보입니다.,https://data.mafra.go.kr/opendata/data/indexOpenDataDetail.do?data_id=20240702000000002526,농림식품기술기획평가원,파일,년간,20240702000000002526,2024-06-27,2025-08-22
농림식품RnD 정책활용 성과정보,농림식품기술기획평가원에서 보유하고 있는 국가연구개발사업 정보입니다.,https://data.mafra.go.kr/opendata/data/indexOpenDataDetail.do?data_id=20240702000000002525,농림식품기술기획평가원,파일,년간,20240702000000002525,2024-06-27,2025-08-22
농림식품RnD 홍보전시 성과 정보,농림식품기술기획평가원에서 보유하고 있는 국가연구개발사업 정보입니다.,https://data.mafra.go.kr/opendata/data/indexOpenDataDetail.do?data_id=20240702000000002524,농림식품기술기획평가원,파일,년간,20240702000000002524,2024-06-27,2025-08-22
혁신제품 지정 현황 정보,농림식품기술기획평가원에서 보유하고 있는 국가연구개발사업 정보입니다.,https://data.mafra.go.kr/opendata/data/indexOpenDataDetail.do?data_id=20240702000000002523,농림식품기술기획평가원,파일,년간,20240702000000002523,2024-06-27,2025-08-22
농림식품RnD 논문 성과 정보,농림식품기술기획평가원에서 보유하고 있는 국가연구개발사업 정보입니다.,https://data.mafra.go.kr/opendata/data/indexOpenDataDetail.do?data_id=20240702000000002522,농림식품기술기획평가원,파일,년간,20240702000000002522,2024-06-27,2025-08-22
농림식품RnD 고용창출 성과 정보,농림식품기술기획평가원에서 보유하고 있는 국가연구개발사업 정보입니다.,https://data.mafra.go.kr/opendata/data/indexOpenDataDetail.do?data_id=20240702000000002521,농림식품기술기획평가원,파일,년간,20240702000000002521,2024-06-27,2025-08-22
농림식품RnD 동향보고서 정보,농림식품기술기획평가원에서 보유하고 있는 국가연구개발사업 정보입니다.,https://data.mafra.go.kr/opendata/data/indexOpenDataDetail.do?data_id=20240702000000002537,농림식품기술기획평가원,파일,년간,20240702000000002537,2024-06-27,2025-08-22
농림식품RnD 계속과제 정보,농림식품기술기획평가원에서 보유하고 있는 국가연구개발사업 정보입니다.,https://data.mafra.go.kr/opendata/data/indexOpenDataDetail.do?data_id=20240702000000002538,농림식품기술기획평가원,파일,년간,20240702000000002538,2024-06-27,2025-08-22
농업인 건강·연금보험료 지원사업 안내,농업인 건강·연금보험료 지원사업 안내,https://data.mafra.go.kr/opendata/data/indexOpenDataDetail.do?data_id=20240627000000002482,농림축산식품부,파일,주기없음,20240627000000002482,2024-06-27,2024-06-27
농림축산식품부 연구개발과제 현황,농림축산식품부 연구개발과제 현황,https://data.mafra.go.kr/opendata/data/indexOpenDataDetail.do?data_id=20240627000000002480,농림축산식품부,파일,년간,20240627000000002480,2024-06-27,2025-09-23
농림식품RnD 타연구개발사업활용 성과정보,농림식품기술기획평가원에서 보유하고 있는 국가연구개발사업 정보입니다.,https://data.mafra.go.kr/opendata/data/indexOpenDataDetail.do?data_id=20240702000000002539,농림식품기술기획평가원,파일,년간,20240702000000002539,2024-06-27,2025-08-22
농림식품 판매기술 정보,농림식품기술기획평가원에서 보유하고 있는 국가연구개발사업 정보입니다.,https://data.mafra.go.kr/opendata/data/indexOpenDataDetail.do?data_id=20250424000000002676,농림식품기술기획평가원,파일,년간,20250424000000002676,2024-06-27,2025-08-22
무료나눔기술 정보,농림식품기술기획평가원에서 보유하고 있는 국가연구개발사업 정보입니다.,https://data.mafra.go.kr/opendata/data/indexOpenDataDetail.do?data_id=20260127000000002968,농림식품기술기획평가원,파일,년간,20260127000000002968,2024-06-27,2025-08-22
농림식품RnD 유망기술 정보,농림식품기술기획평가원에서 보유하고 있는 국가연구개발사업 정보입니다.,https://data.mafra.go.kr/opendata/data/indexOpenDataDetail.do?data_id=20260127000000002969,농림식품기술기획평가원,파일,년간,20260127000000002969,2024-06-27,2025-08-22
포토뉴스 목록,농림식품기술기획평가원에서 보유하고 있는 국가연구개발사업 정보입니다.,https://data.mafra.go.kr/opendata/data/indexOpenDataDetail.do?data_id=20260127000000002970,농림식품기술기획평가원,파일,년간,20260127000000002970,2024-06-27,2025-08-22
농림식품RnD 공고정보,농림식품기술기획평가원에서 보유하고 있는 국가연구개발사업 정보입니다.,https://data.mafra.go.kr/opendata/data/indexOpenDataDetail.do?data_id=20240702000000002534,농림식품기술기획평가원,파일,년간,20240702000000002534,2024-06-27,2025-08-22
농림식품 녹색인증 정보,농림식품기술기획평가원에서 보유하고 있는 국가연구개발사업 정보입니다.,https://data.mafra.go.kr/opendata/data/indexOpenDataDetail.do?data_id=20240702000000002535,농림식품기술기획평가원,파일,년간,20240702000000002535,2024-06-27,2025-08-22
농림식품RnD 교육지도 및 활용 성과 정보,농림식품기술기획평가원에서 보유하고 있는 국가연구개발사업 정보입니다.,https://data.mafra.go.kr/opendata/data/indexOpenDataDetail.do?data_id=20240702000000002536,농림식품기술기획평가원,파일,년간,20240702000000002536,2024-06-27,2025-08-22
농림축산식품부 농림축산검역본부_질병진단 표준기술 편람(2023),"소/반추, 돼지, 말, 개, 고양이, 공통 세균성 질병, 기타 등으로 질병진단 표준기술을 설명 - 예) 소 아보바이러스 전파 매개체인 등에모기 분류법",https://data.mafra.go.kr/opendata/data/indexOpenDataDetail.do?data_id=20240626000000002478,농림축산검역본부,파일,년간,20240626000000002478,2024-06-26,2024-06-26
정산가격 기간별 법인별 총물량 총금액,aT도매시장 통합홈페이지에서 제공하는 가격정보 OpenApi를 연계하여 농식품 공공데이터 포털에 개방,https://data.mafra.go.kr/opendata/data/indexOpenDataDetail.do?data_id=20240625000000002464,농림축산식품부,OpenAPI,일간,20240625000000002464,2024-06-25,2024-06-25
정산가격 기간별 도매시장별 총물량 총금액,aT도매시장 통합홈페이지에서 제공하는 가격정보 OpenApi를 연계하여 농식품 공공데이터 포털에 개방,https://data.mafra.go.kr/opendata/data/indexOpenDataDetail.do?data_id=20240625000000002463,농림축산식품부,OpenAPI,일간,20240625000000002463,2024-06-25,2024-06-25
전국 공영도매시장 경매원천정보,aT도매시장 통합홈페이지에서 제공하는 가격정보 OpenApi를 연계하여 농식품 공공데이터 포털에 개방,https://data.mafra.go.kr/opendata/data/indexOpenDataDetail.do?data_id=20240625000000002462,농림축산식품부,OpenAPI,일간,20240625000000002462,2024-06-25,2024-06-25
전국 공영도매시장 실시간 경매정보,aT도매시장 통합홈페이지에서 제공하는 가격정보 OpenApi를 연계하여 농식품 공공데이터 포털에 개방,https://data.mafra.go.kr/opendata/data/indexOpenDataDetail.do?data_id=20240625000000002460,농림축산식품부,OpenAPI,수시,20240625000000002460,2024-06-25,2024-06-25
전국 공영도매시장 정산정보,aT도매시장 통합홈페이지에서 제공하는 가격정보 OpenApi를 연계하여 농식품 공공데이터 포털에 개방,https://data.mafra.go.kr/opendata/data/indexOpenDataDetail.do?data_id=20240625000000002459,농림축산식품부,OpenAPI,일간,20240625000000002459,2024-06-25,2024-06-25
한식진흥원_공모전 현황,"한식진흥원의 공모전 현황 데이터입니다. 공모전 이름, 공모 시작일 및 종료일, 공모전의 내용, 참가자격 정보를 포함하고 있습니다.",https://data.mafra.go.kr/opendata/data/indexOpenDataDetail.do?data_id=20240625000000002458,한식진흥원,파일,년간,20240625000000002458,2024-06-25,2024-06-25
동축산물 수출검역 EDI송수신자료,동축산물 수출검역 EDI송수신자료,https://data.mafra.go.kr/opendata/data/indexOpenDataDetail.do?data_id=20240625000000002457,농림축산검역본부,파일,년간,20240625000000002457,2024-06-25,2024-06-25
농축수산물 품목 코드,aT도매시장 통합홈페이지에서 제공하는 기초코드정보 OpenApi를 연계하여 농식품 공공데이터 포털에 개방,https://data.mafra.go.kr/opendata/data/indexOpenDataDetail.do?data_id=20240626000000002476,농림축산식품부,OpenAPI,일간,20240626000000002476,2024-06-25,2024-06-25
농축수산물 산지 코드,aT도매시장 통합홈페이지에서 제공하는 기초코드정보 OpenApi를 연계하여 농식품 공공데이터 포털에 개방,https://data.mafra.go.kr/opendata/data/indexOpenDataDetail.do?data_id=20240626000000002475,농림축산식품부,OpenAPI,일간,20240626000000002475,2024-06-25,2024-06-25
농축수산물 크기 코드,aT도매시장 통합홈페이지에서 제공하는 기초코드정보 OpenApi를 연계하여 농식품 공공데이터 포털에 개방,https://data.mafra.go.kr/opendata/data/indexOpenDataDetail.do?data_id=20240626000000002474,농림축산식품부,OpenAPI,일간,20240626000000002474,2024-06-25,2024-06-25
농축수산물 포장 코드,aT도매시장 통합홈페이지에서 제공하는 기초코드정보 OpenApi를 연계하여 농식품 공공데이터 포털에 개방,https://data.mafra.go.kr/opendata/data/indexOpenDataDetail.do?data_id=20240626000000002473,농림축산식품부,OpenAPI,일간,20240626000000002473,2024-06-25,2024-06-25
농축수산물 단위 코드,aT도매시장 통합홈페이지에서 제공하는 기초코드정보 OpenApi를 연계하여 농식품 공공데이터 포털에 개방,https://data.mafra.go.kr/opendata/data/indexOpenDataDetail.do?data_id=20240626000000002472,농림축산식품부,OpenAPI,일간,20240626000000002472,2024-06-25,2024-06-25
농축수산물 등급 코드,aT도매시장 통합홈페이지에서 제공하는 기초코드정보 OpenApi를 연계하여 농식품 공공데이터 포털에 개방,https://data.mafra.go.kr/opendata/data/indexOpenDataDetail.do?data_id=20240626000000002471,농림축산식품부,OpenAPI,일간,20240626000000002471,2024-06-25,2024-06-25
농축수산물 법인 코드,aT도매시장 통합홈페이지에서 제공하는 기초코드정보 OpenApi를 연계하여 농식품 공공데이터 포털에 개방,https://data.mafra.go.kr/opendata/data/indexOpenDataDetail.do?data_id=20240626000000002470,농림축산식품부,OpenAPI,일간,20240626000000002470,2024-06-25,2024-06-25
농축수산물 도매시장 코드,aT도매시장 통합홈페이지에서 제공하는 기초코드정보 OpenApi를 연계하여 농식품 공공데이터 포털에 개방,https://data.mafra.go.kr/opendata/data/indexOpenDataDetail.do?data_id=20240625000000002468,농림축산식품부,OpenAPI,일간,20240625000000002468,2024-06-25,2024-06-25
도매시장 산지공판장 정산 가격,aT도매시장 통합홈페이지에서 제공하는 가격정보 OpenApi를 연계하여 농식품 공공데이터 포털에 개방,https://data.mafra.go.kr/opendata/data/indexOpenDataDetail.do?data_id=20240625000000002467,농림축산식품부,OpenAPI,일간,20240625000000002467,2024-06-25,2024-06-25
정산가격 기간별 법인별 품목별 총물량 총금액,aT도매시장 통합홈페이지에서 제공하는 가격정보 OpenApi를 연계하여 농식품 공공데이터 포털에 개방,https://data.mafra.go.kr/opendata/data/indexOpenDataDetail.do?data_id=20240625000000002466,농림축산식품부,OpenAPI,일간,20240625000000002466,2024-06-25,2024-06-25
정산가격 기간별 도매시장별 품목별 총물량 총금액,aT도매시장 통합홈페이지에서 제공하는 가격정보 OpenApi를 연계하여 농식품 공공데이터 포털에 개방,https://data.mafra.go.kr/opendata/data/indexOpenDataDetail.do?data_id=20240625000000002465,농림축산식품부,OpenAPI,일간,20240625000000002465,2024-06-25,2024-06-25
동영상 강의자료(청년 푸드테크 토크콘서트),청년 푸드테크 토크콘서트 동영상 강의자료입니다.,https://data.mafra.go.kr/opendata/data/indexOpenDataDetail.do?data_id=20240624000000002456,농식품공무원교육원,링크,주기없음,20240624000000002456,2024-06-24,2024-06-24
국내 발생 고병원성 AI 바이러스 대표주의 유전정보,국내에서 발생하는 고병원성 조류인플루엔자 바이러스를 분리하여 해당 바이러스의 HA 유전자의 염기서열이다. 해당 유전자 정보를 이용하여 다양한 연구에 활용이 가능할 것으로 판단한다.,https://data.mafra.go.kr/opendata/data/indexOpenDataDetail.do?data_id=20230823000000002398,농림축산검역본부,파일,년간,20230823000000002398,2024-06-19,2024-06-19
가축재해보험 보험사별 지급현황,현재 판매중인 보험중에 가축재해보험에 대한 보험사별로 나누어 지역을 시도별로 지급 건수 및 지급보험금에 대한 자료 건,https://data.mafra.go.kr/opendata/data/indexOpenDataDetail.do?data_id=20240621000000002437,농업정책보험금융원,링크,년간,20240621000000002437,2024-06-18,2024-06-24
농작물 품목 코드 정보,"우리나라에서 재배 하고 있는 농작물들이 풍수재해로 인해 피해를 입기 전에 재해보험에 가입되어 있는 데이터로 농작물 품목에 따라 분류하고 품질을 상,중, 하로 구분한다.",https://data.mafra.go.kr/opendata/data/indexOpenDataDetail.do?data_id=20240621000000002441,농업정책보험금융원,링크,년간,20240621000000002441,2024-06-18,2024-06-18
공통관리정보_20230921,"시스템에서 사용자들이 사용하는 메뉴들 중에서 사용하지 않을경우, 이름 변경이 필요 할 경우 관리자가 마감, 수정, 삭제 등을 관리하고 이력을 기록하는 데이터",https://data.mafra.go.kr/opendata/data/indexOpenDataDetail.do?data_id=20240723000000002591,농업정책보험금융원,링크,주기없음,20240723000000002591,2024-06-18,2024-06-18
계약통제관리,"가축재해보험 계약 진행시에 통제한 이력이 있는 데이터 데이터 설명 5013000000 : 제주, 4579000000 : 전북 고창, 4514000000 : 전라 익산, 4513000000 : 전라 군산",https://data.mafra.go.kr/opendata/data/indexOpenDataDetail.do?data_id=20240621000000002440,농업정책보험금융원,링크,년간,20240621000000002440,2024-06-18,2024-06-18
가축재해보험 지자체 보조 예산 잔액 현황,"가축재해보험 지자체 보조 예산 계약자 지원 후 잔액을 시도예산액, 시군구예산액 시도사용액, 시군구사용액, 농가당한도액, 최대지원금액 등등 세부 현황",https://data.mafra.go.kr/opendata/data/indexOpenDataDetail.do?data_id=20240621000000002439,농업정책보험금융원,링크,년간,20240621000000002439,2024-06-18,2024-06-24
가축재해보험 지역별 가입 현황,"분기별로 가축재해보험에 가입되어 두수, 농가수, 가입금액, 영업보험료, 지급보험료, 가입률들을 지역별로 나눠 현황을 알려줌",https://data.mafra.go.kr/opendata/data/indexOpenDataDetail.do?data_id=20240621000000002438,농업정책보험금융원,링크,분기,20240621000000002438,2024-06-18,2024-06-24
농작물재해보험 계약된 과수작물 세부현황,"현재 농작물재해보험에 계약된 과수작물로 품목명, 품종명, 재배방법, 표준수확량, 평년수확량, 가입수확량, 가입가격, 평년과실수, 가입과실수 현황",https://data.mafra.go.kr/opendata/data/indexOpenDataDetail.do?data_id=20240621000000002444,농업정책보험금융원,링크,년간,20240621000000002444,2024-06-18,2024-06-18
농작물재해보험 가입 현황,"농작물재해보험 연도별로 가입농가, 가입건수, 가입금액, 가입면적, 면적가입, 순보험료 국가보조금 등등을 가입실적을 정리한 자료",https://data.mafra.go.kr/opendata/data/indexOpenDataDetail.do?data_id=20240621000000002442,농업정책보험금융원,링크,년간,20240621000000002442,2024-06-18,2024-06-24
농작물재해보험 계약된 원예시설물 세부현황,"현재 농작물재해보험에 계약된 원예시설물 연도별, 하우스유형별, 하우스등급별, 하우스구조별, 하우스형태별, 하우스 파이프종류별 현황",https://data.mafra.go.kr/opendata/data/indexOpenDataDetail.do?data_id=20240621000000002443,농업정책보험금융원,링크,년간,20240621000000002443,2024-06-18,2024-06-24
수입보장보험 기준가격 현황,"현재 수입된 품목들 중에서 기준 가격 만큼 보장을 해주는 상품들에 가격 현황, 공시 단위, 산출가격 구분 데이터",https://data.mafra.go.kr/opendata/data/indexOpenDataDetail.do?data_id=20240621000000002435,농업정책보험금융원,링크,년간,20240621000000002435,2024-06-18,2024-06-21
법정동 코드_20230919,"가축 및 농작물 재해보험에 가입되어 있는 지역을 시도, 시군구를 코드로 표기 하고 폐지여부를 나타내는 데이터입니다.",https://data.mafra.go.kr/opendata/data/indexOpenDataDetail.do?data_id=20240621000000002453,농업정책보험금융원,링크,년간,20240621000000002453,2024-06-18,2024-06-18
농작물재해보험 품목별 사고접수건수별 농지수 분포,"농작물 중에서 재해보험에 가입된 농지수를 품목별로 사과, 배, 단감, 떫은감, 감귤 등 사고접수건에 대한 데이터를 제공합니다.",https://data.mafra.go.kr/opendata/data/indexOpenDataDetail.do?data_id=20240723000000002590,농업정책보험금융원,링크,년간,20240723000000002590,2024-06-18,2024-06-24
농작물재해보험 품목별 가입 및 지급현황_20221231,"농작물 중에서 재해보험에 가입된 농지수를 품목별로 사과, 배, 단감, 떫은감, 감귤 등 사고접수건에 대한 데이터를 제공합니다.",https://data.mafra.go.kr/opendata/data/indexOpenDataDetail.do?data_id=20240621000000002451,농업정책보험금융원,링크,년간,20240621000000002451,2024-06-18,2024-06-24
농작물재해보험 품목별 사고원인별 사고접수 현황_20221231,"농작물 중에서 재해보험에 가입된 농작물을 사고원인별로 호우, 태풍, 우박 조수해, 기타 자연재해 등에 대한 데이터를 제공합니다.",https://data.mafra.go.kr/opendata/data/indexOpenDataDetail.do?data_id=20240621000000002452,농업정책보험금융원,링크,년간,20240621000000002452,2024-06-18,2024-06-24
농작물재해보험 지역별 사고원인별 사고접수 현황_20221231,"농작물 중에서 재해보험에 가입된 품목을 지역에 따라 사고 원인(우박, 호우, 조수해 등)별로 사고 접수 현황에 대한 데이터를 제공합니다.",https://data.mafra.go.kr/opendata/data/indexOpenDataDetail.do?data_id=20240621000000002454,농업정책보험금융원,링크,년간,20240621000000002454,2024-06-18,2024-06-24
농작물재해보험 시도별 사고접수건수별 농지수 분포_20221231,"농작물 중에서 재해보험에 가입된 농지수를 시도 지역별로 1회, 2회, 3회, 4회 사고접수건에 대한 데이터를 제공합니다.",https://data.mafra.go.kr/opendata/data/indexOpenDataDetail.do?data_id=20240621000000002450,농업정책보험금융원,링크,년간,20240621000000002450,2024-06-18,2024-06-24
농작물재해보험 시도별 가입 및 지급현황_20221231,"농작물 재해보험에 가입된 대상면적, 가입농가, 가입건수, 가입농가, 가임금액, 가입면적, 가입률, 순보험료 등에 대한 데이터를 제공합니다.",https://data.mafra.go.kr/opendata/data/indexOpenDataDetail.do?data_id=20240621000000002449,농업정책보험금융원,링크,년간,20240621000000002449,2024-06-18,2024-06-24
농작물재해보험 대상면적 현황 연도별 품목별 시도별_20221231,"품목별, 시도별로 분리된 농작물재해보험 연도 대상면적 현황 ( 가입률 산정시 사용되는 수치, 가입률 = 가입면적 / 대상면적 )",https://data.mafra.go.kr/opendata/data/indexOpenDataDetail.do?data_id=20240621000000002448,농업정책보험금융원,링크,년간,20240621000000002448,2024-06-18,2024-06-24
농작물재해보험 계약된 시설작물 세부현황_20221231,"항목 설명: STRBR(시설딸기),CUCUM 시설오이 ORMEL(시설참외) TMATO(시설토마토) CHRYS,CHRYR(시설국화), WMLON(시설수박), ROSES(시설장미) CHILI(시설풋고추), PUMPK 시설호박, MELON(시설메론), PAPRK(시설파프리카), LETTC(시설상추), CHIVE(시설부추), SPNCH(시설시금치),MUSH2(느타리버섯) MUSH1(표고버섯), EGGPL(시설가지), SMAON(시설쪽파), SPRON (시설대파), CABBA(시설배추), DAIKO(시설무), LILY(시설백합),CARNA,CARNR(시설카네이션) MNARY(시설미나리),DAISY(시설쑥갓), MUSH3(새송이버섯), MUSH4(양송이버섯)",https://data.mafra.go.kr/opendata/data/indexOpenDataDetail.do?data_id=20240621000000002455,농업정책보험금융원,링크,년간,20240621000000002455,2024-06-18,2024-06-24
농작물재해보험 계약된 밭작물 세부현황_20221231,"현재 농작물재해보험에 계약된 밭작물 연도별, 품목별, 품종별, 주간거리별, 재배방법별, 보험가입면적, 재식방법별 현황",https://data.mafra.go.kr/opendata/data/indexOpenDataDetail.do?data_id=20240621000000002447,농업정책보험금융원,링크,년간,20240621000000002447,2024-06-18,2024-06-24
농작물재해보험 계약된 논작물 세부현황_20221231,"현재 농작물재해보험에 계약된 논작물 연도별, 품목별, 품종별, 재배양식별, 친환경재배방법별, 보험가입면적 현황",https://data.mafra.go.kr/opendata/data/indexOpenDataDetail.do?data_id=20240621000000002446,농업정책보험금융원,링크,년간,20240621000000002446,2024-06-18,2024-06-24
가축재해보험 대상마릿수 현황 연도별 축종별 시도별,현재 판매중인 가축재해보험 축종에 대한 연도별 시도별 재배마릿수 자료로 가축재해보험 가입률 산정을 위한 대상모수 자료,https://data.mafra.go.kr/opendata/data/indexOpenDataDetail.do?data_id=20240618000000002434,농업정책보험금융원,링크,년간,20240618000000002434,2024-06-14,2024-06-14
가축재해보험 대상마릿수 현황 연도별 축종별 시도별,현재 판매중인 가축재해보험 축종에 대한 연도별 시도별 재배마릿수 자료로 가축재해보험 가입률 산정을 위한 대상모수 자료,https://data.mafra.go.kr/opendata/data/indexOpenDataDetail.do?data_id=20240621000000002436,농업정책보험금융원,링크,년간,20240621000000002436,2024-06-14,2024-06-14
축산물등급판정 통계연보,"소, 돼지, 닭, 계란, 오리, 말에 대한 등급판정 결과 등 통계연보",https://data.mafra.go.kr/opendata/data/indexOpenDataDetail.do?data_id=20240418000000002433,농림축산식품부,파일,년간,20240418000000002433,2024-04-18,2026-04-23
농산물종합유통센터 운영 현황,전국 농산물종합유통센터 운영 현황,https://data.mafra.go.kr/opendata/data/indexOpenDataDetail.do?data_id=20230831000000002424,농림축산식품부,파일,주기없음,20230831000000002424,2023-08-31,2024-08-30
럼피스킨병(LSD) 긴급행동지침(SOP),럼피스킨병(LSD) 긴급행동지침(SOP),https://data.mafra.go.kr/opendata/data/indexOpenDataDetail.do?data_id=20240703000000002555,농림축산식품부,파일,수시,20240703000000002555,2023-08-30,2025-08-28
품목별 데이터셋 제공 서비스,스마트팜 데이터 마트 제공 서비스,https://data.mafra.go.kr/opendata/data/indexOpenDataDetail.do?data_id=20230829000000002413,농림축산식품부,링크,주기없음,20230829000000002413,2023-08-29,2023-08-29
시설원예 병해충 (참외),"시설원예 병해충 정보 참외, 토마토, 오이 가지",https://data.mafra.go.kr/opendata/data/indexOpenDataDetail.do?data_id=20230829000000002415,농림축산식품부,파일,주기없음,20230829000000002415,2023-08-29,2025-09-19
시설원예 병해충 (토마토),"시설원예 병해충 정보 참외, 토마토, 오이 가지",https://data.mafra.go.kr/opendata/data/indexOpenDataDetail.do?data_id=20230829000000002416,농림축산식품부,파일,주기없음,20230829000000002416,2023-08-29,2025-09-19
시설원예 병해충 (딸기),"시설원예 병해충 정보 참외, 토마토, 오이 가지",https://data.mafra.go.kr/opendata/data/indexOpenDataDetail.do?data_id=20230829000000002417,농림축산식품부,파일,주기없음,20230829000000002417,2023-08-29,2025-09-19
시설원예 병해충 (오이),"시설원예 병해충 정보 참외, 토마토, 오이 가지",https://data.mafra.go.kr/opendata/data/indexOpenDataDetail.do?data_id=20230829000000002418,농림축산식품부,파일,주기없음,20230829000000002418,2023-08-29,2025-09-19
시설원예 병해충 (가지),"시설원예 병해충 정보 참외, 토마토, 오이 가지",https://data.mafra.go.kr/opendata/data/indexOpenDataDetail.do?data_id=20230829000000002419,농림축산식품부,파일,주기없음,20230829000000002419,2023-08-29,2025-09-19
2023 농지민원사례집,농지민원사례집,https://data.mafra.go.kr/opendata/data/indexOpenDataDetail.do?data_id=20230829000000002421,농림축산식품부,링크,주기없음,20230829000000002421,2023-08-29,2025-09-05
농업진흥지역제도 개요 및 현황,농지법에 따른 농업진흥지역 제도 및 현황에 관한 자료,https://data.mafra.go.kr/opendata/data/indexOpenDataDetail.do?data_id=20230829000000002422,농림축산식품부,파일,주기없음,20230829000000002422,2023-08-29,2025-09-05
해외 우수 한식당 지정 현황,한식의 품질 향상과 소비자 보호를 위해 지정한 해외 우수 한식당 현황을 공개,https://data.mafra.go.kr/opendata/data/indexOpenDataDetail.do?data_id=20230829000000002408,농림축산식품부,파일,년간,20230829000000002408,2023-08-29,2024-12-04
스마트팜 빅데이터 제공 서비스,스마트팜 데이터 마트 제공 서비스,https://data.mafra.go.kr/opendata/data/indexOpenDataDetail.do?data_id=20230829000000002409,농림축산식품부,링크,주기없음,20230829000000002409,2023-08-29,2023-08-29
혁신밸리 빅데이터 제공 서비스,스마트팜 데이터 마트 제공 서비스,https://data.mafra.go.kr/opendata/data/indexOpenDataDetail.do?data_id=20230829000000002410,농림축산식품부,링크,주기없음,20230829000000002410,2023-08-29,2023-08-29
노지 빅데이터 제공 서비스,스마트팜 데이터 마트 제공 서비스,https://data.mafra.go.kr/opendata/data/indexOpenDataDetail.do?data_id=20230829000000002411,농림축산식품부,링크,주기없음,20230829000000002411,2023-08-29,2023-08-29
스마트축산 빅데이터 제공 서비스,스마트팜 데이터 마트 제공 서비스,https://data.mafra.go.kr/opendata/data/indexOpenDataDetail.do?data_id=20230829000000002412,농림축산식품부,링크,주기없음,20230829000000002412,2023-08-29,2023-08-29
작기별 데이터셋 제공 서비스,스마트팜 데이터 마트 제공 서비스,https://data.mafra.go.kr/opendata/data/indexOpenDataDetail.do?data_id=20230829000000002414,농림축산식품부,링크,주기없음,20230829000000002414,2023-08-29,2023-08-29
농식품 데이터 표준,"농림축산식품부에서 제공하는 농식품 데이터 표준 데이터로 표준단어, 표준용어, 표준도메인 정보를 제공합니다.",https://data.mafra.go.kr/opendata/data/indexOpenDataDetail.do?data_id=20230828000000002407,농림축산식품부,파일,주기없음,20230828000000002407,2023-08-28,2023-08-28
농식품 데이터 안심구역 분석사례,농식품 데이터 안심구역을 이용하여 분석한 사례를 제공합니다.,https://data.mafra.go.kr/opendata/data/indexOpenDataDetail.do?data_id=20230825000000002406,농림축산식품부,파일,주기없음,20230825000000002406,2023-08-25,2023-08-25
명예감시원 현황,"명예감시원에 대한 단체구분, 소속단체명, 지원별 인원 현황 정보",https://data.mafra.go.kr/opendata/data/indexOpenDataDetail.do?data_id=20230824000000002401,국립농산물품질관리원,파일,년간,20230824000000002401,2023-08-24,2024-06-07
농림축산식품 분야 전문용어 표준화 결과,자주 사용되고 어려운 농림축산식품 분야 전문용어를 국민이 알기 쉽고 편리하게 사용할 수 있도록 용어 순화,https://data.mafra.go.kr/opendata/data/indexOpenDataDetail.do?data_id=20230823000000002400,농림축산식품부,파일,주기없음,20230823000000002400,2023-08-23,2023-08-30
농식품공무원교육원 조직도,농식품공무원교육원 조직도,https://data.mafra.go.kr/opendata/data/indexOpenDataDetail.do?data_id=20230823000000002395,농식품공무원교육원,파일,주기없음,20230823000000002395,2023-08-23,2023-08-28
농식품공무원교육원 직무 범위 및 주요 연혁,농림축산식품부 농식품공무원교육원 직무 범위 및 주요 연혁입니다,https://data.mafra.go.kr/opendata/data/indexOpenDataDetail.do?data_id=20230823000000002396,농식품공무원교육원,파일,주기없음,20230823000000002396,2023-08-23,2023-08-28
2023 농지업무편람,"농지 관련 법령 및 제도, 농지법 제정 이후 농지제도 현황, 주요 농지제도 변천사, 농지의 정의 등 농지법 관련 업무 편람을 제공 합니다. 제공 목록 : 농지제도의 변천, 농지의 정의.소유.이용, 농지원부, 농지정보시스템 운영, 농업진흥지역 지정 및 관리, 농지의 전용,농지보전부담금",https://data.mafra.go.kr/opendata/data/indexOpenDataDetail.do?data_id=20240719000000002588,농림축산식품부,링크,주기없음,20240719000000002588,2023-08-22,2025-09-05
2001년도 농지이용실태조사 결과,"농림축산식품부 농지과에서 제공하는 농지이용실태조사 결과 데이터로 농지취득, 조사대상, 농지처분의무통지, 처분명령, 이행강제금 등의 정보를 제공하고 있습니다.",https://data.mafra.go.kr/opendata/data/indexOpenDataDetail.do?data_id=20230822000000002393,농림축산식품부,링크,주기없음,20230822000000002393,2023-08-22,2025-09-05
국립종자원 부서별 공무직 인력현황,국립종자원 부서별 인력 현황 데이터,https://data.mafra.go.kr/opendata/data/indexOpenDataDetail.do?data_id=20240820000000002620,국립종자원,링크,주기없음,20240820000000002620,2023-08-22,2025-08-29
부서별 인력 현황,국립종자원 부서별 인력 현황 데이터,https://data.mafra.go.kr/opendata/data/indexOpenDataDetail.do?data_id=20230825000000002402,국립종자원,링크,주기없음,20230825000000002402,2023-08-22,2025-08-29
농림축산식품부 소관 법령 현황,농림축산식품부 소관 법령 현황,https://data.mafra.go.kr/opendata/data/indexOpenDataDetail.do?data_id=20230822000000002394,농림축산식품부,파일,주기없음,20230822000000002394,2023-08-22,2023-08-22
2020 농지업무편람,"농지 관련 법령 및 제도, 농지법 제정 이후 농지제도 현황, 주요 농지제도 변천사, 농지의 정의 등 농지법 관련 업무 편람을 제공 합니다. 제공 목록 : 농지제도의 변천, 농지의 정의.소유.이용, 농지원부, 농지정보시스템 운영, 농업진흥지역 지정 및 관리, 농지의 전용,농지보전부담금",https://data.mafra.go.kr/opendata/data/indexOpenDataDetail.do?data_id=20230822000000002392,농림축산식품부,링크,주기없음,20230822000000002392,2023-08-22,2025-09-05
철새 이동 정보(2021-2025년),"2021년부터 2024년까지의 국내 철새 이동정보로 연도, 북상일, 조류종(위치추적기 부착코드), 북상 전 국내 위치 및 북상 후 국외 위치 정보를 포함한 데이터임",https://data.mafra.go.kr/opendata/data/indexOpenDataDetail.do?data_id=20230821000000002390,농림축산검역본부,파일,년간,20230821000000002390,2023-08-21,2024-07-15
농업농촌 가치확산 캠페인,농업농촌 가치확산 캠페인,https://data.mafra.go.kr/opendata/data/indexOpenDataDetail.do?data_id=20230823000000002399,농림축산식품부,링크,주기없음,20230823000000002399,2023-08-21,2024-07-03
농지취득자격증명 발급 현황,2018~2022년 전국 농지취득자격증명 발급 현황,https://data.mafra.go.kr/opendata/data/indexOpenDataDetail.do?data_id=20230814000000002389,농림축산식품부,파일,년간,20230814000000002389,2023-08-14,2025-09-05
동물등록 정보 조회,"동물보호관리시스템의 '반려동물 등록정보'를 제공하는 서비스 입니다. 임의로 동물등록사항을 확인하는 것을 방지하기 위하여, 요청 시 동물등록번호 또는 RFID코드가 필요하며, 소유자 성명 또는 생년월일이 필요합니다. 응답결과로 반려동물이름, 성별, 품종, 중성화여부, 담당기관 등의 정보를 제공합니다.",https://data.mafra.go.kr/opendata/data/indexOpenDataDetail.do?data_id=20240628000000002484,농림축산검역본부,링크,수시,20240628000000002484,2023-08-11,2024-07-17
동물보호센터 정보 조회,"유기동물 동물보호센터 등록정보를 제공하는 서비스 입니다. ‘보호센터등록번호’ 또는 ‘동물보호센터명’으로 조회가능하며, ‘상세 보호시설’ 정보가 등록된 경우에는 보호시설의 상세정보(영업 시간, 위/경도, 휴무일 등)을 함께 제공하며, 등록되지 않았을 경우 보호센터의 기본정보를 제공합니다",https://data.mafra.go.kr/opendata/data/indexOpenDataDetail.do?data_id=20240628000000002483,농림축산검역본부,링크,수시,20240628000000002483,2023-08-11,2024-07-16
식물검역통계연보,"수출입식물검역 등의 검역실적을 검역지별, 유형별 및 품목별로 정리하여 수록하였고, 병해충 검출실적, 수입 금지품의 수입허가사항 및 격리재배검역 실적 등도 수록하였습니다.",https://data.mafra.go.kr/opendata/data/indexOpenDataDetail.do?data_id=20240702000000002506,농림축산검역본부,파일,수시,20240702000000002506,2023-08-09,2024-07-01
전국 구제역 혈청예찰 월간 보고서,구제역 혈청혜찰 월별 분석자료,https://data.mafra.go.kr/opendata/data/indexOpenDataDetail.do?data_id=20230809000000002386,농림축산검역본부,링크,수시,20230809000000002386,2023-08-09,2024-10-11
엠폭스 관련 반려동물 관리지침 및 수의사 진료 가이드라인,엠폭스 관련 반려동물 관리지침 및 수의사 진료 가이드라인,https://data.mafra.go.kr/opendata/data/indexOpenDataDetail.do?data_id=20230807000000002383,농림축산식품부,파일,주기없음,20230807000000002383,2023-08-07,2023-08-07
식물병해충 예찰 정보('23년부터),검역관 및 식물병해충 예찰조사원에게 식물병해충 예찰정보를 공유하여 외래 식물병해충 유입방지를 위한 예찰업무에 활용코자 함,https://data.mafra.go.kr/opendata/data/indexOpenDataDetail.do?data_id=20230807000000002382,농림축산검역본부,파일,년간,20230807000000002382,2023-08-07,2023-08-07
농산물 등 검정기관 지정 현황,"농산물등에 대한 품위품종일반성분,무기성분유해물질을 검정하는 기관에 대한 정보(지정번호, 지정일자, 지정기관명, 소재지, 전화번호, 검정항목, 유효기간(시작일, 종료일))",https://data.mafra.go.kr/opendata/data/indexOpenDataDetail.do?data_id=20230808000000002384,국립농산물품질관리원,파일,년간,20230808000000002384,2023-08-04,2024-06-07
농산물해외수입정보(2023.6월),농산물해외수입정보,https://data.mafra.go.kr/opendata/data/indexOpenDataDetail.do?data_id=20230802000000002379,농림축산식품부,파일,반기,20230802000000002379,2023-08-02,2024-08-28
농림축산식품부 자문변호사 현황,농림축산식품부에서 운영하는 자문변호사 명단,https://data.mafra.go.kr/opendata/data/indexOpenDataDetail.do?data_id=20230802000000002380,농림축산식품부,파일,년간,20230802000000002380,2023-08-02,2023-08-02
농산물해외수입정보,농산물해외수입정보,https://data.mafra.go.kr/opendata/data/indexOpenDataDetail.do?data_id=20240807000000002614,농림축산식품부,파일,년간,20240807000000002614,2023-08-02,2024-08-28
혁신제품 지정 목록,"우수 R&D 결과물, 신기술 인증 제품 등을 대상으로 지정하는 제도",https://data.mafra.go.kr/opendata/data/indexOpenDataDetail.do?data_id=20230731000000002376,농림축산식품부,파일,주기없음,20230731000000002376,2023-07-31,2025-09-23
농식품 국가연구개발사업 우수성과,"농식품 R&D를 통해 도출된 우수성과를 견인하고, 과학기술인의 자긍심 고취를 위한 농식품 국가 연구개발사업(R&D)의 우수성과 선정",https://data.mafra.go.kr/opendata/data/indexOpenDataDetail.do?data_id=20230731000000002377,농림축산식품부,파일,주기없음,20230731000000002377,2023-07-31,2023-07-31
양돈 기침 데이터 셋,돼지기침 데이터 셋,https://data.mafra.go.kr/opendata/data/indexOpenDataDetail.do?data_id=20230727000000002375,농림축산식품부,링크,주기없음,20230727000000002375,2023-07-27,2024-09-26
2022년 농식품공무원교육원 교육훈련 통계자료,2022년 농식품공무원교육원 교육훈련 통계자료입니다,https://data.mafra.go.kr/opendata/data/indexOpenDataDetail.do?data_id=20230724000000002373,농식품공무원교육원,파일,주기없음,20230724000000002373,2023-07-24,2023-07-24
아프리카돼지열병(ASF) 긴급행동지침,아프리카돼지열병 긴급행동지침,https://data.mafra.go.kr/opendata/data/indexOpenDataDetail.do?data_id=20210929000000001588,농림축산식품부,링크,주기없음,20210929000000001588,2023-07-18,2024-06-28
축산물이력제 업무편람(닭·오리),"축산물이력제(닭·오리 및 닭고기·오리) 업무편람으로 농림축식품부 축산유통팀, 축산물품질평가원 (공편)",https://data.mafra.go.kr/opendata/data/indexOpenDataDetail.do?data_id=20230717000000002371,농림축산식품부,파일,주기없음,20230717000000002371,2023-07-17,2023-07-18
농림축산식품사업 안내서,농림축산식품부의 지원사업(융자사업 포함)에 대한 간략한 내용과 연락처 수록,https://data.mafra.go.kr/opendata/data/indexOpenDataDetail.do?data_id=20230717000000002368,농림축산식품부,파일,주기없음,20230717000000002368,2023-07-17,2023-07-19
축산물이력제 업무편람(돼지),"축산물이력제(돼지 및 돼지고기) 업무편람으로 농림축식품부 축산유통팀, 축산물품질평가원 (공편)",https://data.mafra.go.kr/opendata/data/indexOpenDataDetail.do?data_id=20230717000000002369,농림축산식품부,파일,주기없음,20230717000000002369,2023-07-17,2023-07-17
축산물이력제 업무편람(소),"축산물이력제(소 및 쇠고기) 업무편람으로 농림축식품부 축산유통팀, 축산물품질평가원 (공편)",https://data.mafra.go.kr/opendata/data/indexOpenDataDetail.do?data_id=20230717000000002370,농림축산식품부,파일,주기없음,20230717000000002370,2023-07-17,2023-07-17
농식품 농작업 표준코드,"농림축산식품부에서 추진하는 농업활동에 필요한 주요 품목별 농작업을 도출하고, 표준코드화를 통한 품목별 농작업코드 및 활용체계에 대한 가이드를 제공합니다.",https://data.mafra.go.kr/opendata/data/indexOpenDataDetail.do?data_id=20230103000000002364,농림축산식품부,파일,수시,20230103000000002364,2023-01-03,2024-11-22
산지공판장 유통통계정보 조회 (2014-01-02 ~ 2017-01-09),"농수축산물에 대한 유통단계별(산지, 도매, 소매) 품목별 가격 정보를 동일기준으로 재가공한 유통통합 정보",https://data.mafra.go.kr/opendata/data/indexOpenDataDetail.do?data_id=20221205000000002358,농림수산식품교육문화정보원,OpenAPI,주기없음,20221205000000002358,2022-12-05,2022-12-05
산지위판장 유통통계정보 조회 (2014-01-01 ~ 2016-01-19),"농수축산물에 대한 유통단계별(산지, 도매, 소매) 품목별 가격 정보를 동일기준으로 재가공한 유통통합 정보",https://data.mafra.go.kr/opendata/data/indexOpenDataDetail.do?data_id=20221205000000002359,농림수산식품교육문화정보원,OpenAPI,주기없음,20221205000000002359,2022-12-05,2022-12-05
실시간경락 도매시장 유통통계 조회 (2014-01-01 ~ 2023-12-30),"농수축산물에 대한 유통단계별(산지, 도매, 소매) 품목별 가격 정보를 동일기준으로 재가공한 유통통합 정보",https://data.mafra.go.kr/opendata/data/indexOpenDataDetail.do?data_id=20221205000000002356,농림수산식품교육문화정보원,OpenAPI,주기없음,20221205000000002356,2022-12-05,2022-12-05
정산경락 도매시장 유통통계 조회 (2014-01-01 ~ 2023-12-30),"농수축산물에 대한 유통단계별(산지, 도매, 소매) 품목별 가격 정보를 동일기준으로 재가공한 유통통합 정보",https://data.mafra.go.kr/opendata/data/indexOpenDataDetail.do?data_id=20221205000000002357,농림수산식품교육문화정보원,OpenAPI,주기없음,20221205000000002357,2022-12-05,2022-12-05
시설채소 계약재배 현황,기상 여건의 영향을 크게 받는 시설채소 수급 안정을 위해 농협-농가 간 계약 재배한 물량 정보,https://data.mafra.go.kr/opendata/data/indexOpenDataDetail.do?data_id=20220831000000002344,농림축산식품부,파일,년간,20220831000000002344,2022-08-31,2022-08-31
농림축산식품부 소장 농업유물 목록,국립농업박물관('22년 말 개관 예정) 소장 농업유물 목록,https://data.mafra.go.kr/opendata/data/indexOpenDataDetail.do?data_id=20220831000000002345,농림축산식품부,파일,주기없음,20220831000000002345,2022-08-31,2023-07-25
농약안전사용기준,농약안전사용기준,https://data.mafra.go.kr/opendata/data/indexOpenDataDetail.do?data_id=20220829000000002341,농림축산식품부,링크,주기없음,20220829000000002341,2022-08-29,2022-08-29
2022 장비공동활용 지원사업 안내,기술지원장비 및 생산시설을 입주기업 및 식품관련 기관 등에서 공동 활용할 수 있도록 지원하는 장비공동활용 지원사업 안내,https://data.mafra.go.kr/opendata/data/indexOpenDataDetail.do?data_id=20220826000000002332,농림축산식품부,파일,주기없음,20220826000000002332,2022-08-26,2022-08-26
2022 파일럿플랜트 안내,건강기능식품 GMP 및 HACCP 시설 구축을 통해 기업맞춤형 시제품 소량생산을 지원하는 파일럿플랜트 소개,https://data.mafra.go.kr/opendata/data/indexOpenDataDetail.do?data_id=20220826000000002336,농림축산식품부,파일,주기없음,20220826000000002336,2022-08-26,2022-08-26
2022 소스산업화센터 안내,"스마트 HACCP 시설을 기반으로 소스의 레시피 개발 및 시제품 제작, 위탁생산을 지원하는 소스산업화센터 소개",https://data.mafra.go.kr/opendata/data/indexOpenDataDetail.do?data_id=20220826000000002337,농림축산식품부,파일,주기없음,20220826000000002337,2022-08-26,2022-08-26
2022 기능성평가지원센터 안내서,고부가가치 건강기능식품개발을 위한 효능 및 독성평가 One-Stop 지원하는 기능성평가지원센터 소개,https://data.mafra.go.kr/opendata/data/indexOpenDataDetail.do?data_id=20220826000000002334,농림축산식품부,파일,주기없음,20220826000000002334,2022-08-26,2022-08-26
2022 HMR산업화센터 안내,"HMR분야 핵심기술(대체육, 지능형 친환경패키징, 비열살균 등) 개발, 지원 및 실증 업무를 수행하는 HMR산업화센터 소개",https://data.mafra.go.kr/opendata/data/indexOpenDataDetail.do?data_id=20220826000000002338,농림축산식품부,파일,주기없음,20220826000000002338,2022-08-26,2022-08-26
2022 기능성식품제형센터 안내,기능성식품 제형분야 기술지원부터 상품화까지 One-Stop 서비스를 지원하는 기능성식품제형센터 소개,https://data.mafra.go.kr/opendata/data/indexOpenDataDetail.do?data_id=20220826000000002339,농림축산식품부,파일,주기없음,20220826000000002339,2022-08-26,2022-08-26
"2022 식품진흥원 장비, 공정별 교육영상 QR코드","2022 식품진흥원 장비, 공정별 교육영상 QR코드 표기",https://data.mafra.go.kr/opendata/data/indexOpenDataDetail.do?data_id=20220826000000002340,농림축산식품부,파일,주기없음,20220826000000002340,2022-08-26,2022-08-26
2022 식품품질안전센터 연구생산장비 안내서,"식품 원료, 제품 안전성 분석 및 기호적 품질(맛, 향, 조직감) 평가를 통해 기업의 고부가가치 제품 개발을 지원하는 식품푸질안전센터 소개",https://data.mafra.go.kr/opendata/data/indexOpenDataDetail.do?data_id=20220826000000002333,농림축산식품부,파일,주기없음,20220826000000002333,2022-08-26,2022-08-26
2022 식품패키징센터 안내,"국내 최초 식품포장 전문기관으로 포장 설계, 성능(강도, 이화학) 등을 지원하는 식품패키징센터 소개",https://data.mafra.go.kr/opendata/data/indexOpenDataDetail.do?data_id=20220826000000002335,농림축산식품부,파일,주기없음,20220826000000002335,2022-08-26,2022-08-26
가축 통계 데이터,"본 정보는 축산물품질평가원의 축산물이력정보(소,돼지)와 가축위생방역지원본부(닭,오리 등 기타축종)의 축산농장방역정보를 기반으로 구축된 전국 축산농장에 대한 현황정보입니다. 본 정보는 각 기관의 정보수집 범위 및 주기에 따라 실제 현장정보와 상이할 수 있으니 데이터 활용시 참고하시기 바랍니다.",https://data.mafra.go.kr/opendata/data/indexOpenDataDetail.do?data_id=20220823000000002325,농림축산식품부,OpenAPI,수시,20220823000000002325,2022-08-23,2023-08-18
농식품공무원교육원_동영상 강의(이순신에게 배우는 창조적 리더십),농식품공무원교육원 베스트 동영상 강의로 농식품브랜드의 경쟁력 강화와 실질적인 마케팅 업무 제고를 위한 리더십 역량 향상을 위한 기본 정보 제공,https://data.mafra.go.kr/opendata/data/indexOpenDataDetail.do?data_id=20220818000000002314,농식품공무원교육원,링크,주기없음,20220818000000002314,2022-08-18,2022-08-18
지능형 마방 외부센서 데이터,지능형 마방 데이터,https://data.mafra.go.kr/opendata/data/indexOpenDataDetail.do?data_id=20220811000000002308,한국마사회,파일,주기없음,20220811000000002308,2022-08-11,2022-08-11
지능형 마방 말 생체 데이터,지능형 마방 데이터,https://data.mafra.go.kr/opendata/data/indexOpenDataDetail.do?data_id=20220811000000002309,한국마사회,파일,주기없음,20220811000000002309,2022-08-11,2022-08-11
지능형 마방 내부센서 데이터,지능형 마방 데이터,https://data.mafra.go.kr/opendata/data/indexOpenDataDetail.do?data_id=20220811000000002307,한국마사회,파일,주기없음,20220811000000002307,2022-08-11,2022-08-11
연도별 스마트팜 청년창업보육센터 교육생 현황,연도별 스마트팜 청년창업보육센터에서 선발하는 교육생 현황,https://data.mafra.go.kr/opendata/data/indexOpenDataDetail.do?data_id=20220811000000002306,농림축산식품부,파일,년간,20220811000000002306,2022-08-11,2022-08-11
2024년 농식품 유통교육 과정별 수료 현황,농식품유통교육원 과정별 수료현황,https://data.mafra.go.kr/opendata/data/indexOpenDataDetail.do?data_id=20220805000000002305,농림축산식품부,파일,년간,20220805000000002305,2022-08-05,2025-09-01
푸드플랜(지역먹거리계획) 사업장별 운영 매뉴얼,푸드플랜(지역먹거리계획) 사업장별 운영 매뉴얼입니다.,https://data.mafra.go.kr/opendata/data/indexOpenDataDetail.do?data_id=20220812000000002310,농림축산식품부,파일,수시,20220812000000002310,2022-08-03,2025-08-27
GMO 농산물 수입승인 현황,"GMO 농산물(사료용, 식품용) 수입승인 현황",https://data.mafra.go.kr/opendata/data/indexOpenDataDetail.do?data_id=20220802000000002304,농림축산식품부,링크,년간,20220802000000002304,2022-08-02,2024-07-01
지역별 젖소 산지가격,"농협중앙회의 축산정보센터에서 제공하는 육우 초유떼기, 분유떼기, 수정단계, 초임만삭, 초산우, 4산우, 노폐우, 숫소의 산지 일평균 가격 링크 제공",https://data.mafra.go.kr/opendata/data/indexOpenDataDetail.do?data_id=20220801000000002303,농림축산식품부,링크,주기없음,20220801000000002303,2022-08-01,2022-08-01
2021년 농식품공무원교육원 교육훈련 통계자료,2021년 농식품공무원교육원에서 운영한 교육훈련에 관련된 통계자료입니다.,https://data.mafra.go.kr/opendata/data/indexOpenDataDetail.do?data_id=20220728000000002298,농식품공무원교육원,파일,주기없음,20220728000000002298,2022-07-28,2022-07-28
국내산 생산단계 축산물 잔류물질 검사 계획,"2020년도 생산단계 축산물 잔류물질 검사 계획에 관한 내용입니다. 도축 단계의 소, 돼지, 닭, 오리, 양(염소 포함), 말 등의 식육 및 식용란 중 유해 잔류물질에 대한 효율적인 검사 실시를 통하여 축산물의 안전성 확보를 위해 검사계획을 수립합니다.",https://data.mafra.go.kr/opendata/data/indexOpenDataDetail.do?data_id=20220727000000002297,농림축산검역본부,링크,주기없음,20220727000000002297,2022-07-27,2022-07-27
상반기 국내산 생산단계 계란 잔류물질 탐색조사 결과 보고,생산단계 계란 탐색조사용 잔류물질 검사 결과,https://data.mafra.go.kr/opendata/data/indexOpenDataDetail.do?data_id=20220727000000002296,농림축산검역본부,링크,주기없음,20220727000000002296,2022-07-27,2022-07-27
하반기 국내산 생산단계 계란 잔류물질 탐색조사 결과 보고,농림축산검역본부에서 수행하는 생산단계 축산물의 안전성 확보를 위해 매년 탐색조사 계획을 수립하여 수행을 하고 있음. 그 업무 중의 하나로 2019년 하반기에는 계란에서 동물용의약품 2종을 선택하여 안전성 검사를 수행한 결과임.,https://data.mafra.go.kr/opendata/data/indexOpenDataDetail.do?data_id=20220727000000002295,농림축산검역본부,링크,주기없음,20220727000000002295,2022-07-27,2022-07-27
원유검사 실적 및 원유검사 계획,집유 및 원유검사 실적,https://data.mafra.go.kr/opendata/data/indexOpenDataDetail.do?data_id=20220726000000002292,농림축산검역본부,링크,주기없음,20220726000000002292,2022-07-26,2024-06-25
농림축산식품부_귀농귀촌 실태조사,"농림축산식품부에서 제공하는 귀농귀촌 현황 등에 대한 상세 실태조사 자료입니다. - 귀농귀촌 유형, 지역, 연령별 현황, 소득, 주거, 교육 등",https://data.mafra.go.kr/opendata/data/indexOpenDataDetail.do?data_id=20230801000000002378,농림축산식품부,링크,년간,20230801000000002378,2022-07-26,2025-07-01
행정구역별 귀농가구수 현황,시도별 귀농가구수 현황,https://data.mafra.go.kr/opendata/data/indexOpenDataDetail.do?data_id=20220729000000002302,농림축산식품부,파일,년간,20220729000000002302,2022-07-26,2022-07-26
농식품 국가인증제도 등 현황,농식품 국가인증제도 등 현황자료,https://data.mafra.go.kr/opendata/data/indexOpenDataDetail.do?data_id=20220722000000002287,농림축산식품부,파일,주기없음,20220722000000002287,2022-07-22,2022-07-22
농약 생산랑 및 출하량,2017~2021년 농약 생산량 및 출하량,https://data.mafra.go.kr/opendata/data/indexOpenDataDetail.do?data_id=20220722000000002288,농림축산식품부,파일,년간,20220722000000002288,2022-07-22,2022-07-26
농림축산검역본부_해외 아프리카돼지열병(ASF) 발생현황,"해외 아프리카돼지열병(ASF)발생현황 정보 - WOAH(국제수역사무국)에 보고된 정보를 기준으로 작성 - ASF 발생국가, 발생건수, 발생일, 발생지역, 축종, 사육두수, 감염두수, 살처분두수, 방역조치 내역 등을 제공하고 있음",https://data.mafra.go.kr/opendata/data/indexOpenDataDetail.do?data_id=20240716000000002584,농림축산검역본부,링크,수시,20240716000000002584,2022-07-21,2024-07-16
안전점검의 날 추진계획,"국가안전대진단을 통해 시설물 전반에 대한 결함, 위험 요인을 발굴, 개선 및 후속조치 관리 강화 안전관리 안전의식 고취, 실태점검.개선으로 안전사고 예방등에 기여하는 데이터",https://data.mafra.go.kr/opendata/data/indexOpenDataDetail.do?data_id=20220721000000002285,농림축산식품부,파일,년간,20220721000000002285,2022-07-20,2022-07-21
농림축산식품부_ 쌀가공산업 육성 및 쌀 소비 촉진 시행계획,지속적인 쌀 소비량 감소로 쌀 생산기반 유지와 안정적인 식량수급을 위한 쌀 가공산업 육성 계획,https://data.mafra.go.kr/opendata/data/indexOpenDataDetail.do?data_id=20191010000000001160,농림축산식품부,링크,수시,20191010000000001160,2022-07-19,2022-07-19
양곡자급률,"농림축산식품부에서 제공하는 자료입니다. 쌀, 보리, 밀, 옥수수, 콩 등 양곡의 자급률 현황을 확인할 수 있습니다.",https://data.mafra.go.kr/opendata/data/indexOpenDataDetail.do?data_id=20220719000000002283,농림축산식품부,파일,수시,20220719000000002283,2022-07-19,2022-07-19
공익법인현황,"농림축산식품부에 등록된 공익법인의 설립 운영에 관한 법률에 근거하여 등록된 공익법인 목록으로서 적용법인는 재단법인이나 사단법인으로서 사회 일반의 이익에 이바지하기 위하여 학자금, 장학금 또는 연구비의 보조나 지급, 학술, 자선에 관한 사업을 목적으로 하는 법인에 대하여 적용",https://data.mafra.go.kr/opendata/data/indexOpenDataDetail.do?data_id=20220719000000002281,농림축산식품부,파일,년간,20220719000000002281,2022-07-19,2022-07-19
민간단체등록현황,비영리민간단체지원법 등에 근거하여 농림축산식품부 각 실국에 등록된 비영리민간단체 현황,https://data.mafra.go.kr/opendata/data/indexOpenDataDetail.do?data_id=20220719000000002282,농림축산식품부,파일,년간,20220719000000002282,2022-07-19,2023-08-04
한국마사회_발매창구관리정보,한국마사회 발매창구관리정보,https://data.mafra.go.kr/opendata/data/indexOpenDataDetail.do?data_id=20220715000000002264,한국마사회,링크,수시,20220715000000002264,2022-07-15,2022-07-15
한국마사회 문화센터 정보,한국마사회 문화공감센터에서 시행하는 강좌 및 교육 정보입니다.,https://data.mafra.go.kr/opendata/data/indexOpenDataDetail.do?data_id=20220715000000002163,한국마사회,링크,수시,20220715000000002163,2022-07-15,2022-07-15
한국마사회 마주 정보,"한국마사회 마주(마주 프로필, 경마성적 등) 데이터를 제공합니다.",https://data.mafra.go.kr/opendata/data/indexOpenDataDetail.do?data_id=20220715000000002164,한국마사회,링크,수시,20220715000000002164,2022-07-15,2022-07-15
한국마사회 말 산업 채용 정보,"한국마사회 말 산업 채용(취업, 구직, 연봉) 데이터를 제공합니다.",https://data.mafra.go.kr/opendata/data/indexOpenDataDetail.do?data_id=20220715000000002165,한국마사회,링크,수시,20220715000000002165,2022-07-15,2022-07-15
한국마사회 경주심판 정보,"한국마사회에서 제공하는 경주심판(종류, 시작일, 종료일, 판정이유등)에 대한 정보입니다.",https://data.mafra.go.kr/opendata/data/indexOpenDataDetail.do?data_id=20220715000000002166,한국마사회,링크,수시,20220715000000002166,2022-07-15,2022-07-15
한국마사회 마필 질병 정보,"한국마사회에서 제공하는 말의 질병에 대한 정보입니다.(질병명, 질병영문명, 질병설명등)",https://data.mafra.go.kr/opendata/data/indexOpenDataDetail.do?data_id=20220715000000002167,한국마사회,링크,수시,20220715000000002167,2022-07-15,2022-07-15
한국마사회 경마 매출 정보,"한국마사회 제공 경마 및 마권 매출 순위. (매출순위, 시행경마장명, 단승식 매출액, 연승식 매출액등)",https://data.mafra.go.kr/opendata/data/indexOpenDataDetail.do?data_id=20220715000000002169,한국마사회,링크,수시,20220715000000002169,2022-07-15,2022-07-15
한국마사회 육성마 정보,"한국 마사회에서 제공하는 육성마에 대한 정보(출생일, 혈통등록일, 생산자, 마명, 소유자, 소재지등)",https://data.mafra.go.kr/opendata/data/indexOpenDataDetail.do?data_id=20220715000000002170,한국마사회,링크,수시,20220715000000002170,2022-07-15,2022-07-15
한국마사회 말 육성정보,"한국 마사회에서 제공하는 말의 육성에 대한 정보(마명, 조교사명, 출추횟수, 일착횟수, 이착횟수등)",https://data.mafra.go.kr/opendata/data/indexOpenDataDetail.do?data_id=20220715000000002171,한국마사회,링크,수시,20220715000000002171,2022-07-15,2022-07-15
한국마사회 제재내역,"한국마사회에서 제공하는 경마 기수, 말에 대한 제재내역 정보(경마장명, 경주일자, 제재시작일자, 제재종료일자, 세부내용, 과태금등)",https://data.mafra.go.kr/opendata/data/indexOpenDataDetail.do?data_id=20220715000000002172,한국마사회,링크,수시,20220715000000002172,2022-07-15,2022-07-15
한국마사회 경주계획표,"한국마사회 경마시행(경주계획, 경마계획, 대상경주 등) 데이터를 제공합니다.",https://data.mafra.go.kr/opendata/data/indexOpenDataDetail.do?data_id=20220715000000002173,한국마사회,링크,수시,20220715000000002173,2022-07-15,2022-07-15
한국마사회 기수 성적 정보,"한국마사회 기수(기수 프로필, 경주성적 등) 데이터를 제공합니다.",https://data.mafra.go.kr/opendata/data/indexOpenDataDetail.do?data_id=20220715000000002174,한국마사회,링크,수시,20220715000000002174,2022-07-15,2022-07-15
한국마사회 출전 등록말 정보,"한국마사회 경주마(경주마 프로필, 경주성적 등) 데이터를 제공합니다.",https://data.mafra.go.kr/opendata/data/indexOpenDataDetail.do?data_id=20220715000000002175,한국마사회,링크,수시,20220715000000002175,2022-07-15,2022-07-15
한국마사회 경주마 출전취소 정보,"한국마사회 경주마(경주마 프로필, 경주성적 등) 데이터를 제공합니다.",https://data.mafra.go.kr/opendata/data/indexOpenDataDetail.do?data_id=20220715000000002176,한국마사회,링크,수시,20220715000000002176,2022-07-15,2022-07-15
한국마사회 기수 상세정보,"한국마사회 기수(기수 프로필, 경주성적 등) 데이터를 제공합니다.",https://data.mafra.go.kr/opendata/data/indexOpenDataDetail.do?data_id=20220715000000002177,한국마사회,링크,수시,20220715000000002177,2022-07-15,2022-07-15
한국마사회 승용마 상세정보,"한국마사회 승용마(승용마 이름, 고유번호, 출생일자 등) 데이터를 제공합니다.",https://data.mafra.go.kr/opendata/data/indexOpenDataDetail.do?data_id=20220715000000002178,한국마사회,링크,수시,20220715000000002178,2022-07-15,2022-07-15
한국마사회_경주마기간별50걸명단,"서울, 제주, 부경 경마장 특정 기간 별 마명, 마번, 기간 별총출 주횟수, 기간 별 1,2,3착 횟수, 승률, 복승률, 수득상금, 산지 및 혈통 정보",https://data.mafra.go.kr/opendata/data/indexOpenDataDetail.do?data_id=20220715000000002168,한국마사회,링크,수시,20220715000000002168,2022-07-15,2022-07-15
한국마사회 씨암말 정보,"한국마사회에서 제공하는 씨암수말(마번, 마명, 수입년도, 생산국, 소유자등)에 대한 정보",https://data.mafra.go.kr/opendata/data/indexOpenDataDetail.do?data_id=20220715000000002179,한국마사회,링크,수시,20220715000000002179,2022-07-15,2022-07-15
한국마사회 주행심사 상세결과,"한국마사회 경마심사(주행심사, 출발심사 결과 등) 데이터를 제공합니다.",https://data.mafra.go.kr/opendata/data/indexOpenDataDetail.do?data_id=20220715000000002180,한국마사회,링크,수시,20220715000000002180,2022-07-15,2022-07-15
한국마사회_경주마1년전적50걸명단,"서울, 제주, 부경 경마장 마번, 마명, 최근 1년 출주 횟수, 최근 1년 1,2,3착 횟수, 승률, 복승률, 최근1년 착순상금과 혈통 정보 제공",https://data.mafra.go.kr/opendata/data/indexOpenDataDetail.do?data_id=20220715000000002183,한국마사회,링크,수시,20220715000000002183,2022-07-15,2022-07-15
한국마사회 복승식 예상배당률 정보,"한국마사회 배당률(예상배당률, 적중승식 등) 데이터를 제공합니다.",https://data.mafra.go.kr/opendata/data/indexOpenDataDetail.do?data_id=20220715000000002181,한국마사회,링크,수시,20220715000000002181,2022-07-15,2022-07-15
한국마사회 기수변경 정보,"한국마사회 기수(기수 프로필, 경주성적 등) 데이터를 제공합니다.",https://data.mafra.go.kr/opendata/data/indexOpenDataDetail.do?data_id=20220715000000002182,한국마사회,링크,수시,20220715000000002182,2022-07-15,2022-07-15
한국마사회_경주마통산전적50걸명단,"서울, 제주, 부경 경마장 통산 마번, 마명, 통산출전수, 통산1,2,3착 횟수, 승률, 복승률, 수득상금, 혈통 정보 제공",https://data.mafra.go.kr/opendata/data/indexOpenDataDetail.do?data_id=20220715000000002185,한국마사회,링크,수시,20220715000000002185,2022-07-15,2022-07-15
한국마사회 경주마 레이팅 정보,"한국마사회 경주마(경주마 프로필, 경주성적 등) 데이터를 제공합니다.",https://data.mafra.go.kr/opendata/data/indexOpenDataDetail.do?data_id=20220715000000002184,한국마사회,링크,수시,20220715000000002184,2022-07-15,2022-07-15
한국마사회 경주조건별 최고기록,"한국마사회 경주성적(경주기록, 경주성적, 요약성적 등) 데이터를 제공합니다.",https://data.mafra.go.kr/opendata/data/indexOpenDataDetail.do?data_id=20220715000000002186,한국마사회,링크,수시,20220715000000002186,2022-07-15,2022-07-15
한국마사회_마주기간별성적비교,"서울, 제주, 부경 경마장 기간 별 마주명, 마주 번호, 기간 별 총출주횟수, 기간 별 1,2,3착 횟수, 승률, 복승률 등 정보 제공",https://data.mafra.go.kr/opendata/data/indexOpenDataDetail.do?data_id=20220715000000002187,한국마사회,링크,수시,20220715000000002187,2022-07-15,2022-07-15
한국마사회 수출마 정보,"한국마사회에서 제공하는 말 수입, 수출에 대한 정보(출생일, 품종, 성별, 생산국, 원마명등)",https://data.mafra.go.kr/opendata/data/indexOpenDataDetail.do?data_id=20220715000000002188,한국마사회,링크,수시,20220715000000002188,2022-07-15,2022-07-15
한국마사회 2착마 적중승식 예상배당률 정보,"한국마사회 배당률(예상배당률, 적중승식 등) 데이터를 제공합니다.",https://data.mafra.go.kr/opendata/data/indexOpenDataDetail.do?data_id=20220715000000002189,한국마사회,링크,수시,20220715000000002189,2022-07-15,2022-07-15
한국마사회 출발심사 결과,"한국마사회 경마심사(주행심사, 출발심사 결과 등) 데이터를 제공합니다.",https://data.mafra.go.kr/opendata/data/indexOpenDataDetail.do?data_id=20220715000000002190,한국마사회,링크,수시,20220715000000002190,2022-07-15,2022-07-15
한국마사회 출전마 체중 정보,"한국마사회 경주마(경주마 프로필, 경주성적 등) 데이터를 제공합니다.",https://data.mafra.go.kr/opendata/data/indexOpenDataDetail.do?data_id=20220715000000002192,한국마사회,링크,수시,20220715000000002192,2022-07-15,2022-07-15
한국마사회_조교사월별조교강도,"서울, 부산경남, 제주 경마장 경주일자, 경주번호에 대한 착순, 출주번호, 마명, 부담중량, 기수 정보, 조교사 정보, 마주정보, 마체중등 정보 제공.",https://data.mafra.go.kr/opendata/data/indexOpenDataDetail.do?data_id=20220715000000002191,한국마사회,링크,수시,20220715000000002191,2022-07-15,2022-07-15
한국마사회 경주 요약성적표,"한국마사회 경주성적(경주기록, 경주성적, 요약성적 등) 데이터를 제공합니다.",https://data.mafra.go.kr/opendata/data/indexOpenDataDetail.do?data_id=20220715000000002193,한국마사회,링크,수시,20220715000000002193,2022-07-15,2022-07-15
한국마사회_조교사월별조교비율,"서울, 제주, 부경 경마장 조교년월과 순위, 조교두수, 조교시간, 보유두수 대비 조교비율, 조, 조교사번호, 조교사명 등 정보 제공",https://data.mafra.go.kr/opendata/data/indexOpenDataDetail.do?data_id=20220715000000002196,한국마사회,링크,수시,20220715000000002196,2022-07-15,2022-07-15
한국마사회 경주마명 변경 정보,"한국마사회 경주마(경주마 프로필, 경주성적 등) 데이터를 제공합니다.",https://data.mafra.go.kr/opendata/data/indexOpenDataDetail.do?data_id=20220715000000002194,한국마사회,링크,수시,20220715000000002194,2022-07-15,2022-07-15
한국마사회 마필진료 정보,"한국마사회 경주마(경주마 프로필, 경주성적 등) 데이터를 제공합니다.",https://data.mafra.go.kr/opendata/data/indexOpenDataDetail.do?data_id=20220715000000002195,한국마사회,링크,수시,20220715000000002195,2022-07-15,2022-07-15
한국마사회_조교사월별조교시간,"서울, 제주, 부경 경마장 조교년월, 순위, 두당 평균 조교시간, 조, 조교사번호, 조교사명 등에 대한 정보 제공",https://data.mafra.go.kr/opendata/data/indexOpenDataDetail.do?data_id=20220715000000002198,한국마사회,링크,수시,20220715000000002198,2022-07-15,2022-07-15
한국마사회 수입말 정보,"한국마사회에서 제공하는 말 수입, 수출에 대한 정보(출생일, 품종, 성별, 생산국, 원마명등)",https://data.mafra.go.kr/opendata/data/indexOpenDataDetail.do?data_id=20220715000000002197,한국마사회,링크,수시,20220715000000002197,2022-07-15,2022-07-15
한국마사회_조교사차주출전예정마,"서울, 제주, 부경 경마장 차주출전마 관련 등급, 조교사명, 마번, 마명, 조교일수, 조교시간, 마주 등 정보 제공",https://data.mafra.go.kr/opendata/data/indexOpenDataDetail.do?data_id=20220715000000002200,한국마사회,링크,수시,20220715000000002200,2022-07-15,2022-07-15
한국마사회 경주 구간별 성적 정보,"한국마사회 경주성적(경주기록, 경주성적, 요약성적 등) 데이터를 제공합니다.",https://data.mafra.go.kr/opendata/data/indexOpenDataDetail.do?data_id=20220715000000002199,한국마사회,링크,수시,20220715000000002199,2022-07-15,2022-07-15
한국마사회_조교사금주출전예정마,"서울, 제주, 부경 경마장 금주출전예정마 관련 등급, 조교사명, 마번, 마명, 조교일수, 조교시간, 마주명 관련 정보 제공",https://data.mafra.go.kr/opendata/data/indexOpenDataDetail.do?data_id=20220715000000002202,한국마사회,링크,수시,20220715000000002202,2022-07-15,2022-07-15
한국마사회 마필 구간별 경주기록,"한국마사회 경주마(경주마 프로필, 경주성적 등) 데이터를 제공합니다.",https://data.mafra.go.kr/opendata/data/indexOpenDataDetail.do?data_id=20220715000000002201,한국마사회,링크,수시,20220715000000002201,2022-07-15,2022-07-15
한국마사회_조교사일일조교일자,"서울, 제주, 부경 경마장 경주마 관련 조교사의 조교일자, 조교사번호, 조교사명, 소속조, 조교두수 등 정보 제공",https://data.mafra.go.kr/opendata/data/indexOpenDataDetail.do?data_id=20220715000000002205,한국마사회,링크,수시,20220715000000002205,2022-07-15,2022-07-15
한국마사회 경마 매출액 및 확정배당율,"한국마사회 배당률(예상배당률, 적중승식 등) 데이터를 제공합니다.",https://data.mafra.go.kr/opendata/data/indexOpenDataDetail.do?data_id=20220715000000002203,한국마사회,링크,수시,20220715000000002203,2022-07-15,2022-07-15
한국마사회 조교사 상세정보,"한국마사회 조교사(조교사 프로필, 경주성적 등) 데이터를 제공합니다.",https://data.mafra.go.kr/opendata/data/indexOpenDataDetail.do?data_id=20220715000000002204,한국마사회,링크,수시,20220715000000002204,2022-07-15,2022-07-15
한국마사회 마필종합 상세정보,"한국마사회 경마시행(경주계획, 경마계획, 대상경주 등) 데이터를 제공합니다.",https://data.mafra.go.kr/opendata/data/indexOpenDataDetail.do?data_id=20220715000000002207,한국마사회,링크,수시,20220715000000002207,2022-07-15,2022-07-15
한국마사회 포입씨암말 정보,"한국 마사회 제공 포입말(마번, 마명, 부마명, 모마명, 승률, 수득상금등)에 대한 정보",https://data.mafra.go.kr/opendata/data/indexOpenDataDetail.do?data_id=20220715000000002209,한국마사회,링크,수시,20220715000000002209,2022-07-15,2022-07-15
한국마사회 출전마 장구사용 및 폐출혈 정보,"한국마사회 경주출전(경주일자, 기승기수, 경주마 등) 장구사용 및 폐출혈 데이터를 제공",https://data.mafra.go.kr/opendata/data/indexOpenDataDetail.do?data_id=20220715000000002212,한국마사회,링크,수시,20220715000000002212,2022-07-15,2022-07-15
한국마사회_조교사기간별전적비교,"서울, 제주, 부경 경마장 기간별 조교사번호, 조교사명, 통산 1,2,3착 횟수, 통산 총 출주횟수, 착순 상금, 승률, 복승률 관련 정보 제공.",https://data.mafra.go.kr/opendata/data/indexOpenDataDetail.do?data_id=20220715000000002206,한국마사회,링크,수시,20220715000000002206,2022-07-15,2022-07-15
한국마사회 경주마 등급변동 정보,"한국마사회 경주마(경주마 프로필, 경주성적 등) 데이터를 제공합니다.",https://data.mafra.go.kr/opendata/data/indexOpenDataDetail.do?data_id=20220715000000002213,한국마사회,링크,수시,20220715000000002213,2022-07-15,2022-07-15
한국마사회 경주마 상세정보,"한국마사회 경주마(경주마 프로필, 경주성적 등) 데이터를 제공합니다.",https://data.mafra.go.kr/opendata/data/indexOpenDataDetail.do?data_id=20220715000000002215,한국마사회,링크,수시,20220715000000002215,2022-07-15,2022-07-15
한국마사회_조교사통산전적비교,"서울, 제주, 부경 경마장 조교사번호, 조교사명, 통산 1,2,3착 횟수, 통산 총출주횟수, 착순상금, 승률, 복승률 관련 정보 제공.",https://data.mafra.go.kr/opendata/data/indexOpenDataDetail.do?data_id=20220715000000002208,한국마사회,링크,수시,20220715000000002208,2022-07-15,2022-07-15
한국마사회 전자입찰 공고정보,"한국마사회에서 제공하는 전자입찰 정보(계약정보, 낙찰정보, 공고정보 등)",https://data.mafra.go.kr/opendata/data/indexOpenDataDetail.do?data_id=20220715000000002219,한국마사회,링크,수시,20220715000000002219,2022-07-15,2022-07-15
한국마사회_조교사최근1년성적비교,"서울, 제주, 부경 경마장 조교사번호, 조교사명, 최근1년 1,2,3착 횟수, 착순 상금, 승률, 복승률 관련 정보 제공.",https://data.mafra.go.kr/opendata/data/indexOpenDataDetail.do?data_id=20220715000000002210,한국마사회,링크,수시,20220715000000002210,2022-07-15,2022-07-15
한국마사회 3착마 적중승식 예상배당률 정보,"한국마사회 배당률(예상배당률, 적중승식 등) 데이터를 제공합니다.",https://data.mafra.go.kr/opendata/data/indexOpenDataDetail.do?data_id=20220715000000002220,한국마사회,링크,수시,20220715000000002220,2022-07-15,2022-07-15
한국마사회_퇴역조교사,"서울, 제주, 부경 경마장 퇴역조교사명, 소속조, 데뷔일자, 퇴사일자, 최근 1년 경주수, 최근1년 1,2,3위 경주수, 통산경주수, 통산 1,2,3위 경주수 등 정보 제공",https://data.mafra.go.kr/opendata/data/indexOpenDataDetail.do?data_id=20220715000000002211,한국마사회,링크,수시,20220715000000002211,2022-07-15,2022-07-15
한국마사회 전국 승마장 정보,"한국마사회 승마(승마시설명, 위치, 연락처, 승용마 정보 등) 데이터를 제공합니다.",https://data.mafra.go.kr/opendata/data/indexOpenDataDetail.do?data_id=20220715000000002222,한국마사회,링크,수시,20220715000000002222,2022-07-15,2022-07-15
한국마사회_현역조교사,"서울, 제주, 부경 경마장 현역조교사명, 소속조, 데뷔일자, 최근1년 경주수, 최근1년 1,2,3위 경주 수, 통산경주수, 통산 1,2,3위 경주수, 위탁두수 등 정보 제공.",https://data.mafra.go.kr/opendata/data/indexOpenDataDetail.do?data_id=20220715000000002214,한국마사회,링크,수시,20220715000000002214,2022-07-15,2022-07-15
한국마사회 경주기록 정보,"한국마사회 경주성적(경주기록, 경주성적, 요약성적 등) 데이터를 제공합니다.",https://data.mafra.go.kr/opendata/data/indexOpenDataDetail.do?data_id=20220715000000002224,한국마사회,링크,수시,20220715000000002224,2022-07-15,2022-07-15
한국마사회_기수일일조교일자,"서울, 제주, 부경 경마장 기수가 조교하는 경주마들에 관한 조교일자, 기수번호, 기수명, 소속 조교사명, 조교두수 등 정보 제공.",https://data.mafra.go.kr/opendata/data/indexOpenDataDetail.do?data_id=20220715000000002216,한국마사회,링크,수시,20220715000000002216,2022-07-15,2022-07-15
한국마사회 포입말 정보,"한국 마사회 제공 포입말(마번, 마명, 부마명, 모마명, 승률, 수득상금등)에 대한 정보",https://data.mafra.go.kr/opendata/data/indexOpenDataDetail.do?data_id=20220715000000002226,한국마사회,링크,수시,20220715000000002226,2022-07-15,2022-07-15
한국마사회_기수기간별성적비교,"서울, 부경, 제주 경마장 특정기간별 기수명, 기수번호, 기간내 총 출전 횟수, 기간내 1,2,3착 횟수, 승률, 복승률관련 정보 제공.",https://data.mafra.go.kr/opendata/data/indexOpenDataDetail.do?data_id=20220715000000002217,한국마사회,링크,수시,20220715000000002217,2022-07-15,2022-07-15
"한국마사회 마필,기수,조교사 통산경주기록","한국마사회 경주성적(경주기록, 경주성적, 요약성적 등) 데이터를 제공합니다.",https://data.mafra.go.kr/opendata/data/indexOpenDataDetail.do?data_id=20220715000000002229,한국마사회,링크,수시,20220715000000002229,2022-07-15,2022-07-15
한국마사회 전자입찰 낙찰정보,"한국마사회에서 제공하는 전자입찰 정보입니다.(계약정보, 낙찰정보, 공고정보 등)",https://data.mafra.go.kr/opendata/data/indexOpenDataDetail.do?data_id=20220715000000002231,한국마사회,링크,수시,20220715000000002231,2022-07-15,2022-07-15
한국마사회_기수통산성적비교,"서울, 부산, 제주 경마장 기수번호, 기수명, 통산1,2,3착 횟수, 승률, 복승률, 착순상금, 통산총출전횟수 등의 데이터를 제공.",https://data.mafra.go.kr/opendata/data/indexOpenDataDetail.do?data_id=20220715000000002218,한국마사회,링크,수시,20220715000000002218,2022-07-15,2022-07-15
한국마사회 전자입찰 계약정보,"한국마사회에서 제공하는 전자입찰 정보입니다.(계약정보, 낙찰정보, 공고정보 등)",https://data.mafra.go.kr/opendata/data/indexOpenDataDetail.do?data_id=20220715000000002233,한국마사회,링크,수시,20220715000000002233,2022-07-15,2022-07-15
한국마사회 예상배당률 통합 정보,"한국마사회 배당률(예상배당률, 적중승식 등) 데이터를 제공합니다.",https://data.mafra.go.kr/opendata/data/indexOpenDataDetail.do?data_id=20220715000000002234,한국마사회,링크,수시,20220715000000002234,2022-07-15,2022-07-15
한국마사회_기수최근1년성적비교,"서울, 부경, 제주 경마장 기수번호, 기수명, 최근 1년 1착횟수, 승률, 복승률, 착순상금, 최근1년총출전횟수 등 관련 정보 제공",https://data.mafra.go.kr/opendata/data/indexOpenDataDetail.do?data_id=20220715000000002221,한국마사회,링크,수시,20220715000000002221,2022-07-15,2022-07-15
한국마사회 출전표 상세정보,"한국마사회 경주출전(경주일자, 기승기수, 경주마 등) 데이터를 제공합니다.",https://data.mafra.go.kr/opendata/data/indexOpenDataDetail.do?data_id=20220715000000002236,한국마사회,링크,수시,20220715000000002236,2022-07-15,2022-07-15
한국마사회_조교사별두수,"서울, 부경, 제주 경마장 조교사 번호, 조교사명과 등급(서울,부경의 경우 외산 4등급, 국산6등급 / 제주의 경우 한라 4등급, 제주마 6등급) , 전체마 합계 등 관련 정보.",https://data.mafra.go.kr/opendata/data/indexOpenDataDetail.do?data_id=20220715000000002223,한국마사회,링크,수시,20220715000000002223,2022-07-15,2022-07-15
한국마사회 경주마 성적 정보,"한국마사회 경주성적(경주기록, 경주성적, 요약성적 등) 데이터를 제공합니다.",https://data.mafra.go.kr/opendata/data/indexOpenDataDetail.do?data_id=20220715000000002238,한국마사회,링크,수시,20220715000000002238,2022-07-15,2022-07-15
한국마사회 일별훈련 상세정보,"한국마사회 경주마 훈련(훈련일자, 훈련마명, 훈련시간 등) 데이터를 제공합니다.",https://data.mafra.go.kr/opendata/data/indexOpenDataDetail.do?data_id=20220715000000002240,한국마사회,링크,수시,20220715000000002240,2022-07-15,2022-07-15
한국마사회_마주별두수,"서울, 부경, 제주 경마장 마주번호, 마주명과 등급(서울,부경의 경우 외산4개등급, 국산6개등급, 제주의 경우 한라마4개등급, 제주마4개등급) 관련 정보 제공.",https://data.mafra.go.kr/opendata/data/indexOpenDataDetail.do?data_id=20220715000000002225,한국마사회,링크,수시,20220715000000002225,2022-07-15,2022-07-15
한국마사회 출발훈련 정보,"한국마사회 경주마 훈련(훈련일자, 훈련마명, 훈련시간 등) 데이터를 제공합니다.",https://data.mafra.go.kr/opendata/data/indexOpenDataDetail.do?data_id=20220715000000002241,한국마사회,링크,수시,20220715000000002241,2022-07-15,2022-07-15
한국마사회_경주마명단,"서울, 제주, 부경 경마장 마번, 마명, 소속조, 경주마 등급, 산지, 성별, 연력, 시작일자, 데뷔일자, 전적, 1년 총수득상금, 총수득상금, 성별과 레이팅 관련 정보 제공.",https://data.mafra.go.kr/opendata/data/indexOpenDataDetail.do?data_id=20220715000000002227,한국마사회,링크,수시,20220715000000002227,2022-07-15,2022-07-15
한국마사회 1착마 적중승식 예상배당률 정보,"한국마사회 배당률(예상배당률, 적중승식 등) 데이터를 제공합니다.",https://data.mafra.go.kr/opendata/data/indexOpenDataDetail.do?data_id=20220715000000002242,한국마사회,링크,수시,20220715000000002242,2022-07-15,2022-07-15
한국마사회_경주별상세성적표,"서울, 부산경남, 제주 경마장 경주일자, 경주번호에 대하여 착순, 출주번호, 마명, 부담중량, 기수 정보, 조교사 정보, 마주정보, 마체중관련 정보 제공.",https://data.mafra.go.kr/opendata/data/indexOpenDataDetail.do?data_id=20220715000000002228,한국마사회,링크,수시,20220715000000002228,2022-07-15,2022-07-15
한국마사회 경주개요 정보,"한국마사회 경주성적(경주기록, 경주성적, 요약성적 등) 데이터를 제공합니다.",https://data.mafra.go.kr/opendata/data/indexOpenDataDetail.do?data_id=20220715000000002243,한국마사회,링크,수시,20220715000000002243,2022-07-15,2022-07-15
한국마사회_현직기수정보,"&#34;서울, 부산경남, 제주 경마장 현직기수정보 ( 기수명, 기수번호, 소속조, 통산 1위횟수, 통산 1착횟수, 2착횟수, 3착횟수, 기능가능중량 등 )&#34;",https://data.mafra.go.kr/opendata/data/indexOpenDataDetail.do?data_id=20220715000000002230,한국마사회,링크,수시,20220715000000002230,2022-07-15,2022-07-15
한국마사회 승식별 최고배당률 정보,"한국마사회 배당률(예상배당률, 적중승식 등) 데이터를 제공합니다.",https://data.mafra.go.kr/opendata/data/indexOpenDataDetail.do?data_id=20220715000000002244,한국마사회,링크,수시,20220715000000002244,2022-07-15,2022-07-15
한국마사회_퇴직기수정보,"&#34;서울, 부산경남, 제주 경마장 퇴직기수정보 ( 기수명, 기수번호, 소속조, 은퇴일자, 통산 총출주횟수, 1위횟수, 2위횟수, 3위횟수, 퇴직일 등 )&#34;",https://data.mafra.go.kr/opendata/data/indexOpenDataDetail.do?data_id=20220715000000002232,한국마사회,링크,수시,20220715000000002232,2022-07-15,2022-07-15
한국마사회 대상경주 연간계획,"한국마사회 경마시행(경주계획, 경마계획, 대상경주 등) 데이터를 제공합니다.",https://data.mafra.go.kr/opendata/data/indexOpenDataDetail.do?data_id=20220715000000002246,한국마사회,링크,수시,20220715000000002246,2022-07-15,2022-07-15
한국마사회_언덕주로 훈련정보,"&#34;한국마사회에서 제공하는 언덕주로 조교에 관한 훈련정보 (조교 해당 목장, 마필, 성별, 칩번호, 조교일, 조교시간, 기록등에 대한 정보를 제공.)&#34;",https://data.mafra.go.kr/opendata/data/indexOpenDataDetail.do?data_id=20220715000000002235,한국마사회,링크,수시,20220715000000002235,2022-07-15,2022-07-15
한국마사회 씨수말 정보,"한국마사회 제공 씨암수말(마번, 마명, 수입년도, 생산국, 소유자등)에 대한 정보",https://data.mafra.go.kr/opendata/data/indexOpenDataDetail.do?data_id=20220715000000002247,한국마사회,링크,수시,20220715000000002247,2022-07-15,2022-07-15
한국마사회_RC경마경주정보,서울에서 개최되는 경마 경주 정보입니다.,https://data.mafra.go.kr/opendata/data/indexOpenDataDetail.do?data_id=20220715000000002249,한국마사회,링크,수시,20220715000000002249,2022-07-15,2022-07-15
한국마사회_경마경주정보,한국마사회에서 개최하는 연간경주계획을 표출한다.,https://data.mafra.go.kr/opendata/data/indexOpenDataDetail.do?data_id=20220715000000002251,한국마사회,링크,수시,20220715000000002251,2022-07-15,2022-07-15
한국마사회_경마교육원 교육마 정보,한국마사회 경마교육원 교육마 정보,https://data.mafra.go.kr/opendata/data/indexOpenDataDetail.do?data_id=20220715000000002253,한국마사회,링크,수시,20220715000000002253,2022-07-15,2022-07-15
한국마사회_경주로정보,"한국마사회 경주로의 습도, 기온등의 정보를 표출함.",https://data.mafra.go.kr/opendata/data/indexOpenDataDetail.do?data_id=20220715000000002254,한국마사회,링크,수시,20220715000000002254,2022-07-15,2022-07-15
한국마사회_경주마인기투표정보,한국마사회 경주마인기투표 정보,https://data.mafra.go.kr/opendata/data/indexOpenDataDetail.do?data_id=20220715000000002255,한국마사회,링크,수시,20220715000000002255,2022-07-15,2022-07-15
한국마사회_경주마장제정보,한국마사회 경주마장제 정보,https://data.mafra.go.kr/opendata/data/indexOpenDataDetail.do?data_id=20220715000000002257,한국마사회,링크,수시,20220715000000002257,2022-07-15,2022-07-15
한국마사회_교배정보,한국마사회 교배정보,https://data.mafra.go.kr/opendata/data/indexOpenDataDetail.do?data_id=20220715000000002259,한국마사회,링크,수시,20220715000000002259,2022-07-15,2022-07-15
한국마사회_마필용도정보,한국마사회 마필용도정보,https://data.mafra.go.kr/opendata/data/indexOpenDataDetail.do?data_id=20220715000000002260,한국마사회,링크,수시,20220715000000002260,2022-07-15,2022-07-15
한국마사회_마필접종정보,한국마사회 마필접종정보,https://data.mafra.go.kr/opendata/data/indexOpenDataDetail.do?data_id=20220715000000002263,한국마사회,링크,수시,20220715000000002263,2022-07-15,2022-07-15
한국마사회_육성마심사정보,한국마사회 육성마심사정보,https://data.mafra.go.kr/opendata/data/indexOpenDataDetail.do?data_id=20220715000000002265,한국마사회,링크,수시,20220715000000002265,2022-07-15,2022-07-15
한국마사회_응급구호정보,한국마사회 응급구호정보,https://data.mafra.go.kr/opendata/data/indexOpenDataDetail.do?data_id=20220715000000002266,한국마사회,링크,수시,20220715000000002266,2022-07-15,2022-07-15
한국마사회_마필경주별 상금정보,"&#34;한국마사회에서 경주 결과에 대한 마필별 수득상금 및 기타정보를 제공 ( 시행경마장, 경주일자, 경주번호, 경주일수, 경주거리, 등급조건, 부담, 상금,연령, 착순상금, 부가상금 등의 자료)&#34;",https://data.mafra.go.kr/opendata/data/indexOpenDataDetail.do?data_id=20220715000000002237,한국마사회,링크,수시,20220715000000002237,2022-07-15,2022-07-15
한국마사회_진료소방역정보,한국마사회 진료소방역정보,https://data.mafra.go.kr/opendata/data/indexOpenDataDetail.do?data_id=20220715000000002268,한국마사회,링크,수시,20220715000000002268,2022-07-15,2022-07-15
한국마사회_스마트마방 기초정보,"&#34;한국마사회에서 관리되는 마필에 대한 기본정보를 제공한다. (마필에 관한 마번, 마명, 출생일자, 등록일자, 품종, 소재지, 소속조, 성별, 용도, 조교사, 마주등의 정보)&#34;",https://data.mafra.go.kr/opendata/data/indexOpenDataDetail.do?data_id=20220715000000002239,한국마사회,링크,수시,20220715000000002239,2022-07-15,2022-07-15
한국마사회_해외경주성적정보,한국마사회 해외경주성적정보,https://data.mafra.go.kr/opendata/data/indexOpenDataDetail.do?data_id=20220715000000002270,한국마사회,링크,수시,20220715000000002270,2022-07-15,2022-07-15
한국마사회_수영훈련정보,한국마사회 수영훈련정보,https://data.mafra.go.kr/opendata/data/indexOpenDataDetail.do?data_id=20220715000000002245,한국마사회,링크,수시,20220715000000002245,2022-07-15,2022-07-15
한국마사회_심판리포트정보,한국마사회 심판리포트정보,https://data.mafra.go.kr/opendata/data/indexOpenDataDetail.do?data_id=20220715000000002248,한국마사회,링크,수시,20220715000000002248,2022-07-15,2022-07-15
한국마사회_경주성적정보,한국마사회 경주성적정보,https://data.mafra.go.kr/opendata/data/indexOpenDataDetail.do?data_id=20220715000000002250,한국마사회,링크,수시,20220715000000002250,2022-07-15,2022-07-15
한국마사회_지사좌석판매정보,한국마사회 지사좌석판매정보,https://data.mafra.go.kr/opendata/data/indexOpenDataDetail.do?data_id=20220715000000002252,한국마사회,링크,수시,20220715000000002252,2022-07-15,2022-07-15
한국마사회_지사좌석정원정보,한국마사회 지사좌석정원정보,https://data.mafra.go.kr/opendata/data/indexOpenDataDetail.do?data_id=20220715000000002256,한국마사회,링크,수시,20220715000000002256,2022-07-15,2022-07-15
한국마사회_지사좌석요금정보,한국마사회 지사좌석요금정보,https://data.mafra.go.kr/opendata/data/indexOpenDataDetail.do?data_id=20220715000000002258,한국마사회,링크,수시,20220715000000002258,2022-07-15,2022-07-15
한국마사회_입장인원정보,한국마사회 입장인원정보,https://data.mafra.go.kr/opendata/data/indexOpenDataDetail.do?data_id=20220715000000002261,한국마사회,링크,수시,20220715000000002261,2022-07-15,2022-07-15
한국마사회_발매창구정보,한국마사회 발매창구정보,https://data.mafra.go.kr/opendata/data/indexOpenDataDetail.do?data_id=20220715000000002262,한국마사회,링크,수시,20220715000000002262,2022-07-15,2022-07-15
한국마사회_발매금액정보,한국마사회 발매금액정보,https://data.mafra.go.kr/opendata/data/indexOpenDataDetail.do?data_id=20220715000000002267,한국마사회,링크,수시,20220715000000002267,2022-07-15,2022-07-15
한국마사회_발매금액관리정보,한국마사회 발매금액관리정보,https://data.mafra.go.kr/opendata/data/indexOpenDataDetail.do?data_id=20220715000000002269,한국마사회,링크,수시,20220715000000002269,2022-07-15,2022-07-15
한국마사회_구매성향정보,한국마사회 구매성향정보,https://data.mafra.go.kr/opendata/data/indexOpenDataDetail.do?data_id=20220715000000002271,한국마사회,링크,수시,20220715000000002271,2022-07-15,2022-07-15
한국마사회_레츠런파크 트랙정보,한국마사회 레츠런파크 트랙정보,https://data.mafra.go.kr/opendata/data/indexOpenDataDetail.do?data_id=20220715000000002273,한국마사회,링크,수시,20220715000000002273,2022-07-15,2022-07-15
한국마사회_레츠런파크 좌석정보,한국마사회 레츠런파크 좌석정보,https://data.mafra.go.kr/opendata/data/indexOpenDataDetail.do?data_id=20220715000000002275,한국마사회,링크,수시,20220715000000002275,2022-07-15,2022-07-15
한국마사회_레츠런파크 이벤트정보,한국마사회 레츠런파크 이벤트정보,https://data.mafra.go.kr/opendata/data/indexOpenDataDetail.do?data_id=20220715000000002276,한국마사회,링크,수시,20220715000000002276,2022-07-15,2022-07-15
한국마사회_레츠런파크 시설정보,한국마사회 레츠런파크 시설정보,https://data.mafra.go.kr/opendata/data/indexOpenDataDetail.do?data_id=20220715000000002277,한국마사회,링크,수시,20220715000000002277,2022-07-15,2022-07-15
한국마사회_레츠런파크 선수단성적정보,한국마사회 레츠런파크 선수단성적정보,https://data.mafra.go.kr/opendata/data/indexOpenDataDetail.do?data_id=20220715000000002274,한국마사회,링크,수시,20220715000000002274,2022-07-15,2022-07-15
한국마사회_CCC 문화강의정보,한국마사회 CCC 문화강의정보,https://data.mafra.go.kr/opendata/data/indexOpenDataDetail.do?data_id=20220715000000002272,한국마사회,링크,수시,20220715000000002272,2022-07-15,2022-07-15
공항만 외래병해충 검출 정보,"컨테이너,입국장,우편특송물류센에서국제식물검역인증원의검역을통해발견된외래병해충검출정보로월별지역정보,관리,잠정,비검역,건수,마리수등을제공한다",https://data.mafra.go.kr/opendata/data/indexOpenDataDetail.do?data_id=20220714000000002160,국제식물검역인증원,파일,주기없음,20220714000000002160,2022-07-14,2022-07-14
아시아매미나방 발생 정보,"국제식물검역인증원에서조사한아시아매미나방에발생정보에대한것으로월별지역,항구별,예찰트랩별,아시아매미나방채집수를제공한다",https://data.mafra.go.kr/opendata/data/indexOpenDataDetail.do?data_id=20220714000000002159,국제식물검역인증원,파일,주기없음,20220714000000002159,2022-07-14,2022-07-14
축산물 실시간 소도체 등급별경매현황정보,"축산물(소·돼지)에 대한 등급판정 결과, 고기 및 부산물 정보, 도매시장 정보, 경매 현황, 도페, 육질/육량 경락가격정보, 권역별 경략가격정보 등 축산물 등급 판정 및 경매에 관한 전반적인 정보 서비스를 제공함",https://data.mafra.go.kr/opendata/data/indexOpenDataDetail.do?data_id=20141016000000000271,축산물품질평가원,링크,수시,20141016000000000271,2022-07-13,2022-07-13
소 등급판정결과(확인서)정보,"축산물(소·돼지)에 대한 등급판정 결과, 고기 및 부산물 정보, 도매시장 정보, 경매 현황, 도페, 육질/육량 경락가격정보, 권역별 경략가격정보 등 축산물 등급 판정 및 경매에 관한 전반적인 정보 서비스를 제공함",https://data.mafra.go.kr/opendata/data/indexOpenDataDetail.do?data_id=20220215000000001913,축산물품질평가원,링크,수시,20220215000000001913,2022-07-13,2022-07-13
돼지 등급판정 부위별고기및부산물 정보,"축산물(소·돼지)에 대한 등급판정 결과, 고기 및 부산물 정보, 도매시장 정보, 경매 현황, 도페, 육질/육량 경락가격정보, 권역별 경략가격정보 등 축산물 등급 판정 및 경매에 관한 전반적인 정보 서비스를 제공함",https://data.mafra.go.kr/opendata/data/indexOpenDataDetail.do?data_id=20220215000000001909,축산물품질평가원,링크,수시,20220215000000001909,2022-07-13,2022-07-13
축산물 도매시장 소도체 등급별 경락가격정보,"축산물(소·돼지)에 대한 등급판정 결과, 고기 및 부산물 정보, 도매시장 정보, 경매 현황, 도페, 육질/육량 경락가격정보, 권역별 경략가격정보 등 축산물 등급 판정 및 경매에 관한 전반적인 정보 서비스를 제공함",https://data.mafra.go.kr/opendata/data/indexOpenDataDetail.do?data_id=20220215000000001903,축산물품질평가원,링크,수시,20220215000000001903,2022-07-13,2022-07-13
축산물 실시간 돼지도체 경매세부현황정보,"축산물(소·돼지)에 대한 등급판정 결과, 고기 및 부산물 정보, 도매시장 정보, 경매 현황, 도페, 육질/육량 경락가격정보, 권역별 경략가격정보 등 축산물 등급 판정 및 경매에 관한 전반적인 정보 서비스를 제공함",https://data.mafra.go.kr/opendata/data/indexOpenDataDetail.do?data_id=20141016000000000272,축산물품질평가원,링크,수시,20141016000000000272,2022-07-13,2022-07-13
소 권역별 경락가격현황,"축산물(소·돼지)에 대한 등급판정 결과, 고기 및 부산물 정보, 도매시장 정보, 경매 현황, 도페, 육질/육량 경락가격정보, 권역별 경략가격정보 등 축산물 등급 판정 및 경매에 관한 전반적인 정보 서비스를 제공함",https://data.mafra.go.kr/opendata/data/indexOpenDataDetail.do?data_id=20220215000000001925,축산물품질평가원,링크,수시,20220215000000001925,2022-07-13,2022-07-13
실시간 소도체 경매현황 조회,"축산물(소·돼지)에 대한 등급판정 결과, 고기 및 부산물 정보, 도매시장 정보, 경매 현황, 도페, 육질/육량 경락가격정보, 권역별 경략가격정보 등 축산물 등급 판정 및 경매에 관한 전반적인 정보 서비스를 제공함",https://data.mafra.go.kr/opendata/data/indexOpenDataDetail.do?data_id=20141016000000000270,축산물품질평가원,링크,수시,20141016000000000270,2022-07-13,2022-07-13
축산물 실시간 경매시황중계정보,"축산물(소·돼지)에 대한 등급판정 결과, 고기 및 부산물 정보, 도매시장 정보, 경매 현황, 도페, 육질/육량 경락가격정보, 권역별 경략가격정보 등 축산물 등급 판정 및 경매에 관한 전반적인 정보 서비스를 제공함",https://data.mafra.go.kr/opendata/data/indexOpenDataDetail.do?data_id=20141016000000000269,축산물품질평가원,링크,수시,20141016000000000269,2022-07-13,2022-07-13
돼지 권역별 경락가격 현황,"축산물(소·돼지)에 대한 등급판정 결과, 고기 및 부산물 정보, 도매시장 정보, 경매 현황, 도페, 육질/육량 경락가격정보, 권역별 경략가격정보 등 축산물 등급 판정 및 경매에 관한 전반적인 정보 서비스를 제공함",https://data.mafra.go.kr/opendata/data/indexOpenDataDetail.do?data_id=20220215000000001933,축산물품질평가원,링크,수시,20220215000000001933,2022-07-13,2022-07-13
축산물 돼지도체 경락가격 상세정보,"축산물(소·돼지)에 대한 등급판정 결과, 고기 및 부산물 정보, 도매시장 정보, 경매 현황, 도페, 육질/육량 경락가격정보, 권역별 경략가격정보 등 축산물 등급 판정 및 경매에 관한 전반적인 정보 서비스를 제공함",https://data.mafra.go.kr/opendata/data/indexOpenDataDetail.do?data_id=20220215000000001931,축산물품질평가원,링크,수시,20220215000000001931,2022-07-13,2022-07-13
축산물 소도체 육질등급별 경락가격정보,"축산물(소·돼지)에 대한 등급판정 결과, 고기 및 부산물 정보, 도매시장 정보, 경매 현황, 도페, 육질/육량 경락가격정보, 권역별 경략가격정보 등 축산물 등급 판정 및 경매에 관한 전반적인 정보 서비스를 제공함",https://data.mafra.go.kr/opendata/data/indexOpenDataDetail.do?data_id=20220215000000001928,축산물품질평가원,링크,수시,20220215000000001928,2022-07-13,2022-07-13
돼지 등급판정결과(확인서)정보,"축산물(소·돼지)에 대한 등급판정 결과, 고기 및 부산물 정보, 도매시장 정보, 경매 현황, 도페, 육질/육량 경락가격정보, 권역별 경략가격정보 등 축산물 등급 판정 및 경매에 관한 전반적인 정보 서비스를 제공함",https://data.mafra.go.kr/opendata/data/indexOpenDataDetail.do?data_id=20220215000000001915,축산물품질평가원,링크,수시,20220215000000001915,2022-07-13,2022-07-13
차·전통주·김치 전문인력 양성 및 교육훈련기관 지정 현황,차·전통주·김치 전문인력 양성 및 교육훈련기관 지정 현황,https://data.mafra.go.kr/opendata/data/indexOpenDataDetail.do?data_id=20220711000000002152,국립농산물품질관리원,파일,년간,20220711000000002152,2022-07-11,2024-06-07
공익직불금 연령별 지급금액,공익직불금 연령별 지급금액,https://data.mafra.go.kr/opendata/data/indexOpenDataDetail.do?data_id=20220630000000002133,농림축산식품부,파일,년간,20220630000000002133,2022-06-30,2024-06-25
공익직불금 시도별 지급현황,공익직불금 시도별 지급면적,https://data.mafra.go.kr/opendata/data/indexOpenDataDetail.do?data_id=20220630000000002131,농림축산식품부,파일,주기없음,20220630000000002131,2022-06-30,2024-06-25
공익직불금 면적별 지급현황,공익직불금 면적별 지급면적,https://data.mafra.go.kr/opendata/data/indexOpenDataDetail.do?data_id=20220630000000002132,농림축산식품부,파일,년간,20220630000000002132,2022-06-30,2024-06-25
공익직불금 지급 데이터,공익직불금 지급 데이터,https://data.mafra.go.kr/opendata/data/indexOpenDataDetail.do?data_id=20220630000000002130,농림축산식품부,파일,년간,20220630000000002130,2022-06-30,2024-06-25
귀농귀촌 우수사례집,촌에 살고 촌에 웃고(귀농귀촌 20인의 우수사례이야기),https://data.mafra.go.kr/opendata/data/indexOpenDataDetail.do?data_id=20220701000000002134,농림축산식품부,파일,년간,20220701000000002134,2022-06-30,2022-06-30
귀농귀촌 실태조사 결과보고서,"귀농귀촌 형태, 귀농귀촌 이유, 거주 지역 선택 이유 등",https://data.mafra.go.kr/opendata/data/indexOpenDataDetail.do?data_id=20220701000000002135,농림축산식품부,파일,년간,20220701000000002135,2022-06-30,2025-07-01
농림축산식품부_농림축산식품사업 시행지침서,"연도별 농림축삭식품분야 사업시행지침서로 사업명, 분야, 신청자격, 자금유형, 담당기관 등의 데이터를 제공합니다.",https://data.mafra.go.kr/opendata/data/indexOpenDataDetail.do?data_id=20220628000000002121,농림축산식품부,파일,주기없음,20220628000000002121,2022-06-28,2024-06-27
농림축산식품분야 보조금 현황,농림축산식품분야 보조금 현황을 공개합니다.,https://data.mafra.go.kr/opendata/data/indexOpenDataDetail.do?data_id=20220628000000002124,농림축산식품부,파일,주기없음,20220628000000002124,2022-06-28,2023-07-19
농림축산식품부_농축산물 품목분류(HSK) 및 관세율,"HSK(관세,통계통합 품목분류표) 중 농축산물의 세번별 세율(기본세율, 양허관세, 시장접근세율 등), 관세율 및 HS 개요 등이 정리된 데이터",https://data.mafra.go.kr/opendata/data/indexOpenDataDetail.do?data_id=20220627000000002117,농림축산식품부,파일,주기없음,20220627000000002117,2022-06-27,2023-07-28
야생조류 고병원성 조류인플루엔자 발생현황,야생조류 고병원성 조류인플루엔자 발생현황 공개,https://data.mafra.go.kr/opendata/data/indexOpenDataDetail.do?data_id=20220620000000002110,농림축산식품부,링크,수시,20220620000000002110,2022-06-20,2023-08-07
농산물 안전성 검사기관 지정 현황,"국립농산물품질관리원에서 관리하는 안전성 검사기관 지정현황(지정번호, 지정일자, 기관명, 검사기관 소재지, 업무범위, 유해물질항목)",https://data.mafra.go.kr/opendata/data/indexOpenDataDetail.do?data_id=20181019000000000980,국립농산물품질관리원,파일,년간,20181019000000000980,2022-06-13,2024-06-07
원산지표시 업태별 적발현황,"국립농산물품질관리원에서 관리하는 농축산물 원산지표시 업태별 적발현황(연도, 업종, 거짓표시 적발실적, 미표시 적발실적)",https://data.mafra.go.kr/opendata/data/indexOpenDataDetail.do?data_id=20220613000000002102,국립농산물품질관리원,파일,년간,20220613000000002102,2022-06-13,2024-06-07
원산지 인증정보,"국립농산물품질관리원에서 관리하는 농산물 원산지 인증정보(인증번호, 최초인증일, 인증유효기간, 인증업체명, 제품명, 원산지, 비율, 인증기관)",https://data.mafra.go.kr/opendata/data/indexOpenDataDetail.do?data_id=20220609000000002101,국립농산물품질관리원,파일,반기,20220609000000002101,2022-06-09,2024-06-07
사료검정 정보,"사료의 품질 및 안전관리를 위한 일반성분, 유해성분 등 검정 정보(유해물질, 동물약품, 농약, 일반성분, 광물질, 보조제, 미생물, 기타성분)",https://data.mafra.go.kr/opendata/data/indexOpenDataDetail.do?data_id=20220609000000002100,국립농산물품질관리원,파일,년간,20220609000000002100,2022-06-09,2024-06-07
한국농어촌공사_경지정리현황도(2009년),"2009년까지 조사된 예정지 및 기시행 일반,대구획경지정리현황도 (SHP파일)",https://data.mafra.go.kr/opendata/data/indexOpenDataDetail.do?data_id=20220524000000002098,한국농어촌공사,파일,주기없음,20220524000000002098,2022-05-23,2024-06-28
친환경 농산물 소매가격,친환경 농산물의 소매가격 제공,https://data.mafra.go.kr/opendata/data/indexOpenDataDetail.do?data_id=20220222000000002094,한국농수산식품유통공사,링크,일간,20220222000000002094,2022-02-22,2022-03-18
도매시장별 출하량 정보,도매시장별 출하량 정보 제공,https://data.mafra.go.kr/opendata/data/indexOpenDataDetail.do?data_id=20220222000000002093,한국농수산식품유통공사,링크,일간,20220222000000002093,2022-02-22,2022-03-18
제주도 당근 항공촬영 정보,팜맵을 기반으로 한 제주도 작목별 항공촬영 정보(이미지),https://data.mafra.go.kr/opendata/data/indexOpenDataDetail.do?data_id=20220221000000002082,농림수산식품교육문화정보원,파일,주기없음,20220221000000002082,2022-02-21,2022-03-18
제주도 마늘 항공촬영 정보,팜맵을 기반으로 한 제주도 작목별 항공촬영 정보(이미지),https://data.mafra.go.kr/opendata/data/indexOpenDataDetail.do?data_id=20220221000000002083,농림수산식품교육문화정보원,파일,주기없음,20220221000000002083,2022-02-21,2022-03-18
제주도 브로콜리 항공촬영 정보,팜맵을 기반으로 한 제주도 작목별 항공촬영 정보(이미지),https://data.mafra.go.kr/opendata/data/indexOpenDataDetail.do?data_id=20220221000000002084,농림수산식품교육문화정보원,파일,주기없음,20220221000000002084,2022-02-21,2022-03-18
제주도 양파 항공촬영 정보,팜맵을 기반으로 한 제주도 작목별 항공촬영 정보(이미지),https://data.mafra.go.kr/opendata/data/indexOpenDataDetail.do?data_id=20220221000000002085,농림수산식품교육문화정보원,파일,주기없음,20220221000000002085,2022-02-21,2022-03-18
제주도 감귤 항공촬영 정보,팜맵을 기반으로 한 제주도 작목별 항공촬영 정보(이미지),https://data.mafra.go.kr/opendata/data/indexOpenDataDetail.do?data_id=20220221000000002081,농림수산식품교육문화정보원,파일,주기없음,20220221000000002081,2022-02-21,2022-03-18
농림축산식품부_종자산업법령집_2019,유전자변형생물체의 개발ㆍ생산ㆍ수입ㆍ수출ㆍ유통 등에 관한 안전성의 확보를 위하여 필요한 사항을 법령으로 정함,https://data.mafra.go.kr/opendata/data/indexOpenDataDetail.do?data_id=20191010000000001191,농림축산식품부,링크,년간,20191010000000001191,2022-02-17,2022-02-17
농림축산식품부_식물신품종 보호법령집(2013),유전자변형생물체의 개발ㆍ생산ㆍ수입ㆍ수출ㆍ유통 등에 관한 안전성의 확보를 위하여 필요한 사항을 법령으로 정함,https://data.mafra.go.kr/opendata/data/indexOpenDataDetail.do?data_id=20191010000000001192,농림축산식품부,링크,수시,20191010000000001192,2022-02-17,2022-02-17
시설채소 온실현황,"시도별 온실유형별(시설유형별, 규격시설별, 피복자재별 등)재배면적 현황",https://data.mafra.go.kr/opendata/data/indexOpenDataDetail.do?data_id=20220217000000002032,농림축산식품부,파일,년간,20220217000000002032,2022-02-17,2025-08-25
원산지표시 지역별 적발현황,"국립농산물품질관리원 원산지표시 지역별 적발현황(년도, 시도, 거짓표시 적발실적, 미표시 적발실적, 과태료)",https://data.mafra.go.kr/opendata/data/indexOpenDataDetail.do?data_id=20191011000000001215,국립농산물품질관리원,파일,년간,20191011000000001215,2022-02-17,2024-06-07
농협별.유종별 면세유 공급량_2023년,농협별.유종별 면세유 공급량,https://data.mafra.go.kr/opendata/data/indexOpenDataDetail.do?data_id=20240729000000002604,농림축산식품부,파일,년간,20240729000000002604,2022-02-17,2023-08-16
축종별 가축보험가입 통계정보,충판 및 전자북 제작(토론토)포함,https://data.mafra.go.kr/opendata/data/indexOpenDataDetail.do?data_id=20220217000000002079,농림축산식품부,파일,년간,20220217000000002079,2022-02-17,2024-07-03
축종별 가축보험가입 통계정보,충판 및 전자북 제작(토론토)포함,https://data.mafra.go.kr/opendata/data/indexOpenDataDetail.do?data_id=20161213000000000667,농림축산식품부,OpenAPI,년간,20161213000000000667,2022-02-17,2024-07-03
품목별 농작물 보험금지급 통계정보,충판 및 전자북 제작(토론토)포함,https://data.mafra.go.kr/opendata/data/indexOpenDataDetail.do?data_id=20220217000000002078,농림축산식품부,파일,년간,20220217000000002078,2022-02-17,2023-08-11
축종별 가축보험금지급 통계정보,충판 및 전자북 제작(토론토)포함,https://data.mafra.go.kr/opendata/data/indexOpenDataDetail.do?data_id=20220217000000002077,농림축산식품부,파일,년간,20220217000000002077,2022-02-17,2024-07-03
축종별 가축보험금지급 통계정보,충판 및 전자북 제작(토론토)포함,https://data.mafra.go.kr/opendata/data/indexOpenDataDetail.do?data_id=20161213000000000668,농림축산식품부,OpenAPI,년간,20161213000000000668,2022-02-17,2024-07-03
품목별 농작물보험료 통계정보,충판 및 전자북 제작(토론토)포함,https://data.mafra.go.kr/opendata/data/indexOpenDataDetail.do?data_id=20220217000000002076,농림축산식품부,파일,년간,20220217000000002076,2022-02-17,2023-08-11
품목별 농작물 보험가입 통계정보,충판 및 전자북 제작(토론토)포함,https://data.mafra.go.kr/opendata/data/indexOpenDataDetail.do?data_id=20220217000000002074,농림축산식품부,파일,년간,20220217000000002074,2022-02-17,2023-08-11
시도별 농작물 보험가입 통계정보,충판 및 전자북 제작(토론토)포함,https://data.mafra.go.kr/opendata/data/indexOpenDataDetail.do?data_id=20220217000000002073,농림축산식품부,파일,년간,20220217000000002073,2022-02-17,2023-08-11
시도별 농작물 보험금지급 통계정보,충판 및 전자북 제작(토론토)포함,https://data.mafra.go.kr/opendata/data/indexOpenDataDetail.do?data_id=20220217000000002071,농림축산식품부,파일,년간,20220217000000002071,2022-02-17,2023-08-11
농촌관광사업 등급 정보 현황,"농촌체험휴양마을 및 농촌민박 사업자를 대상으로 경관 및 서비스, 체험, 숙박, 음식 4개 분야에 대한 심사를 통해 결정된등급 정보(민박은 경관 및 서비스, 숙박 2개 분야)",https://data.mafra.go.kr/opendata/data/indexOpenDataDetail.do?data_id=20141127000000000364,농림축산식품부,OpenAPI,년간,20141127000000000364,2022-02-17,2025-09-30
년도별 농작물 보험금지급 통계정보,충판 및 전자북 제작(토론토)포함,https://data.mafra.go.kr/opendata/data/indexOpenDataDetail.do?data_id=20220217000000002070,농림축산식품부,파일,년간,20220217000000002070,2022-02-17,2023-08-11
년도별 농작물보험료 통계정보,충판 및 전자북 제작(토론토)포함,https://data.mafra.go.kr/opendata/data/indexOpenDataDetail.do?data_id=20220217000000002068,농림축산식품부,파일,년간,20220217000000002068,2022-02-17,2023-08-11
농축산물 FTA협정세율 현황,2014년 우리나라와 FTA를 체결한 나라(10개국)와의 협정세율 현황,https://data.mafra.go.kr/opendata/data/indexOpenDataDetail.do?data_id=20141031000000000350,농림축산식품부,파일,년간,20141031000000000350,2022-02-17,2025-07-01
시도별 농작물보험료 통계정보,충판 및 전자북 제작(토론토)포함,https://data.mafra.go.kr/opendata/data/indexOpenDataDetail.do?data_id=20220217000000002066,농림축산식품부,파일,년간,20220217000000002066,2022-02-17,2023-08-11
농축산물 관세율 현황,우리나라 농축산물의 WTO 양허관세율과 기본세율 자료,https://data.mafra.go.kr/opendata/data/indexOpenDataDetail.do?data_id=20220217000000002067,농림축산식품부,파일,년간,20220217000000002067,2022-02-17,2023-08-25
년도별 농작물 보험가입 통계정보,충판 및 전자북 제작(토론토)포함,https://data.mafra.go.kr/opendata/data/indexOpenDataDetail.do?data_id=20220217000000002064,농림축산식품부,파일,년간,20220217000000002064,2022-02-17,2023-08-11
시도별 사고원인 가축보험금지급 통계정보,충판 및 전자북 제작(토론토)포함,https://data.mafra.go.kr/opendata/data/indexOpenDataDetail.do?data_id=20220217000000002063,농림축산식품부,파일,년간,20220217000000002063,2022-02-17,2024-07-03
시도별 사고원인 가축보험금지급 통계정보,충판 및 전자북 제작(토론토)포함,https://data.mafra.go.kr/opendata/data/indexOpenDataDetail.do?data_id=20161213000000000663,농림축산식품부,OpenAPI,년간,20161213000000000663,2022-02-17,2024-07-03
컨설팅 분야별 지원현황,"농업경영컨설팅 지원현황(지원대상별, 컨설팅분야별)",https://data.mafra.go.kr/opendata/data/indexOpenDataDetail.do?data_id=20220217000000002062,농림축산식품부,파일,년간,20220217000000002062,2022-02-17,2022-02-17
지역별 가축 사육현황,"농업경영체 지역별, 소재지별, 품목별 현황 등을 제공",https://data.mafra.go.kr/opendata/data/indexOpenDataDetail.do?data_id=20201030000000001404,농림축산식품부,링크,주기없음,20201030000000001404,2022-02-17,2022-02-17
벼 재배면적 규모별 현황,"농업경영체 지역별, 소재지별, 품목별 현황 등을 제공",https://data.mafra.go.kr/opendata/data/indexOpenDataDetail.do?data_id=20201030000000001407,농림축산식품부,링크,주기없음,20201030000000001407,2022-02-17,2022-02-17
시군별 실제 지목 통계,"농업경영체 지역별, 소재지별, 품목별 현황 등을 제공",https://data.mafra.go.kr/opendata/data/indexOpenDataDetail.do?data_id=20201030000000001409,농림축산식품부,링크,주기없음,20201030000000001409,2022-02-17,2022-02-17
면적별 농가수,"농업경영체 지역별, 소재지별, 품목별 현황 등을 제공",https://data.mafra.go.kr/opendata/data/indexOpenDataDetail.do?data_id=20201030000000001408,농림축산식품부,링크,주기없음,20201030000000001408,2022-02-17,2022-02-17
논이모작 품목별 신청 지급 현황,"농업경영체 지역별, 소재지별, 품목별 현황 등을 제공",https://data.mafra.go.kr/opendata/data/indexOpenDataDetail.do?data_id=20201030000000001406,농림축산식품부,링크,주기없음,20201030000000001406,2022-02-17,2024-06-25
지역별 곤충 사육현황,"농업경영체 지역별, 소재지별, 품목별 현황 등을 제공",https://data.mafra.go.kr/opendata/data/indexOpenDataDetail.do?data_id=20201030000000001405,농림축산식품부,링크,주기없음,20201030000000001405,2022-02-17,2022-02-17
농축산물 특별긴급관세(SSG) 품목현황,UR 이행계획서상의 특별긴급관세 품목현황 : 관세상당치(TE)로 개방한 품목한 국내 농축산물에 피해를 줄 우려가 있는 경우 WTO에 양허한 세율을 초과하여 관세를 부과할 수 있는 품목현황,https://data.mafra.go.kr/opendata/data/indexOpenDataDetail.do?data_id=20220217000000002058,농림축산식품부,파일,년간,20220217000000002058,2022-02-17,2023-08-25
농업용 면세유 사용위반(용도외사용) 정보 현황,농업용 면세유 사용위반(용도외사용) 정보 현황,https://data.mafra.go.kr/opendata/data/indexOpenDataDetail.do?data_id=20240731000000002605,농림축산식품부,파일,년간,20240731000000002605,2022-02-17,2023-08-16
농업용 면세유 사용위반(용도외사용) 정보 현황,농업용 면세유 사용위반(용도외사용) 정보 현황,https://data.mafra.go.kr/opendata/data/indexOpenDataDetail.do?data_id=20220217000000002052,농림축산식품부,파일,주기없음,20220217000000002052,2022-02-17,2023-08-16
농업용 면세유 사용위반(용도외사용) 정보 현황,농업용 면세유 사용위반(용도외사용) 정보 현황,https://data.mafra.go.kr/opendata/data/indexOpenDataDetail.do?data_id=20141020000000000314,농림축산식품부,OpenAPI,주기없음,20141020000000000314,2022-02-17,2023-08-16
농협별.유종별 면세유 공급량,농협별.유종별 면세유 공급량,https://data.mafra.go.kr/opendata/data/indexOpenDataDetail.do?data_id=20220217000000002051,농림축산식품부,파일,주기없음,20220217000000002051,2022-02-17,2023-08-16
농협별.유종별 면세유 공급량,농협별.유종별 면세유 공급량,https://data.mafra.go.kr/opendata/data/indexOpenDataDetail.do?data_id=20141104000000000354,농림축산식품부,OpenAPI,주기없음,20141104000000000354,2022-02-17,2023-08-16
지역별.유종별 면세유 공급량_2023년,농업용 면세유 지역별.유종별 공급량,https://data.mafra.go.kr/opendata/data/indexOpenDataDetail.do?data_id=20240729000000002602,농림축산식품부,파일,년간,20240729000000002602,2022-02-17,2023-08-16
지역별.유종별 면세유 공급량,농업용 면세유 지역별.유종별 공급량,https://data.mafra.go.kr/opendata/data/indexOpenDataDetail.do?data_id=20220217000000002053,농림축산식품부,파일,주기없음,20220217000000002053,2022-02-17,2023-08-16
지역별.유종별 면세유 공급량,농업용 면세유 지역별.유종별 공급량,https://data.mafra.go.kr/opendata/data/indexOpenDataDetail.do?data_id=20141014000000000019,농림축산식품부,OpenAPI,주기없음,20141014000000000019,2022-02-17,2023-08-16
재배품목별 면세유 공급현황,"면세유의 지역별, 재배품목별 공급현황 자료",https://data.mafra.go.kr/opendata/data/indexOpenDataDetail.do?data_id=20220217000000002049,농림축산식품부,파일,주기없음,20220217000000002049,2022-02-17,2022-02-17
재배품목별 면세유 공급현황,"면세유의 지역별, 재배품목별 공급현황 자료",https://data.mafra.go.kr/opendata/data/indexOpenDataDetail.do?data_id=20141014000000000020,농림축산식품부,OpenAPI,주기없음,20141014000000000020,2022-02-17,2022-02-17
학교급식 친환경 농산물 주요 품목별 규모,학교급식 친환경 농산물 주요 품목(71개) 규모,https://data.mafra.go.kr/opendata/data/indexOpenDataDetail.do?data_id=20210930000000001625,농림축산식품부,파일,주기없음,20210930000000001625,2022-02-16,2022-02-16
가축 거래 상인 등록 현황,가축거래 상인에 대한 등록현황,https://data.mafra.go.kr/opendata/data/indexOpenDataDetail.do?data_id=20220216000000001969,농림축산식품부,파일,년간,20220216000000001969,2022-02-16,2024-09-26
대상질병별 농장 통계 데이터 제공,"축산물품질평가원의 축산물이력정보(소,돼지)와 가축위생방역지원본부(닭,오리 등 기타축종)의 축산농장방역정보를 기반으로 구축된 전국 축산농장에 대한 현황정보",https://data.mafra.go.kr/opendata/data/indexOpenDataDetail.do?data_id=20220823000000002326,농림축산식품부,OpenAPI,수시,20220823000000002326,2022-02-16,2022-02-16
사육규모별 농장 통계 데이터 제공,"축산물품질평가원의 축산물이력정보(소,돼지)와 가축위생방역지원본부(닭,오리 등 기타축종)의 축산농장방역정보를 기반으로 구축된 전국 축산농장에 대한 현황정보",https://data.mafra.go.kr/opendata/data/indexOpenDataDetail.do?data_id=20220823000000002327,농림축산식품부,OpenAPI,수시,20220823000000002327,2022-02-16,2022-02-16
운영상태별 농장 통계 데이터 제공,"축산물품질평가원의 축산물이력정보(소,돼지)와 가축위생방역지원본부(닭,오리 등 기타축종)의 축산농장방역정보를 기반으로 구축된 전국 축산농장에 대한 현황정보",https://data.mafra.go.kr/opendata/data/indexOpenDataDetail.do?data_id=20220823000000002328,농림축산식품부,OpenAPI,수시,20220823000000002328,2022-02-16,2022-02-16
축종별 농장 통계 데이터 제공,"축산물품질평가원의 축산물이력정보(소,돼지)와 가축위생방역지원본부(닭,오리 등 기타축종)의 축산농장방역정보를 기반으로 구축된 전국 축산농장에 대한 현황정보",https://data.mafra.go.kr/opendata/data/indexOpenDataDetail.do?data_id=20220823000000002329,농림축산식품부,OpenAPI,수시,20220823000000002329,2022-02-16,2022-02-16
업종별 농장 통계 데이터 제공,"축산물품질평가원의 축산물이력정보(소,돼지)와 가축위생방역지원본부(닭,오리 등 기타축종)의 축산농장방역정보를 기반으로 구축된 전국 축산농장에 대한 현황정보",https://data.mafra.go.kr/opendata/data/indexOpenDataDetail.do?data_id=20220824000000002330,농림축산식품부,OpenAPI,수시,20220824000000002330,2022-02-16,2022-02-16
지역별 농장 통계 데이터 제공,"축산물품질평가원의 축산물이력정보(소,돼지)와 가축위생방역지원본부(닭,오리 등 기타축종)의 축산농장방역정보를 기반으로 구축된 전국 축산농장에 대한 현황정보",https://data.mafra.go.kr/opendata/data/indexOpenDataDetail.do?data_id=20220824000000002331,농림축산식품부,OpenAPI,수시,20220824000000002331,2022-02-16,2022-02-16
2020년 주류산업 정보 실태조사,"주류산업정보 실태조사(주류 제조업체 현황,막걸지 제조업체 현황 등)결과",https://data.mafra.go.kr/opendata/data/indexOpenDataDetail.do?data_id=20141015000000000214,농림축산식품부,파일,주기없음,20141015000000000214,2022-02-16,2022-02-16
전통식품산업실태조사,전통식품제조업체 시장규모와 산업 전반 흐름을 파악을 위한 실태조사 정보,https://data.mafra.go.kr/opendata/data/indexOpenDataDetail.do?data_id=20141029000000000344,농림축산식품부,파일,주기없음,20141029000000000344,2022-02-16,2022-02-16
우유 및 유제품 생산소비 현황,"우유 및 유제품별 생산, 소비, 재고 통계조회 서비스",https://data.mafra.go.kr/opendata/data/indexOpenDataDetail.do?data_id=20191011000000001206,농림축산식품부,파일,년간,20191011000000001206,2022-02-16,2025-01-07
식품 산업별 원료 소비 실태,식품산업 원재료 농축산물 구매량 등 소비실태,https://data.mafra.go.kr/opendata/data/indexOpenDataDetail.do?data_id=20141015000000000209,농림축산식품부,파일,주기없음,20141015000000000209,2022-02-16,2023-08-28
원료별 국산 원료 사용 비중,원료별국산원료사용비중,https://data.mafra.go.kr/opendata/data/indexOpenDataDetail.do?data_id=20220216000000002023,농림축산식품부,파일,주기없음,20220216000000002023,2022-02-16,2023-08-28
과실출하약정 상세현황,"산지조합에서 생산하는 과실류의 수급안정을 위해 출하량, 출하금액, 출하시기등의 정보 (전국 산지 사과, 배, 단감, 감귤 및 출하 농협과 생산자간 출하약정한 시설채소의 출하량, 출하금액, 출하대금)",https://data.mafra.go.kr/opendata/data/indexOpenDataDetail.do?data_id=20220215000000001920,농림축산식품부,파일,년간,20220215000000001920,2022-02-15,2025-07-01
인공수정소 현황,지역별 가축인공수정사 면허취득현황 통계자료 및 인공수정소 현황,https://data.mafra.go.kr/opendata/data/indexOpenDataDetail.do?data_id=20141020000000000311,농림축산식품부,OpenAPI,년간,20141020000000000311,2022-02-15,2023-07-18
인공수정소 현황,지역별 가축인공수정사 면허취득현황 통계자료 및 인공수정소 현황,https://data.mafra.go.kr/opendata/data/indexOpenDataDetail.do?data_id=20220215000000001897,농림축산식품부,파일,년간,20220215000000001897,2022-02-15,2023-07-18
가축분뇨 작물별 액비살포현황,"축산농가 가축분뇨처리 및 자원화에 관한 자료로 축산농가, 액비저장조 관리 현황",https://data.mafra.go.kr/opendata/data/indexOpenDataDetail.do?data_id=20151028000000000495,농림축산식품부,OpenAPI,월간,20151028000000000495,2022-02-15,2025-07-01
곤충산업 현황 실태조사,곤충산업 현황 실태조사(지자체 행정조사를 통해 집계),https://data.mafra.go.kr/opendata/data/indexOpenDataDetail.do?data_id=20220215000000001906,농림축산식품부,링크,주기없음,20220215000000001906,2022-02-15,2023-04-28
2021년 과수고품질시설현대화사업,고품질ㆍ안전과실 생산과 생산비절감 및 생산성향상 기반구축 지원을 하는 사업에 대한 정보,https://data.mafra.go.kr/opendata/data/indexOpenDataDetail.do?data_id=20210930000000001621,농림축산식품부,파일,년간,20210930000000001621,2022-02-15,2025-07-01
과실류 가공내역,"과종품별 과실류 가공실적 자료, 가공업체 현황",https://data.mafra.go.kr/opendata/data/indexOpenDataDetail.do?data_id=20141014000000000099,농림축산식품부,OpenAPI,주기없음,20141014000000000099,2022-02-15,2025-08-21
과실류 가공현황,"과종품별 과실류 가공실적 자료, 가공업체 현황",https://data.mafra.go.kr/opendata/data/indexOpenDataDetail.do?data_id=20210930000000001620,농림축산식품부,파일,년간,20210930000000001620,2022-02-15,2025-08-21
과실류 가공내역,"과종품별 과실류 가공실적 자료, 가공업체 현황",https://data.mafra.go.kr/opendata/data/indexOpenDataDetail.do?data_id=20220215000000001912,농림축산식품부,파일,주기없음,20220215000000001912,2022-02-15,2025-08-21
과실전문생산단지기반조성사업 단지기반 정보,"과수주산지를 대상으로 용수공급, 배수로 및 경작로 등 생산기반을 구축하여 과수수출단지 정비 및 대형유통업체 출하 등을 통한 과실전문생산단지 육성 지원 사업에 대한 정보",https://data.mafra.go.kr/opendata/data/indexOpenDataDetail.do?data_id=20170111000000000751,농림축산식품부,OpenAPI,년간,20170111000000000751,2022-02-15,2025-07-01
과실전문생산단지기반조성사업 단지기반 정보,"과수주산지를 대상으로 용수공급, 배수로 및 경작로 등 생산기반을 구축하여 과수수출단지 정비 및 대형유통업체 출하 등을 통한 과실전문생산단지 육성 지원 사업에 대한 정보",https://data.mafra.go.kr/opendata/data/indexOpenDataDetail.do?data_id=20220215000000001918,농림축산식품부,파일,년간,20220215000000001918,2022-02-15,2025-07-01
과실출하약정 상세현황,"산지조합에서 생산하는 과실류의 수급안정을 위해 출하량, 출하금액, 출하시기등의 정보 (전국 산지 사과, 배, 단감, 감귤 및 출하 농협과 생산자간 출하약정한 시설채소의 출하량, 출하금액, 출하대금)",https://data.mafra.go.kr/opendata/data/indexOpenDataDetail.do?data_id=20170111000000000742,농림축산식품부,OpenAPI,년간,20170111000000000742,2022-02-15,2025-07-01
양잠산물 생산현황,"양잠형태별 생산현황, 누에 생산 및 판매현황 자료",https://data.mafra.go.kr/opendata/data/indexOpenDataDetail.do?data_id=20220215000000001927,농림축산식품부,파일,년간,20220215000000001927,2022-02-15,2025-07-01
뽕나무 묘목 생산공급현황,"양잠형태별 생산현황, 누에 생산 및 판매현황 자료",https://data.mafra.go.kr/opendata/data/indexOpenDataDetail.do?data_id=20220215000000001930,농림축산식품부,파일,년간,20220215000000001930,2022-02-15,2025-07-01
양잠 농가현황(기능성 양잠 경영주 연령분포),"양잠형태별 생산현황, 누에 생산 및 판매현황 자료",https://data.mafra.go.kr/opendata/data/indexOpenDataDetail.do?data_id=20220215000000001936,농림축산식품부,파일,년간,20220215000000001936,2022-02-15,2025-07-01
양잠 농가현황(기능성 양잠업 종사경력),"양잠형태별 생산현황, 누에 생산 및 판매현황 자료",https://data.mafra.go.kr/opendata/data/indexOpenDataDetail.do?data_id=20220215000000001937,농림축산식품부,파일,년간,20220215000000001937,2022-02-15,2025-07-01
양잠 농가현황(양잠농가 소득현황),"양잠형태별 생산현황, 누에 생산 및 판매현황 자료",https://data.mafra.go.kr/opendata/data/indexOpenDataDetail.do?data_id=20220215000000001945,농림축산식품부,파일,년간,20220215000000001945,2022-02-15,2025-07-01
누에자원 정보,"양잠형태별 생산현황, 누에 생산 및 판매현황 자료",https://data.mafra.go.kr/opendata/data/indexOpenDataDetail.do?data_id=20220210000000001799,농림축산식품부,파일,일간,20220210000000001799,2022-02-15,2025-07-01
누에사육 규모별 농가수,"양잠형태별 생산현황, 누에 생산 및 판매현황 자료",https://data.mafra.go.kr/opendata/data/indexOpenDataDetail.do?data_id=20220215000000001939,농림축산식품부,파일,년간,20220215000000001939,2022-02-15,2025-07-01
누에씨 생산실적 및 계획,"양잠형태별 생산현황, 누에 생산 및 판매현황 자료",https://data.mafra.go.kr/opendata/data/indexOpenDataDetail.do?data_id=20220215000000001941,농림축산식품부,파일,년간,20220215000000001941,2022-02-15,2025-07-01
뽕밭 규모별 농가수,"양잠형태별 생산현황, 누에 생산 및 판매현황 자료",https://data.mafra.go.kr/opendata/data/indexOpenDataDetail.do?data_id=20220215000000001943,농림축산식품부,파일,년간,20220215000000001943,2022-02-15,2025-07-01
양잠현황(총괄),"양잠형태별 생산현황, 누에 생산 및 판매현황 자료",https://data.mafra.go.kr/opendata/data/indexOpenDataDetail.do?data_id=20220215000000001944,농림축산식품부,파일,년간,20220215000000001944,2022-02-15,2025-07-01
수입식물검역정보,식물의 수입 및 수출 검역통계 정보,https://data.mafra.go.kr/opendata/data/indexOpenDataDetail.do?data_id=20141029000000000346,농림축산검역본부,OpenAPI,일간,20141029000000000346,2022-02-15,2023-08-09
수출식물 검역 정보,식물의 수입 및 수출 검역통계 정보,https://data.mafra.go.kr/opendata/data/indexOpenDataDetail.do?data_id=20141020000000000334,농림축산검역본부,OpenAPI,일간,20141020000000000334,2022-02-15,2024-07-22
신선농산물 수출검역단지현황,식물의 수입 및 수출 검역통계 정보,https://data.mafra.go.kr/opendata/data/indexOpenDataDetail.do?data_id=20220726000000002293,농림축산검역본부,파일,주기없음,20220726000000002293,2022-02-15,2024-07-22
신선 농산물 수출검역단지현황,식물의 수입 및 수출 검역통계 정보,https://data.mafra.go.kr/opendata/data/indexOpenDataDetail.do?data_id=20230814000000002388,농림축산검역본부,파일,주기없음,20230814000000002388,2022-02-15,2024-07-22
축산물DNA동일성검사 업소정보 조회,"시료구분코드, 시료채취시작일, 시료채취종료일, 시료채취지역을 통해 시료채취구분, 시료채취기관, 시료채취일시, 시료채취업소명 정보 등을 조회하는 축산물DNA동일성검사 업소정보 조회",https://data.mafra.go.kr/opendata/data/indexOpenDataDetail.do?data_id=20171023000000000893,축산물품질평가원,OpenAPI,수시,20171023000000000893,2022-02-15,2022-07-13
소 및 쇠고기 개체정보,"① 개체식별번호를 통해 개체식별번호, 출생연월일, 소의종류코드, 소의종류, 성별코드, 성별, 백신접종 정보 등를 조회하는 ②소 및 쇠고기 개체정보 조회 기능 / ①개체식별번호를 통해 개체식별번호, 소유주, 신고구분, 년월일, 사육지 등를 조회하는 ②소 이동정보 조회 기능",https://data.mafra.go.kr/opendata/data/indexOpenDataDetail.do?data_id=20171023000000000894,축산물품질평가원,OpenAPI,수시,20171023000000000894,2022-02-15,2022-07-13
축산물등급판정확인서 발급번호정보,"소돼지 이력번호를 통해 축산물등급판정확인서 발급번호, 발급일자, 축종, 도축장코드, 도축장명, 도축일자, 등급판정일자를 조회하는 축산물등급판정확인서 발급번호정보 조회",https://data.mafra.go.kr/opendata/data/indexOpenDataDetail.do?data_id=20170124000000000761,축산물품질평가원,OpenAPI,수시,20170124000000000761,2022-02-15,2022-07-13
계란등급판정결과조회,"① 계란난각번호, 등급판정일을 통해 계란 등급, 생산자, 집하장, 브랜드정보를 조회하는 ②계란등급판정결과조회 조회 기능 등을 제공하는 ③축산물품질평가원 축산물등급판정정보 서비스 (등급판정후 현재일기준 60일 이내만 조회됩니다.)",https://data.mafra.go.kr/opendata/data/indexOpenDataDetail.do?data_id=20171024000000000897,축산물품질평가원,OpenAPI,수시,20171024000000000897,2022-02-15,2022-07-13
농지규모화 통계자료,"농지규모화 -매도, 농지규모화-임대, 농지규모화-교환분합 사업별, 지역별 계약건수, 면적(헥타르ha), 금액(백만원)의 년도별 통계자료 제공",https://data.mafra.go.kr/opendata/data/indexOpenDataDetail.do?data_id=20170915000000000825,한국농어촌공사,파일,년간,20170915000000000825,2022-02-14,2024-07-02
과원규모화 통계자료,"과원규모화-매도, 과원규모화-임대 사업별, 지역별(도) 계약건수, 면적(헥타르ha), 금액(백만원)의 년도별 통계자료를 제공하고 있습니다.",https://data.mafra.go.kr/opendata/data/indexOpenDataDetail.do?data_id=20170915000000000824,한국농어촌공사,파일,년간,20170915000000000824,2022-02-14,2025-08-20
한국농어촌공사_농업기반시설제원_저수지_2018,한국농어촌공사 농업기반시설제원 저수지(표준코드/시설명/소재지/착공년도/준공년도/종별/구분/제원 등),https://data.mafra.go.kr/opendata/data/indexOpenDataDetail.do?data_id=20191014000000001283,한국농어촌공사,파일,년간,20191014000000001283,2022-02-14,2025-08-25
농업기반시설 시설제원-방조제,농업기반시설물 시설제원,https://data.mafra.go.kr/opendata/data/indexOpenDataDetail.do?data_id=20220214000000001857,한국농어촌공사,파일,년간,20220214000000001857,2022-02-14,2025-01-15
동물 질병 병원체 정보,가축전염병 병원체 수입허가 여부,https://data.mafra.go.kr/opendata/data/indexOpenDataDetail.do?data_id=20211008000000001630,농림축산검역본부,파일,주기없음,20211008000000001630,2022-02-14,2024-06-27
도축장별 축종별 도축실적,도축장에서 실시한 도축검사 실적,https://data.mafra.go.kr/opendata/data/indexOpenDataDetail.do?data_id=20161216000000000678,농림축산검역본부,OpenAPI,월간,20161216000000000678,2022-02-14,2025-08-14
화훼공판장별 경매실적(2013~2022),"양재동 화훼공판장 절화, 난, 관엽의 연도별 경매물량 및 금액 현황",https://data.mafra.go.kr/opendata/data/indexOpenDataDetail.do?data_id=20190212000000001038,한국농수산식품유통공사,파일,년간,20190212000000001038,2022-02-14,2025-01-14
학교급식_2019년 계약현황_20190927,한국농수산식품유통공사 학교급식 2019년 계약현황_국가중점데이터,https://data.mafra.go.kr/opendata/data/indexOpenDataDetail.do?data_id=20191011000000001223,한국농수산식품유통공사,파일,년간,20191011000000001223,2022-02-14,2022-02-14
학교급식_2018년 공고_20190927,한국농수산식품유통공사 학교급식 2019년 계약현황_국가중점데이터,https://data.mafra.go.kr/opendata/data/indexOpenDataDetail.do?data_id=20191011000000001224,한국농수산식품유통공사,파일,년간,20191011000000001224,2022-02-14,2022-02-14
학교급식_2019년 공고_20190927,한국농수산식품유통공사 학교급식 2019년 계약현황_국가중점데이터,https://data.mafra.go.kr/opendata/data/indexOpenDataDetail.do?data_id=20191011000000001225,한국농수산식품유통공사,링크,년간,20191011000000001225,2022-02-14,2022-02-14
한국농수산식품유통공사 학교급식 거래액(2012~2016),한국농수산식품유통공사 사이버거래소의 학교급식 전자입찰 시스템을 이용한 거래 현황,https://data.mafra.go.kr/opendata/data/indexOpenDataDetail.do?data_id=20170913000000000806,한국농수산식품유통공사,파일,주기없음,20170913000000000806,2022-02-14,2022-02-14
농수축산물 친환경가격,"농수축산물 도소매가격을 정보수요자에게 제공하여 시장출하 및 매매에 관한 의사결정, 원활한 수급조절 유도 및 가격안정대책 추진을 위한 기초자료",https://data.mafra.go.kr/opendata/data/indexOpenDataDetail.do?data_id=20141225000000000407,한국농수산식품유통공사,OpenAPI,일간,20141225000000000407,2022-02-14,2022-02-14
농수축산물 친환경가격,"농수축산물 도소매가격을 정보수요자에게 제공하여 시장출하 및 매매에 관한 의사결정, 원활한 수급조절 유도 및 가격안정대책 추진을 위한 기초자료",https://data.mafra.go.kr/opendata/data/indexOpenDataDetail.do?data_id=20220214000000001879,한국농수산식품유통공사,파일,일간,20220214000000001879,2022-02-14,2022-02-14
농수축산물 소매가격,"전국 소매시장(전통시장, 대형마트)의 농수축산물 가격을 조사하여 제공",https://data.mafra.go.kr/opendata/data/indexOpenDataDetail.do?data_id=20141225000000000406,한국농수산식품유통공사,OpenAPI,일간,20141225000000000406,2022-02-14,2022-02-14
농수축산물 소매가격,"전국 소매시장(전통시장, 대형마트)의 농수축산물 가격을 조사하여 제공",https://data.mafra.go.kr/opendata/data/indexOpenDataDetail.do?data_id=20220214000000001880,한국농수산식품유통공사,파일,수시,20220214000000001880,2022-02-14,2022-02-14
축종별 암수별 도축실적,도축장에서 실시한 도축검사 실적,https://data.mafra.go.kr/opendata/data/indexOpenDataDetail.do?data_id=20161216000000000674,농림축산검역본부,OpenAPI,월간,20161216000000000674,2022-02-14,2025-08-14
시도별 도축실적,도축장에서 실시한 도축검사 실적,https://data.mafra.go.kr/opendata/data/indexOpenDataDetail.do?data_id=20161216000000000673,농림축산검역본부,OpenAPI,월간,20161216000000000673,2022-02-14,2025-08-14
소 품종별 암수별 도축실적,도축장에서 실시한 도축검사 실적,https://data.mafra.go.kr/opendata/data/indexOpenDataDetail.do?data_id=20161216000000000675,농림축산검역본부,OpenAPI,월간,20161216000000000675,2022-02-14,2025-08-14
닭 품종별 도축실적,도축장에서 실시한 도축검사 실적,https://data.mafra.go.kr/opendata/data/indexOpenDataDetail.do?data_id=20161216000000000676,농림축산검역본부,OpenAPI,월간,20161216000000000676,2022-02-14,2025-08-14
농지연금 담보농지 분석 자료,"- 한국농어촌공사 농지연금사업은 농업인이 소유한 농지를 담보로 노후생활안정자금을 매월 연금방식으로 지급하여 농업인의 노후생활안정을 지원하는 사업입니다. - 한국농어촌공사 농지연금사업은 농업인이 소유한 농지를 담보로 가입방식에 따라 최대 300만원까지 월 지급금이 계산됩니다. - 본 개방데이터는 한국농어촌공사 농지연금사업에 가입한 가입자의 담보농지에 대한 최근 도별, 지목별(전, 답, 과수원), 면적(천제곱미터) 및 도별 농지가격(백만원)의 년도별 통계자료 제공하고 있습니다.",https://data.mafra.go.kr/opendata/data/indexOpenDataDetail.do?data_id=20170915000000000826,한국농어촌공사,파일,년간,20170915000000000826,2022-02-11,2025-08-20
한국농어촌공사_농업용저수지 수질정보_측정망수질(2017년),"한국농어촌공사가 관리하는 농업용수로 사용되는 저수지의 주소, 담당관리기관, 조사일자, 수질정보 등",https://data.mafra.go.kr/opendata/data/indexOpenDataDetail.do?data_id=20191014000000001279,한국농어촌공사,파일,년간,20191014000000001279,2022-02-11,2025-08-26
한국농어촌공사_농업용저수지 수질정보_측정망수질(2018년),"한국농어촌공사가 관리하는 농업용수로 사용되는 저수지의 주소, 담당관리기관, 조사일자, 수질정보 등",https://data.mafra.go.kr/opendata/data/indexOpenDataDetail.do?data_id=20191014000000001280,한국농어촌공사,파일,년간,20191014000000001280,2022-02-11,2025-08-26
한국농어촌공사_농업용저수지 수질정보_수질측정망(2019년),"한국농어촌공사가 관리하는 농업용수로 사용되는 저수지의 주소, 담당관리기관, 조사일자, 수질정보 등",https://data.mafra.go.kr/opendata/data/indexOpenDataDetail.do?data_id=20240701000000002489,한국농어촌공사,파일,년간,20240701000000002489,2022-02-11,2025-08-26
한국농어촌공사_농업용저수지 수질정보_수질측정망(2020년),"한국농어촌공사가 관리하는 농업용수로 사용되는 저수지의 주소, 담당관리기관, 조사일자, 수질정보 등",https://data.mafra.go.kr/opendata/data/indexOpenDataDetail.do?data_id=20240701000000002490,한국농어촌공사,파일,년간,20240701000000002490,2022-02-11,2025-08-26
한국농어촌공사_농업용저수지 수질정보_수질측정망(2021년),"한국농어촌공사가 관리하는 농업용수로 사용되는 저수지의 주소, 담당관리기관, 조사일자, 수질정보 등",https://data.mafra.go.kr/opendata/data/indexOpenDataDetail.do?data_id=20240701000000002491,한국농어촌공사,파일,년간,20240701000000002491,2022-02-11,2025-08-26
한국농어촌공사_농업용저수지 수질정보_수질측정망(2022년),"한국농어촌공사가 관리하는 농업용수로 사용되는 저수지의 주소, 담당관리기관, 조사일자, 수질정보 등",https://data.mafra.go.kr/opendata/data/indexOpenDataDetail.do?data_id=20240701000000002492,한국농어촌공사,파일,년간,20240701000000002492,2022-02-11,2025-08-26
한국농어촌공사_농업용저수지 수질정보_수질측정망(2023년),"한국농어촌공사가 관리하는 농업용수로 사용되는 저수지의 주소, 담당관리기관, 조사일자, 수질정보 등",https://data.mafra.go.kr/opendata/data/indexOpenDataDetail.do?data_id=20240701000000002493,한국농어촌공사,파일,년간,20240701000000002493,2022-02-11,2025-08-26
한국농어촌공사_농업용저수지 수질정보_수질측정망(2024년),"한국농어촌공사가 관리하는 농업용수로 사용되는 저수지의 주소, 담당관리기관, 조사일자, 수질정보 등",https://data.mafra.go.kr/opendata/data/indexOpenDataDetail.do?data_id=20250825000000002703,한국농어촌공사,파일,년간,20250825000000002703,2022-02-11,2025-08-26
발전소 발전량 데이터,"영암태양광발전소 일일시간대별 발전량 데이터, 진도태양광발전소 일일시간대별 발전량 데이터",https://data.mafra.go.kr/opendata/data/indexOpenDataDetail.do?data_id=20220211000000001838,한국농어촌공사,파일,수시,20220211000000001838,2022-02-11,2025-08-25
임대·수탁 계약 현황,"한국농어촌공사_임대수탁-임대, 임대수탁-사용대 사업별, 지역별 계약건수, 면적(헥타르ha)의 년도별 통계자료를 제공하고 있습니다.",https://data.mafra.go.kr/opendata/data/indexOpenDataDetail.do?data_id=20170915000000000828,한국농어촌공사,파일,년간,20170915000000000828,2022-02-11,2024-07-02
경영회생 도별 지원현황,"- 한국농어촌공사 경영회생 지역별 현황을 제공하고 있습니다. - 경영회생 사업이란 농업 경영체의 경영 회생을 지원하기 위한 농지 매입 사업입니다. - 부채 등으로 경영위기에 처한 농가의 농지들을 매입하고, 농가는 매각대금으로 부채를 상환한 후 경영회생을 도모할 수 있습니다. - 매입농지등은 당해농가에 장기임대하고 그 기간 동안 환매권을 부여하여 경영의 지속성, 안전성을 보장합니다. - 본 데이터는 한국농어촌공사_경영회생 지역별 인원(명), 면적(ha), 금액의 년도별 지원현황에 대한 통계자료 개방하고 있습니다.",https://data.mafra.go.kr/opendata/data/indexOpenDataDetail.do?data_id=20170915000000000829,한국농어촌공사,파일,년간,20170915000000000829,2022-02-11,2025-08-20
매입비축 도별 임대현황,"한국농어촌공사_매입비축-임대 지역별 인원(명), 필지수, 면적(ha), 금액의 년도별 통계자료를 제공하고 있습니다.",https://data.mafra.go.kr/opendata/data/indexOpenDataDetail.do?data_id=20170915000000000830,한국농어촌공사,파일,년간,20170915000000000830,2022-02-11,2024-07-02
농지연금 가입분석 및 평균 월지급금 현황,"- 한국농어촌공사 농지연금사업은 농업인이 소유한 농지를 담보로 노후생활안정자금을 매월 연금방식으로 지급하여 농업인의 노후생활안정을 지원하는 사업입니다. - 한국농어촌공사 농지연금사업은 농업인이 소유한 농지를 담보로 가입방식에 따라 최대 300만원까지 월 지급금이 계산됩니다. - 본 개방데이터는 한국농어촌공사 농지연금사업에 가입한 가입자의 담보농지를 기준으로 매월 지급되는 농지연금의 도별, 가입방식별, 기간형구분별 가입건수 및 평균 월지급금(천원)을 년도별 통계데이터로 제공합니다.",https://data.mafra.go.kr/opendata/data/indexOpenDataDetail.do?data_id=20170915000000000827,한국농어촌공사,파일,년간,20170915000000000827,2022-02-11,2025-08-20
한국농어촌공사_농업용저수지 수질정보_측정망수질(2016년),"한국농어촌공사가 관리하는 농업용수로 사용되는 저수지의 주소, 담당관리기관, 조사일자, 수질정보 등",https://data.mafra.go.kr/opendata/data/indexOpenDataDetail.do?data_id=20191014000000001278,한국농어촌공사,파일,년간,20191014000000001278,2022-02-11,2025-08-26
한국농어촌공사_농업용저수지 수질정보_측정망수질(2015년),"한국농어촌공사가 관리하는 농업용수로 사용되는 저수지의 주소, 담당관리기관, 조사일자, 수질정보 등",https://data.mafra.go.kr/opendata/data/indexOpenDataDetail.do?data_id=20191014000000001277,한국농어촌공사,파일,년간,20191014000000001277,2022-02-11,2025-08-26
한국농어촌공사_농어촌체험휴양마을_20240118,"한국농어촌공사에서 관리하는 농촌체험휴양마을 정보(마을명, 위도, 경도 등)",https://data.mafra.go.kr/opendata/data/indexOpenDataDetail.do?data_id=20191017000000001373,한국농어촌공사,파일,년간,20191017000000001373,2022-02-11,2024-07-03
한국농어촌공사_환지정보_2016,"당해연도 통계자료(도별 졍지정리 사업지구수, 종전면적, 종전필지수, 환지면적, 환지필지수)",https://data.mafra.go.kr/opendata/data/indexOpenDataDetail.do?data_id=20220211000000001825,한국농어촌공사,파일,년간,20220211000000001825,2022-02-11,2022-02-11
한국농어촌공사_환지정보_2017,"당해연도 통계자료(도별 졍지정리 사업지구수, 종전면적, 종전필지수, 환지면적, 환지필지수)",https://data.mafra.go.kr/opendata/data/indexOpenDataDetail.do?data_id=20220211000000001824,한국농어촌공사,파일,년간,20220211000000001824,2022-02-11,2022-02-11
"팜맵기반의 기상, 토양, 병해충발생 정보","을 반영한 농경지 전자지도인 팜맵을 기반으로 농업기상, 토양, 병해충발생정보를 융.복합하여 개방데이터 제공",https://data.mafra.go.kr/opendata/data/indexOpenDataDetail.do?data_id=20220210000000001819,농림수산식품교육문화정보원,링크,년간,20220210000000001819,2022-02-10,2023-04-28
칼로리 정보,도시생활 및 일상생활에서 필요한 웰빙도시농업 정보,https://data.mafra.go.kr/opendata/data/indexOpenDataDetail.do?data_id=20141229000000000408,농림수산식품교육문화정보원,파일,주기없음,20141229000000000408,2022-02-10,2022-12-22
곤충자원 정보,"생명자원정보서비스 식물자원 리스트, 뷰 제공",https://data.mafra.go.kr/opendata/data/indexOpenDataDetail.do?data_id=20220210000000001808,농림수산식품교육문화정보원,링크,년간,20220210000000001808,2022-02-10,2022-02-10
원천산지공판장가격목록조회,농협 산지 공판장에서 거래되는 농산물들의 경매낙찰가격과 거래되는 상품들에 대한 거래 상세 정보,https://data.mafra.go.kr/opendata/data/indexOpenDataDetail.do?data_id=20220210000000001795,농림수산식품교육문화정보원,파일,주기없음,20220210000000001795,2022-02-10,2022-02-10
농촌 마을 현황 정보,"전국 행정리 기준 2,600여개 농촌마을의 마을명, 마을유래 등 기본정보와 귀농현황, 인구현황, 주택현황 등 농촌마을 현황정보로 매2년 마다 갱신 예정",https://data.mafra.go.kr/opendata/data/indexOpenDataDetail.do?data_id=20151210000000000570,농림수산식품교육문화정보원,OpenAPI,주기없음,20151210000000000570,2022-02-10,2022-02-10
행복마을만들기 선정마을정보,"전국 행정리 기준 2,600여개 농촌마을의 마을명, 마을유래 등 기본정보와 귀농현황, 인구현황, 주택현황 등 농촌마을 현황정보로 매2년 마다 갱신 예정",https://data.mafra.go.kr/opendata/data/indexOpenDataDetail.do?data_id=20170216000000000770,농림수산식품교육문화정보원,OpenAPI,주기없음,20170216000000000770,2022-02-10,2022-02-10
행복마을 만들기 콘테스트 실적,"전국 행정리 기준 2,600여개 농촌마을의 마을명, 마을유래 등 기본정보와 귀농현황, 인구현황, 주택현황 등 농촌마을 현황정보로 매2년 마다 갱신 예정",https://data.mafra.go.kr/opendata/data/indexOpenDataDetail.do?data_id=20170216000000000769,농림수산식품교육문화정보원,OpenAPI,주기없음,20170216000000000769,2022-02-10,2022-02-10
농촌마을별 연계자원 정보,농촌마을별 연계자원 현황정보,https://data.mafra.go.kr/opendata/data/indexOpenDataDetail.do?data_id=20170216000000000773,농림수산식품교육문화정보원,OpenAPI,년간,20170216000000000773,2022-02-10,2022-02-10
농촌마을별 인원정보,농촌마을별 연계자원 현황정보,https://data.mafra.go.kr/opendata/data/indexOpenDataDetail.do?data_id=20170216000000000772,농림수산식품교육문화정보원,OpenAPI,년간,20170216000000000772,2022-02-10,2022-02-10
농촌마을별 기본정보,농촌마을별 연계자원 현황정보,https://data.mafra.go.kr/opendata/data/indexOpenDataDetail.do?data_id=20170216000000000771,농림수산식품교육문화정보원,OpenAPI,년간,20170216000000000771,2022-02-10,2022-02-10
교육 과정 분류,농업관련 온/오프라인 교육과정정보 및 온라인교육 실적정보,https://data.mafra.go.kr/opendata/data/indexOpenDataDetail.do?data_id=20220210000000001786,농림수산식품교육문화정보원,링크,수시,20220210000000001786,2022-02-10,2022-03-29
농식품 세미나 정보_2019,농식품 관련 세미나 및 토론회 등 정보 내용 제공,https://data.mafra.go.kr/opendata/data/indexOpenDataDetail.do?data_id=20191011000000001263,농림수산식품교육문화정보원,파일,주기없음,20191011000000001263,2022-02-10,2022-02-10
농식품 뉴스 동향_농업경영 핵심기술2019,농식품 관련 세미나 및 토론회 등 정보 내용 제공,https://data.mafra.go.kr/opendata/data/indexOpenDataDetail.do?data_id=20191011000000001260,농림수산식품교육문화정보원,파일,주기없음,20191011000000001260,2022-02-10,2022-02-10
원천조사가격목록조회,"전국에서 거래되는 농산물, 수산물, 축산물 중 국민들의 삶에 영향을 미치는 주요 품목들에 대하여 한국농수산식품유통공사, 농업협동조합중앙회, 수산업협동조합중앙회 및 축산물품질평가원에 소속된 조사원들이 조사한 가격 정보와 거래되는 상품들의 상세 정보",https://data.mafra.go.kr/opendata/data/indexOpenDataDetail.do?data_id=20220210000000001776,농림수산식품교육문화정보원,파일,주기없음,20220210000000001776,2022-02-10,2022-02-10
GPC품목매핑목록조회,"2015년 제·개정된 농축수산물 표준코드와 동일한 의미를 가지는 조사가격,GPC,HSK 코드 매핑 정보",https://data.mafra.go.kr/opendata/data/indexOpenDataDetail.do?data_id=20220210000000001774,농림수산식품교육문화정보원,파일,주기없음,20220210000000001774,2022-02-10,2022-02-10
GPC품목매핑목록조회 (2015-12-03 ~ 2015-12-03),"2015년 제·개정된 농축수산물 표준코드와 동일한 의미를 가지는 조사가격,GPC,HSK 코드 매핑 정보",https://data.mafra.go.kr/opendata/data/indexOpenDataDetail.do?data_id=20151117000000000550,농림수산식품교육문화정보원,OpenAPI,주기없음,20151117000000000550,2022-02-10,2022-02-10
표준단위매핑목록조회,"2015년 제·개정된 농축수산물 표준코드와 동일한 의미를 가지는 조사가격,GPC,HSK 코드 매핑 정보",https://data.mafra.go.kr/opendata/data/indexOpenDataDetail.do?data_id=20220210000000001773,농림수산식품교육문화정보원,파일,주기없음,20220210000000001773,2022-02-10,2022-02-10
표준시장매핑목록조회,"2015년 제·개정된 농축수산물 표준코드와 동일한 의미를 가지는 조사가격,GPC,HSK 코드 매핑 정보",https://data.mafra.go.kr/opendata/data/indexOpenDataDetail.do?data_id=20220210000000001772,농림수산식품교육문화정보원,파일,주기없음,20220210000000001772,2022-02-10,2022-02-10
표준단위매핑목록조회 (2024-11-26 ~ 2024-11-26),"2015년 제·개정된 농축수산물 표준코드와 동일한 의미를 가지는 조사가격,GPC,HSK 코드 매핑 정보",https://data.mafra.go.kr/opendata/data/indexOpenDataDetail.do?data_id=20151117000000000549,농림수산식품교육문화정보원,OpenAPI,주기없음,20151117000000000549,2022-02-10,2022-02-10
표준시장매핑목록조회 (2024-11-26 ~ 2024-11-26),"2015년 제·개정된 농축수산물 표준코드와 동일한 의미를 가지는 조사가격,GPC,HSK 코드 매핑 정보",https://data.mafra.go.kr/opendata/data/indexOpenDataDetail.do?data_id=20151117000000000548,농림수산식품교육문화정보원,OpenAPI,주기없음,20151117000000000548,2022-02-10,2022-02-10
2015년 농수축산 신구표준법인목록,"2015년 제·개정된 농축수산물 표준코드(품목,시장,단위,포장,크기,등급,산지) 와 동일한 의미를 가지는 2013년 농축수산물 표준코드를 나타낸 정보",https://data.mafra.go.kr/opendata/data/indexOpenDataDetail.do?data_id=20191011000000001244,농림수산식품교육문화정보원,파일,년간,20191011000000001244,2022-02-10,2022-02-10
원천정산경락가격품목목록조회 (1997-02-22 ~ 2023-12-31),"전국 도매시장에서 거래되는 농산물, 수산물, 축산물의 경매낙찰가격과 거래되는 상품들에 대한 정산 거래 상세 정보",https://data.mafra.go.kr/opendata/data/indexOpenDataDetail.do?data_id=20151117000000000533,농림수산식품교육문화정보원,OpenAPI,주기없음,20151117000000000533,2022-02-09,2022-02-09
원천실시간경락가격품목목록조회 ( ~ 2023-12-30),"전국 도매시장에서 거래되는 농산물, 수산물, 축산물의 경매낙찰가격과 거래되는 상품들에 대한 정산 거래 상세 정보",https://data.mafra.go.kr/opendata/data/indexOpenDataDetail.do?data_id=20151117000000000538,농림수산식품교육문화정보원,OpenAPI,주기없음,20151117000000000538,2022-02-09,2022-02-09
신구표준품목목록조회,"2015년 제·개정된 농축수산물 표준코드(품목,시장,단위,포장,크기,등급,산지) 와 동일한 의미를 가지는 2013년 농축수산물 표준코드를 나타낸 정보",https://data.mafra.go.kr/opendata/data/indexOpenDataDetail.do?data_id=20151117000000000540,농림수산식품교육문화정보원,OpenAPI,주기없음,20151117000000000540,2022-02-09,2022-02-09
신구표준시장목록조회,"2015년 제·개정된 농축수산물 표준코드(품목,시장,단위,포장,크기,등급,산지) 와 동일한 의미를 가지는 2013년 농축수산물 표준코드를 나타낸 정보",https://data.mafra.go.kr/opendata/data/indexOpenDataDetail.do?data_id=20151117000000000541,농림수산식품교육문화정보원,OpenAPI,주기없음,20151117000000000541,2022-02-09,2022-02-09
신구표준단위목록조회,"2015년 제·개정된 농축수산물 표준코드(품목,시장,단위,포장,크기,등급,산지) 와 동일한 의미를 가지는 2013년 농축수산물 표준코드를 나타낸 정보",https://data.mafra.go.kr/opendata/data/indexOpenDataDetail.do?data_id=20151117000000000542,농림수산식품교육문화정보원,OpenAPI,주기없음,20151117000000000542,2022-02-09,2022-02-09
신구표준포장목록조회,"2015년 제·개정된 농축수산물 표준코드(품목,시장,단위,포장,크기,등급,산지) 와 동일한 의미를 가지는 2013년 농축수산물 표준코드를 나타낸 정보",https://data.mafra.go.kr/opendata/data/indexOpenDataDetail.do?data_id=20151117000000000543,농림수산식품교육문화정보원,OpenAPI,주기없음,20151117000000000543,2022-02-09,2022-02-09
신구표준크기목록조회,"2015년 제·개정된 농축수산물 표준코드(품목,시장,단위,포장,크기,등급,산지) 와 동일한 의미를 가지는 2013년 농축수산물 표준코드를 나타낸 정보",https://data.mafra.go.kr/opendata/data/indexOpenDataDetail.do?data_id=20151117000000000544,농림수산식품교육문화정보원,OpenAPI,주기없음,20151117000000000544,2022-02-09,2022-02-09
신구표준등급목록조회,"2015년 제·개정된 농축수산물 표준코드(품목,시장,단위,포장,크기,등급,산지) 와 동일한 의미를 가지는 2013년 농축수산물 표준코드를 나타낸 정보",https://data.mafra.go.kr/opendata/data/indexOpenDataDetail.do?data_id=20151117000000000545,농림수산식품교육문화정보원,OpenAPI,주기없음,20151117000000000545,2022-02-09,2022-02-09
신구표준산지목록조회,"2015년 제·개정된 농축수산물 표준코드(품목,시장,단위,포장,크기,등급,산지) 와 동일한 의미를 가지는 2013년 농축수산물 표준코드를 나타낸 정보",https://data.mafra.go.kr/opendata/data/indexOpenDataDetail.do?data_id=20151117000000000546,농림수산식품교육문화정보원,OpenAPI,주기없음,20151117000000000546,2022-02-09,2022-02-09
신구표준단위목록조회,"2015년 제·개정된 농축수산물 표준코드(품목,시장,단위,포장,크기,등급,산지) 와 동일한 의미를 가지는 2013년 농축수산물 표준코드를 나타낸 정보",https://data.mafra.go.kr/opendata/data/indexOpenDataDetail.do?data_id=20220209000000001764,농림수산식품교육문화정보원,파일,주기없음,20220209000000001764,2022-02-09,2022-02-09
신구표준등급목록조회,"2015년 제·개정된 농축수산물 표준코드(품목,시장,단위,포장,크기,등급,산지) 와 동일한 의미를 가지는 2013년 농축수산물 표준코드를 나타낸 정보",https://data.mafra.go.kr/opendata/data/indexOpenDataDetail.do?data_id=20220210000000001765,농림수산식품교육문화정보원,파일,주기없음,20220210000000001765,2022-02-09,2022-02-09
신구표준시장목록조회,"2015년 제·개정된 농축수산물 표준코드(품목,시장,단위,포장,크기,등급,산지) 와 동일한 의미를 가지는 2013년 농축수산물 표준코드를 나타낸 정보",https://data.mafra.go.kr/opendata/data/indexOpenDataDetail.do?data_id=20220210000000001766,농림수산식품교육문화정보원,파일,주기없음,20220210000000001766,2022-02-09,2022-02-09
신구표준크기목록조회,"2015년 제·개정된 농축수산물 표준코드(품목,시장,단위,포장,크기,등급,산지) 와 동일한 의미를 가지는 2013년 농축수산물 표준코드를 나타낸 정보",https://data.mafra.go.kr/opendata/data/indexOpenDataDetail.do?data_id=20220210000000001767,농림수산식품교육문화정보원,파일,주기없음,20220210000000001767,2022-02-09,2022-02-09
신구표준포장목록조회,"2015년 제·개정된 농축수산물 표준코드(품목,시장,단위,포장,크기,등급,산지) 와 동일한 의미를 가지는 2013년 농축수산물 표준코드를 나타낸 정보",https://data.mafra.go.kr/opendata/data/indexOpenDataDetail.do?data_id=20220210000000001768,농림수산식품교육문화정보원,파일,주기없음,20220210000000001768,2022-02-09,2022-02-09
신구표준산지목록조회,"2015년 제·개정된 농축수산물 표준코드(품목,시장,단위,포장,크기,등급,산지) 와 동일한 의미를 가지는 2013년 농축수산물 표준코드를 나타낸 정보",https://data.mafra.go.kr/opendata/data/indexOpenDataDetail.do?data_id=20220210000000001769,농림수산식품교육문화정보원,파일,주기없음,20220210000000001769,2022-02-09,2022-02-09
신구표준품목목록조회,"2015년 제·개정된 농축수산물 표준코드(품목,시장,단위,포장,크기,등급,산지) 와 동일한 의미를 가지는 2013년 농축수산물 표준코드를 나타낸 정보",https://data.mafra.go.kr/opendata/data/indexOpenDataDetail.do?data_id=20220210000000001770,농림수산식품교육문화정보원,파일,주기없음,20220210000000001770,2022-02-09,2022-02-09
농수축산 유통정보 조사가격(농수축산물 표준코드 변환),"농수산식품유통공사, 농협중앙회, 수협중앙회, 축산물품질평가원에서 농수축산물 유통정보 조사요령에 의거 유통단계(산지, 경락/도매, 소매)별 지역별로 대표품목을 조사하여 일별 제공하는 정보로 도매시장경락가격, 산지공판장 가격 등과 융복합할 수 있도록 조사가격코드를 농수축산물표준코드로 변환하여 제공",https://data.mafra.go.kr/opendata/data/indexOpenDataDetail.do?data_id=20220208000000001720,농림수산식품교육문화정보원,파일,주기없음,20220208000000001720,2022-02-08,2022-02-08
축산물 부분육 경락가격 (2013-01-02 ~ 2018-01-10),"농수축산물 경락가격정보를 조회하기 위한 서비스로서 농산물, 축산물, 수산물, 화훼류에 대한 도매시장, 산지공판장, 종합유통센터 별로 농수축산물 경락가격 제공",https://data.mafra.go.kr/opendata/data/indexOpenDataDetail.do?data_id=20141216000000000372,농림수산식품교육문화정보원,OpenAPI,주기없음,20141216000000000372,2022-02-07,2022-02-07
도매시장별 주요 양채류 거래현황(2013년01월~2016년05월),"도매시장별 주요 양채류 또는 쌈채소(라디치오, 로메인, 로즈, 비타민, 쌈배추, 적겨자, 적근대, 적치커리, 청겨자 청상추, 치커리, 케일)의 월별 품종별 거래규격별 평균경매가, 총경매물량 거래현황에 대한 2013년01월 부터 2016년05월 까지 요약 정보로 국내 민간 외식업체의 요청자료로 제공한 맞춤데이터",https://data.mafra.go.kr/opendata/data/indexOpenDataDetail.do?data_id=20160609000000000583,농림수산식품교육문화정보원,파일,주기없음,20160609000000000583,2022-02-07,2022-02-07
농협 공판장 경락가격,"경락가격정보를 조회하기 위한 서비스로서 농산물, 축산물, 수산물, 화훼류, 산지공판장, 종합유통센터별로 조회",https://data.mafra.go.kr/opendata/data/indexOpenDataDetail.do?data_id=20220207000000001709,농림수산식품교육문화정보원,링크,일간,20220207000000001709,2022-02-07,2022-02-07
농축산물 원산지표시 품목별 적발현황,"국립농산물품질관리원에서 관리하는 원산지표시 시도별 위반품목 및 위반물량 현황 정보(처분년월, 업무구분, 시도명, 위반품목, 위반유형, 위반건수, 위반물량)",https://data.mafra.go.kr/opendata/data/indexOpenDataDetail.do?data_id=20220204000000001684,국립농산물품질관리원,파일,반기,20220204000000001684,2022-02-04,2024-06-07
술 품질 인증정보,"탁주, 약주, 청주, 과실주 등의 술 품질인증 관리 정보",https://data.mafra.go.kr/opendata/data/indexOpenDataDetail.do?data_id=20250513000000002677,국립농산물품질관리원,링크,일간,20250513000000002677,2022-02-04,2025-07-01
하추곡검사계획량,"국립농산물품질관리원에서 관리하는 하추곡검사계획량(년도, 품목명,행정구역, 업무구분, 수량단위, 수량)",https://data.mafra.go.kr/opendata/data/indexOpenDataDetail.do?data_id=20170915000000000843,국립농산물품질관리원,파일,년간,20170915000000000843,2022-02-04,2024-06-07
농산물 중금속 분석결과,"생산 및 유통/판매 단계의 농산물에 대하여 생산자(유통/판매자)로 부터 시료를 수거하여 잔류농약, 중금속, 독소류 등 유해물질 잔류여부에 대한 분석결과",https://data.mafra.go.kr/opendata/data/indexOpenDataDetail.do?data_id=20220204000000001677,국립농산물품질관리원,파일,반기,20220204000000001677,2022-02-04,2024-06-07
농축산물유통조사현황,"원산지, 양곡표시, 쇠고기이력 등 단속 및 적발 업체에 대한 행정처분",https://data.mafra.go.kr/opendata/data/indexOpenDataDetail.do?data_id=20151027000000000487,국립농산물품질관리원,OpenAPI,수시,20151027000000000487,2022-02-04,2024-06-07
농축산물 유통조사 현황,"원산지, 양곡표시, 쇠고기이력 등 단속 및 적발 업체에 대한 행정처분",https://data.mafra.go.kr/opendata/data/indexOpenDataDetail.do?data_id=20220204000000001683,국립농산물품질관리원,파일,반기,20220204000000001683,2022-02-04,2024-06-07
원산지표시 품목별 적발현황,"국립농산물품질관리원에서 관리하는 원산지표시 시도별 위반품목 및 위반물량 현황 정보(처분년월, 업무구분, 시도명, 위반품목, 위반유형, 위반건수, 위반물량)",https://data.mafra.go.kr/opendata/data/indexOpenDataDetail.do?data_id=20151027000000000489,국립농산물품질관리원,OpenAPI,수시,20151027000000000489,2022-02-04,2024-06-07
수협 산지위판장 경락가격,"농수축산물 경락가격정보를 조회하기 위한 서비스로서 농산물, 축산물, 수산물, 화훼류에 대한 도매시장, 산지공판장, 종합유통센터 별로 농수축산물 경락가격 제공",https://data.mafra.go.kr/opendata/data/indexOpenDataDetail.do?data_id=20220204000000001702,농림수산식품교육문화정보원,링크,일간,20220204000000001702,2022-02-04,2022-02-04
농산물 중금속 분석결과,"생산 및 유통/판매 단계의 농산물에 대하여 생산자(유통/판매자)로 부터 시료를 수거하여 잔류농약, 중금속, 독소류 등 유해물질 잔류여부에 대한 분석결과",https://data.mafra.go.kr/opendata/data/indexOpenDataDetail.do?data_id=20161206000000000640,국립농산물품질관리원,OpenAPI,일간,20161206000000000640,2022-02-04,2024-06-07
농산물 독소류 분석결과,"생산 및 유통/판매 단계의 농산물에 대하여 생산자(유통/판매자)로 부터 시료를 수거하여 잔류농약, 중금속, 독소류 등 유해물질 잔류여부에 대한 분석결과",https://data.mafra.go.kr/opendata/data/indexOpenDataDetail.do?data_id=20170912000000000793,국립농산물품질관리원,파일,반기,20170912000000000793,2022-02-03,2024-06-07
GAP인증농가현황,"GAP인증농가, 민간인증기관, 관리시설 정보서비스",https://data.mafra.go.kr/opendata/data/indexOpenDataDetail.do?data_id=20161206000000000636,국립농산물품질관리원,OpenAPI,수시,20161206000000000636,2022-02-03,2024-06-07
농산물우수관리(GAP) 인증정보,"GAP인증농가, 민간인증기관, 관리시설 정보서비스",https://data.mafra.go.kr/opendata/data/indexOpenDataDetail.do?data_id=20141015000000000216,국립농산물품질관리원,OpenAPI,수시,20141015000000000216,2022-02-03,2024-06-07
농산물우수관리(GAP) 인증농가 현황,"GAP인증농가, 민간인증기관, 관리시설 정보서비스",https://data.mafra.go.kr/opendata/data/indexOpenDataDetail.do?data_id=20181019000000000974,국립농산물품질관리원,파일,반기,20181019000000000974,2022-02-03,2024-06-07
농산물우수관리(GAP) 관리시설정보,"GAP인증농가, 민간인증기관, 관리시설 정보서비스",https://data.mafra.go.kr/opendata/data/indexOpenDataDetail.do?data_id=20141015000000000218,국립농산물품질관리원,OpenAPI,수시,20141015000000000218,2022-02-03,2024-06-07
농산물우수관리(GAP) 시설정보,"GAP인증농가, 민간인증기관, 관리시설 정보서비스",https://data.mafra.go.kr/opendata/data/indexOpenDataDetail.do?data_id=20181019000000000973,국립농산물품질관리원,파일,반기,20181019000000000973,2022-02-03,2024-06-07
GAP 인증담당자 및 시설담당자 교육일정,"GAP인증농가, 민간인증기관, 관리시설 정보서비스",https://data.mafra.go.kr/opendata/data/indexOpenDataDetail.do?data_id=20220614000000002104,국립농산물품질관리원,파일,년간,20220614000000002104,2022-02-03,2024-06-07
농산물우수관리 인증정보,"GAP인증농가, 민간인증기관, 관리시설 정보서비스",https://data.mafra.go.kr/opendata/data/indexOpenDataDetail.do?data_id=20250513000000002679,국립농산물품질관리원,링크,일간,20250513000000002679,2022-02-03,2024-06-07
농산물우수관리(GAP) 인증정보,"GAP인증농가, 민간인증기관, 관리시설 정보서비스",https://data.mafra.go.kr/opendata/data/indexOpenDataDetail.do?data_id=20181019000000000972,국립농산물품질관리원,파일,년간,20181019000000000972,2022-02-03,2024-06-07
농림축산식품부_농업경영체 등록정보 조회 서비스,"농업경영체등록정보 조회 서비스는 「농어업경영체 육성 및 지원에 관한 법률」 제4조에 따라 농업경영체가 직접 등록한 정보를 바탕으로, 지역.성별.연령.농지면적.재배품목 등을 다양한 관점에서 볼 수 있도록 구성하였습니다.",https://data.mafra.go.kr/opendata/data/indexOpenDataDetail.do?data_id=20220104000000001659,농림축산식품부,링크,주기없음,20220104000000001659,2022-01-04,2024-02-13
시설원예 온실현황 및 에너지이용현황,시도별 시설원예 온실현황 및 에너지이용현황,https://data.mafra.go.kr/opendata/data/indexOpenDataDetail.do?data_id=20211230000000001657,농림축산식품부,파일,주기없음,20211230000000001657,2021-12-30,2025-07-01
피해보전직불 신청현황,FTA 피해보전직불금 신청현황 정보 제공,https://data.mafra.go.kr/opendata/data/indexOpenDataDetail.do?data_id=20211220000000001652,농림축산식품부,파일,년간,20211220000000001652,2021-12-20,2023-08-14
농업법인 현황조사,"전국 농업법인 조사자료(작물종류, 경지면적, 투자현황 등)",https://data.mafra.go.kr/opendata/data/indexOpenDataDetail.do?data_id=20211213000000001651,농림수산식품교육문화정보원,파일,주기없음,20211213000000001651,2021-12-13,2021-12-13
외식업 상권 분석 보고서,빅데이터 기반 전국 주요 외식업 상권분석 자료,https://data.mafra.go.kr/opendata/data/indexOpenDataDetail.do?data_id=20211021000000001648,농림축산식품부,파일,주기없음,20211021000000001648,2021-10-20,2023-08-23
농식품공공데이터포털 교육데이터 개방 목록,농림수산식품교육문화정보원_농식품공공데이터포털 교육데이터 개방 목록,https://data.mafra.go.kr/opendata/data/indexOpenDataDetail.do?data_id=20211008000000001646,농림수산식품교육문화정보원,파일,수시,20211008000000001646,2021-10-08,2022-02-09
농식품공공데이터포털 품질관리데이터 개방 목록,농림수산식품교육문화정보원_농식품공공데이터포털 품질관리데이터 개방 목록,https://data.mafra.go.kr/opendata/data/indexOpenDataDetail.do?data_id=20211008000000001632,농림수산식품교육문화정보원,파일,수시,20211008000000001632,2021-10-08,2022-02-09
농식품공공데이터포털 축산데이터 개방 목록,농림수산식품교육문화정보원_농식품공공데이터포털 축산데이터 개방 목록,https://data.mafra.go.kr/opendata/data/indexOpenDataDetail.do?data_id=20211008000000001633,농림수산식품교육문화정보원,파일,수시,20211008000000001633,2021-10-08,2022-02-09
농식품공공데이터포털 유통데이터 개방 목록,농림수산식품교육문화정보원_농식품공공데이터포털 유통데이터 개방 목록,https://data.mafra.go.kr/opendata/data/indexOpenDataDetail.do?data_id=20211008000000001634,농림수산식품교육문화정보원,파일,수시,20211008000000001634,2021-10-08,2022-02-09
농식품공공데이터포털 식품안전데이터 개방 목록,농림수산식품교육문화정보원_농식품공공데이터포털 식품안전데이터 개방 목록,https://data.mafra.go.kr/opendata/data/indexOpenDataDetail.do?data_id=20211008000000001635,농림수산식품교육문화정보원,파일,수시,20211008000000001635,2021-10-08,2022-02-09
농식품공공데이터포털 식품산업데이터 개방 목록,농림수산식품교육문화정보원_농식품공공데이터포털 식품산업데이터 개방 목록,https://data.mafra.go.kr/opendata/data/indexOpenDataDetail.do?data_id=20211008000000001636,농림수산식품교육문화정보원,파일,수시,20211008000000001636,2021-10-08,2022-02-09
농식품공공데이터포털 시설장비데이터 개방 목록,농림수산식품교육문화정보원_농식품공공데이터포털 시설장비데이터 개방 목록,https://data.mafra.go.kr/opendata/data/indexOpenDataDetail.do?data_id=20211008000000001637,농림수산식품교육문화정보원,파일,수시,20211008000000001637,2021-10-08,2022-02-09
농식품공공데이터포털 산림데이터 개방 목록,농림수산식품교육문화정보원_농식품공공데이터포털 산림데이터 개방 목록,https://data.mafra.go.kr/opendata/data/indexOpenDataDetail.do?data_id=20211008000000001638,농림수산식품교육문화정보원,파일,수시,20211008000000001638,2021-10-08,2022-02-09
농식품공공데이터포털 말산업데이터 개방 목록,농림수산식품교육문화정보원_농식품공공데이터포털 말산업데이터 개방 목록,https://data.mafra.go.kr/opendata/data/indexOpenDataDetail.do?data_id=20211008000000001639,농림수산식품교육문화정보원,파일,수시,20211008000000001639,2021-10-08,2022-02-09
농식품공공데이터포털 농축산기술데이터 개방 목록,농림수산식품교육문화정보원_농식품공공데이터포털 농축산기술데이터 개방 목록,https://data.mafra.go.kr/opendata/data/indexOpenDataDetail.do?data_id=20211008000000001640,농림수산식품교육문화정보원,파일,수시,20211008000000001640,2021-10-08,2022-02-09
농식품공공데이터포털 농촌복지데이터 개방 목록,농림수산식품교육문화정보원_농식품공공데이터포털 농촌복지데이터 개방 목록,https://data.mafra.go.kr/opendata/data/indexOpenDataDetail.do?data_id=20211008000000001641,농림수산식품교육문화정보원,파일,수시,20211008000000001641,2021-10-08,2022-02-09
농식품공공데이터포털 농지용수데이터 개방 목록,농림수산식품교육문화정보원_농식품공공데이터포털 농지용수데이터 개방 목록,https://data.mafra.go.kr/opendata/data/indexOpenDataDetail.do?data_id=20211008000000001642,농림수산식품교육문화정보원,파일,수시,20211008000000001642,2021-10-08,2022-02-09
농식품공공데이터포털 농업정책데이터 개방 목록,농림수산식품교육문화정보원_농식품공공데이터포털 농업정책데이터 개방 목록,https://data.mafra.go.kr/opendata/data/indexOpenDataDetail.do?data_id=20211008000000001643,농림수산식품교육문화정보원,파일,수시,20211008000000001643,2021-10-08,2022-02-09
농식품공공데이터포털 농산데이터 개방 목록,농림수산식품교육문화정보원_농식품공공데이터포털 농산데이터 개방 목록,https://data.mafra.go.kr/opendata/data/indexOpenDataDetail.do?data_id=20211008000000001644,농림수산식품교육문화정보원,파일,수시,20211008000000001644,2021-10-08,2022-02-09
농식품공공데이터포털 귀농귀촌데이터 개방 목록,농림수산식품교육문화정보원_농식품공공데이터포털 귀농귀촌데이터 개방 목록,https://data.mafra.go.kr/opendata/data/indexOpenDataDetail.do?data_id=20211008000000001645,농림수산식품교육문화정보원,파일,수시,20211008000000001645,2021-10-08,2022-02-09
농식품공공데이터포털 곤충데이터 개방 목록,농림수산식품교육문화정보원_농식품공공데이터포털 곤충데이터 개방 목록,https://data.mafra.go.kr/opendata/data/indexOpenDataDetail.do?data_id=20211008000000001631,농림수산식품교육문화정보원,파일,수시,20211008000000001631,2021-10-08,2022-02-09
농식품공공데이터포털 검역데이터 개방 목록,농림수산식품교육문화정보원_농식품공공데이터포털 검역데이터 개방 목록,https://data.mafra.go.kr/opendata/data/indexOpenDataDetail.do?data_id=20211008000000001629,농림수산식품교육문화정보원,파일,수시,20211008000000001629,2021-10-08,2022-02-09
6차산업 안테나샵 현황,농촌융복합산업 인증 경영체 생산제품의 홍보판매와 더불어 소비자 반응도 및 구매성향을 파악하기 위한 마케팅 활동거점 공간인 안테나샵 현황정보,https://data.mafra.go.kr/opendata/data/indexOpenDataDetail.do?data_id=20211006000000001628,농림수산식품교육문화정보원,파일,수시,20211006000000001628,2021-10-06,2021-10-06
외식업 경기 분석 자료,"카드, POS 등 빅데이터 기반 외식 트렌드 분석 자료",https://data.mafra.go.kr/opendata/data/indexOpenDataDetail.do?data_id=20211005000000001626,농림축산식품부,파일,주기없음,20211005000000001626,2021-10-05,2023-08-23
아세안 기타 국가 및 중동 수출 실적,"2020년 미주 유럽에 수출한 농식품 실적에 대한 데이터로 수출 중량 및 금액, 전년대비 증감율 등을 제공합니다.",https://data.mafra.go.kr/opendata/data/indexOpenDataDetail.do?data_id=20210930000000001606,농림축산식품부,파일,년간,20210930000000001606,2021-09-30,2021-09-30
아세안 농식품 수출 실적,"2020년 미주 유럽에 수출한 농식품 실적에 대한 데이터로 수출 중량 및 금액, 전년대비 증감율 등을 제공합니다.",https://data.mafra.go.kr/opendata/data/indexOpenDataDetail.do?data_id=20210930000000001607,농림축산식품부,파일,년간,20210930000000001607,2021-09-30,2021-09-30
조사료생산기반확충 사업시행지침,조사료생산기반확충 사업시행지침,https://data.mafra.go.kr/opendata/data/indexOpenDataDetail.do?data_id=20210930000000001611,농림축산식품부,파일,주기없음,20210930000000001611,2021-09-30,2022-07-25
농식품 품목별 수출 실적,"2020년 미주 유럽에 수출한 농식품 실적에 대한 데이터로 수출 중량 및 금액, 전년대비 증감율 등을 제공합니다.",https://data.mafra.go.kr/opendata/data/indexOpenDataDetail.do?data_id=20210930000000001603,농림축산식품부,파일,년간,20210930000000001603,2021-09-30,2021-09-30
일본 중화권 수출 실적,"2020년 미주 유럽에 수출한 농식품 실적에 대한 데이터로 수출 중량 및 금액, 전년대비 증감율 등을 제공합니다.",https://data.mafra.go.kr/opendata/data/indexOpenDataDetail.do?data_id=20210930000000001605,농림축산식품부,파일,년간,20210930000000001605,2021-09-30,2021-09-30
농식품부 집중안전점검 실행계획,국가안전대진단은 세월호 참사 이후 2015년부터 각종 재난발생이 우려되는 시설에 대한 집중 안전점검과 국민들의 안전 실천 생활화를 위해 범국가적으로 매년 시행하는 재난 사전 예방 활동,https://data.mafra.go.kr/opendata/data/indexOpenDataDetail.do?data_id=20210930000000001615,농림축산식품부,파일,년간,20210930000000001615,2021-09-30,2024-07-05
농림식품 연구개발사업 최종보고서,"농림축산식품부는 매넌 농림식품 분야 연구개발을 위해 기업, 대학, 연구소, 농업법인 등에 R&D 예산을 지원하고 있습니다. 본 자료는 연구개발을 추진한 농림식품 연구개발사업 중 연구를 끝내고 최종보고서를 제출한 목록입니다. 본 목록의 보고서는 농림축산식품 자료실에서 검색하시면 최종보고서 자료를 볼 수 있습니다.",https://data.mafra.go.kr/opendata/data/indexOpenDataDetail.do?data_id=20240627000000002479,농림축산식품부,파일,년간,20240627000000002479,2021-09-30,2025-09-23
농림축산식품부_국유특허 현황,"농림축산식품분야 국유특허 현황 정보 제공 제공 항목 : 농식품부 R&D 예산액 추이(16~19년), 농림식품분야 특허 등록 현황(15~18년), 기관 간 공동출원 현황(15~18년),연구시작 후 특허등록까지 소요 기간 현황, 특허 등록 후 기술이전 현황",https://data.mafra.go.kr/opendata/data/indexOpenDataDetail.do?data_id=20210930000000001617,농림축산식품부,파일,주기없음,20210930000000001617,2021-09-30,2023-07-31
농림축산식품부 국가안전관리 집행계획,각종 재난으로부터 국민의 생명 ·신체 및 재산을 보호하기 위하여 국가와 지방자치단체의 재난 및 안전관리체제 확립,https://data.mafra.go.kr/opendata/data/indexOpenDataDetail.do?data_id=20210930000000001614,농림축산식품부,파일,년간,20210930000000001614,2021-09-30,2024-07-05
반려동물 전시업 현황_20201230,"반려동물 전시업 현황(지역별 업체수, 비율, 종사자) 제공 목록 : 서울, 부산, 대구, 인천, 광주, 대전, 울산, 세종, 경기, 강원, 충북, 충남, 전북, 전남, 경북, 경남, 제주",https://data.mafra.go.kr/opendata/data/indexOpenDataDetail.do?data_id=20210930000000001610,농림축산식품부,파일,년간,20210930000000001610,2021-09-30,2025-07-01
반려동물 운송업 현황(2024년 기준),"반려동물 운송업 현황(지역별 업체수, 비율, 종사자수) 제공 목록 : 서울, 부산, 대구, 인천, 광주, 대전, 울산, 세종, 경기, 강원, 충북, 충남, 전북, 전남, 경북, 경남, 제주",https://data.mafra.go.kr/opendata/data/indexOpenDataDetail.do?data_id=20210930000000001609,농림축산식품부,파일,년간,20210930000000001609,2021-09-30,2025-08-14
농림축산식품부_신기술 인증,"ㅇ 농식품분야 신기술의 발굴 및 우수성 인증을 통해 신기술의 상용화와 기술거래를 촉진하고 신기술 적용제품의 초기시장 진출기반 조성 - 국내기업, 연구기관 등에서 개발한 농식품분야 우수기술을 조기에 발굴, 지원하여 시장 진출기반을 조성할 필요성 증대 제공 목록 : 인증번호, 업체명, 기술명, 유효기간, 기간, 비고",https://data.mafra.go.kr/opendata/data/indexOpenDataDetail.do?data_id=20210930000000001602,농림축산식품부,파일,주기없음,20210930000000001602,2021-09-30,2025-09-23
미주 유럽 수출 실적,"2020년 미주 유럽에 수출한 농식품 실적에 대한 데이터로 수출 중량 및 금액, 전년대비 증감율 등을 제공합니다.",https://data.mafra.go.kr/opendata/data/indexOpenDataDetail.do?data_id=20210930000000001604,농림축산식품부,파일,년간,20210930000000001604,2021-09-30,2021-09-30
스마트축산 한우분야 등급판정정보,농림수산식품교육문화정보원 스마트팜코리아에서 제공하는 스마트축산 한우분야 예상유전전달능력(EPD) 정보입니다.,https://data.mafra.go.kr/opendata/data/indexOpenDataDetail.do?data_id=20210929000000001584,농림수산식품교육문화정보원,파일,주기없음,20210929000000001584,2021-09-29,2022-02-09
스마트축산 양돈분야 포유모돈 정보,농림수산식품교육문화정보원 스마트팜코리아에서 제공하는 스마트축산 양돈분야 포유모돈 정보입니다.,https://data.mafra.go.kr/opendata/data/indexOpenDataDetail.do?data_id=20210929000000001581,농림수산식품교육문화정보원,파일,주기없음,20210929000000001581,2021-09-29,2022-02-09
"FTA체결, 발효 국가별 농축산물 교역현황","우리나라와 FTA 체결, 발효국과의연도별 농축산물 교역현황",https://data.mafra.go.kr/opendata/data/indexOpenDataDetail.do?data_id=20210930000000001618,농림축산식품부,파일,년간,20210930000000001618,2021-09-29,2025-08-28
스마트축산 한우분야 예상유전전달능력(EPD) 정보,농림수산식품교육문화정보원 스마트팜코리아에서 제공하는 스마트축산 한우분야 예상유전전달능력(EPD) 정보입니다.,https://data.mafra.go.kr/opendata/data/indexOpenDataDetail.do?data_id=20210929000000001583,농림수산식품교육문화정보원,파일,주기없음,20210929000000001583,2021-09-29,2022-02-09
스마트축산 양계분야 일일생산 정보,농림수산식품교육문화정보원 스마트팜코리아에서 스마트축산 양계분야 일일생산 정보입니다.,https://data.mafra.go.kr/opendata/data/indexOpenDataDetail.do?data_id=20210929000000001580,농림수산식품교육문화정보원,파일,주기없음,20210929000000001580,2021-09-29,2022-02-09
스마트축산 낙농분야 유성분검사성적서 정보,농림수산식품교육문화정보원 스마트팜코리아에서 제공하는 스마트축산 낙농분야 ICT로봇착유기 수집정보입니다.,https://data.mafra.go.kr/opendata/data/indexOpenDataDetail.do?data_id=20210929000000001579,농림수산식품교육문화정보원,파일,주기없음,20210929000000001579,2021-09-29,2022-02-09
스마트축산 낙농분야 ICT로봇착유기 수집정보,농림수산식품교육문화정보원 스마트팜코리아에서 제공하는 스마트축산 낙농분야 ICT로봇착유기 수집정보입니다.,https://data.mafra.go.kr/opendata/data/indexOpenDataDetail.do?data_id=20210929000000001578,농림수산식품교육문화정보원,파일,주기없음,20210929000000001578,2021-09-29,2022-02-09
지역별 파프리카 스마트팜(시설원예) ICT생육 융복합 정보,"농림수산식품교육문화정보원 스마트팜코리아에서 제공하는 환경정보, 제어정보, 생육정보, 경영정보가 포함된 지역별 방울토마토 스마트팜(시설원예) ICT생육 융복합 정보입니다.",https://data.mafra.go.kr/opendata/data/indexOpenDataDetail.do?data_id=20210928000000001577,농림수산식품교육문화정보원,파일,주기없음,20210928000000001577,2021-09-28,2022-02-09
지역별 오이 스마트팜(시설원예) ICT생육 융복합 정보,"농림수산식품교육문화정보원 스마트팜코리아에서 제공하는 환경정보, 제어정보, 생육정보, 경영정보가 포함된 지역별 방울토마토 스마트팜(시설원예) ICT생육 융복합 정보입니다.",https://data.mafra.go.kr/opendata/data/indexOpenDataDetail.do?data_id=20210928000000001575,농림수산식품교육문화정보원,파일,주기없음,20210928000000001575,2021-09-28,2022-02-09
지역별 방울토마토 스마트팜(시설원예) ICT생육 융복합 정보,"농림수산식품교육문화정보원 스마트팜코리아에서 제공하는 환경정보, 제어정보, 생육정보, 경영정보가 포함된 지역별 방울토마토 스마트팜(시설원예) ICT생육 융복합 정보입니다.",https://data.mafra.go.kr/opendata/data/indexOpenDataDetail.do?data_id=20210928000000001574,농림수산식품교육문화정보원,파일,주기없음,20210928000000001574,2021-09-28,2022-02-09
지역별 토마토 스마트팜(시설원예) ICT생육 융복합 정보,"농림수산식품교육문화정보원 스마트팜코리아에서 제공하는 환경정보, 제어정보, 생육정보, 경영정보가 포함된 지역별 방울토마토 스마트팜(시설원예) ICT생육 융복합 정보입니다.",https://data.mafra.go.kr/opendata/data/indexOpenDataDetail.do?data_id=20210928000000001576,농림수산식품교육문화정보원,파일,주기없음,20210928000000001576,2021-09-28,2022-02-09
아프리카돼지열병(ASF) 발생현황,아프리카돼지열병(ASF) 발생현황,https://data.mafra.go.kr/opendata/data/indexOpenDataDetail.do?data_id=20210929000000001585,농림축산식품부,링크,수시,20210929000000001585,2021-09-28,2024-07-02
지역별 딸기 스마트팜(시설원예) ICT생육 융복합 정보,"농림수산식품교육문화정보원 스마트팜코리아에서 제공하는 환경정보, 제어정보, 생육정보, 경영정보가 포함된 지역별 딸기 스마트팜(시설원예) ICT생육 융복합 정보입니다.",https://data.mafra.go.kr/opendata/data/indexOpenDataDetail.do?data_id=20210928000000001573,농림수산식품교육문화정보원,파일,주기없음,20210928000000001573,2021-09-28,2022-02-09
농림축산식품부_구제역 긴급행동지침(2021),구제역 긴급행동지침 (SOP) 최신 데이터,https://data.mafra.go.kr/opendata/data/indexOpenDataDetail.do?data_id=20191010000000001111,농림축산식품부,링크,주기없음,20191010000000001111,2021-09-28,2025-08-28
구제역 발생현황,구제역 발생 현황,https://data.mafra.go.kr/opendata/data/indexOpenDataDetail.do?data_id=20210929000000001587,농림축산식품부,링크,주기없음,20210929000000001587,2021-09-28,2025-08-28
농림축산식품부 행정규제 목록,"농림축산식품부 행정규제 목록 데이터 - 규제사무명, 법령명, 조문번호, 조문내용",https://data.mafra.go.kr/opendata/data/indexOpenDataDetail.do?data_id=20210927000000001571,농림축산식품부,파일,수시,20210927000000001571,2021-09-27,2021-09-27
축산관계시설등록통계,축산관계시설등록통계 조회,https://data.mafra.go.kr/opendata/data/indexOpenDataDetail.do?data_id=20220622000000002112,농림축산검역본부,OpenAPI,일간,20220622000000002112,2021-09-26,2024-06-19
축산차량 방문정보,축산차량이 농장 및 시설을 방문정보를 조회,https://data.mafra.go.kr/opendata/data/indexOpenDataDetail.do?data_id=20210926000000001565,농림축산검역본부,링크,수시,20210926000000001565,2021-09-26,2024-06-19
질병발생 통계,월별 질병발생 통계 조회,https://data.mafra.go.kr/opendata/data/indexOpenDataDetail.do?data_id=20220621000000002111,농림축산검역본부,OpenAPI,수시,20220621000000002111,2021-09-26,2024-06-17
거점소독시설,거점소독시설 및 장소를 조회,https://data.mafra.go.kr/opendata/data/indexOpenDataDetail.do?data_id=20220622000000002114,농림축산식품부,OpenAPI,수시,20220622000000002114,2021-09-26,2024-06-28
통제초소,통제초소 및 장소 조회,https://data.mafra.go.kr/opendata/data/indexOpenDataDetail.do?data_id=20220622000000002115,농림축산식품부,OpenAPI,수시,20220622000000002115,2021-09-26,2024-06-28
축산차량통계,축산차량통계 조회,https://data.mafra.go.kr/opendata/data/indexOpenDataDetail.do?data_id=20220622000000002113,농림축산검역본부,OpenAPI,일간,20220622000000002113,2021-09-26,2024-06-19
농림축산식품 공공데이터 포털 개방데이터 목록,농림축산식품 공공데이터 포털 개방데이터 목록,https://data.mafra.go.kr/opendata/data/indexOpenDataDetail.do?data_id=20210906000000001563,농림축산식품부,OpenAPI,수시,20210906000000001563,2021-09-06,2025-06-23
2023 화훼재배현황,"상업적 목적으로 재배하는 화훼재배농가대상 농가수, 면적, 판매량, 판매액 제공",https://data.mafra.go.kr/opendata/data/indexOpenDataDetail.do?data_id=20210819000000001556,농림축산식품부,파일,년간,20210819000000001556,2021-08-19,2022-02-16
종자저장고 입고 정보,"농림축산식품부 국립종자원 종자저장고 입고 정보내역으로 입고번호, 품종관리번호, 작물명, 품종명, 입고일 등의 정보를 제공합니다. ※ 법정종자의 보관기간(품종보호등록품종: 20년, 국가목록등재품종: 10년, 생산판매신고품종: 유통기간)동안 안전하게 관리하여 종자분쟁이나 침해 사건 발생시 표준시료로 사용하고, 품종 육성가의 권리 보호 및 국내 유통종자 질서 확립을 위해 법정종자를 보관관리 하고 있는 시설물 입니다.",https://data.mafra.go.kr/opendata/data/indexOpenDataDetail.do?data_id=20210812000000001536,국립종자원,링크,주기없음,20210812000000001536,2021-08-10,2025-08-26
정부보급종 생산계획 현황,"정부보급종 생산계획 현황으로 년산,지원명,시도,작물명,품종명,면적(ha),종자량(kg),생산목표(톤) 등의 정보를 제공합니다.",https://data.mafra.go.kr/opendata/data/indexOpenDataDetail.do?data_id=20210812000000001534,국립종자원,링크,주기없음,20210812000000001534,2021-08-10,2025-08-29
종자저장고 출고 정보,"농림축산식품부 국립종자원 종자저장고 입고 정보내역으로 입고번호, 품종관리번호, 작물명, 품종명, 입고일 등의 정보를 제공합니다. ※ 법정종자의 보관기간(품종보호등록품종: 20년, 국가목록등재품종: 10년, 생산판매신고품종: 유통기간)동안 안전하게 관리하여 종자분쟁이나 침해 사건 발생시 표준시료로 사용하고, 품종 육성가의 권리 보호 및 국내 유통종자 질서 확립을 위해 법정종자를 보관관리 하고 있는 시설물 입니다.",https://data.mafra.go.kr/opendata/data/indexOpenDataDetail.do?data_id=20210812000000001537,국립종자원,링크,주기없음,20210812000000001537,2021-08-10,2025-08-26
정부보급종 원종배부 내역,"정부보급종 원종배부 내역으로 생산년도,지원명,단지명,작물명,품종명,배부일자,배부량,산지 등의 정보를 제공합니다.",https://data.mafra.go.kr/opendata/data/indexOpenDataDetail.do?data_id=20210812000000001539,국립종자원,링크,주기없음,20210812000000001539,2021-08-10,2025-08-29
정부보급종 대략정선 현황,"년산,지원명,부서명,작물명,품종명,작업일자,작업구분,투입량,제품량,부산물_상품청소물,부산물_중품아랫체,부산물_하품윗체,부산물_하품아랫체,부산물_하품휀,부산물_하품집진기,부산물_감모,윗체,아랫체,제망기(RPM),건조회차,순번,건조일자,건조후물량,건조전물량,건조후수분비,건조전수분비,건조온도/상 등의 정보를 제공합니다.",https://data.mafra.go.kr/opendata/data/indexOpenDataDetail.do?data_id=20210812000000001547,국립종자원,링크,주기없음,20210812000000001547,2021-08-10,2025-08-29
정부보급종 파종 실적,"정부보급종 파종 실적으로 년산,지원명,기관명,작물명,품종명,시작일,종료일,파종이앙실적(a) 등의 정보가 제공됩니다.",https://data.mafra.go.kr/opendata/data/indexOpenDataDetail.do?data_id=20210812000000001548,국립종자원,링크,주기없음,20210812000000001548,2021-08-10,2025-08-29
정부보급종 원종수매 수송 내역,"년산,지원명,작물명,품종명,인수구분,수송구분,수송차수,수송시작일,수송종료일,시퀀스명,기관명,발지_지원명,발지_시도,발지_시군구,발지_읍면동,발지,착지_지원명,착지_시도,착지_시군구,착지,수송거리,수송계획량,단량,포대종류,살수송량포대개수,실수송량중량,일자,수송방법,작업임,작업임-발지,작업임-착지,지체사유,지체여부 등의 정보를 제공합니다.",https://data.mafra.go.kr/opendata/data/indexOpenDataDetail.do?data_id=20210812000000001551,국립종자원,링크,주기없음,20210812000000001551,2021-08-10,2025-08-29
정부보급종 원종 생산 계획 현황,"정부보급종 원종 생산 계획 현황으로 년산,지원명,시도,작물명,품종명,면적(ha),종자량(톤),생산목표(kg) 등의 정보를 제공합니다.",https://data.mafra.go.kr/opendata/data/indexOpenDataDetail.do?data_id=20210812000000001552,국립종자원,링크,주기없음,20210812000000001552,2021-08-10,2025-08-29
정부보급종 품종별 수매계획,"년산,지원명,기관명,작물명,품종명,신청차수,시작일,종료일,시퀀스값,발지,착지,양,포대종류,포대수,수송량,수송일자,수송방법,작업임,지체사유,지체여부,비고,수송거리,수송계획량 등의 항목을 제공합니다.",https://data.mafra.go.kr/opendata/data/indexOpenDataDetail.do?data_id=20230825000000002403,국립종자원,링크,주기없음,20230825000000002403,2021-08-10,2025-08-29
정부보급종 수매 수송 내역,"년산,지원명,기관명,작물명,품종명,신청차수,시작일,종료일,시퀀스값,발지,착지,양,포대종류,포대수,수송량,수송일자,수송방법,작업임,지체사유,지체여부,비고,수송거리,수송계획량 등의 항목을 제공합니다.",https://data.mafra.go.kr/opendata/data/indexOpenDataDetail.do?data_id=20210812000000001554,국립종자원,링크,주기없음,20210812000000001554,2021-08-10,2025-08-29
정부보급종 수매 현황,"년산,지원명,기관명,작물명,품종명,신청차수,시작일,종료일,시퀀스값,발지,착지,양,포대종류,포대수,수송량,수송일자,수송방법,작업임,지체사유,지체여부,비고,수송거리,수송계획량 등의 항목을 제공합니다.",https://data.mafra.go.kr/opendata/data/indexOpenDataDetail.do?data_id=20210812000000001553,국립종자원,링크,주기없음,20210812000000001553,2021-08-10,2025-08-29
정부보급종 수매가격 내역,"년산,지원명,기관명,작물명,품종명,신청차수,시작일,종료일,시퀀스값,발지,착지,양,포대종류,포대수,수송량,수송일자,수송방법,작업임,지체사유,지체여부,비고,수송거리,수송계획량 등의 항목을 제공합니다.",https://data.mafra.go.kr/opendata/data/indexOpenDataDetail.do?data_id=20210812000000001535,국립종자원,링크,주기없음,20210812000000001535,2021-08-10,2025-08-29
동물등록 현황,"동물등록 지역별,등록방식별,축종별,품종별,출생연도별 현황",https://data.mafra.go.kr/opendata/data/indexOpenDataDetail.do?data_id=20210806000000001532,농림축산검역본부,OpenAPI,일간,20210806000000001532,2021-08-06,2024-07-17
국립종자원 품종심사 수수료,품종심사 시스템에 사용되는 수수료 금액정보,https://data.mafra.go.kr/opendata/data/indexOpenDataDetail.do?data_id=20210812000000001541,국립종자원,링크,주기없음,20210812000000001541,2021-08-05,2025-08-26
국립종자원_pvp 국유 품종 처분 현황,"품종보호권 국유 품종 도유 품종 실시권 처분현황에 대한 데이터로 품종보호권자,품종명,주소,출원번호,작물명,처분권리,처분연도,육성기관,실시만료일,실시계약일,계약기간,실시권자,실시수량,등록번호 등의 항목을 제공합니다.",https://data.mafra.go.kr/opendata/data/indexOpenDataDetail.do?data_id=20210812000000001544,국립종자원,링크,주기없음,20210812000000001544,2021-08-05,2025-08-29
정부보급종 검사 병 이름 기준정보,국립종자원 정부보급종 검사 병 이름 기준 정보,https://data.mafra.go.kr/opendata/data/indexOpenDataDetail.do?data_id=20210806000000001531,국립종자원,링크,주기없음,20210806000000001531,2021-08-04,2025-08-29
정부보급종 공급 계통출고 내역,"국립종자원 정부보급종 공급 계통출고 내역에 대한 데이터로 년산,작물명,품종명,지원명,출고번호,출고차수,시도,시군구,읍면동,단위,출고전체량,미소독물량,출고일자,확인일자 등의 항목을 제공합니다.",https://data.mafra.go.kr/opendata/data/indexOpenDataDetail.do?data_id=20210805000000001512,국립종자원,링크,주기없음,20210805000000001512,2021-08-04,2025-08-29
정부보급종 공급 개별출고 내역,"국립종자원 정부보급종 공급 계통출고 내역에 대한 데이터로 년산,작물명,품종명,지원명,출고번호,출고차수,시도,시군구,읍면동,단위,출고전체량,미소독물량,출고일자,확인일자 등의 항목을 제공합니다.",https://data.mafra.go.kr/opendata/data/indexOpenDataDetail.do?data_id=20210805000000001513,국립종자원,링크,주기없음,20210805000000001513,2021-08-04,2025-08-29
정부보급종 공급 공매 내역,"국립종자원 정부보급종 공급 계통출고 내역에 대한 데이터로 년산,작물명,품종명,지원명,출고번호,출고차수,시도,시군구,읍면동,단위,출고전체량,미소독물량,출고일자,확인일자 등의 항목을 제공합니다.",https://data.mafra.go.kr/opendata/data/indexOpenDataDetail.do?data_id=20210805000000001518,국립종자원,링크,주기없음,20210805000000001518,2021-08-04,2025-08-29
정부보급종 공급 대금징수 내역,"국립종자원 정부보급종 공급 계통출고 내역에 대한 데이터로 년산,작물명,품종명,지원명,출고번호,출고차수,시도,시군구,읍면동,단위,출고전체량,미소독물량,출고일자,확인일자 등의 항목을 제공합니다.",https://data.mafra.go.kr/opendata/data/indexOpenDataDetail.do?data_id=20210805000000001520,국립종자원,링크,주기없음,20210805000000001520,2021-08-04,2025-08-29
정부보급종 공급 통합채종 내역,"국립종자원 정부보급종 공급 계통출고 내역에 대한 데이터로 년산,작물명,품종명,지원명,출고번호,출고차수,시도,시군구,읍면동,단위,출고전체량,미소독물량,출고일자,확인일자 등의 항목을 제공합니다.",https://data.mafra.go.kr/opendata/data/indexOpenDataDetail.do?data_id=20210805000000001521,국립종자원,링크,주기없음,20210805000000001521,2021-08-04,2025-08-29
정부보급종 공급가격 내역,"국립종자원 정부보급종 공급 계통출고 내역에 대한 데이터로 년산,작물명,품종명,지원명,출고번호,출고차수,시도,시군구,읍면동,단위,출고전체량,미소독물량,출고일자,확인일자 등의 항목을 제공합니다.",https://data.mafra.go.kr/opendata/data/indexOpenDataDetail.do?data_id=20210806000000001522,국립종자원,링크,주기없음,20210806000000001522,2021-08-04,2025-08-29
정부보급종 포장검사 현황,"국립종자원 정부보급종 포장검사 현황에 대한 데이터로 년산,지원명,작물명,차수,검사면적,합격면적,합격비율,불합격(계),불합격(종자원),불합격(자체),진척율,보고서날짜,보고완료여부,검사일자 등의 항목을 제공합니다.",https://data.mafra.go.kr/opendata/data/indexOpenDataDetail.do?data_id=20210805000000001514,국립종자원,링크,주기없음,20210805000000001514,2021-08-04,2025-08-29
국가보증 포장검사 신청 현황,"국립종자원 정부보급종 포장검사 현황에 대한 데이터로 년산,지원명,작물명,차수,검사면적,합격면적,합격비율,불합격(계),불합격(종자원),불합격(자체),진척율,보고서날짜,보고완료여부,검사일자 등의 항목을 제공합니다.",https://data.mafra.go.kr/opendata/data/indexOpenDataDetail.do?data_id=20230825000000002404,국립종자원,링크,주기없음,20230825000000002404,2021-08-04,2025-08-29
정부보급종 신청기간 내역,"국립종자원 정부보급종 신청기간 내역에 대한 데이터로 년산,지원명,작물명,기간설명,시작일,종료일 등의 항목을 제공합니다. ※보급종 신청 및 공급요령(국립종자원예규 제 194호)에 따라 작물별 신청할 수 있는 기간 혹은 시기(우선, 일반, 개별 등)를 의미합니다. 각 작물의 신청기간은 국립종자원에서 정합니다.",https://data.mafra.go.kr/opendata/data/indexOpenDataDetail.do?data_id=20210805000000001515,국립종자원,링크,주기없음,20210805000000001515,2021-08-04,2025-08-26
정부보급종 생산대행계약 현황,"국립종자원 정부보급종 생산대행계약 현황에 대한 데이터로 년산,지원명,작물명,면적,생산목표,생산계획면적,종자량,농가수,단지수,필지수,발송완료여부,작성일자 등의 항목을 제공합니다.",https://data.mafra.go.kr/opendata/data/indexOpenDataDetail.do?data_id=20210805000000001516,국립종자원,링크,주기없음,20210805000000001516,2021-08-04,2025-08-29
정부보급종 못자리점검 현황,"국립종자원 정부보급종 못자리점검 현황에 대한 데이터로 년산,지원명,작물명,품종명,단지명,파종일,파종(모판수),키다리병발생(모판수),폐기(모판수),이앙가능(모판수),점검월일 등의 항목을 제공합니다",https://data.mafra.go.kr/opendata/data/indexOpenDataDetail.do?data_id=20210805000000001517,국립종자원,링크,주기없음,20210805000000001517,2021-08-04,2025-08-29
정부보급종 개별신청 내역,"국립종자원 정부보급종 개별신청 내역에 대한 데이터로 년산, 지원명, 작물, 품종명, 춘추기, 추가공급잔량, 공급계획량_1, 공급계획량_2, 개별신청량_기본1, 개별신청량_기본2, 구분 등의 항목을 제공합니다. ※계통신청(우선, 일반신청) 후 남은 공급잔량에 대해 농가가 국립종자원 종자민원서비스를 통해 신청 하거나 전화주문(콜센터 등 활용)을 통한 신청을 의미합니다.",https://data.mafra.go.kr/opendata/data/indexOpenDataDetail.do?data_id=20210805000000001519,국립종자원,링크,주기없음,20210805000000001519,2021-08-04,2025-08-26
정부보급종 비축종자 현황,"국립종자원 정부보급종 비축종자 현황에 대한 데이터로 년산,고유번호,원종구분,보관지원,생산지원,작물명,품종명,비축량,사용량 등의 항목을 제공합니다. ※ 이상기후(자연재해) 및 기타 사유(병해충 발생 등)에 따른 종자 검사 불합격을 대비해 보관해 놓은 종자를 의미합니다. ※ 정부보급종은 종자산업법 제22조에 따라 정부가 생산·공급하고 있는 종자로 벼, 콩, 팥, 보리, 밀, 호밀 작물이 해당된다.",https://data.mafra.go.kr/opendata/data/indexOpenDataDetail.do?data_id=20210806000000001523,국립종자원,링크,주기없음,20210806000000001523,2021-08-04,2025-08-26
정부보급종 예비종자 현황,"국립종자원 정부보급종 예비종자 현황에 대한 데이터로 년산,지원명,작물명,품종명,원종구분,예비종자량,사용량 등의 항목을 제공합니다. ※ 종자 공급 후 민원발생(파종실패, 종자결함 등) 시, 민원 대응에 활용하기 위해 보관하는 종자를 의미합니다. ※ 정부보급종은 종자산업법 제22조에 따라 정부가 생산·공급하고 있는 종자로 벼, 콩, 팥, 보리, 밀, 호밀 작물이 해당된다.",https://data.mafra.go.kr/opendata/data/indexOpenDataDetail.do?data_id=20210806000000001524,국립종자원,링크,주기없음,20210806000000001524,2021-08-04,2025-08-26
정부보급종 우선공급 내역,"국립종자원 정부보급종 우선공급 내역에 대한 데이터로 년산,지원명,사업체명,사업체종류,시도,시군구,품종명,소계_신청량,사전_신청량,우선_신청량,소계_배정량,사전_배정량,우선_배정량,소계_농가량,사전_농가량,우선_농가량,소계_농가잔량,사전_농가잔량,우선_농가잔량 등의 항목을 제공합니다. ※ 농림축산식품부가 선정한 우선공급업체(들녘경영체, 정부지원RPC, 그 외 시,군 농업기술센터장이 위의 업체에 준하는 것으로 추천한 업체 등)에 일반신청 보다 사전에 신청을 받아 이들에게 보급종을 우선제공하는 것입니다.",https://data.mafra.go.kr/opendata/data/indexOpenDataDetail.do?data_id=20210806000000001525,국립종자원,링크,주기없음,20210806000000001525,2021-08-04,2025-08-26
정부보급종 출고내역,"국립종자원 정부보급종 시도별 품종별 출고 내역에 대한 데이터로 년산,지원명,시도명,작물명,품종명,수송차수,신청량 등의 항목을 제공합니다. ※ 정부보급종은 종자산업법 제22조에 따라 정부가 생산·공급하고 있는 종자로 벼, 콩, 팥, 보리, 밀, 호밀 작물이 해당된다. ※ 출고내역이란 농가의 신청에 따라 국립종자원에서 종자가 외부(기관, 농가 등)에 공급된 기록(출고일자, 수량, 착지 등)을 의미합니다.",https://data.mafra.go.kr/opendata/data/indexOpenDataDetail.do?data_id=20210806000000001526,국립종자원,링크,주기없음,20210806000000001526,2021-08-04,2025-08-29
정부보급종 검사 시료 입출고 현황,"국립종자원 정부보급종 검사시료 입출고 등록 현황에 대한 데이터로 년산,채종단계,담당지원,생산지원,작물명,종자무게,소독여부,처분일자,입고량,출고량 등의 항목을 제공합니다.",https://data.mafra.go.kr/opendata/data/indexOpenDataDetail.do?data_id=20210806000000001527,국립종자원,링크,주기없음,20210806000000001527,2021-08-04,2025-08-29
정부보급종 정밀정선 현황,"국립종자원 정부보급종 정밀정선 현황에 대한 데이터로 정선일자, 소집단량, 투입량, 작업량, 소독할량, 미소독할량 용도 등의 항목을 제공합니다.",https://data.mafra.go.kr/opendata/data/indexOpenDataDetail.do?data_id=20210806000000001528,국립종자원,링크,주기없음,20210806000000001528,2021-08-04,2025-08-29
정부보급종 정선 곡온 현황,"국립종자원 정부보급종 정밀정선 현황에 대한 데이터로 정선일자, 소집단량, 투입량, 작업량, 소독할량, 미소독할량 용도 등의 항목을 제공합니다.",https://data.mafra.go.kr/opendata/data/indexOpenDataDetail.do?data_id=20210806000000001530,국립종자원,링크,주기없음,20210806000000001530,2021-08-04,2025-08-29
정부보급종 정선 입고종자 종자규격 내역,"국립종자원 정부보급종 정밀정선 현황에 대한 데이터로 정선일자, 소집단량, 투입량, 작업량, 소독할량, 미소독할량 용도 등의 항목을 제공합니다.",https://data.mafra.go.kr/opendata/data/indexOpenDataDetail.do?data_id=20210812000000001533,국립종자원,링크,주기없음,20210812000000001533,2021-08-04,2025-08-29
정부보급종 정선 포장재 수불 현황,"국립종자원 정부보급종 정밀정선 현황에 대한 데이터로 정선일자, 소집단량, 투입량, 작업량, 소독할량, 미소독할량 용도 등의 항목을 제공합니다.",https://data.mafra.go.kr/opendata/data/indexOpenDataDetail.do?data_id=20210812000000001538,국립종자원,링크,주기없음,20210812000000001538,2021-08-04,2025-08-29
정부보급종 정선 종자품위 현황,"국립종자원 정부보급종 정밀정선 현황에 대한 데이터로 정선일자, 소집단량, 투입량, 작업량, 소독할량, 미소독할량 용도 등의 항목을 제공합니다.",https://data.mafra.go.kr/opendata/data/indexOpenDataDetail.do?data_id=20210812000000001540,국립종자원,링크,주기없음,20210812000000001540,2021-08-04,2025-08-29
정부보급종 정선 입고종자 품위조사 내역,"국립종자원 정부보급종 정밀정선 현황에 대한 데이터로 정선일자, 소집단량, 투입량, 작업량, 소독할량, 미소독할량 용도 등의 항목을 제공합니다.",https://data.mafra.go.kr/opendata/data/indexOpenDataDetail.do?data_id=20210812000000001542,국립종자원,링크,주기없음,20210812000000001542,2021-08-04,2025-08-29
정부보급종 정밀정선 마감등록 현황,"국립종자원 정부보급종 정밀정선 현황에 대한 데이터로 정선일자, 소집단량, 투입량, 작업량, 소독할량, 미소독할량 용도 등의 항목을 제공합니다.",https://data.mafra.go.kr/opendata/data/indexOpenDataDetail.do?data_id=20210812000000001543,국립종자원,링크,주기없음,20210812000000001543,2021-08-04,2025-08-29
정부보급종 원종정선 현황,"국립종자원 정부보급종 정밀정선 현황에 대한 데이터로 정선일자, 소집단량, 투입량, 작업량, 소독할량, 미소독할량 용도 등의 항목을 제공합니다.",https://data.mafra.go.kr/opendata/data/indexOpenDataDetail.do?data_id=20210812000000001545,국립종자원,링크,주기없음,20210812000000001545,2021-08-04,2025-08-29
정부보급종 정선 소독 현황,"국립종자원 정부보급종 정밀정선 현황에 대한 데이터로 정선일자, 소집단량, 투입량, 작업량, 소독할량, 미소독할량 용도 등의 항목을 제공합니다.",https://data.mafra.go.kr/opendata/data/indexOpenDataDetail.do?data_id=20210812000000001546,국립종자원,링크,주기없음,20210812000000001546,2021-08-04,2025-08-29
정부보급종 정선 저장빈 현황,"국립종자원 정부보급종 정밀정선 현황에 대한 데이터로 정선일자, 소집단량, 투입량, 작업량, 소독할량, 미소독할량 용도 등의 항목을 제공합니다.",https://data.mafra.go.kr/opendata/data/indexOpenDataDetail.do?data_id=20210812000000001549,국립종자원,링크,주기없음,20210812000000001549,2021-08-04,2025-08-29
정부보급종 원종인수 현황,"국립종자원 정부보급종 정밀정선 현황에 대한 데이터로 정선일자, 소집단량, 투입량, 작업량, 소독할량, 미소독할량 용도 등의 항목을 제공합니다.",https://data.mafra.go.kr/opendata/data/indexOpenDataDetail.do?data_id=20210812000000001550,국립종자원,링크,주기없음,20210812000000001550,2021-08-04,2025-08-29
정부보급종 검사 기준,"국립종자원 정부보급종 검사 기준에 대한 데이터로 년산,작물,품목,구분,채종단계,포장_품종순도,포장_이종종자수,포장_특정해초,포장_기타해초,포장_특정병,포장_기타병,포장_작황,포장_자연교잡종,포장_변형주,종자_발아율,종자_정립_이품종,종자_정립_피해립,종자_정립_계,종자_이종종자,종자_이물,종자_특정잡초,종자_기타잡초,종자_잡초_계,종자_병해립_특정,종자_병해립_기타,종자_메벼출현율,종자_수분,종자_미숙립률 등의 항목을 제공합니다.",https://data.mafra.go.kr/opendata/data/indexOpenDataDetail.do?data_id=20210806000000001529,국립종자원,링크,주기없음,20210806000000001529,2021-08-04,2025-08-29
품종보호 거절이유별 거절 및 취하 현황,"조사기준일까지 신품종 출원된 품종 중에서 품종보호가 거절된 품종에 대하여 거절이유별(무효처분, 취하, 포기, 신규성, 구별성, 균일성, 안정성, 군일성 및 안정성, 신규성 및 구별성, 균일성 및 구별성, 무권리자, 기타)로 거절 및 취하된 현황 요약표",https://data.mafra.go.kr/opendata/data/indexOpenDataDetail.do?data_id=20210802000000001497,국립종자원,링크,주기없음,20210802000000001497,2021-07-30,2025-08-26
품종육성주체별품종보호출원및등록현황,"품종육성주체별(국내개인, 국내종자업계, 국내지자체, 국내국가기관, 국내기타,외국개인, 외국종자업계, 외국기타)로 품종보호 출원 및 등록 현황에 관해 정리한 표",https://data.mafra.go.kr/opendata/data/indexOpenDataDetail.do?data_id=20210803000000001511,국립종자원,링크,주기없음,20210803000000001511,2021-07-30,2025-08-26
품종보호 작물 지정 내역,"조사기준일까지 신품종 출원된 품종 중에서 품종보호가 거절된 품종에 대하여 거절이유별(무효처분, 취하, 포기, 신규성, 구별성, 균일성, 안정성, 군일성 및 안정성, 신규성 및 구별성, 균일성 및 구별성, 무권리자, 기타)로 거절 및 취하된 현황 요약표",https://data.mafra.go.kr/opendata/data/indexOpenDataDetail.do?data_id=20210802000000001498,국립종자원,링크,주기없음,20210802000000001498,2021-07-30,2025-08-26
연도별 종자 수출입 물량 및 국내외 채소종자 생산량 현황,"연도별 종자 수출량 및 수입량 현황, 채소종자의 생산량 및 해외채종 비율 등을 파악하기위해 만든 통계 데이터로 종자 수출입, 채소종자 생산량 등을 파악 가능하다",https://data.mafra.go.kr/opendata/data/indexOpenDataDetail.do?data_id=20220620000000002109,국립종자원,파일,수시,20220620000000002109,2021-07-30,2025-08-29
우수품종상 시상내역,"우수품종상 수상업체 정보(년도, 작물, 품종, 출품기관, 육종가(부분공개), 수상명), 작물별 우수품종의 정보를 볼수 있고 활용을 통해 개인육종가의 수상률 또는 기관별(업체) 수상률을 알아볼수 있다.",https://data.mafra.go.kr/opendata/data/indexOpenDataDetail.do?data_id=20210802000000001492,국립종자원,링크,주기없음,20210802000000001492,2021-07-30,2025-08-29
곤충산업 현황 실태조사,곤충산업 현황 실태조사(지자체 행정조사를 통해 집계),https://data.mafra.go.kr/opendata/data/indexOpenDataDetail.do?data_id=20210727000000001441,농림축산식품부,파일,주기없음,20210727000000001441,2021-07-22,2021-07-27
2023년 농식품공무원교육원 교육훈련 계획,2021년 농식품공무원교육원 교육훈련 계획입니다.,https://data.mafra.go.kr/opendata/data/indexOpenDataDetail.do?data_id=20230615000000002366,농식품공무원교육원,파일,주기없음,20230615000000002366,2021-06-03,2023-06-20
2022년 농식품공무원교육원 교육훈련 계획,2021년 농식품공무원교육원 교육훈련 계획입니다.,https://data.mafra.go.kr/opendata/data/indexOpenDataDetail.do?data_id=20220728000000002299,농식품공무원교육원,파일,주기없음,20220728000000002299,2021-06-03,2023-06-20
2021년 농식품 교육훈련 계획,2021년 농식품공무원교육원 교육훈련 계획입니다.,https://data.mafra.go.kr/opendata/data/indexOpenDataDetail.do?data_id=20210603000000001433,농식품공무원교육원,파일,주기없음,20210603000000001433,2021-06-03,2023-06-20
2024년 농식품공무원교육원 교육훈련 계획,2021년 농식품공무원교육원 교육훈련 계획입니다.,https://data.mafra.go.kr/opendata/data/indexOpenDataDetail.do?data_id=20240715000000002583,농식품공무원교육원,파일,주기없음,20240715000000002583,2021-06-03,2023-06-20
2025년 농식품공무원교육원 교육훈련 계획,2021년 농식품공무원교육원 교육훈련 계획입니다.,https://data.mafra.go.kr/opendata/data/indexOpenDataDetail.do?data_id=20250722000000002691,농식품공무원교육원,파일,주기없음,20250722000000002691,2021-06-03,2023-06-20
2020년 농식품공무원교육원 교육훈련 통계자료,농식품공무원교육원 교육훈련 통계자료입니다.,https://data.mafra.go.kr/opendata/data/indexOpenDataDetail.do?data_id=20210603000000001434,농식품공무원교육원,파일,주기없음,20210603000000001434,2021-06-03,2022-07-28
축산물이력제 빅데이터 개방시스템,"소의 시도, 시군, 소의종류, 성별, 도축개월령, 도축년월, 육질등급, 도체중량별 두수",https://data.mafra.go.kr/opendata/data/indexOpenDataDetail.do?data_id=20210507000000001419,축산물품질평가원,링크,주기없음,20210507000000001419,2021-05-07,2025-07-01
농업경영체 농지 소재지별 농업인 현황,"농업경영체 지역별, 소재지별, 품목별 현황 등을 제공",https://data.mafra.go.kr/opendata/data/indexOpenDataDetail.do?data_id=20201030000000001398,농림수산식품교육문화정보원,링크,주기없음,20201030000000001398,2020-10-30,2024-07-16
농업경영체 농지 소재지별 농가 현황,"농업경영체 지역별, 소재지별, 품목별 현황 등을 제공",https://data.mafra.go.kr/opendata/data/indexOpenDataDetail.do?data_id=20201030000000001397,농림수산식품교육문화정보원,링크,주기없음,20201030000000001397,2020-10-30,2024-07-16
농업경영체 지역별 법인 현황,"농업경영체 지역별, 소재지별, 품목별 현황 등을 제공",https://data.mafra.go.kr/opendata/data/indexOpenDataDetail.do?data_id=20201030000000001399,농림수산식품교육문화정보원,링크,주기없음,20201030000000001399,2020-10-30,2024-07-16
농작물 재배 지역별 면적별 현황,"농업경영체 지역별, 소재지별, 품목별 현황 등을 제공",https://data.mafra.go.kr/opendata/data/indexOpenDataDetail.do?data_id=20201030000000001400,농림수산식품교육문화정보원,링크,주기없음,20201030000000001400,2020-10-30,2024-07-16
농작물 재배 지역별 시설별 면적현황,"농업경영체 지역별, 소재지별, 품목별 현황 등을 제공",https://data.mafra.go.kr/opendata/data/indexOpenDataDetail.do?data_id=20201030000000001401,농림수산식품교육문화정보원,링크,주기없음,20201030000000001401,2020-10-30,2024-07-16
농작물 재배 품목별 현황,"농업경영체 지역별, 소재지별, 품목별 현황 등을 제공",https://data.mafra.go.kr/opendata/data/indexOpenDataDetail.do?data_id=20201030000000001402,농림수산식품교육문화정보원,링크,주기없음,20201030000000001402,2020-10-30,2024-07-16
농작물 재배 지역별 품목별 현황,"농업경영체 지역별, 소재지별, 품목별 현황 등을 제공",https://data.mafra.go.kr/opendata/data/indexOpenDataDetail.do?data_id=20201030000000001403,농림수산식품교육문화정보원,링크,주기없음,20201030000000001403,2020-10-30,2024-07-16
농업경영체 지역별 농가 현황,"농업경영체 지역별, 소재지별, 품목별 현황 등을 제공",https://data.mafra.go.kr/opendata/data/indexOpenDataDetail.do?data_id=20201030000000001395,농림수산식품교육문화정보원,링크,주기없음,20201030000000001395,2020-10-30,2024-07-16
농업경영체 지역별 농업인 현황,"농업경영체 지역별, 소재지별, 품목별 현황 등을 제공",https://data.mafra.go.kr/opendata/data/indexOpenDataDetail.do?data_id=20201030000000001396,농림수산식품교육문화정보원,링크,주기없음,20201030000000001396,2020-10-30,2024-07-16
국가농식품통계,"농림업생산지수, 농업기계보유현황, 특용작물생산실적, 시설채소온실현황및생산실적, 과실류가공현황, 화훼재배현황, 기능성양잠산업현황, 도축검사보고, 여성농업인실태조사 농식품통계서비스",https://data.mafra.go.kr/opendata/data/indexOpenDataDetail.do?data_id=20201005000000001393,농림수산식품교육문화정보원,OpenAPI,수시,20201005000000001393,2020-09-24,2025-07-01
안심식당 정보,3가지 방역수칙을 준수하여 안심식당으로 선정된 식당 리스트 ①덜어먹기 가능한 도구 비치·제공 ②위생적인 수저 관리 ③종사자 마스크 착용 여부,https://data.mafra.go.kr/opendata/data/indexOpenDataDetail.do?data_id=20200713000000001391,농림축산식품부,OpenAPI,수시,20200713000000001391,2020-07-13,2022-07-19
국립종자원 작물코드,"국립종자원의 종자유통시스템, 품종보호시스템. 재배시험 시스템 등 시스템에 쓰이는 코드 정보를 제공합니다.",https://data.mafra.go.kr/opendata/data/indexOpenDataDetail.do?data_id=20200113000000001389,국립종자원,OpenAPI,일간,20200113000000001389,2020-01-07,2025-08-29
국립종자원 품종코드,"국립종자원의 종자유통시스템, 품종보호시스템. 재배시험 시스템 등 시스템에 쓰이는 코드 정보를 제공합니다.",https://data.mafra.go.kr/opendata/data/indexOpenDataDetail.do?data_id=20200113000000001390,국립종자원,OpenAPI,일간,20200113000000001390,2020-01-07,2025-08-29
국가품종목록 등재품종 목록,"· 농업 생산의 안정상 중요한 작물(벼, 보리, 콩, 옥수수, 감자)의 종자에 대한 품종성능을 관리하여 위하여 국가품종목록에 등재한 품종 현황 - 목록등재 작물명, 품종명, 육성자, 등재번호, 등재유효기간 등",https://data.mafra.go.kr/opendata/data/indexOpenDataDetail.do?data_id=20200113000000001388,국립종자원,OpenAPI,일간,20200113000000001388,2020-01-07,2025-08-26
제주도 지역에서 채집된 나무이의 검역적 활용을 위한 분류동정 연구,"제주도 지역에서 채집된 나무이의 검역적 활용을 위한 분류동정 연구에 관련된 내용입니다 (나무이표본제작 및 유전자 분석법, 나무이 검색표, 나무이 참고문헌)",https://data.mafra.go.kr/opendata/data/indexOpenDataDetail.do?data_id=20191219000000001387,농림축산검역본부,파일,수시,20191219000000001387,2019-12-19,2023-08-07
한국농어촌공사_계절테마여행세부코스정보_20240520,"한국농어촌공사에서 관리하는 계절, 테마별 여행정보(주제, 태그, 요약, 코스정보 등)",https://data.mafra.go.kr/opendata/data/indexOpenDataDetail.do?data_id=20191017000000001372,한국농어촌공사,파일,반기,20191017000000001372,2019-10-17,2024-07-03
한국농어촌공사_계절테마여행정보_20240520,"한국농어촌공사에서 관리하는 계절, 테마별 여행정보(주제, 태그, 요약, 코스정보 등)",https://data.mafra.go.kr/opendata/data/indexOpenDataDetail.do?data_id=20191017000000001371,한국농어촌공사,파일,반기,20191017000000001371,2019-10-17,2024-07-03
한국농어촌공사 지하수관측소정보,"한국농어촌공사에서 운영,관리하는 지하수관측소 정보 (농어촌 지하수의 개발,이용 및 보전,관리를 위한 관측망 운영)",https://data.mafra.go.kr/opendata/data/indexOpenDataDetail.do?data_id=20191014000000001272,한국농어촌공사,파일,년간,20191014000000001272,2019-10-14,2024-07-04
고객의소리 처리정보_20241231,한국농어촌공사 홈페이지 고객의소리(문의) 게시판을 통해 접수된 고객의소리 처리 정보,https://data.mafra.go.kr/opendata/data/indexOpenDataDetail.do?data_id=20191014000000001270,한국농어촌공사,파일,년간,20191014000000001270,2019-10-14,2022-02-11
시설인허가(하천점용허가)_2022,한국농어촌공사에서 관리하는 농업생산기반시설의 인허가 정보입니다.,https://data.mafra.go.kr/opendata/data/indexOpenDataDetail.do?data_id=20230823000000002397,한국농어촌공사,파일,년간,20230823000000002397,2019-10-14,2022-02-11
한국농어촌공사_농업생산기반정비통계연보,농업생산기반정비 실적을 기록 및 보존하여 농업생산기반시설물의 효율적인 유지관리와 농정시책 수립자료로 사업성과 기록정리 및 홍보자료로 활용하고자 함,https://data.mafra.go.kr/opendata/data/indexOpenDataDetail.do?data_id=20191014000000001281,한국농어촌공사,링크,년간,20191014000000001281,2019-10-14,2022-02-11
한국농어촌공사_농업용저수지 수질정보_공사조사수질(2018년),"한국농어촌공사가 관리하는 농업용수로 사용되는 저수지의 주소,담당관리기관,조사일자, 수질정보 등",https://data.mafra.go.kr/opendata/data/indexOpenDataDetail.do?data_id=20191014000000001276,한국농어촌공사,파일,년간,20191014000000001276,2019-10-14,2025-08-26
한국농어촌공사_농업용저수지 수질정보_공사조사수질(2017년),"한국농어촌공사가 관리하는 농업용수로 사용되는 저수지의 주소,담당관리기관,조사일자, 수질정보 등",https://data.mafra.go.kr/opendata/data/indexOpenDataDetail.do?data_id=20191014000000001275,한국농어촌공사,파일,년간,20191014000000001275,2019-10-14,2025-08-26
한국농어촌공사_농업용저수지 수질정보_공사조사수질(2016년),"한국농어촌공사가 관리하는 농업용수로 사용되는 저수지의 주소,담당관리기관,조사일자, 수질정보 등",https://data.mafra.go.kr/opendata/data/indexOpenDataDetail.do?data_id=20191014000000001274,한국농어촌공사,파일,년간,20191014000000001274,2019-10-14,2025-08-26
한국농어촌공사_농업용저수지 수질정보_공사조사수질(2015년),"한국농어촌공사가 관리하는 농업용수로 사용되는 저수지의 주소,담당관리기관,조사일자, 수질정보 등",https://data.mafra.go.kr/opendata/data/indexOpenDataDetail.do?data_id=20191014000000001273,한국농어촌공사,파일,년간,20191014000000001273,2019-10-14,2025-08-26
한식 현지화를 위한 중국시장분석과 마케팅 전략개발(2014),한식 현지화를 위한 중국시장분석과 마케팅 전략개발 = China market analysis and marketing strategy development for Korean food localization / 농림축산식품부 외식산업진흥과 ; (주)이티앤제우스 [공편],https://data.mafra.go.kr/opendata/data/indexOpenDataDetail.do?data_id=20191011000000001202,농림축산식품부,링크,수시,20191011000000001202,2019-10-11,2025-07-01
CCTV 관리현황,"국립농산물품질관리원 CCTV관리현황(관리기관명, 소재지도로명주소, 소재지지번주소, 설치목적구분, 카메라대수, 관리기관전화번호, 위도, 경도, 데이터기준일자)",https://data.mafra.go.kr/opendata/data/indexOpenDataDetail.do?data_id=20191011000000001210,국립농산물품질관리원,파일,년간,20191011000000001210,2019-10-11,2024-06-07
농림축산식품부_푸드플랜 지원정책 매뉴얼 (2019),지역 먹거리 선순환체계 구축(푸드플랜)과 관련된 연계 사업 중 국가 및 각 지자체에서 시행중인 사업들을 한데모아 이를 공유함으로써 지역 푸드플랜을 추진 중이거나 준비 중인 지자체에 도움을 주기 위함,https://data.mafra.go.kr/opendata/data/indexOpenDataDetail.do?data_id=20220729000000002301,농림축산식품부,파일,수시,20220729000000002301,2019-10-11,2025-08-27
LMO수입승인현황,"LMO(면실류, 옥수수, 대두 등) 수입현황 관리정보",https://data.mafra.go.kr/opendata/data/indexOpenDataDetail.do?data_id=20191011000000001212,국립농산물품질관리원,파일,년간,20191011000000001212,2019-10-11,2024-06-07
농림축산식품부_6차산업 창업매뉴얼,"농산물을 생산하는 1차 또는 2,3차산업에 종사하고 있는 농업인들에게 창업정보를 제공하기 위해 <6차산업 창업매뉴얼>을 만들어 제공",https://data.mafra.go.kr/opendata/data/indexOpenDataDetail.do?data_id=20191010000000001098,농림축산식품부,링크,수시,20191010000000001098,2019-10-10,2025-09-30
농림축산식품부_6차산업성과점검및평가를통한향후정책방안연구(2017),농림축산식품부에서 발행한 연구자료(6차산업 성과점검 및 평가를 통한 향후 정책방안 연구)입니다.,https://data.mafra.go.kr/opendata/data/indexOpenDataDetail.do?data_id=20191010000000001101,농림축산식품부,링크,년간,20191010000000001101,2019-10-10,2025-09-30
6차산업화 활성화를 위한 창업관련 연관사업_2014,"6차 산업의 목적 및 발전방향, 성공사례 및 창업가이드 등 연구 보고서",https://data.mafra.go.kr/opendata/data/indexOpenDataDetail.do?data_id=20191010000000001102,농림축산식품부,링크,년간,20191010000000001102,2019-10-10,2025-09-30
농림축산식품부_꿀벌 질병 방역관리 방안 마련(2017),농림축산식품부에서 발행한 꿀벌 질병(낭충봉아부패병 등) 방역관리방안마련 자료입니다.,https://data.mafra.go.kr/opendata/data/indexOpenDataDetail.do?data_id=20191010000000001114,농림축산식품부,링크,주기없음,20191010000000001114,2019-10-10,2023-08-07
일반농산어촌개발사업 추진성과분석 및 발전모델 개발,농림축산식품부 지역개발과에서 추진중인 농산어촌개발종합정보 입니다.,https://data.mafra.go.kr/opendata/data/indexOpenDataDetail.do?data_id=20220629000000002126,농림축산식품부,파일,주기없음,20220629000000002126,2019-10-10,2023-07-21
농수축산물 표준코드(2015),농림축산식품부 정보통계담당관실에서 발간한 농수축산물 표준코드 입니다.,https://data.mafra.go.kr/opendata/data/indexOpenDataDetail.do?data_id=20191010000000001119,농림축산식품부,링크,수시,20191010000000001119,2019-10-10,2025-08-29
반려동물 연관산업 분석 및 발전방향 연구(2016),농림축산식품부에서 발행한 연구용역자료(반려동물연관산업분석및발전방향연구) 입니다.,https://data.mafra.go.kr/opendata/data/indexOpenDataDetail.do?data_id=20191010000000001138,농림축산식품부,링크,수시,20191010000000001138,2019-10-10,2022-02-17
농림축산식품부_법령 제·개정 업무편람(2015),법제절차 전 과정에 대한 단계별 등록 진행절차 설명서입니다,https://data.mafra.go.kr/opendata/data/indexOpenDataDetail.do?data_id=20191010000000001139,농림축산식품부,링크,수시,20191010000000001139,2019-10-10,2023-08-09
농림축산식품부_법령 제·개정 업무편람(2020),법제절차 전 과정에 대한 단계별 등록 진행절차 설명서입니다,https://data.mafra.go.kr/opendata/data/indexOpenDataDetail.do?data_id=20230809000000002387,농림축산식품부,파일,주기없음,20230809000000002387,2019-10-10,2023-08-09
식물검역통계연보_2017,"수출 입식물검역 등의 검역실적을 검역지별, 유형별 및 품목별로 정리하여 수록하였고, 병해충 검출실적, 수입 금지품의 수입허가사항 및 격리재배검역 실적 등도 수록",https://data.mafra.go.kr/opendata/data/indexOpenDataDetail.do?data_id=20191010000000001154,농림축산식품부,링크,년간,20191010000000001154,2019-10-10,2022-02-17
농림축산식품부_농업재해대책업무편람 정보(2019),농어업재해대책법 및 농어업재해보험법 등에 따른 농업재해에 대한 기준 및 처리요령에 대한 정보입니다.,https://data.mafra.go.kr/opendata/data/indexOpenDataDetail.do?data_id=20220705000000002140,농림축산식품부,파일,주기없음,20220705000000002140,2019-10-10,2022-02-17
농림축산식품부_도시농업통계,도시농업 현황(통계) 자료입니다.,https://data.mafra.go.kr/opendata/data/indexOpenDataDetail.do?data_id=20191010000000001132,농림축산식품부,파일,년간,20191010000000001132,2019-10-10,2023-07-31
농림축산식품부_도축장 현황,"전국 도축장, 집유장, 작업장 현황",https://data.mafra.go.kr/opendata/data/indexOpenDataDetail.do?data_id=20191010000000001133,농림축산검역본부,링크,수시,20191010000000001133,2019-10-10,2024-07-10
농림축산식품부_농식품 기술사업화 디렉토리북(2014),농산업 종사자와 농산업에 진입하길 희망하는 국민들이 농식품 분야의 기술정보와 사업화 정책을 알 수 있도록 안내하는 정부정책 길라잡이입니다.,https://data.mafra.go.kr/opendata/data/indexOpenDataDetail.do?data_id=20220628000000002123,농림축산식품부,파일,주기없음,20220628000000002123,2019-10-10,2023-07-31
농림축산식품부_유전자변형생물체 관련 법령_2019,유전자변형생물체의 개발ㆍ생산ㆍ수입ㆍ수출ㆍ유통 등에 관한 안전성의 확보를 위하여 필요한 사항을 법령으로 정함,https://data.mafra.go.kr/opendata/data/indexOpenDataDetail.do?data_id=20191010000000001190,농림축산식품부,파일,년간,20191010000000001190,2019-10-10,2022-02-17
농림축산식품부_쌀.밭.조건불리직불제사업시행지침서(2018),쌀.밭.조건불리직불제사업에 대한 사업시행지침서,https://data.mafra.go.kr/opendata/data/indexOpenDataDetail.do?data_id=20191010000000001162,농림축산식품부,링크,주기없음,20191010000000001162,2019-10-10,2024-06-25
식품통계(국내편),"농림축산식품부 식품산업정책과에서 발간한 식품통계(국내편, 해외편)입니다.",https://data.mafra.go.kr/opendata/data/indexOpenDataDetail.do?data_id=20220705000000002139,농림축산식품부,파일,년간,20220705000000002139,2019-10-10,2023-08-28
식품통계(해외편),"농림축산식품부 식품산업정책과에서 발간한 식품통계(국내편, 해외편)입니다.",https://data.mafra.go.kr/opendata/data/indexOpenDataDetail.do?data_id=20220705000000002138,농림축산식품부,파일,년간,20220705000000002138,2019-10-10,2023-08-28
"팜맵기반의 기상, 토양, 병해충발생 정보","을 반영한 농경지 전자지도인 팜맵을 기반으로 농업기상, 토양, 병해충발생정보를 융.복합하여 개방데이터 제공",https://data.mafra.go.kr/opendata/data/indexOpenDataDetail.do?data_id=20190710000000001094,농림수산식품교육문화정보원,OpenAPI,년간,20190710000000001094,2019-06-08,2021-08-10
농촌에서 즐기는 100세 인생 100가지 선물(2016),농림축산식품부 농촌복지여성과에서 제작한 2016 농촌 복지 가이드북 입니다.,https://data.mafra.go.kr/opendata/data/indexOpenDataDetail.do?data_id=20220705000000002136,농림축산식품부,파일,수시,20220705000000002136,2019-02-13,2023-08-18
농림축산식품 주요통계,농림축산식품부 정보통계담당관실에서 발간한 농림축산식품 주요통계입니다.,https://data.mafra.go.kr/opendata/data/indexOpenDataDetail.do?data_id=20220718000000002278,농림축산식품부,파일,년간,20220718000000002278,2019-02-13,2023-07-17
농림축산식품부_한국의 자연유산 곤충자원(2013),농림축산식품부 종자생명산업과에서 제작한 한국의 자연유산 곤충자원입니다.,https://data.mafra.go.kr/opendata/data/indexOpenDataDetail.do?data_id=20220719000000002284,농림축산식품부,링크,수시,20220719000000002284,2019-02-13,2022-02-17
연도별 저온저장고 지원내역,저온저장고 지원 현황 자료,https://data.mafra.go.kr/opendata/data/indexOpenDataDetail.do?data_id=20191010000000001178,농림축산식품부,파일,년간,20191010000000001178,2019-02-13,2025-08-21
농림축산식품부_영양만점 식용곤충요리(2017),농림축산식품부에서 발행한 발간물(영양만점 식용곤충요리) 자료입니다.,https://data.mafra.go.kr/opendata/data/indexOpenDataDetail.do?data_id=20191010000000001166,농림축산식품부,링크,수시,20191010000000001166,2019-02-13,2022-02-17
2026 농업인을 위한 한손에 잡히는 세금이야기,농림축산식품부 농업경영정책과에서 발간한 농업인을 위한 세제 특례 등 세금 관련 설명 자료입니다.,https://data.mafra.go.kr/opendata/data/indexOpenDataDetail.do?data_id=20220705000000002145,농림축산식품부,파일,년간,20220705000000002145,2019-02-13,2026-04-01
샴페인 방식을 이용한 거품막걸리(2015),샴페인 방식을 이용한 거품막걸리 = Rice wine with bubble of champane method / 농림축산식품부 과학기술정책과 ; 농업회사법인 이가수불(주) [공편],https://data.mafra.go.kr/opendata/data/indexOpenDataDetail.do?data_id=20220629000000002128,농림축산식품부,파일,주기없음,20220629000000002128,2019-02-13,2023-07-31
농림축산식품부_조류인플루엔자 긴급행동지침,조류인플루엔자 발생시 각 기관별 역할을 정의한 조류인플루엔자 긴급행동지침입니다.,https://data.mafra.go.kr/opendata/data/indexOpenDataDetail.do?data_id=20191010000000001188,농림축산식품부,파일,수시,20191010000000001188,2019-02-13,2023-08-07
한우 6차 산업화 활성화 방안(2016),농림축산식품부 축산정책과에서 발간한 한우 6차 산업화 활성화 방안입니다.,https://data.mafra.go.kr/opendata/data/indexOpenDataDetail.do?data_id=20220705000000002144,농림축산식품부,파일,주기없음,20220705000000002144,2019-02-13,2019-02-13
농림축산식품부_무허가 축사 적법화 상담 사례집(2016),농림축산식품부의 무허가 가축사 적법화 상담사례집 자료입니다.,https://data.mafra.go.kr/opendata/data/indexOpenDataDetail.do?data_id=20220705000000002143,농림축산식품부,파일,주기없음,20220705000000002143,2019-02-13,2024-09-26
농림축산식품부_가축재해보험 실무매뉴얼(2014),가축재해보험 실무매뉴얼 / 농림축산식품부 재해보험팀 ; NH농협손해보험 ; LIG손해보험 [공편],https://data.mafra.go.kr/opendata/data/indexOpenDataDetail.do?data_id=20191010000000001109,농림축산식품부,링크,수시,20191010000000001109,2019-02-13,2022-02-16
농림축산식품부_미래신성장동력 곤충산업(2017),농림축산식품부에서 발행한 발간물(미래신성장동력 곤충산업) 자료입니다.,https://data.mafra.go.kr/opendata/data/indexOpenDataDetail.do?data_id=20191010000000001137,농림축산식품부,링크,수시,20191010000000001137,2019-02-13,2022-02-17
농림축산식품부_국내 치즈품목별 소비량(2018),연도별 국내 치즈품목별 소비량 통계입니다.,https://data.mafra.go.kr/opendata/data/indexOpenDataDetail.do?data_id=20191010000000001112,농림축산식품부,링크,수시,20191010000000001112,2019-02-13,2022-02-16
특용작물 생산실적,농림축산식품부 원예산업과에서 발간한 특용작물생산실적 입니다.,https://data.mafra.go.kr/opendata/data/indexOpenDataDetail.do?data_id=20241231000000002649,농림축산식품부,파일,년간,20241231000000002649,2019-02-13,2025-07-01
양곡수급자료,"농림축산식품부에서 발행한 식량정책자료입니다. 쌀, 보리, 밀, 옥수수, 콩, 서류 등에 대한 연도별 양곡수급 상황을 보여주는 자료입니다.",https://data.mafra.go.kr/opendata/data/indexOpenDataDetail.do?data_id=20220629000000002125,농림축산식품부,파일,수시,20220629000000002125,2019-02-13,2022-07-19
오리닭등품목별현국가예찰및방역시스템개선방안연구,농림축산식품부의 정책연구용역자료(살처분이동통제범위등에대한오리닭등품목별현국가예찰및방역시스템의평가와개선방안연구) 입니다.,https://data.mafra.go.kr/opendata/data/indexOpenDataDetail.do?data_id=20191010000000001140,농림축산식품부,링크,주기없음,20191010000000001140,2019-02-13,2023-08-07
GAP 제도 확산을 위한 인증체계 개선방안 연구보고서(2016),GAP 제도 확산을 위한 인증체계 개선방안 연구보고서 / 농림축산식품부 식생활소비정책과 ; 지역농업네트워크 협동조합 [공편],https://data.mafra.go.kr/opendata/data/indexOpenDataDetail.do?data_id=20220705000000002141,농림축산식품부,파일,주기없음,20220705000000002141,2019-02-13,2022-02-16
농림축산식품부_농어촌인성학교 안전관리 매뉴얼(2014),농어촌인성학교 안전관리 매뉴얼 / 농림축산식품부 지역개발과 ; 교육부 [공편],https://data.mafra.go.kr/opendata/data/indexOpenDataDetail.do?data_id=20191010000000001123,농림축산식품부,링크,수시,20191010000000001123,2019-02-13,2025-09-30
농림축산식품부_농어촌인성학교(2018),농어촌인성학교 안전관리 매뉴얼 / 농림축산식품부 지역개발과 ; 교육부 [공편],https://data.mafra.go.kr/opendata/data/indexOpenDataDetail.do?data_id=20191010000000001124,농림축산식품부,링크,수시,20191010000000001124,2019-02-13,2025-09-30
농림축산식품부_농어촌공동체회사(2010),농촌을 살리는 대안경제로 추진중인 농촌공동체회사 관련 정보입니다.,https://data.mafra.go.kr/opendata/data/indexOpenDataDetail.do?data_id=20220705000000002149,농림축산식품부,파일,주기없음,20220705000000002149,2019-02-13,2022-02-17
농림축산식품부_유형별 스마트 팜 선도사례,농림축산식품부에서 스마트팜 확산을 위해 발행한 유형별 스마트팜 선도사례집입니다.,https://data.mafra.go.kr/opendata/data/indexOpenDataDetail.do?data_id=20191010000000001171,농림축산식품부,링크,수시,20191010000000001171,2019-02-13,2022-07-15
외식산업 지식재산권 현황조사 및 가이드북 제작(2012),외식산업 지식재산권 현황조사 및 가이드북 제작 / 농림수산식품부 외식산업진흥과 ; 한식재단 [공편],https://data.mafra.go.kr/opendata/data/indexOpenDataDetail.do?data_id=20191010000000001169,농림축산식품부,링크,수시,20191010000000001169,2019-02-13,2025-07-01
문화콘텐츠를 활용한 한식 홍보 마스터플랜 수립(2013),문화콘텐츠를 활용한 한식 홍보 마스터플랜 수립 = Establish korean food promotion master plan using culture contents / 농림축산식품부 외식산업진흥과 ; (주)식품외식산업,https://data.mafra.go.kr/opendata/data/indexOpenDataDetail.do?data_id=20191010000000001136,농림축산식품부,링크,수시,20191010000000001136,2019-02-13,2025-07-01
스마트 팜 맴을 활용한 기후변화 대응연구(2015),농림축산식품부 정보통계담당관실에서 발간한 스마트 팜 맴을 활용한 기후변화 대응연구 입니다.,https://data.mafra.go.kr/opendata/data/indexOpenDataDetail.do?data_id=20220706000000002150,농림축산식품부,파일,주기없음,20220706000000002150,2019-02-13,2024-06-28
농림축산식품 통계연보,농림축산식품부에서 실시한 통계조사와 산하관서의 보고 및 관계기관의 통계 자료 중 중요한 사항을 편집 수록한 정보입니다.,https://data.mafra.go.kr/opendata/data/indexOpenDataDetail.do?data_id=20220718000000002279,농림축산식품부,파일,년간,20220718000000002279,2019-02-13,2023-07-17
일본의 농정개혁 개요(1999),일본의 농정개혁 개요 : 일본 농림수산성 농정개혁 프로그램 / 농림부 국제농업국 [편],https://data.mafra.go.kr/opendata/data/indexOpenDataDetail.do?data_id=20191010000000001174,농림축산식품부,파일,수시,20191010000000001174,2019-02-13,2022-08-18
바이오매스 에너지화 추진전략 개발(2014년),농림축산식품부 창조농식품정책과에서 의뢰하고 한국능률협회컨설팅에서 작성한 바이오매스 에너지화추진전략개발 연구보고서입니다.,https://data.mafra.go.kr/opendata/data/indexOpenDataDetail.do?data_id=20220629000000002127,농림축산식품부,파일,수시,20220629000000002127,2019-02-13,2022-02-17
농림축산식품부_우리 엄마의 한국어교재(2007),농림축산식품부에서 발행한 다문화가정을 위한 한국어교재(우리업마의한국어초급교재)입니다.,https://data.mafra.go.kr/opendata/data/indexOpenDataDetail.do?data_id=20220705000000002147,농림축산식품부,파일,주기없음,20220705000000002147,2019-02-13,2022-07-19
농림축산식품부_AI백서(2014/15년),농림축산식품부에서 발행한 고병원성조류인플루엔자(AI) 발생에 따른 백서입니다.,https://data.mafra.go.kr/opendata/data/indexOpenDataDetail.do?data_id=20191010000000001104,농림축산식품부,링크,주기없음,20191010000000001104,2019-02-13,2023-08-07
농림축산식품부_농식품 제품개발 정보,"태극삼, 흑삼, 인삼지상부를 이용한 수출국 맞춤형 연구를 통한 고부가가치 제품개발 / 농림축산식품부 과학기술정책과 ; (주)지에프씨 [공편] 수출전략기술개발사업 최종보고서입니다.",https://data.mafra.go.kr/opendata/data/indexOpenDataDetail.do?data_id=20220629000000002129,농림축산식품부,파일,주기없음,20220629000000002129,2019-02-13,2019-02-13
ICT 융합기반 행복한 농촌만들기 프로젝트 최종보고서(2016),농림축산식품부에서 발행한 정책연구용역(ICT융합기반행복한농촌만들기프로젝트) 최종보고서입니다.,https://data.mafra.go.kr/opendata/data/indexOpenDataDetail.do?data_id=20220705000000002142,농림축산식품부,파일,주기없음,20220705000000002142,2019-02-13,2022-02-16
외식기업 해외진출실태조사 보고서,농림축산식품부에서 발행한 발간물(외식기업 해외진출 실태조사) 자료입니다.,https://data.mafra.go.kr/opendata/data/indexOpenDataDetail.do?data_id=20210929000000001591,농림축산식품부,파일,년간,20210929000000001591,2019-02-13,2023-08-23
저수율지도 정보,저수율지도 데이터(일자 기준의 가뭄위기경보 수준 단계별 저수율 기준 정보 제공),https://data.mafra.go.kr/opendata/data/indexOpenDataDetail.do?data_id=20190710000000001095,한국농어촌공사,파일,년간,20190710000000001095,2019-02-12,2024-07-03
한국농어촌공사_농업기반시설 안전진단 정보,한국농어촌공사에서 관리하는 농업생산기반시설에 대해 내외부 전문가가 정밀안전진단을 실시한 결과 데이터,https://data.mafra.go.kr/opendata/data/indexOpenDataDetail.do?data_id=20191014000000001282,한국농어촌공사,파일,년간,20191014000000001282,2019-02-12,2022-02-11
유기농업자재 공시현황,환경보전 및 유기농업 실천농가의 자재 선택 편의를 위한 유기농업자재 현황정보,https://data.mafra.go.kr/opendata/data/indexOpenDataDetail.do?data_id=20200929000000001392,국립농산물품질관리원,OpenAPI,수시,20200929000000001392,2018-11-20,2024-06-07
유기농업자재현황,환경보전 및 유기농업 실천농가의 자재 선택 편의를 위한 유기농업자재 현황정보,https://data.mafra.go.kr/opendata/data/indexOpenDataDetail.do?data_id=20191011000000001208,국립농산물품질관리원,파일,년간,20191011000000001208,2018-11-20,2024-06-07
인삼류 검사업체 지정 정보,"인삼류(홍삼, 태극삼, 백삼, 흑삼)를 시중에 유통 및 판매하기 위해 품질검사를 실시하는 검사업체 정보",https://data.mafra.go.kr/opendata/data/indexOpenDataDetail.do?data_id=20191011000000001209,국립농산물품질관리원,파일,년간,20191011000000001209,2018-11-20,2024-06-07
유기농업자재 시험연구기관 지정 현황,환경보전 및 유기농업 실천농가의 자재 선택 편의를 위한 유기농업자재 현황정보,https://data.mafra.go.kr/opendata/data/indexOpenDataDetail.do?data_id=20191011000000001207,국립농산물품질관리원,파일,년간,20191011000000001207,2018-11-20,2024-06-07
농림축산검역본부_격리재배검역 처분 현황,"농림축산검역본부_격리재배검역 처분 현황(식물명,격리재배,합격,폐기)",https://data.mafra.go.kr/opendata/data/indexOpenDataDetail.do?data_id=20181019000000000967,농림축산검역본부,파일,년간,20181019000000000967,2018-10-19,2025-08-28
품종명칭등록정보,식물의 품종명으로 출원하고 그 심사결과로 등록된 현황. (품종명은 품종명칭으로 등록되어야만 사용할 수 있음),https://data.mafra.go.kr/opendata/data/indexOpenDataDetail.do?data_id=20210803000000001504,국립종자원,링크,주기없음,20210803000000001504,2018-10-18,2025-08-26
정선 시설 규모,"국립종자원이 보유하고 있는 종자정선센터의 시설, 규모 등 현황자료",https://data.mafra.go.kr/opendata/data/indexOpenDataDetail.do?data_id=20210803000000001502,국립종자원,링크,주기없음,20210803000000001502,2018-10-18,2025-08-29
채소종자 해외 채종 현황,"채소종자의 국내, 해외 채종 비율",https://data.mafra.go.kr/opendata/data/indexOpenDataDetail.do?data_id=20210803000000001503,국립종자원,링크,주기없음,20210803000000001503,2018-10-18,2025-08-29
한국농수산대학 도서관 자료 소장정보,우리 대학은 대한민국 농수산업의 특성화 대학으로서 농림축산부 소속 직속기관이며 국내외의 다양한 농수축산업 자료를 보유하고 있는 바 이에 대한 전문도서 목록과 정보를 공개하여 국민의 알 권리 충족에 기여하고자 함,https://data.mafra.go.kr/opendata/data/indexOpenDataDetail.do?data_id=20181018000000000966,한국농수산대학,파일,년간,20181018000000000966,2018-10-16,2024-06-25
한국농수산대학 도서관 자료 소장정보,우리 대학은 대한민국 농수산업의 특성화 대학으로서 농림축산부 소속 직속기관이며 국내외의 다양한 농수축산업 자료를 보유하고 있는 바 이에 대한 전문도서 목록과 정보를 공개하여 국민의 알 권리 충족에 기여하고자 함,https://data.mafra.go.kr/opendata/data/indexOpenDataDetail.do?data_id=20220214000000001882,한국농수산대학,링크,년간,20220214000000001882,2018-10-16,2024-06-25
한국농수산대학 교육정보,우리 대학은 대한민국 농수산업의 특성화 대학으로서 교양과목 및 작목별 전문기술과 농수산업 경영에 필요한 전문지식 까지의 교육과정을 목록과 정보를 공개하여 국민의 알 권리 충족에 기여하고자 함,https://data.mafra.go.kr/opendata/data/indexOpenDataDetail.do?data_id=20181016000000000939,한국농수산대학,파일,년간,20181016000000000939,2018-10-16,2024-06-24
축산관계자 출국신고 현황,"축산관계자 출국신고를 통해 해외로 출국한 축산관계자의 출입국일, 신고방법, 이용항만 등의 현황 제공",https://data.mafra.go.kr/opendata/data/indexOpenDataDetail.do?data_id=20211015000000001647,농림축산검역본부,파일,년간,20211015000000001647,2018-10-10,2025-12-09
농림축산검역본부 e-book 자료관 목록,농림축산검역본부의 발간자료에 대한 e-book 전체 목록을 보실 수 있습니다.,https://data.mafra.go.kr/opendata/data/indexOpenDataDetail.do?data_id=20250212000000002654,농림축산검역본부,파일,년간,20250212000000002654,2018-10-05,2025-01-17
텃밭 분양 상세정보,"전국 지자체, 개인, 민간단체가 분양하고 있는 텃밭 정보",https://data.mafra.go.kr/opendata/data/indexOpenDataDetail.do?data_id=20171122000000000916,농림수산식품교육문화정보원,OpenAPI,수시,20171122000000000916,2017-11-22,2022-02-10
열처리업체 소독처리물량,전국 수출입목재열처리업체에서 수행된 물량정보 제공,https://data.mafra.go.kr/opendata/data/indexOpenDataDetail.do?data_id=20220214000000001866,농림축산검역본부,파일,년간,20220214000000001866,2017-10-20,2024-07-02
스타팜 정보,"농산물우수관리(GAP), 친환경인증, 유기가공식품 인증, 전통식품 인증, 술 품질인증, 지리적표시등록 등 농식품 국가인증제도의 참여를 통해 안전한 농식품을 생산하는 농장 중 타의 모범이 되는 대표적인 농장으로 선정된 업체 정보(농장명, 주소, 생산품목, 농장체험행사 등)",https://data.mafra.go.kr/opendata/data/indexOpenDataDetail.do?data_id=20171020000000000891,국립농산물품질관리원,파일,반기,20171020000000000891,2017-10-20,2024-06-07
농식품공무원교육원 소장 도서목록,"농식품공무원교육원에서 소장하고 있는 도서 목록(도서명, 저자명, 출판사, 출판년도)",https://data.mafra.go.kr/opendata/data/indexOpenDataDetail.do?data_id=20170928000000000854,농식품공무원교육원,OpenAPI,주기없음,20170928000000000854,2017-09-28,2022-02-15
농식품공무원교육원 농정지식(농업경영체 등록제도 이해하기),농식품공무원교육원에서 농업관련 지식을 짧은 시간에 이해할 수 있도록 제작한 영상물,https://data.mafra.go.kr/opendata/data/indexOpenDataDetail.do?data_id=20220215000000001938,농식품공무원교육원,링크,주기없음,20220215000000001938,2017-09-28,2022-02-15
농식품공무원교육원 소장 도서목록,"농식품공무원교육원에서 소장하고 있는 도서 목록(도서명, 저자명, 출판사, 출판년도)",https://data.mafra.go.kr/opendata/data/indexOpenDataDetail.do?data_id=20220215000000001942,농식품공무원교육원,파일,주기없음,20220215000000001942,2017-09-28,2022-02-15
새만금유역 수위계측정보(2016년),"새만금유역 수위계측정보(가력도, 신시도,동진대교 수위정보-일별/분단위/최대/최소/평균/표준편차 등)",https://data.mafra.go.kr/opendata/data/indexOpenDataDetail.do?data_id=20170918000000000846,한국농어촌공사,파일,년간,20170918000000000846,2017-09-18,2025-07-01
새만금유역 수위계측정보(2017년),"새만금유역 수위계측정보(가력도, 신시도,동진대교 수위정보-일별/분단위/최대/최소/평균/표준편차 등)",https://data.mafra.go.kr/opendata/data/indexOpenDataDetail.do?data_id=20190212000000001047,한국농어촌공사,파일,년간,20190212000000001047,2017-09-18,2025-07-01
24년 가축질병 병성감정 종합실적,가축질병 병성감정 실적 통계,https://data.mafra.go.kr/opendata/data/indexOpenDataDetail.do?data_id=20240724000000002596,농림축산검역본부,파일,년간,20240724000000002596,2017-09-13,2024-07-22
유묘평가 매뉴얼,- 식량작물 종자 발아묘에 대한 다양한 사례가 수록 - 정상묘와 비정상묘 대한 기준과 유묘의 구조를 사진으로 확인하여 평가가능하도록 정보제공,https://data.mafra.go.kr/opendata/data/indexOpenDataDetail.do?data_id=20220617000000002106,국립종자원,파일,주기없음,20220617000000002106,2017-09-13,2025-08-29
농산물이력관리정보조회서비스,"농산물이력추적제에 등록 된 농가의 상품정보, 생산출하정보, 재배정보, 유통 입고정보, 수확후 관리정보, 유통 출고정보, 판매 입고정보, 판매 출고정보를 팜투테이블 업무시스템에 등록, 수정, 삭제할 수 있다.",https://data.mafra.go.kr/opendata/data/indexOpenDataDetail.do?data_id=20170912000000000789,국립농산물품질관리원,링크,주기없음,20170912000000000789,2017-09-12,2025-07-01
농산물이력관리정보연계서비스,"농산물이력추적제에 등록 된 농가의 상품정보, 생산출하정보, 재배정보, 유통 입고정보, 수확후 관리정보, 유통 출고정보, 판매 입고정보, 판매 출고정보를 팜투테이블 업무시스템에 등록, 수정, 삭제할 수 있다.",https://data.mafra.go.kr/opendata/data/indexOpenDataDetail.do?data_id=20170912000000000788,국립농산물품질관리원,링크,주기없음,20170912000000000788,2017-09-12,2025-07-01
부류표준품목코드조회,"농수산식품부 OpenAPI 서비스에 사용되는 코드 정보를 조회하기 위한 서비스로 가락시장품목코드, 가락시장단위코드, 도매시장코드, 도매시장법인코드, 등급코드, 단위코드, 부류표준품목코드, 품목표준코드, 품종표준코드, 산지코드등의 정보를 조회할 수 있다.",https://data.mafra.go.kr/opendata/data/indexOpenDataDetail.do?data_id=20220823000000002320,농림수산식품교육문화정보원,OpenAPI,주기없음,20220823000000002320,2017-02-16,2021-08-10
농수축산물 HSK품목매핑목록,도매시장에서 실거래가 발생하는 농축수산물 표준 품목 코드 499개를 사전 선정하였으며 499개의 농축수산물 표준 품목코드를 기준으로 동일한 국제표준코드를 나타낸 정보,https://data.mafra.go.kr/opendata/data/indexOpenDataDetail.do?data_id=20191011000000001254,농림수산식품교육문화정보원,파일,주기없음,20191011000000001254,2017-02-16,2022-02-10
산지코드조회,"농수산식품부 OpenAPI 서비스에 사용되는 코드 정보를 조회하기 위한 서비스로 가락시장품목코드, 가락시장단위코드, 도매시장코드, 도매시장법인코드, 등급코드, 단위코드, 부류표준품목코드, 품목표준코드, 품종표준코드, 산지코드등의 정보를 조회할 수 있다.",https://data.mafra.go.kr/opendata/data/indexOpenDataDetail.do?data_id=20220823000000002321,농림수산식품교육문화정보원,OpenAPI,주기없음,20220823000000002321,2017-02-16,2021-08-10
농수축산물 GPC품목매핑목록,도매시장에서 실거래가 발생하는 농축수산물 표준 품목 코드 499개를 사전 선정하였으며 499개의 농축수산물 표준 품목코드를 기준으로 동일한 국제표준코드를 나타낸 정보,https://data.mafra.go.kr/opendata/data/indexOpenDataDetail.do?data_id=20191011000000001255,농림수산식품교육문화정보원,파일,주기없음,20191011000000001255,2017-02-16,2022-02-10
가락시장품목코드조회,"농수산식품부 OpenAPI 서비스에 사용되는 코드 정보를 조회하기 위한 서비스로 가락시장품목코드, 가락시장단위코드, 도매시장코드, 도매시장법인코드, 등급코드, 단위코드, 부류표준품목코드, 품목표준코드, 품종표준코드, 산지코드등의 정보를 조회할 수 있다.",https://data.mafra.go.kr/opendata/data/indexOpenDataDetail.do?data_id=20220823000000002319,농림수산식품교육문화정보원,OpenAPI,주기없음,20220823000000002319,2017-02-16,2021-08-10
과실출하약정 사업실적 현황(요약),"산지조합에서 생산하는 과실류의 수급안정을 위해 출하량, 출하금액, 출하시기등의 정보 (전국 산지 사과, 배, 단감, 감귤 및 출하 농협과 생산자간 출하약정한 시설채소의 출하량, 출하금액, 출하대금)",https://data.mafra.go.kr/opendata/data/indexOpenDataDetail.do?data_id=20170111000000000743,농림축산식품부,OpenAPI,년간,20170111000000000743,2016-12-30,2025-07-01
농수축산물 유통단계별 가격 정보조회 (2011-01-01 ~ 2016-12-31),"농수축산물에 대한 유통단계별(산지, 도매, 소매) 품목별 가격 정보를 동일기준으로 재가공한 유통통합 정보",https://data.mafra.go.kr/opendata/data/indexOpenDataDetail.do?data_id=20221205000000002352,농림수산식품교육문화정보원,OpenAPI,주기없음,20221205000000002352,2016-12-30,2022-02-09
농수축산물 유통단계별 변환 규칙 정보조회,"농수축산물에 대한 유통단계별(산지, 도매, 소매) 품목별 가격 정보를 동일기준으로 재가공한 유통통합 정보",https://data.mafra.go.kr/opendata/data/indexOpenDataDetail.do?data_id=20221205000000002353,농림수산식품교육문화정보원,OpenAPI,주기없음,20221205000000002353,2016-12-30,2022-02-09
농수축산물 전문가 시황 정보조회 (2013-09-16 ~ 2016-12-16),"농수축산물에 대한 유통단계별(산지, 도매, 소매) 품목별 가격 정보를 동일기준으로 재가공한 유통통합 정보",https://data.mafra.go.kr/opendata/data/indexOpenDataDetail.do?data_id=20221205000000002354,농림수산식품교육문화정보원,OpenAPI,주기없음,20221205000000002354,2016-12-30,2022-02-09
농수축산물 거래단량 매핑 정보조회,"농수축산물에 대한 유통단계별(산지, 도매, 소매) 품목별 가격 정보를 동일기준으로 재가공한 유통통합 정보",https://data.mafra.go.kr/opendata/data/indexOpenDataDetail.do?data_id=20221205000000002355,농림수산식품교육문화정보원,OpenAPI,주기없음,20221205000000002355,2016-12-30,2022-02-09
과수거점산지유통센터건립지원사업 상세정보,과수 주산지역에 규모화？현대화 된 산지유통시설(APC)을 지원함으로써 소규모 유통시설 계열화의 중심축(Hub)으로 육성하는 지원 사업에 대한 정보,https://data.mafra.go.kr/opendata/data/indexOpenDataDetail.do?data_id=20220215000000001908,농림축산식품부,파일,년간,20220215000000001908,2016-12-30,2025-07-01
2021년 과수거점산지유통센터건립,과수 주산지역에 규모화？현대화 된 산지유통시설(APC)을 지원함으로써 소규모 유통시설 계열화의 중심축(Hub)으로 육성하는 지원 사업에 대한 정보,https://data.mafra.go.kr/opendata/data/indexOpenDataDetail.do?data_id=20210930000000001622,농림축산식품부,파일,년간,20210930000000001622,2016-12-30,2025-07-01
과수거점산지유통센터건립지원사업 상세정보,과수 주산지역에 규모화？현대화 된 산지유통시설(APC)을 지원함으로써 소규모 유통시설 계열화의 중심축(Hub)으로 육성하는 지원 사업에 대한 정보,https://data.mafra.go.kr/opendata/data/indexOpenDataDetail.do?data_id=20170111000000000752,농림축산식품부,OpenAPI,년간,20170111000000000752,2016-12-30,2025-07-01
2020년 과실전문생산단지조성사업 결과,"과수주산지를 대상으로 용수공급, 배수로 및 경작로 등 생산기반을 구축하여 과수수출단지 정비 및 대형유통업체 출하 등을 통한 과실전문생산단지 육성 지원 사업에 대한 정보",https://data.mafra.go.kr/opendata/data/indexOpenDataDetail.do?data_id=20210930000000001619,농림축산식품부,파일,년간,20210930000000001619,2016-12-30,2025-07-01
과실전문생산단지기반조성사업 결과,"과수주산지를 대상으로 용수공급, 배수로 및 경작로 등 생산기반을 구축하여 과수수출단지 정비 및 대형유통업체 출하 등을 통한 과실전문생산단지 육성 지원 사업에 대한 정보",https://data.mafra.go.kr/opendata/data/indexOpenDataDetail.do?data_id=20170111000000000750,농림축산식품부,OpenAPI,년간,20170111000000000750,2016-12-30,2025-07-01
지역별 과수시설현대화 지원실적 현황,고품질ㆍ안전과실 생산과 생산비절감 및 생산성향상 기반구축 지원을 하는 사업에 대한 정보,https://data.mafra.go.kr/opendata/data/indexOpenDataDetail.do?data_id=20220215000000001910,농림축산식품부,파일,년간,20220215000000001910,2016-12-30,2026-02-09
지역별 과수시설현대화 지원실적 현황,고품질ㆍ안전과실 생산과 생산비절감 및 생산성향상 기반구축 지원을 하는 사업에 대한 정보,https://data.mafra.go.kr/opendata/data/indexOpenDataDetail.do?data_id=20170111000000000749,농림축산식품부,OpenAPI,년간,20170111000000000749,2016-12-30,2026-02-09
후계농업 경영인 선정 현황,"예비 농업인 및 우수 농업경영인을 발굴하여 일정기간 동안 교육, 컨설팅, 영농자금 등 종합적인 지원하는 사업에 대한 정보",https://data.mafra.go.kr/opendata/data/indexOpenDataDetail.do?data_id=20220216000000001952,농림축산식품부,파일,년간,20220216000000001952,2016-12-30,2025-02-04
후계농업 경영인 선정 현황,"예비 농업인 및 우수 농업경영인을 발굴하여 일정기간 동안 교육, 컨설팅, 영농자금 등 종합적인 지원하는 사업에 대한 정보",https://data.mafra.go.kr/opendata/data/indexOpenDataDetail.do?data_id=20170111000000000748,농림축산식품부,OpenAPI,주기없음,20170111000000000748,2016-12-30,2025-02-04
과실출하약정 사업실적 현황(요약),"산지조합에서 생산하는 과실류의 수급안정을 위해 출하량, 출하금액, 출하시기등의 정보 (전국 산지 사과, 배, 단감, 감귤 및 출하 농협과 생산자간 출하약정한 시설채소의 출하량, 출하금액, 출하대금)",https://data.mafra.go.kr/opendata/data/indexOpenDataDetail.do?data_id=20220215000000001921,농림축산식품부,파일,년간,20220215000000001921,2016-12-30,2025-07-01
녹비작물 종자 지역별 공급 현황,녹비작물 종자 지역별 공급 현황정보,https://data.mafra.go.kr/opendata/data/indexOpenDataDetail.do?data_id=20240830000000002630,농림축산식품부,파일,년간,20240830000000002630,2016-12-30,2024-08-30
녹비작물 종자 지역별 공급 현황,녹비작물 종자 지역별 공급 현황정보,https://data.mafra.go.kr/opendata/data/indexOpenDataDetail.do?data_id=20220216000000001997,농림축산식품부,파일,년간,20220216000000001997,2016-12-30,2024-08-30
녹비작물 종자 지역별 공급 현황,녹비작물 종자 지역별 공급 현황정보,https://data.mafra.go.kr/opendata/data/indexOpenDataDetail.do?data_id=20170104000000000740,농림축산식품부,OpenAPI,년간,20170104000000000740,2016-12-30,2024-08-30
농촌체험휴양마을 으뜸촌 현황,"농촌체험휴양마을 으뜸촌 현황(경관 및 서비스, 체험, 숙박, 음식 4개분야 모두 1등급 마을)",https://data.mafra.go.kr/opendata/data/indexOpenDataDetail.do?data_id=20220217000000002075,농림축산식품부,파일,년간,20220217000000002075,2016-12-30,2025-09-30
농촌체험휴양마을 으뜸촌 현황,"농촌체험휴양마을 으뜸촌 현황(경관 및 서비스, 체험, 숙박, 음식 4개분야 모두 1등급 마을)",https://data.mafra.go.kr/opendata/data/indexOpenDataDetail.do?data_id=20170110000000000741,농림축산식품부,OpenAPI,년간,20170110000000000741,2016-12-30,2025-09-30
지자체 농수축산물 물가조사가격 정보조회 (1998-01-03 ~ 2022-12-30),"전국 주요 광역시도 지자체의 물가조사 정보 중 농수축산물 관련 품목에 대한 대형마트, 전통시장의 물가조사 정보를 농수축산물 표준코드로 변환하여 제공",https://data.mafra.go.kr/opendata/data/indexOpenDataDetail.do?data_id=20221205000000002360,농림수산식품교육문화정보원,OpenAPI,주기없음,20221205000000002360,2016-12-27,2022-02-10
식품산업일자리(채용)정보,식품산업 관련 일자리(채용정보) 정보 제공,https://data.mafra.go.kr/opendata/data/indexOpenDataDetail.do?data_id=20161223000000000731,농림수산식품교육문화정보원,OpenAPI,일간,20161223000000000731,2016-12-23,2022-02-10
수입농산물가격조회 (2001-02-27 ~ 2023-02-16),"가락시장에서 거래된 해외농산물가격정보를 조회하기 위한 서비스로서 수입농산물의 품목별 평균가, 최고가, 최저가등의 가격정보를 조회할 수 있다.",https://data.mafra.go.kr/opendata/data/indexOpenDataDetail.do?data_id=20161207000000000643,농림수산식품교육문화정보원,OpenAPI,주기없음,20161207000000000643,2016-12-07,2022-02-10
실시간경매속보서비스 ( ~ 2023-12-30),"실시간 경매 속보 정보를 조회하기 위한 서비스로서 품목과 도매시장 별로 조회할 수 있으며 품목 분류 체계항목, 도매시장항목,도매법인 항목에 따라 조회할 수 있다.",https://data.mafra.go.kr/opendata/data/indexOpenDataDetail.do?data_id=20161208000000000644,농림수산식품교육문화정보원,OpenAPI,주기없음,20161208000000000644,2016-12-07,2017-02-16
농산물 방사능 검사현황,농식품 안전성에 대한 분석결과 및 안정성 검사기관 지정현황,https://data.mafra.go.kr/opendata/data/indexOpenDataDetail.do?data_id=20220204000000001682,국립농산물품질관리원,파일,년간,20220204000000001682,2016-12-06,2024-06-07
가공용쌀 단속 현황,"농산물 유통 관련하여 가공용쌀 공급업에 대해 지정용도외 사용, 원산지표시, 관리대장 비치 등 단속정보",https://data.mafra.go.kr/opendata/data/indexOpenDataDetail.do?data_id=20170912000000000790,국립농산물품질관리원,파일,반기,20170912000000000790,2016-12-06,2024-06-07
농산물 잔류농약 분석결과,"생산 및 유통/판매 단계의 농산물에 대하여 생산자(유통/판매자)로 부터 시료를 수거하여 잔류농약, 중금속, 독소류 등 유해물질 잔류여부에 대한 분석결과",https://data.mafra.go.kr/opendata/data/indexOpenDataDetail.do?data_id=20161206000000000639,국립농산물품질관리원,OpenAPI,일간,20161206000000000639,2016-12-06,2024-06-07
농산물 잔류농약 분석결과,"생산 및 유통/판매 단계의 농산물에 대하여 생산자(유통/판매자)로 부터 시료를 수거하여 잔류농약, 중금속, 독소류 등 유해물질 잔류여부에 대한 분석결과",https://data.mafra.go.kr/opendata/data/indexOpenDataDetail.do?data_id=20170912000000000791,국립농산물품질관리원,파일,년간,20170912000000000791,2016-12-06,2024-06-07
선박 AGM 검사 현황 및 통계정보,"미국, 캐나다, 칠레 및 뉴질랜드로 출항하는 선박을 대상으로 아시아매미나방(이하 &#34;AGM&#34;이라 한다) 검사를 실시하고 AGM 무감염증명서를 발급하여 원활한 통관 및 해운？물류 산업을 지원하는 서비스 현황에 대한 정보",https://data.mafra.go.kr/opendata/data/indexOpenDataDetail.do?data_id=20220714000000002161,국제식물검역인증원,파일,주기없음,20220714000000002161,2016-12-06,2022-07-14
한국농어촌공사_농지전용현황도,"전국 지자체 농지전용현황에 대한 자료로 시군구별 농지전용건수(건), 면적(㎡)에 대한 정보",https://data.mafra.go.kr/opendata/data/indexOpenDataDetail.do?data_id=20220211000000001839,한국농어촌공사,파일,년간,20220211000000001839,2016-12-06,2025-01-13
수입재식용식물 검역장소 관리 현황 및 통계정보,우리나라로 수입되는 식물검역대상물품(재식용식물)의 입고 시 병해충 비산방지 등의 조치를 취하기 위해 국제식물검역인증원과 약정을 체결하고 관리 업무를 수행하는 검역장소에 대한 정보,https://data.mafra.go.kr/opendata/data/indexOpenDataDetail.do?data_id=20220714000000002162,국제식물검역인증원,파일,주기없음,20220714000000002162,2016-12-06,2022-07-14
농산물 방사능 검사현황,농식품 안전성에 대한 분석결과 및 안정성 검사기관 지정현황,https://data.mafra.go.kr/opendata/data/indexOpenDataDetail.do?data_id=20161206000000000642,국립농산물품질관리원,OpenAPI,수시,20161206000000000642,2016-12-06,2024-06-07
가공용쌀 단속현황,"농산물 유통 관련하여 가공용쌀 공급업에 대해 지정용도외 사용, 원산지표시, 관리대장 비치 등 단속정보",https://data.mafra.go.kr/opendata/data/indexOpenDataDetail.do?data_id=20161206000000000638,국립농산물품질관리원,OpenAPI,수시,20161206000000000638,2016-12-06,2024-06-07
축종별 생체중량,도축장에서 실시한 도축검사 실적,https://data.mafra.go.kr/opendata/data/indexOpenDataDetail.do?data_id=20161216000000000677,농림축산검역본부,OpenAPI,월간,20161216000000000677,2016-12-06,2025-08-14
국가재난병 감귤황룡병 방제 약제 등록 현황,현재 제주 지역에서 발견되어 감귤산업에 경제적 피해를 주고 있는 감귤황룡병 방제 등록 약제정보를 국민에게 제공하여 농가에서 손쉽게 사전에 방제할수 있도록 하는 등 농민의 자산 및 자연환경 보호에 활용하고자 함,https://data.mafra.go.kr/opendata/data/indexOpenDataDetail.do?data_id=20220214000000001863,농림축산검역본부,파일,수시,20220214000000001863,2016-12-05,2021-10-13
식물검역연구장비 보유 현황,"농림축산검역본부 식물검역연구센터에서 관리 중인 검역 장비에 대한 정보를 공유함으로써 국가기관, 대학 및 연구소 간 과학기술연구 기초자료 제공 및 협업에 활용하고자 함",https://data.mafra.go.kr/opendata/data/indexOpenDataDetail.do?data_id=20220214000000001889,농림축산검역본부,파일,수시,20220214000000001889,2016-12-05,2021-10-13
수출입식물 품목별 농약 등록 현황,수출입식물 품목별 등록된 검역용 소독 약제 정보를 수출입 관련 민간인에게 제공하여 고가치 창출에 기여하고자 함,https://data.mafra.go.kr/opendata/data/indexOpenDataDetail.do?data_id=20220214000000001886,농림축산검역본부,파일,년간,20220214000000001886,2016-12-05,2022-02-14
농림축산검역본부 식물병해충 소장 표본 현황,국내외 최초로 검역관련 한국의 식물병해충 소장 표본 목록을 제공함으로써 국민의 알권리와 교육 자료로 활용하게 함으로써 해외에서 유입되는 외래 병해충의 국내유입을 미리 예방하여 국내 자연과 환경을 보호하고자 함,https://data.mafra.go.kr/opendata/data/indexOpenDataDetail.do?data_id=20220214000000001865,농림축산검역본부,파일,수시,20220214000000001865,2016-12-05,2021-10-13
식물 신품종 품종보호권의 소멸공고 현황,품종보호권이 있는 식물 신품종 중 그 권한이 소멸되는 시기를 공고한 현황자료,https://data.mafra.go.kr/opendata/data/indexOpenDataDetail.do?data_id=20210730000000001486,국립종자원,링크,주기없음,20210730000000001486,2016-11-24,2025-08-26
수입적응성시험현황,수입적응성 시험(처음 수입되는 식물 품종의 경우 수입적응성 시험을 통과해야만 수입할 수 있도록 되어있음)신청 및 운영시험 결과,https://data.mafra.go.kr/opendata/data/indexOpenDataDetail.do?data_id=20210728000000001445,국립종자원,링크,수시,20210728000000001445,2016-11-24,2025-08-26
종자관리사 현황,종자업 등록과 종자보증을 수행하는 종자관리사의 현황(종자관리사 등록번호 등),https://data.mafra.go.kr/opendata/data/indexOpenDataDetail.do?data_id=20210803000000001500,국립종자원,링크,주기없음,20210803000000001500,2016-11-24,2025-08-29
외국육성품종의 품종보호등록 내역,해외 육성자가 육성한 신품종이 우리나라에 품종보호 출원되어 등록된 품종수를 작물(식물)별로 연도별로 정리한 내역,https://data.mafra.go.kr/opendata/data/indexOpenDataDetail.do?data_id=20210803000000001510,국립종자원,링크,주기없음,20210803000000001510,2016-11-24,2025-08-26
농지보전부담금 통계자료,"농지보전부담금 도별, (실부과 건수,금액),(수납액 건수,금액),(부담금 건수,금액),(가산금 건수,금액),(환급액 건수,금액) 등 통계자료 제공",https://data.mafra.go.kr/opendata/data/indexOpenDataDetail.do?data_id=20220211000000001854,한국농어촌공사,파일,년간,20220211000000001854,2016-11-21,2024-07-03
한국농어촌공사_조성토지관리 통계정보,"조성토지 구획정보 지구명, 공구, 소재지, 필지수, 면적의 통계자료 제공",https://data.mafra.go.kr/opendata/data/indexOpenDataDetail.do?data_id=20220211000000001833,한국농어촌공사,파일,년간,20220211000000001833,2016-11-21,2024-07-03
농업진흥지역도,"농업진흥지역도[시도별, 용도구역구분(농업진흥지역, 농업보호지역), 공간정보(SHape) 등]",https://data.mafra.go.kr/opendata/data/indexOpenDataDetail.do?data_id=20161027000000000593,한국농어촌공사,파일,년간,20161027000000000593,2016-10-27,2025-01-15
농작물 보험금지급현황,"농작물재해보험 품목별·월별·지역별 가입금액, 보험료, 가입률 등 가입현황 정보",https://data.mafra.go.kr/opendata/data/indexOpenDataDetail.do?data_id=20161026000000000592,농업정책보험금융원,링크,주기없음,20161026000000000592,2016-10-26,2022-02-15
농식품공무원교육원 시설 대여 신청 정보,농식품공무원교육원의 시설을 일반인에게 대여하고 있는 신청 정보,https://data.mafra.go.kr/opendata/data/indexOpenDataDetail.do?data_id=20161205000000000627,농식품공무원교육원,OpenAPI,주기없음,20161205000000000627,2016-10-19,2022-02-15
농식품공무원교육원 시설 대여 신청 정보,농식품공무원교육원의 시설을 일반인에게 대여하고 있는 신청 정보,https://data.mafra.go.kr/opendata/data/indexOpenDataDetail.do?data_id=20220215000000001940,농식품공무원교육원,파일,주기없음,20220215000000001940,2016-10-19,2022-02-15
품종보호담당기관별소관식물,"품종보호기관(국립종자원, 국립산림품종관리센터, 국립수산과학원수신식물품종관리센터)별 품종보호 담당식물에 대한 목록자료",https://data.mafra.go.kr/opendata/data/indexOpenDataDetail.do?data_id=20210730000000001487,국립종자원,링크,주기없음,20210730000000001487,2016-09-29,2025-08-26
농업용저수지 수위자료,"농촌용수 저수지수위정보[시설명, 면적(유역,홍수,만수,수혜), 총저수량, 유효저수량, 사수량, 홍수위, 만수위, 사수위 등]",https://data.mafra.go.kr/opendata/data/indexOpenDataDetail.do?data_id=20161121000000000611,한국농어촌공사,OpenAPI,년간,20161121000000000611,2016-09-26,2022-02-11
농업마이스터대학 현황,농촌마이스터대학 정보,https://data.mafra.go.kr/opendata/data/indexOpenDataDetail.do?data_id=20160201000000000580,농림수산식품교육문화정보원,OpenAPI,년간,20160201000000000580,2016-02-01,2017-02-16
우리말 농업용어,"농림축산식품부에서 제공하고 있는 농업 농촌 분야의 용어 관련 정보로 한글에 대한 자부심을 높이고, 도시농업인, 귀농·귀촌인 등 누구나 쉽게 사용할 수 있도록 농업분야의 어려운 용어를 우리말로 순화한 109개의 순우리말 농업용어목록 정보 등으로 구성",https://data.mafra.go.kr/opendata/data/indexOpenDataDetail.do?data_id=20220216000000001961,농림축산식품부,파일,년간,20220216000000001961,2015-12-30,2025-07-01
우리말 농업용어,"농림축산식품부에서 제공하고 있는 농업 농촌 분야의 용어 관련 정보로 한글에 대한 자부심을 높이고, 도시농업인, 귀농·귀촌인 등 누구나 쉽게 사용할 수 있도록 농업분야의 어려운 용어를 우리말로 순화한 109개의 순우리말 농업용어목록 정보 등으로 구성",https://data.mafra.go.kr/opendata/data/indexOpenDataDetail.do?data_id=20151230000000000575,농림축산식품부,OpenAPI,년간,20151230000000000575,2015-12-30,2025-07-01
농촌마을별 자원 및 조직정보,"전국 행정리 기준 2,600여개 농촌마을의 마을명, 마을유래 등 기본정보와 귀농현황, 인구현황, 주택현황 등 농촌마을 현황정보로 매2년 마다 갱신 예정",https://data.mafra.go.kr/opendata/data/indexOpenDataDetail.do?data_id=20170216000000000774,농림수산식품교육문화정보원,OpenAPI,년간,20170216000000000774,2015-12-10,2022-02-10
전원마을 분양 공고정보,일반농산어촌지역개발사업의 신규마을 조성사업으로 추진된 전원마을의 분양정보 정보,https://data.mafra.go.kr/opendata/data/indexOpenDataDetail.do?data_id=20151210000000000572,농림수산식품교육문화정보원,OpenAPI,주기없음,20151210000000000572,2015-12-10,2022-02-10
학교급식전자조달시스템 계약정보,"학교가 급식재료 구매를 위한 공급사를 선정, 계약하는 전자조달시스템의 계약정보",https://data.mafra.go.kr/opendata/data/indexOpenDataDetail.do?data_id=20220214000000001876,한국농수산식품유통공사,파일,일간,20220214000000001876,2015-12-07,2024-02-15
학교급식전자조달시스템 계약정보,"학교가 급식재료 구매를 위한 공급사를 선정, 계약하는 전자조달시스템의 계약정보",https://data.mafra.go.kr/opendata/data/indexOpenDataDetail.do?data_id=20151207000000000566,한국농수산식품유통공사,OpenAPI,월간,20151207000000000566,2015-12-07,2024-02-15
가축 질병 발생 정보,가축전염병정보제공,https://data.mafra.go.kr/opendata/data/indexOpenDataDetail.do?data_id=20151204000000000563,농림축산검역본부,OpenAPI,수시,20151204000000000563,2015-12-04,2022-02-14
수의생명자원 정보,수의생명자원정보 / Korea Veterinary Culture Collection,https://data.mafra.go.kr/opendata/data/indexOpenDataDetail.do?data_id=20240627000000002481,농림축산검역본부,링크,수시,20240627000000002481,2015-12-04,2024-06-27
동물 질병 정보(2015),동물질병정보제공,https://data.mafra.go.kr/opendata/data/indexOpenDataDetail.do?data_id=20220214000000001884,농림축산검역본부,파일,주기없음,20220214000000001884,2015-12-04,2024-07-01
HSK품목매핑목록조회 (2015-12-03 ~ 2015-12-03),"2015년 제·개정된 농축수산물 표준코드와 동일한 의미를 가지는 조사가격,GPC,HSK 코드 매핑 정보",https://data.mafra.go.kr/opendata/data/indexOpenDataDetail.do?data_id=20151117000000000551,농림수산식품교육문화정보원,OpenAPI,주기없음,20151117000000000551,2015-11-10,2022-02-10
원천조사가격목록조회 (1998-01-03 ~ 2022-12-30),"전국에서 거래되는 농산물, 수산물, 축산물 중 국민들의 삶에 영향을 미치는 주요 품목들에 대하여 한국농수산식품유통공사, 농업협동조합중앙회, 수산업협동조합중앙회 및 축산물품질평가원에 소속된 조사원들이 조사한 가격 정보와 거래되는 상품들의 상세 정보",https://data.mafra.go.kr/opendata/data/indexOpenDataDetail.do?data_id=20151117000000000534,농림수산식품교육문화정보원,OpenAPI,주기없음,20151117000000000534,2015-11-10,2022-02-10
원천산지위판장가격목록조회 (1999-01-01 ~ 2016-01-19),수협 산지 위판장에서 거래되는 수산물들의 경매낙찰가격과 거래되는 상품들에 대한 거래 상세 정보,https://data.mafra.go.kr/opendata/data/indexOpenDataDetail.do?data_id=20151117000000000535,농림수산식품교육문화정보원,OpenAPI,주기없음,20151117000000000535,2015-11-10,2022-02-10
산지공판장 경락가격정보 서비스,농협 산지 공판장에서 거래되는 농산물들의 경매낙찰가격과 거래되는 상품들에 대한 거래 상세 정보,https://data.mafra.go.kr/opendata/data/indexOpenDataDetail.do?data_id=20191011000000001267,농림수산식품교육문화정보원,링크,주기없음,20191011000000001267,2015-11-10,2022-02-10
원천산지공판장가격목록조회 (2002-11-20 ~ 2020-06-19),농협 산지 공판장에서 거래되는 농산물들의 경매낙찰가격과 거래되는 상품들에 대한 거래 상세 정보,https://data.mafra.go.kr/opendata/data/indexOpenDataDetail.do?data_id=20151117000000000536,농림수산식품교육문화정보원,OpenAPI,주기없음,20151117000000000536,2015-11-10,2022-02-10
표준품목매핑목록조회,"2015년 제·개정된 농축수산물 표준코드와 동일한 의미를 가지는 조사가격,GPC,HSK 코드 매핑 정보",https://data.mafra.go.kr/opendata/data/indexOpenDataDetail.do?data_id=20220210000000001775,농림수산식품교육문화정보원,파일,주기없음,20220210000000001775,2015-11-10,2022-02-10
표준품목매핑목록조회 (2015-12-08 ~ 2016-07-21),"2015년 제·개정된 농축수산물 표준코드와 동일한 의미를 가지는 조사가격,GPC,HSK 코드 매핑 정보",https://data.mafra.go.kr/opendata/data/indexOpenDataDetail.do?data_id=20151117000000000547,농림수산식품교육문화정보원,OpenAPI,주기없음,20151117000000000547,2015-11-10,2022-02-10
소 브루셀라 검사결과현황,지역별 소-브루셀라 검사결과 현황,https://data.mafra.go.kr/opendata/data/indexOpenDataDetail.do?data_id=20151028000000000496,농림축산식품부,OpenAPI,월간,20151028000000000496,2015-10-28,2025-08-28
폐업지원 신청현황,FTA협정 이행으로 인한 폐업지원금 지원 현황,https://data.mafra.go.kr/opendata/data/indexOpenDataDetail.do?data_id=20151028000000000498,농림축산식품부,OpenAPI,주기없음,20151028000000000498,2015-10-28,2023-08-14
축산업허가등록지역별통계현황,"축산업을 허가받거나 등록한 개별 축산농가 현황 자료(축산업: 종축업, 부화업, 정액등처리업, 가축사육업)",https://data.mafra.go.kr/opendata/data/indexOpenDataDetail.do?data_id=20220216000000001971,농림축산식품부,파일,년간,20220216000000001971,2015-10-28,2024-09-26
가축 분뇨 살포 현황,"축산농가 가축분뇨처리 및 자원화에 관한 자료로 축산농가, 액비저장조 관리 현황",https://data.mafra.go.kr/opendata/data/indexOpenDataDetail.do?data_id=20151028000000000494,농림축산식품부,OpenAPI,월간,20151028000000000494,2015-10-28,2025-07-01
농산물검정정보,농산물 거래 및 수출·수입을 원활히 하기 위해서 검정한 자료,https://data.mafra.go.kr/opendata/data/indexOpenDataDetail.do?data_id=20220204000000001680,국립농산물품질관리원,파일,반기,20220204000000001680,2015-10-27,2024-06-07
농산물검정정보,농산물 거래 및 수출·수입을 원활히 하기 위해서 검정한 자료,https://data.mafra.go.kr/opendata/data/indexOpenDataDetail.do?data_id=20151027000000000490,국립농산물품질관리원,OpenAPI,수시,20151027000000000490,2015-10-27,2024-06-07
품종보호권 출원 내역,식물 신품종 보호권이 등록된 작물의 품종별 세부 특성 정보,https://data.mafra.go.kr/opendata/data/indexOpenDataDetail.do?data_id=20210803000000001509,국립종자원,링크,주기없음,20210803000000001509,2015-10-01,2025-08-26
품종보호권 등록 내역,식물 신품종 보호권이 등록된 작물의 품종별 세부 특성 정보,https://data.mafra.go.kr/opendata/data/indexOpenDataDetail.do?data_id=20210803000000001507,국립종자원,링크,주기없음,20210803000000001507,2015-10-01,2025-08-26
농업기반시설 시설제원-저수지,농업기반 시설제원 관리,https://data.mafra.go.kr/opendata/data/indexOpenDataDetail.do?data_id=20220214000000001858,한국농어촌공사,파일,년간,20220214000000001858,2015-09-09,2025-09-25
국가동물보호정보시스템 유기동물 조회 서비스,국가동물보호정보시스템의 유기동물 정보를 조회할 수 있다.,https://data.mafra.go.kr/opendata/data/indexOpenDataDetail.do?data_id=20150909000000000470,농림축산검역본부,링크,수시,20150909000000000470,2015-09-09,2024-07-01
환지정보(2014),"환지정보 통계자료(도별, 지구수, 종전면적, 종전필지수, 환지면적, 환지필지수)",https://data.mafra.go.kr/opendata/data/indexOpenDataDetail.do?data_id=20220211000000001823,한국농어촌공사,파일,년간,20220211000000001823,2015-09-09,2022-02-11
환지정보(2015),"환지정보 통계자료(도별, 지구수, 종전면적, 종전필지수, 환지면적, 환지필지수)",https://data.mafra.go.kr/opendata/data/indexOpenDataDetail.do?data_id=20170915000000000822,한국농어촌공사,파일,년간,20170915000000000822,2015-09-09,2022-02-11
농업기반시설 시설제원-관정,농업기반 시설제원 관리,https://data.mafra.go.kr/opendata/data/indexOpenDataDetail.do?data_id=20220214000000001859,한국농어촌공사,파일,년간,20220214000000001859,2015-09-09,2025-09-25
만화로 보는 농업정책 햇살이네,농업정책을 많은 국민들이 쉽게 이해할 수 있도록 읽기 쉬운 만화 형식으로 제작되어 온/오프라인으로 배포되는 정책자료,https://data.mafra.go.kr/opendata/data/indexOpenDataDetail.do?data_id=20150907000000000469,농림축산식품부,파일,주기없음,20150907000000000469,2015-09-07,2022-02-16
중국농산물 가격정보 (2007-01-04 ~ 2019-12-23),"중국 주요 농수축산물 도매시장의 품목별 등급별 거래가격(최저가, 평균가, 최고가) 및 거래량 정보를 일별로 제공",https://data.mafra.go.kr/opendata/data/indexOpenDataDetail.do?data_id=20150827000000000463,농림수산식품교육문화정보원,OpenAPI,주기없음,20150827000000000463,2015-08-27,2022-02-10
레시피 재료정보,"우리 농산물을 이용해서 만드는 요리정보로 요리기본정보, 레시피, 주요 재료 정보로 구성되어 있어 다양한 요리레시피 정보를 체계적으로 제공",https://data.mafra.go.kr/opendata/data/indexOpenDataDetail.do?data_id=20150827000000000465,농림수산식품교육문화정보원,OpenAPI,수시,20150827000000000465,2015-08-27,2022-02-09
레시피 과정정보,"우리 농산물을 이용해서 만드는 요리정보로 요리기본정보, 레시피, 주요 재료 정보로 구성되어 있어 다양한 요리레시피 정보를 체계적으로 제공",https://data.mafra.go.kr/opendata/data/indexOpenDataDetail.do?data_id=20150827000000000466,농림수산식품교육문화정보원,OpenAPI,수시,20150827000000000466,2015-08-27,2022-02-09
레시피 기본정보,"우리 농산물을 이용해서 만드는 요리정보로 요리기본정보, 레시피, 주요 재료 정보로 구성되어 있어 다양한 요리레시피 정보를 체계적으로 제공",https://data.mafra.go.kr/opendata/data/indexOpenDataDetail.do?data_id=20150827000000000464,농림수산식품교육문화정보원,OpenAPI,수시,20150827000000000464,2015-08-27,2022-02-09
농식품공무원교육원 현장교육지 현황,농식품공무원교육원 직무교육과정 운영 내실화를 위해 전국 주요 농식품산업현장을 방문하여 교육생의 학습효과 증대에 기여하고 있는 주요 현장학습 교육지 공개,https://data.mafra.go.kr/opendata/data/indexOpenDataDetail.do?data_id=20220215000000001935,농식품공무원교육원,파일,주기없음,20220215000000001935,2015-07-23,2022-06-21
농식품공무원교육원 현장교육지 현황,농식품공무원교육원 직무교육과정 운영 내실화를 위해 전국 주요 농식품산업현장을 방문하여 교육생의 학습효과 증대에 기여하고 있는 주요 현장학습 교육지 공개,https://data.mafra.go.kr/opendata/data/indexOpenDataDetail.do?data_id=20151019000000000478,농식품공무원교육원,OpenAPI,주기없음,20151019000000000478,2015-07-23,2022-06-21
낙농체험 목장 정보,"생명산업인 낙농산업의 특성을 살려 학생들에게 농업, 노동, 생명, 음식에 대한 교육적 기능을 제공함으로써 우유생산, 유통, 소비 이르는 전 과정에 대한 이해와 직접적 경험을 할 수 있는 학교 교육과 연계된 교육프로그램을 실시할 수 있는 목장 정보",https://data.mafra.go.kr/opendata/data/indexOpenDataDetail.do?data_id=20220216000000001955,농림축산식품부,파일,년간,20220216000000001955,2015-04-01,2025-01-07
네덜란드 푸드밸리 현황,"세계적 식품클러스터로 성공한 푸드밸리의 발전과정 및 혁신체제, 지원기관, 연구기관 등의 현황 조사 결과",https://data.mafra.go.kr/opendata/data/indexOpenDataDetail.do?data_id=20150210000000000422,농림축산식품부,파일,주기없음,20150210000000000422,2015-02-09,2022-02-15
농산물 안전성 검정기관 현황,농식품부에서 지정한 농산물 안전성 검정기관 현황,https://data.mafra.go.kr/opendata/data/indexOpenDataDetail.do?data_id=20150108000000000416,농림축산식품부,파일,년간,20150108000000000416,2014-12-30,2025-01-16
축산물 HACCP 컨설팅 등록업체 현황,축산물 HACCP 컨설팅 사업 수행을 위한 농식품부 등록업체 현황,https://data.mafra.go.kr/opendata/data/indexOpenDataDetail.do?data_id=20150108000000000413,농림축산식품부,파일,년간,20150108000000000413,2014-12-30,2025-09-17
농림축산식품부_식생활 교육기관 현황,국민건강증진 및 식생활개선을 위한 식생활체험 기회를 다양화하기 위해 지정한 전문 농어촌우수체험공간 현황,https://data.mafra.go.kr/opendata/data/indexOpenDataDetail.do?data_id=20150108000000000415,농림축산식품부,파일,년간,20150108000000000415,2014-12-30,2025-08-21
농림축산식품부_식생활 교육 기본계획 백서(2016),국민건강증진 및 식생활개선을 위한 식생활체험 기회를 다양화하기 위해 지정한 전문 농어촌우수체험공간 현황,https://data.mafra.go.kr/opendata/data/indexOpenDataDetail.do?data_id=20191010000000001156,농림축산식품부,링크,수시,20191010000000001156,2014-12-30,2025-08-21
농림축산식품부_식생활교육 우수농어촌체험공간 현황,국민건강증진 및 식생활개선을 위한 식생활체험 기회를 다양화하기 위해 지정한 전문 농어촌우수체험공간 현황,https://data.mafra.go.kr/opendata/data/indexOpenDataDetail.do?data_id=20220217000000002039,농림축산식품부,파일,년간,20220217000000002039,2014-12-30,2025-08-21
유기가공식품 인증현황,"유기가공식품 인증기관 지정현황, 국각별 인증현황, 연도별 인증현황 등",https://data.mafra.go.kr/opendata/data/indexOpenDataDetail.do?data_id=20150108000000000419,농림축산식품부,OpenAPI,년간,20150108000000000419,2014-12-30,2022-02-16
유기가공식품 인증현황,"유기가공식품 인증기관 지정현황, 국각별 인증현황, 연도별 인증현황 등",https://data.mafra.go.kr/opendata/data/indexOpenDataDetail.do?data_id=20220216000000001998,농림축산식품부,파일,년간,20220216000000001998,2014-12-30,2022-02-16
6차산업 인증 사업자 현황,"6차산업 우수 경영체를 인증하여 자금, 컨설팅, 마케팅 등 맞춤형 지원을 통해 경쟁력있는 6차산업 주체로 육성하기 위한 인증 현황",https://data.mafra.go.kr/opendata/data/indexOpenDataDetail.do?data_id=20141127000000000363,농림축산식품부,OpenAPI,분기,20141127000000000363,2014-11-27,2025-09-30
농업기계 보유현황,"트랙터, 콤바인, 이앙기 등 8종의 농기계 보유대수 자료",https://data.mafra.go.kr/opendata/data/indexOpenDataDetail.do?data_id=20141120000000000358,농림축산식품부,OpenAPI,주기없음,20141120000000000358,2014-11-20,2022-02-16
농업기계 보유현황,"트랙터, 콤바인, 이앙기 등 8종의 농기계 보유대수 자료",https://data.mafra.go.kr/opendata/data/indexOpenDataDetail.do?data_id=20220216000000001958,농림축산식품부,파일,주기없음,20220216000000001958,2014-11-20,2022-02-16
농림축산식품부 대한민국식품명인 현황,"우수한 우리 식품의 계승발전을 위해 지정한 식품제조, 가공, 조리 등의 분야의 식품명인 현황정보",https://data.mafra.go.kr/opendata/data/indexOpenDataDetail.do?data_id=20220216000000002028,농림축산식품부,파일,년간,20220216000000002028,2014-10-24,2025-09-19
정부지원 미곡종합처리장(RPC) 현황(2022.07월),"정부지원 미곡종합처리장(RPC) 현황(RPC명, 주소, 연락처)",https://data.mafra.go.kr/opendata/data/indexOpenDataDetail.do?data_id=20220216000000001992,농림축산식품부,파일,주기없음,20220216000000001992,2014-10-24,2022-02-16
정부지원 미곡종합처리장(RPC) 현황(2018.01월),"정부지원 미곡종합처리장(RPC) 현황(RPC명, 주소, 연락처)",https://data.mafra.go.kr/opendata/data/indexOpenDataDetail.do?data_id=20141125000000000359,농림축산식품부,OpenAPI,주기없음,20141125000000000359,2014-10-24,2022-02-16
로컬 푸드 직매장 현황,전국의 로컬푸드 직매장 현황,https://data.mafra.go.kr/opendata/data/indexOpenDataDetail.do?data_id=20220217000000002055,농림축산식품부,파일,년간,20220217000000002055,2014-10-24,2025-08-27
로컬 푸드 직매장 현황,전국의 로컬푸드 직매장 현황,https://data.mafra.go.kr/opendata/data/indexOpenDataDetail.do?data_id=20141029000000000342,농림축산식품부,OpenAPI,년간,20141029000000000342,2014-10-24,2025-08-27
농산물 도매시장현황,"도매시장 일반현황(유통종사자, 법인, 중도매인 등), 거래동향(거래실적, 주요 품목별 거래실적 등) 등 현황자료",https://data.mafra.go.kr/opendata/data/indexOpenDataDetail.do?data_id=20141125000000000362,농림축산식품부,파일,년간,20141125000000000362,2014-10-24,2025-08-29
고품질브랜드쌀현황,"매년 시도 추천 브랜드 쌀 중 서류현장 평가, 품위.품질, 식미평가 등을 통해 우수브랜드 선정",https://data.mafra.go.kr/opendata/data/indexOpenDataDetail.do?data_id=20220215000000001905,농림축산식품부,파일,년간,20220215000000001905,2014-10-24,2022-02-15
고품질브랜드쌀현황,"매년 시도 추천 브랜드 쌀 중 서류현장 평가, 품위.품질, 식미평가 등을 통해 우수브랜드 선정",https://data.mafra.go.kr/opendata/data/indexOpenDataDetail.do?data_id=20141125000000000361,농림축산식품부,OpenAPI,년간,20141125000000000361,2014-10-24,2022-02-15
시설채소 생산실적,지역별 품목별 시설채소 생산실적,https://data.mafra.go.kr/opendata/data/indexOpenDataDetail.do?data_id=20220217000000002033,농림축산식품부,파일,년간,20220217000000002033,2014-10-24,2024-07-02
시설채소 생산실적,지역별 품목별 시설채소 생산실적,https://data.mafra.go.kr/opendata/data/indexOpenDataDetail.do?data_id=20141020000000000321,농림축산식품부,OpenAPI,년간,20141020000000000321,2014-10-24,2024-07-02
계약재배(노지채소) 현황,기상 여건 등에 따라 수급이 불안한 노지채소 품목에 대하여 수급과 가격 안정 유도하기 위해 농협과 농가가 계약재배한 현황자료,https://data.mafra.go.kr/opendata/data/indexOpenDataDetail.do?data_id=20210930000000001623,농림축산식품부,파일,주기없음,20210930000000001623,2014-10-24,2025-09-23
가축인공 수정사 면허취득 현황,지역별 가축인공수정사 면허취득현황 통계자료 및 인공수정소 현황,https://data.mafra.go.kr/opendata/data/indexOpenDataDetail.do?data_id=20220215000000001898,농림축산식품부,파일,년간,20220215000000001898,2014-10-24,2023-07-18
가축인공 수정사 면허취득 현황,지역별 가축인공수정사 면허취득현황 통계자료 및 인공수정소 현황,https://data.mafra.go.kr/opendata/data/indexOpenDataDetail.do?data_id=20141015000000000215,농림축산식품부,OpenAPI,년간,20141015000000000215,2014-10-24,2023-07-18
인삼 통계 자료,"인삼재배, 생산 및 수출현황, 인삼류 검사 및 사후관리 실적 등 통계자료",https://data.mafra.go.kr/opendata/data/indexOpenDataDetail.do?data_id=20141015000000000213,농림축산식품부,파일,년간,20141015000000000213,2014-10-24,2023-08-31
비영리법인현황,농림축산식품부장관이 허가한 비영리 사단법인 및 재단법인 현황,https://data.mafra.go.kr/opendata/data/indexOpenDataDetail.do?data_id=20220217000000002037,농림축산식품부,파일,년간,20220217000000002037,2014-10-24,2021-07-22
비영리법인현황,농림축산식품부장관이 허가한 비영리 사단법인 및 재단법인 현황,https://data.mafra.go.kr/opendata/data/indexOpenDataDetail.do?data_id=20141014000000000030,농림축산식품부,OpenAPI,주기없음,20141014000000000030,2014-10-24,2021-07-22
토양개량제지원 현황,"토양개량제(규산, 석회질비료) 지원 현황",https://data.mafra.go.kr/opendata/data/indexOpenDataDetail.do?data_id=20220216000000001966,농림축산식품부,파일,주기없음,20220216000000001966,2014-10-24,2022-02-16
토양개량제지원 현황,"토양개량제(규산, 석회질비료) 지원 현황",https://data.mafra.go.kr/opendata/data/indexOpenDataDetail.do?data_id=20141014000000000028,농림축산식품부,OpenAPI,주기없음,20141014000000000028,2014-10-24,2022-02-16
조건불리지역 직접지불제 지원현황,"지역별 조건불리지역직불금 지급 농가통계, 지급현황 자료",https://data.mafra.go.kr/opendata/data/indexOpenDataDetail.do?data_id=20220216000000001988,농림축산식품부,파일,주기없음,20220216000000001988,2014-10-24,2024-06-25
쌀소득등보전직불제 지급현황_변동,쌀소득등보전직불제(변동직불) 지급현황,https://data.mafra.go.kr/opendata/data/indexOpenDataDetail.do?data_id=20240724000000002592,농림축산식품부,파일,주기없음,20240724000000002592,2014-10-24,2024-07-23
밭 농업 직불제,밭작물 재배농가의 소득보전 및 식량작물 자급률 제고를 위한 지원 정보,https://data.mafra.go.kr/opendata/data/indexOpenDataDetail.do?data_id=20220217000000002040,농림축산식품부,파일,주기없음,20220217000000002040,2014-10-24,2024-06-25
밭 농업 직불제,밭작물 재배농가의 소득보전 및 식량작물 자급률 제고를 위한 지원 정보,https://data.mafra.go.kr/opendata/data/indexOpenDataDetail.do?data_id=20141014000000000021,농림축산식품부,OpenAPI,주기없음,20141014000000000021,2014-10-24,2024-06-25
경관보전직불 사업지구,마을별 경관작물 재배에 따른 경관보전직불 관련 정보,https://data.mafra.go.kr/opendata/data/indexOpenDataDetail.do?data_id=20220215000000001902,농림축산식품부,파일,년간,20220215000000001902,2014-10-24,2025-09-30
경관보전직불 사업지구,마을별 경관작물 재배에 따른 경관보전직불 관련 정보,https://data.mafra.go.kr/opendata/data/indexOpenDataDetail.do?data_id=20141014000000000018,농림축산식품부,OpenAPI,년간,20141014000000000018,2014-10-24,2025-09-30
채소류 생산실적,"농산물 생산 및 수급대책 수립, 학술연구, 농업정책 등에 필요한 기초자료",https://data.mafra.go.kr/opendata/data/indexOpenDataDetail.do?data_id=20220216000000001975,농림축산식품부,파일,년간,20220216000000001975,2014-10-24,2023-08-31
종자 수입 생산 판매 신고 정보,"종자를 수입,생산,판매하기 위해 국립종자원에 신고된 신고 내역",https://data.mafra.go.kr/opendata/data/indexOpenDataDetail.do?data_id=20210803000000001501,국립종자원,링크,주기없음,20210803000000001501,2014-10-24,2025-08-26
정부 보급종 공급 현황,"국립종자원에서 생산한 식량종자(벼, 보리, 콩)의 연도별, 지역별, 품종별 공급 현황",https://data.mafra.go.kr/opendata/data/indexOpenDataDetail.do?data_id=20210730000000001489,국립종자원,링크,주기없음,20210730000000001489,2014-10-24,2025-08-29
정부 보급종 생산 공급 및 보증검사 통계,"국립종자원에서 생산한 식량종자(벼, 보리, 콩)의 연도별, 지역별, 품종별 공급 현황",https://data.mafra.go.kr/opendata/data/indexOpenDataDetail.do?data_id=20220620000000002107,국립종자원,파일,년간,20220620000000002107,2014-10-24,2025-08-29
정부보급종 벼 생산 현황,"국립종자원에서 생산한 식량종자(벼, 보리, 콩)의 연도별, 지역별, 품종별 공급 현황",https://data.mafra.go.kr/opendata/data/indexOpenDataDetail.do?data_id=20220725000000002290,국립종자원,파일,년간,20220725000000002290,2014-10-24,2025-08-29
정부보급종 콩 생산 현황,"국립종자원에서 생산한 식량종자(벼, 보리, 콩)의 연도별, 지역별, 품종별 공급 현황",https://data.mafra.go.kr/opendata/data/indexOpenDataDetail.do?data_id=20230720000000002372,국립종자원,파일,년간,20230720000000002372,2014-10-24,2025-08-29
정부보급종 맥류 생산현황,"국립종자원에서 생산한 식량종자(벼, 보리, 콩)의 연도별, 지역별, 품종별 공급 현황",https://data.mafra.go.kr/opendata/data/indexOpenDataDetail.do?data_id=20240807000000002616,국립종자원,링크,주기없음,20240807000000002616,2014-10-24,2025-08-29
연도별 종자 유통조사 통계 및 종자업 등록 현황,"연도별 종자 유통조사 현황, 연도별 위반내용 및 처리현황, 종자업 등록현황, 종자분쟁조정 현황 등에 대한 데이터를 확인가능하다",https://data.mafra.go.kr/opendata/data/indexOpenDataDetail.do?data_id=20220620000000002108,국립종자원,파일,수시,20220620000000002108,2014-10-24,2025-08-29
종자 수출입 동향,"작물별(식량작물, 사료작물, 화훼, 채소, 기타) 종자 수출입 물량 및 수출입액 현황 제공하는 데이터로 작물코드, 작물분류, 품목, 수출입, 물량, 금액등을 확인 가능한 자료이다",https://data.mafra.go.kr/opendata/data/indexOpenDataDetail.do?data_id=20210802000000001493,국립종자원,링크,주기없음,20210802000000001493,2014-10-24,2025-08-29
정부 보급종 품종별 생산대행 현황,"정부에서 품질을 보증하여 공급하는 벼, 보리, 콩 등의 품종별 특징 설명",https://data.mafra.go.kr/opendata/data/indexOpenDataDetail.do?data_id=20210730000000001488,국립종자원,링크,주기없음,20210730000000001488,2014-10-24,2025-08-29
국립종자원_정부 보급종 품종 현황,"정부에서 품질을 보증하여 공급하는 벼, 보리, 콩 등의 품종별 특징 설명",https://data.mafra.go.kr/opendata/data/indexOpenDataDetail.do?data_id=20220617000000002105,국립종자원,파일,년간,20220617000000002105,2014-10-24,2025-08-29
품종보호출원등록현황,국립종자원에 식물신품종으로 출원 및 등록된 품종에 대한 통계 현황 표,https://data.mafra.go.kr/opendata/data/indexOpenDataDetail.do?data_id=20210802000000001496,국립종자원,링크,주기없음,20210802000000001496,2014-10-24,2025-08-26
오이 품종보호등록 주요 품종 사진,국립종자원에 식물신품종으로 출원 및 등록된 품종에 대한 통계 현황 표,https://data.mafra.go.kr/opendata/data/indexOpenDataDetail.do?data_id=20240812000000002617,국립종자원,링크,수시,20240812000000002617,2014-10-24,2025-08-26
농림축산식품부 국립종자원_감귤 품종보호등록 목록 및 사진,국립종자원에 식물신품종으로 출원 및 등록된 품종에 대한 통계 현황 표,https://data.mafra.go.kr/opendata/data/indexOpenDataDetail.do?data_id=20250807000000002694,국립종자원,링크,수시,20250807000000002694,2014-10-24,2025-08-26
농지 실거래가 동향분석결과,"공인중개사의 업무 및 부동산 거래신고에 관한 법률 제27조에 의해 신고된 농지(논,밭,과수원)의 실거래 가격 정보(읍.면.동별 평균, 최저,최고가)",https://data.mafra.go.kr/opendata/data/indexOpenDataDetail.do?data_id=20220217000000002080,농림축산식품부,파일,년간,20220217000000002080,2014-10-24,2025-09-05
지리적표시관리정보,농수산물 또는 농수산 가공품의 명성·품질 기타 특징이 본질적으로 특정지역의 지리적 특성에 기인하는 경우 그 특정지역에서 생산된 특산품임을 표시,https://data.mafra.go.kr/opendata/data/indexOpenDataDetail.do?data_id=20220204000000001691,국립농산물품질관리원,파일,년간,20220204000000001691,2014-10-24,2024-06-07
지리적표시 등록정보,농수산물 또는 농수산 가공품의 명성·품질 기타 특징이 본질적으로 특정지역의 지리적 특성에 기인하는 경우 그 특정지역에서 생산된 특산품임을 표시,https://data.mafra.go.kr/opendata/data/indexOpenDataDetail.do?data_id=20141224000000000399,국립농산물품질관리원,OpenAPI,수시,20141224000000000399,2014-10-24,2024-06-07
하추곡검사실적,"국립농산물품질관리원에서 관리하는 하추곡검사사실적 정보(구분명, 년도, 품목, 행정구역, 업무구분, 수량단위, 수량)",https://data.mafra.go.kr/opendata/data/indexOpenDataDetail.do?data_id=20220204000000001693,국립농산물품질관리원,파일,년간,20220204000000001693,2014-10-24,2024-06-07
하추곡검사실적,"국립농산물품질관리원에서 관리하는 하추곡검사사실적 정보(구분명, 년도, 품목, 행정구역, 업무구분, 수량단위, 수량)",https://data.mafra.go.kr/opendata/data/indexOpenDataDetail.do?data_id=20141015000000000221,국립농산물품질관리원,OpenAPI,수시,20141015000000000221,2014-10-24,2024-06-07
술품질인증정보,"탁주, 약주, 청주, 과실주 등의 술 품질인증 관리 정보",https://data.mafra.go.kr/opendata/data/indexOpenDataDetail.do?data_id=20220204000000001687,국립농산물품질관리원,파일,반기,20220204000000001687,2014-10-24,2024-06-07
술품질인증 업체정보,"탁주, 약주, 청주, 과실주 등의 술 품질인증 관리 정보",https://data.mafra.go.kr/opendata/data/indexOpenDataDetail.do?data_id=20141015000000000219,국립농산물품질관리원,OpenAPI,반기,20141015000000000219,2014-10-24,2024-06-07
GAP인증기관 부사무소 정보,"GAP인증농가, 민간인증기관, 관리시설 정보서비스",https://data.mafra.go.kr/opendata/data/indexOpenDataDetail.do?data_id=20220614000000002103,국립농산물품질관리원,파일,년간,20220614000000002103,2014-10-24,2024-06-07
농산물우수관리(GAP) 인증기관 정보,"GAP인증농가, 민간인증기관, 관리시설 정보서비스",https://data.mafra.go.kr/opendata/data/indexOpenDataDetail.do?data_id=20181019000000000971,국립농산물품질관리원,파일,년간,20181019000000000971,2014-10-24,2024-06-07
농산물우수관리(GAP) 인증기관정보,"GAP인증농가, 민간인증기관, 관리시설 정보서비스",https://data.mafra.go.kr/opendata/data/indexOpenDataDetail.do?data_id=20141015000000000217,국립농산물품질관리원,OpenAPI,수시,20141015000000000217,2014-10-24,2024-06-07
전통식품 품질 인증정보,"가공식품산업표준 KS인증식품, 전통식품, 유기가공식품에 관련된 우수식품 인증정보",https://data.mafra.go.kr/opendata/data/indexOpenDataDetail.do?data_id=20250513000000002678,국립농산물품질관리원,링크,일간,20250513000000002678,2014-10-24,2024-06-07
우수식품인증정보,"가공식품산업표준 KS인증식품, 전통식품, 유기가공식품에 관련된 우수식품 인증정보",https://data.mafra.go.kr/opendata/data/indexOpenDataDetail.do?data_id=20220204000000001688,국립농산물품질관리원,파일,반기,20220204000000001688,2014-10-24,2024-06-07
우수식품 인증정보,"가공식품산업표준 KS인증식품, 전통식품, 유기가공식품에 관련된 우수식품 인증정보",https://data.mafra.go.kr/opendata/data/indexOpenDataDetail.do?data_id=20141014000000000095,국립농산물품질관리원,OpenAPI,수시,20141014000000000095,2014-10-24,2024-06-07
표준규격관리정보,"연도별 관할지원별 농산물 표준규격품에 대한 사후관리 통계자료(조사건수, 조사수량, 부적격건수 등)",https://data.mafra.go.kr/opendata/data/indexOpenDataDetail.do?data_id=20220204000000001692,국립농산물품질관리원,파일,반기,20220204000000001692,2014-10-24,2024-06-07
표준규격조사정보,"연도별 관할지원별 농산물 표준규격품에 대한 사후관리 통계자료(조사건수, 조사수량, 부적격건수 등)",https://data.mafra.go.kr/opendata/data/indexOpenDataDetail.do?data_id=20141014000000000098,국립농산물품질관리원,OpenAPI,수시,20141014000000000098,2014-10-24,2024-06-07
친환경 인증정보,"유기농,무농약 등 친환경농산물에 대한 인증정보",https://data.mafra.go.kr/opendata/data/indexOpenDataDetail.do?data_id=20250513000000002681,국립농산물품질관리원,링크,일간,20250513000000002681,2014-10-24,2024-06-07
무항생제 인증정보,"유기농,무농약 등 친환경농산물에 대한 인증정보",https://data.mafra.go.kr/opendata/data/indexOpenDataDetail.do?data_id=20250513000000002680,국립농산물품질관리원,링크,일간,20250513000000002680,2014-10-24,2024-06-07
친환경인증 시도별통계(축산물),"유기농,무농약 등 친환경농산물에 대한 인증정보",https://data.mafra.go.kr/opendata/data/indexOpenDataDetail.do?data_id=20240724000000002595,국립농산물품질관리원,파일,년간,20240724000000002595,2014-10-24,2024-06-07
친환경인증 시도별통계(농산물),"유기농,무농약 등 친환경농산물에 대한 인증정보",https://data.mafra.go.kr/opendata/data/indexOpenDataDetail.do?data_id=20230808000000002385,국립농산물품질관리원,파일,년간,20230808000000002385,2014-10-24,2024-06-07
무항생제축산물 인증정보,"유기농,무농약 등 친환경농산물에 대한 인증정보",https://data.mafra.go.kr/opendata/data/indexOpenDataDetail.do?data_id=20220711000000002154,국립농산물품질관리원,파일,반기,20220711000000002154,2014-10-24,2024-06-07
친환경·무항생제 인증기관 지정현황,"유기농,무농약 등 친환경농산물에 대한 인증정보",https://data.mafra.go.kr/opendata/data/indexOpenDataDetail.do?data_id=20220711000000002153,국립농산물품질관리원,파일,년간,20220711000000002153,2014-10-24,2024-06-07
친환경 인증 품목별 현황,"유기농,무농약 등 친환경농산물에 대한 인증정보",https://data.mafra.go.kr/opendata/data/indexOpenDataDetail.do?data_id=20220204000000001679,국립농산물품질관리원,파일,반기,20220204000000001679,2014-10-24,2024-06-07
친환경인증정보,"유기농,무농약 등 친환경농산물에 대한 인증정보",https://data.mafra.go.kr/opendata/data/indexOpenDataDetail.do?data_id=20181019000000000977,국립농산물품질관리원,파일,반기,20181019000000000977,2014-10-24,2024-06-07
친환경 인증 품목별 현황,"유기농,무농약 등 친환경농산물에 대한 인증정보",https://data.mafra.go.kr/opendata/data/indexOpenDataDetail.do?data_id=20151027000000000492,국립농산물품질관리원,OpenAPI,일간,20151027000000000492,2014-10-24,2024-06-07
친환경인증정보,"유기농,무농약 등 친환경농산물에 대한 인증정보",https://data.mafra.go.kr/opendata/data/indexOpenDataDetail.do?data_id=20141225000000000400,국립농산물품질관리원,링크,수시,20141225000000000400,2014-10-24,2024-06-07
정곡검사정보,"쌀 등 정곡에 대한 연도별, 시도별 검사 실적 통계",https://data.mafra.go.kr/opendata/data/indexOpenDataDetail.do?data_id=20220204000000001690,국립농산물품질관리원,파일,반기,20220204000000001690,2014-10-24,2024-06-07
정곡검사정보,"쌀 등 정곡에 대한 연도별, 시도별 검사 실적 통계",https://data.mafra.go.kr/opendata/data/indexOpenDataDetail.do?data_id=20141014000000000096,국립농산물품질관리원,OpenAPI,반기,20141014000000000096,2014-10-24,2024-06-07
수입농산물검사정보,"수입농산물에 대한 품목,원산지,검사수량,규격합치수량 등 정보 제공",https://data.mafra.go.kr/opendata/data/indexOpenDataDetail.do?data_id=20220204000000001685,국립농산물품질관리원,파일,반기,20220204000000001685,2014-10-24,2024-06-07
수입농산물검사정보,"수입농산물에 대한 품목,원산지,검사수량,규격합치수량 등 정보 제공",https://data.mafra.go.kr/opendata/data/indexOpenDataDetail.do?data_id=20161206000000000637,국립농산물품질관리원,OpenAPI,수시,20161206000000000637,2014-10-24,2024-06-07
농산물이력추적등록정보,농산물이력추적등록단체 정보서비스,https://data.mafra.go.kr/opendata/data/indexOpenDataDetail.do?data_id=20220204000000001681,국립농산물품질관리원,파일,반기,20220204000000001681,2014-10-24,2024-06-07
농산물이력추적등록정보,농산물이력추적등록단체 정보서비스,https://data.mafra.go.kr/opendata/data/indexOpenDataDetail.do?data_id=20141014000000000093,국립농산물품질관리원,OpenAPI,수시,20141014000000000093,2014-10-24,2024-06-07
연도별 가공업체 현황,"과종품별 과실류 가공실적 자료, 가공업체 현황",https://data.mafra.go.kr/opendata/data/indexOpenDataDetail.do?data_id=20141014000000000013,농림축산식품부,OpenAPI,주기없음,20141014000000000013,2014-10-24,2025-07-01
재배시험추진현황,"국립종자원에서 품종보호 출원품종, 국가품종목록 등재품종, 기존품종 특성조사, 유지의무확인시험, 침해분쟁에 따른 비교시험, 국제협력 대한민국우수품종상 등에 따라 재배시험한 품종수 현황 통계자료",https://data.mafra.go.kr/opendata/data/indexOpenDataDetail.do?data_id=20210802000000001495,국립종자원,링크,주기없음,20210802000000001495,2014-10-24,2025-08-26
농림축산검역검사기술개발 연구성과 정보,"수행년도, 사업구분, 과제분류, 과제명, 성과명, 연구책임자 등",https://data.mafra.go.kr/opendata/data/indexOpenDataDetail.do?data_id=20220214000000001864,농림축산검역본부,파일,년간,20220214000000001864,2014-10-24,2024-06-28
동축산물 검역실적,"수출·입 동물 및 축산물 검역실적, 불합격 정보를 제공하는 서비스",https://data.mafra.go.kr/opendata/data/indexOpenDataDetail.do?data_id=20181019000000000968,농림축산검역본부,파일,년간,20181019000000000968,2014-10-24,2026-02-23
동물의약품 허가결과정보,동물용의품 허가(신고) 신청에 따른 허가(신고) 결과 정보 제공,https://data.mafra.go.kr/opendata/data/indexOpenDataDetail.do?data_id=20220214000000001883,농림축산검역본부,파일,주기없음,20220214000000001883,2014-10-24,2024-07-12
동물의약품 허가결과정보(2013~2019),동물용의품 허가(신고) 신청에 따른 허가(신고) 결과 정보 제공,https://data.mafra.go.kr/opendata/data/indexOpenDataDetail.do?data_id=20240712000000002582,농림축산검역본부,링크,주기없음,20240712000000002582,2014-10-24,2024-07-12
반려동물 등록대행업체 조회,반려동물 등록대행업체 조회 정보를 조회,https://data.mafra.go.kr/opendata/data/indexOpenDataDetail.do?data_id=20240628000000002485,농림축산검역본부,링크,수시,20240628000000002485,2014-10-24,2024-06-28
수입축산물이력정보,"수입축산물(쇠고기 및 돼지고기)이력정보 :유통식별번호, 선하증권번호, 품목명, 원산지국가, 도축시작 및 종료일자, 도축장명, 가공시작 및 종료일자, 가공장명, 수출 및 수입업체명 등",https://data.mafra.go.kr/opendata/data/indexOpenDataDetail.do?data_id=20141020000000000330,농림축산검역본부,OpenAPI,일간,20141020000000000330,2014-10-24,2023-08-09
수입축산물이력정보,"수입축산물(쇠고기 및 돼지고기)이력정보 :유통식별번호, 선하증권번호, 품목명, 원산지국가, 도축시작 및 종료일자, 도축장명, 가공시작 및 종료일자, 가공장명, 수출 및 수입업체명 등",https://data.mafra.go.kr/opendata/data/indexOpenDataDetail.do?data_id=20220214000000001871,농림축산검역본부,링크,일간,20220214000000001871,2014-10-24,2023-08-09
식물검역정보,식물의 수입 및 수출 검역통계 정보,https://data.mafra.go.kr/opendata/data/indexOpenDataDetail.do?data_id=20181019000000000969,농림축산검역본부,링크,주기없음,20181019000000000969,2014-10-24,2023-08-09
열처리 업체 운영 정보,열처리업체 운영정보,https://data.mafra.go.kr/opendata/data/indexOpenDataDetail.do?data_id=20220215000000001895,농림축산검역본부,파일,년간,20220215000000001895,2014-10-24,2024-07-02
수출입식물 방제업체운영정보,수출입 식물방제업체 운영정보,https://data.mafra.go.kr/opendata/data/indexOpenDataDetail.do?data_id=20220214000000001887,농림축산검역본부,파일,년간,20220214000000001887,2014-10-24,2023-08-08
식물검역 병해충 정보,식물검역 관련 규제병해충 종정보(금지병해충 및 관리병해충),https://data.mafra.go.kr/opendata/data/indexOpenDataDetail.do?data_id=20220214000000001888,농림축산검역본부,파일,년간,20220214000000001888,2014-10-24,2024-06-20
관리병해충,식물검역 관련 규제병해충 종정보(금지병해충 및 관리병해충),https://data.mafra.go.kr/opendata/data/indexOpenDataDetail.do?data_id=20240708000000002580,농림축산검역본부,파일,수시,20240708000000002580,2014-10-24,2024-06-20
한국농수산대학 졸업생 영농정착 현황 분석,"한국농수산대학 졸업생 영농종사현황 정보(일반현황, 후계농자금 이용현황, 농업인 단체 활동, 영농 종사율, 영농정착 우수사례) 이용을 통해 농업분야에 대한 청장년 젊은 계층의 인식 전환, 영농창업 유발 확산, 농촌지역 활력 증진",https://data.mafra.go.kr/opendata/data/indexOpenDataDetail.do?data_id=20220711000000002155,한국농수산대학,파일,년간,20220711000000002155,2014-10-24,2025-08-07
농식품공무원교육원 동영상 강의자료(약초의 효능),약용하는 식물의 효능에 대한 동영상 강의자료,https://data.mafra.go.kr/opendata/data/indexOpenDataDetail.do?data_id=20141016000000000307,농식품공무원교육원,링크,주기없음,20141016000000000307,2014-10-24,2022-06-21
농수축산물 도매가격,"농수축산물 도소매가격을 정보수요자에게 제공하여 시장출하 및 매매에 관한 의사결정, 원활한 수급조절 유도 및 가격안정대책 추진을 위한 기초자료",https://data.mafra.go.kr/opendata/data/indexOpenDataDetail.do?data_id=20141016000000000288,한국농수산식품유통공사,OpenAPI,일간,20141016000000000288,2014-10-24,2022-02-14
농수축산물 도매가격,"농수축산물 도소매가격을 정보수요자에게 제공하여 시장출하 및 매매에 관한 의사결정, 원활한 수급조절 유도 및 가격안정대책 추진을 위한 기초자료",https://data.mafra.go.kr/opendata/data/indexOpenDataDetail.do?data_id=20220214000000001881,한국농수산식품유통공사,파일,일간,20220214000000001881,2014-10-24,2022-02-14
화훼류 시세현황,"화훼류(절화, 난, 관엽, 춘란) 경락정보",https://data.mafra.go.kr/opendata/data/indexOpenDataDetail.do?data_id=20141016000000000291,한국농수산식품유통공사,OpenAPI,일간,20141016000000000291,2014-10-24,2025-01-14
화훼류 시세현황,"화훼류(절화, 난, 관엽, 춘란) 경락정보",https://data.mafra.go.kr/opendata/data/indexOpenDataDetail.do?data_id=20220214000000001868,한국농수산식품유통공사,파일,일간,20220214000000001868,2014-10-24,2025-01-14
축산물이력정보조회,"① 소·돼지 이력번호, 묶음번호를 통해 사육(출생일자, 소의 품종, 성별), 이동(농장, 이동구분, 사육지), 도축(도축장, 도축일자, 도축검사정보, 등급), 유통정보(포장처리일자, 업소명, 판매장) 등을 조회는 ②축산물통합이력정보 제공 기능",https://data.mafra.go.kr/opendata/data/indexOpenDataDetail.do?data_id=20171023000000000895,축산물품질평가원,OpenAPI,수시,20171023000000000895,2014-10-24,2022-07-13
농업경영체 등록현황,농업경영체 등록 현황 정보,https://data.mafra.go.kr/opendata/data/indexOpenDataDetail.do?data_id=20220707000000002151,농림수산식품교육문화정보원,파일,년간,20220707000000002151,2014-10-24,2024-07-16
농업 수입지출 통계정보(총괄통계),농업인 및 농업경영체의 생산정보 및 수입 지출관련 회계정보,https://data.mafra.go.kr/opendata/data/indexOpenDataDetail.do?data_id=20141014000000000071,농림수산식품교육문화정보원,OpenAPI,주기없음,20141014000000000071,2014-10-24,2014-10-24
농산물도매법인별경락가격조회 (2000-01-03 ~ 2023-12-31),"농수축산물 경락가격정보를 조회하기 위한 서비스로서 농산물, 축산물, 수산물, 화훼류에 대한 도매시장, 산지공판장, 종합유통센터 별로 농수축산물 경락가격 제공",https://data.mafra.go.kr/opendata/data/indexOpenDataDetail.do?data_id=20220817000000002312,농림수산식품교육문화정보원,OpenAPI,주기없음,20220817000000002312,2014-10-24,2022-02-09
수산물품목별도매경락가격조회 (2000-01-04 ~ 2023-12-31),"농수축산물 경락가격정보를 조회하기 위한 서비스로서 농산물, 축산물, 수산물, 화훼류에 대한 도매시장, 산지공판장, 종합유통센터 별로 농수축산물 경락가격 제공",https://data.mafra.go.kr/opendata/data/indexOpenDataDetail.do?data_id=20220818000000002315,농림수산식품교육문화정보원,OpenAPI,주기없음,20220818000000002315,2014-10-24,2022-02-09
수산물도매시장별도매경락가격조회 (2000-01-04 ~ 2023-12-31),"농수축산물 경락가격정보를 조회하기 위한 서비스로서 농산물, 축산물, 수산물, 화훼류에 대한 도매시장, 산지공판장, 종합유통센터 별로 농수축산물 경락가격 제공",https://data.mafra.go.kr/opendata/data/indexOpenDataDetail.do?data_id=20221205000000002347,농림수산식품교육문화정보원,OpenAPI,주기없음,20221205000000002347,2014-10-24,2022-02-09
화훼류농협공판장별경락가격조회 (2002-11-20 ~ 2020-06-08),"농수축산물 경락가격정보를 조회하기 위한 서비스로서 농산물, 축산물, 수산물, 화훼류에 대한 도매시장, 산지공판장, 종합유통센터 별로 농수축산물 경락가격 제공",https://data.mafra.go.kr/opendata/data/indexOpenDataDetail.do?data_id=20221205000000002348,농림수산식품교육문화정보원,OpenAPI,주기없음,20221205000000002348,2014-10-24,2022-02-09
산지공판장품목별경락가격조회 (2002-11-20 ~ 2020-06-19),"농수축산물 경락가격정보를 조회하기 위한 서비스로서 농산물, 축산물, 수산물, 화훼류에 대한 도매시장, 산지공판장, 종합유통센터 별로 농수축산물 경락가격 제공",https://data.mafra.go.kr/opendata/data/indexOpenDataDetail.do?data_id=20221205000000002349,농림수산식품교육문화정보원,OpenAPI,주기없음,20221205000000002349,2014-10-24,2022-02-09
종합유통센터품목별경락가격조회 (2001-09-17 ~ 2020-06-17),"농수축산물 경락가격정보를 조회하기 위한 서비스로서 농산물, 축산물, 수산물, 화훼류에 대한 도매시장, 산지공판장, 종합유통센터 별로 농수축산물 경락가격 제공",https://data.mafra.go.kr/opendata/data/indexOpenDataDetail.do?data_id=20221205000000002351,농림수산식품교육문화정보원,OpenAPI,주기없음,20221205000000002351,2014-10-24,2022-02-09
농수축산물지역별가격조회 (2000-03-17 ~ 2022-09-30),"품목의 가격정보를 조회하기 위한 서비스로서 가락 도매시장과 강서 도매시장의 가격정보와 농수축산물의 품목, 지역, 유통센터별 가격정보, 임산물의 품목, 지역별 가격정보를 제공",https://data.mafra.go.kr/opendata/data/indexOpenDataDetail.do?data_id=20220823000000002322,농림수산식품교육문화정보원,OpenAPI,주기없음,20220823000000002322,2014-10-24,2022-02-09
임산물품목별가격조회 (2000-05-03 ~ 2016-02-24),"품목의 가격정보를 조회하기 위한 서비스로서 가락 도매시장과 강서 도매시장의 가격정보와 농수축산물의 품목, 지역, 유통센터별 가격정보, 임산물의 품목, 지역별 가격정보를 제공",https://data.mafra.go.kr/opendata/data/indexOpenDataDetail.do?data_id=20220823000000002323,농림수산식품교육문화정보원,OpenAPI,주기없음,20220823000000002323,2014-10-24,2022-02-09
농식품백과사전,"농업관련 가공/유통/경영, 관광/휴양/레저, 농림일반, 산림지원,생물자원,작물농업,축산/사육, 해외/북한농업 관련 백과정보 제공",https://data.mafra.go.kr/opendata/data/indexOpenDataDetail.do?data_id=20141016000000000245,농림수산식품교육문화정보원,파일,수시,20141016000000000245,2014-10-24,2021-08-10
웰빙도시농업 정보,도시생활 및 일상생활에서 필요한 웰빙도시농업 정보,https://data.mafra.go.kr/opendata/data/indexOpenDataDetail.do?data_id=20141016000000000248,농림수산식품교육문화정보원,파일,주기없음,20141016000000000248,2014-10-24,2021-08-10
채소류 생산실적,"농산물 생산 및 수급대책 수립, 학술연구, 농업정책 등에 필요한 기초자료",https://data.mafra.go.kr/opendata/data/indexOpenDataDetail.do?data_id=20141015000000000203,농림축산식품부,OpenAPI,년간,20141015000000000203,2014-10-24,2023-08-31
2018 여성 농업인 실태 조사,여성시급해결과제,https://data.mafra.go.kr/opendata/data/indexOpenDataDetail.do?data_id=20141015000000000177,농림축산식품부,파일,년간,20141015000000000177,2014-10-24,2022-06-20
배합 사료 생산 실적,축종별 배합사료 생산실적 통계,https://data.mafra.go.kr/opendata/data/indexOpenDataDetail.do?data_id=20220217000000002038,농림축산식품부,파일,년간,20220217000000002038,2014-10-24,2026-01-26
배합 사료 생산 실적,축종별 배합사료 생산실적 통계,https://data.mafra.go.kr/opendata/data/indexOpenDataDetail.do?data_id=20141014000000000014,농림축산식품부,OpenAPI,년간,20141014000000000014,2014-10-24,2026-01-26
농림업 생산지수·생산액,"년도별 품목, 평균생산량, 생산지수 조회서비스",https://data.mafra.go.kr/opendata/data/indexOpenDataDetail.do?data_id=20220216000000001960,농림축산식품부,파일,년간,20220216000000001960,2014-10-24,2023-07-17
기타 가축통계(개/마필),"시도별 기타가축(마필, 산양, 면양, 사슴, 토끼, 개, 오리, 칠면조 등) 사육농가 및 사육마릿수 자료",https://data.mafra.go.kr/opendata/data/indexOpenDataDetail.do?data_id=20220216000000001953,농림축산식품부,파일,수시,20220216000000001953,2014-10-24,2026-03-05
기타 가축통계(메추리),"시도별 기타가축(마필, 산양, 면양, 사슴, 토끼, 개, 오리, 칠면조 등) 사육농가 및 사육마릿수 자료",https://data.mafra.go.kr/opendata/data/indexOpenDataDetail.do?data_id=20220216000000001951,농림축산식품부,파일,수시,20220216000000001951,2014-10-24,2026-03-05
기타 가축통계(면양),"시도별 기타가축(마필, 산양, 면양, 사슴, 토끼, 개, 오리, 칠면조 등) 사육농가 및 사육마릿수 자료",https://data.mafra.go.kr/opendata/data/indexOpenDataDetail.do?data_id=20220216000000001950,농림축산식품부,파일,수시,20220216000000001950,2014-10-24,2026-03-05
기타 가축통계(산양),"시도별 기타가축(마필, 산양, 면양, 사슴, 토끼, 개, 오리, 칠면조 등) 사육농가 및 사육마릿수 자료",https://data.mafra.go.kr/opendata/data/indexOpenDataDetail.do?data_id=20220216000000001949,농림축산식품부,파일,수시,20220216000000001949,2014-10-24,2026-03-05
기타 가축통계(꿀벌),"시도별 기타가축(마필, 산양, 면양, 사슴, 토끼, 개, 오리, 칠면조 등) 사육농가 및 사육마릿수 자료",https://data.mafra.go.kr/opendata/data/indexOpenDataDetail.do?data_id=20220216000000001948,농림축산식품부,파일,수시,20220216000000001948,2014-10-24,2026-03-05
기타 가축통계(토끼),"시도별 기타가축(마필, 산양, 면양, 사슴, 토끼, 개, 오리, 칠면조 등) 사육농가 및 사육마릿수 자료",https://data.mafra.go.kr/opendata/data/indexOpenDataDetail.do?data_id=20220216000000001947,농림축산식품부,파일,수시,20220216000000001947,2014-10-24,2026-03-05
기타 가축통계(거위/사슴/칠면조),"시도별 기타가축(마필, 산양, 면양, 사슴, 토끼, 개, 오리, 칠면조 등) 사육농가 및 사육마릿수 자료",https://data.mafra.go.kr/opendata/data/indexOpenDataDetail.do?data_id=20220216000000001946,농림축산식품부,파일,수시,20220216000000001946,2014-10-24,2026-03-05
기타 가축통계,"시도별 기타가축(마필, 산양, 면양, 사슴, 토끼, 개, 오리, 칠면조 등) 사육농가 및 사육마릿수 자료",https://data.mafra.go.kr/opendata/data/indexOpenDataDetail.do?data_id=20141015000000000107,농림축산식품부,파일,수시,20141015000000000107,2014-10-24,2026-03-05
농림축산분야녹색인증현황,농림축산분야 녹색인증 인증 현황,https://data.mafra.go.kr/opendata/data/indexOpenDataDetail.do?data_id=20141125000000000360,농림축산식품부,파일,주기없음,20141125000000000360,2014-10-24,2025-09-23
김치산업 실태조사 결과,"2012년 김치산업 실태조사(주요생산품목, 김치생산비중, 연간생산량, 매출액 추정치 등) 결과자료",https://data.mafra.go.kr/opendata/data/indexOpenDataDetail.do?data_id=20181023000000000994,농림축산식품부,파일,년간,20181023000000000994,2014-10-24,2025-09-17
