source,name,desc,url,provider,type
KADX 농식품 공공데이터,한우 개체별 인공수정이력 조회,"암소별, 주간별 한우인공수정 기록을 조회 한다.",https://data.mafra.go.kr/opendata/data/indexOpenDataDetail.do?data_id=20260306000000002986,농림축산식품부,OpenAPI product
KADX 농식품 공공데이터,한우 기간별 인공수정이력 조회,"암소별, 주간별 한우인공수정 기록을 조회 한다.",https://data.mafra.go.kr/opendata/data/indexOpenDataDetail.do?data_id=20260306000000002987,농림축산식품부,OpenAPI product
KADX 농식품 공공데이터,품목별 재해보험정보 및 경영체 품목정보,농식품 빅데이터 분석 플랫폼에서 추출한 분석 데이터입니다.,https://data.mafra.go.kr/opendata/data/indexOpenDataDetail.do?data_id=20260128000000002973,농림수산식품교육문화정보원,OpenAPI product
KADX 농식품 공공데이터,국가별 수입 위생조건 정보,농식품 빅데이터 분석 플랫폼에서 추출한 분석 데이터입니다.,https://data.mafra.go.kr/opendata/data/indexOpenDataDetail.do?data_id=20260128000000002974,농림수산식품교육문화정보원,OpenAPI product
KADX 농식품 공공데이터,전국 가뭄 정보,농식품 빅데이터 분석 플랫폼에서 추출한 분석 데이터입니다.,https://data.mafra.go.kr/opendata/data/indexOpenDataDetail.do?data_id=20260128000000002975,농림수산식품교육문화정보원,OpenAPI product
KADX 농식품 공공데이터,대기오염 영향 기반 축사 데이터,농식품 빅데이터 분석 플랫폼에서 추출한 분석 데이터입니다.,https://data.mafra.go.kr/opendata/data/indexOpenDataDetail.do?data_id=20260128000000002976,농림수산식품교육문화정보원,OpenAPI product
KADX 농식품 공공데이터,농업경영체(법인)와 HACCP 인증 결합정보,농식품 빅데이터 분석 플랫폼에서 추출한 분석 데이터입니다.,https://data.mafra.go.kr/opendata/data/indexOpenDataDetail.do?data_id=20260128000000002977,농림수산식품교육문화정보원,OpenAPI product
KADX 농식품 공공데이터,농식품 온라인 검색 순위 정보,농식품 빅데이터 분석 플랫폼에서 추출한 분석 데이터입니다.,https://data.mafra.go.kr/opendata/data/indexOpenDataDetail.do?data_id=20260128000000002978,농림수산식품교육문화정보원,OpenAPI product
KADX 농식품 공공데이터,곤충사육농가 유형과 매출 결합정보,농식품 빅데이터 분석 플랫폼에서 추출한 분석 데이터입니다.,https://data.mafra.go.kr/opendata/data/indexOpenDataDetail.do?data_id=20260128000000002971,농림수산식품교육문화정보원,OpenAPI product
KADX 농식품 공공데이터,농협계약재배 물량과 도매가격정보,농식품 빅데이터 분석 플랫폼에서 추출한 분석 데이터입니다.,https://data.mafra.go.kr/opendata/data/indexOpenDataDetail.do?data_id=20260128000000002979,농림수산식품교육문화정보원,OpenAPI product
KADX 농식품 공공데이터,전국 토양검정과 병해충 예찰 결합정보,농식품 빅데이터 분석 플랫폼에서 추출한 분석 데이터입니다.,https://data.mafra.go.kr/opendata/data/indexOpenDataDetail.do?data_id=20260128000000002980,농림수산식품교육문화정보원,OpenAPI product
KADX 농식품 공공데이터,음식별 영양성분·효능 결합정보,농식품 빅데이터 분석 플랫폼에서 추출한 분석 데이터입니다.,https://data.mafra.go.kr/opendata/data/indexOpenDataDetail.do?data_id=20260128000000002981,농림수산식품교육문화정보원,OpenAPI product
KADX 농식품 공공데이터,수입국 관세율 및 농산물 유통신고현황,농식품 빅데이터 분석 플랫폼에서 추출한 분석 데이터입니다.,https://data.mafra.go.kr/opendata/data/indexOpenDataDetail.do?data_id=20260128000000002982,농림수산식품교육문화정보원,OpenAPI product
KADX 농식품 공공데이터,소매가격정보와 소비 트렌드 결합정보,농식품 빅데이터 분석 플랫폼에서 추출한 분석 데이터입니다.,https://data.mafra.go.kr/opendata/data/indexOpenDataDetail.do?data_id=20260128000000002983,농림수산식품교육문화정보원,OpenAPI product
KADX 농식품 공공데이터,농식품 연구과제와 특허성과 결합정보,농식품 빅데이터 분석 플랫폼에서 추출한 분석 데이터입니다.,https://data.mafra.go.kr/opendata/data/indexOpenDataDetail.do?data_id=20260128000000002985,농림수산식품교육문화정보원,OpenAPI product
KADX 농식품 공공데이터,미생물 결합정보,농식품 빅데이터 분석 플랫폼에서 추출한 분석 데이터입니다.,https://data.mafra.go.kr/opendata/data/indexOpenDataDetail.do?data_id=20260128000000002984,농림수산식품교육문화정보원,OpenAPI product
KADX 농식품 공공데이터,지진경보 영향권과 농업시설물 결합정보,농식품 빅데이터 분석 플랫폼에서 추출한 분석 데이터입니다.,https://data.mafra.go.kr/opendata/data/indexOpenDataDetail.do?data_id=20260128000000002972,농림수산식품교육문화정보원,OpenAPI product
KADX 농식품 공공데이터,농식품인재개발원 입찰 정보,농식품인재개발원에서 발주한 입찰 정보입니다.,https://data.mafra.go.kr/opendata/data/indexOpenDataDetail.do?data_id=20260114000000002967,농식품공무원교육원,OpenAPI product
KADX 농식품 공공데이터,농식품인재개발원 입찰 정보,농식품인재개발원에서 발주한 입찰 정보입니다.,https://data.mafra.go.kr/opendata/data/indexOpenDataDetail.do?data_id=20260113000000002966,농식품공무원교육원,OpenAPI product
KADX 농식품 공공데이터,농지업무편람,"농지 관련 법령 및 제도, 농지법 제정 이후 농지제도 현황, 주요 농지제도 변천사, 농지의 정의 등 농지법 관련 업무 편람을 제공 합니다. 제공 목록 : 농지제도의 변천, 농지의 정의.소유.이용, 농지원부, 농지정보시스템 운영, 농업진흥지역 지정 및 관리, 농지의 전용,농지보전부담금",https://data.mafra.go.kr/opendata/data/indexOpenDataDetail.do?data_id=20251126000000002965,농림축산식품부,OpenAPI product
KADX 농식품 공공데이터,축산계열화사업자 및 경영사실 정보,"농림축산식품부에서는 축산계열화사업자 및 경영사실 정보를 제공합니다. 본 정보 제공 데이터는 등록번호, 경영년도, 일련번호, 관계, 이름, 기간, 상호, 자본금, 사업자유형, 영업상태, 축종돼지, 축종오리, 축종육계등의 정보를 포함하고 있습니다.",https://data.mafra.go.kr/opendata/data/indexOpenDataDetail.do?data_id=20251114000000002943,농림수산식품교육문화정보원,OpenAPI product
KADX 농식품 공공데이터,축산업인허가등록지역별통계현황정보,농림축산식품부에서는 축산업인허가등록지역별통계현황정보를 제공합니다.,https://data.mafra.go.kr/opendata/data/indexOpenDataDetail.do?data_id=20251114000000002944,농림수산식품교육문화정보원,OpenAPI product
KADX 농식품 공공데이터,출장소 관리 정보,"농림축산식품부에서 제공하는 출장소 관리 정보에 대한 데이터로 출장소코드, 출장소명칭, 등록일 등의 정보를 제공",https://data.mafra.go.kr/opendata/data/indexOpenDataDetail.do?data_id=20251114000000002945,농림수산식품교육문화정보원,OpenAPI product
KADX 농식품 공공데이터,출하품목 정보,"농림축산식품부에서 제공하는 출하품목 정보에 대한 데이터로 분류코드, 품목코드, 품목명 등의 정보를 제공",https://data.mafra.go.kr/opendata/data/indexOpenDataDetail.do?data_id=20251114000000002946,농림수산식품교육문화정보원,OpenAPI product
KADX 농식품 공공데이터,친환경농업 지원사업 신청현황정보,농림축산식품부에서는 친환경농업 지원사업 신청현황정보를 제공합니다.,https://data.mafra.go.kr/opendata/data/indexOpenDataDetail.do?data_id=20251114000000002947,농림수산식품교육문화정보원,OpenAPI product
KADX 농식품 공공데이터,친환경축산축종코드매핑정보,"농림축산식품부에서 제공하는 친환경축산축종코드매핑정보로 축종코드친환경품목코드,매핑일련번호,사용여부,등록일시,수정일시등의 정보를 포함하여 제공합니다.",https://data.mafra.go.kr/opendata/data/indexOpenDataDetail.do?data_id=20251114000000002948,농림수산식품교육문화정보원,OpenAPI product
KADX 농식품 공공데이터,토양 경지 면적 통계 정보,농림축산식품부에서는 토양 경지 면적 통계 정보를 제공합니다.,https://data.mafra.go.kr/opendata/data/indexOpenDataDetail.do?data_id=20251114000000002949,농림수산식품교육문화정보원,OpenAPI product
KADX 농식품 공공데이터,토양 지급기준 소요량정보,농림축산식품부에서는 토양 지급기준 소요량정보를 제공합니다.,https://data.mafra.go.kr/opendata/data/indexOpenDataDetail.do?data_id=20251114000000002950,농림수산식품교육문화정보원,OpenAPI product
KADX 농식품 공공데이터,토양개량제신청량및예산안정보,농림축산식품부에서는 토양개량제신청량및예산안정보를 제공합니다.,https://data.mafra.go.kr/opendata/data/indexOpenDataDetail.do?data_id=20251114000000002951,농림수산식품교육문화정보원,OpenAPI product
KADX 농식품 공공데이터,토양개량제월별살포통계정보,농림축산식품부에서는 토양개량제월별살포통계정보를 제공합니다.,https://data.mafra.go.kr/opendata/data/indexOpenDataDetail.do?data_id=20251114000000002952,농림수산식품교육문화정보원,OpenAPI product
KADX 농식품 공공데이터,토양개량제월별신청통계정보,"농림축산식품부에서 제공하는 토양개량제월별신청통계정보로 사업년도,선정년도,공급년도,토양개량제비료코드,토양개량제월별통계순번등의 정보를 포함하여 제공합니다.",https://data.mafra.go.kr/opendata/data/indexOpenDataDetail.do?data_id=20251114000000002953,농림수산식품교육문화정보원,OpenAPI product
KADX 농식품 공공데이터,퇴비부숙도 농가 이행상황정보,농림축산식품부에서는 퇴비부숙도 농가 이행상황정보를 제공합니다.,https://data.mafra.go.kr/opendata/data/indexOpenDataDetail.do?data_id=20251114000000002954,농림수산식품교육문화정보원,OpenAPI product
KADX 농식품 공공데이터,품목별농작물정보,농림축산식품부에서는 품목별농작물정보를 제공합니다.,https://data.mafra.go.kr/opendata/data/indexOpenDataDetail.do?data_id=20251114000000002955,농림수산식품교육문화정보원,OpenAPI product
KADX 농식품 공공데이터,품목정보 이행점검조사정보,농림축산식품부에서는 품목정보 이행점검조사정보를 제공합니다.,https://data.mafra.go.kr/opendata/data/indexOpenDataDetail.do?data_id=20251114000000002956,농림수산식품교육문화정보원,OpenAPI product
KADX 농식품 공공데이터,피해보전지침기준및신청상세현장점검첨부정보,"농림축산식품부에서 제공하는 피해보전지침기준및신청상세현장점검첨부정보로 사업년도,지침기준일련번호,사업시행지침일자송아지인정시작일자,송아지인정종료일자,첨부파일일련번호,등록일시,수정일시등의 정보를 제공합니다. 본 제공자료는 피해보전지침기준에 대한 현장점검을 통해 사업지원금액 신청건에 대하여 환수조치를 진행한 내용을 보여주는 데이터입니다.",https://data.mafra.go.kr/opendata/data/indexOpenDataDetail.do?data_id=20251114000000002957,농림수산식품교육문화정보원,OpenAPI product
KADX 농식품 공공데이터,후계자_관리_추진_실적,"농림축산식품부에서 제공하는 후계자 관리 추진 실적 정보에 대한 데이터로 사업연도, 사업추진경지, 사업추진시설 등의 통계 정보를 제공합니다",https://data.mafra.go.kr/opendata/data/indexOpenDataDetail.do?data_id=20251114000000002958,농림수산식품교육문화정보원,OpenAPI product
KADX 농식품 공공데이터,후계자_관리_포상_자격증,"농림축산식품부에서 제공하는 후계자 관리 포상 자격증 정보에 대한 데이터로 포상자격증, 선정연도 등의 통계 정보를 제공합니다",https://data.mafra.go.kr/opendata/data/indexOpenDataDetail.do?data_id=20251114000000002959,농림수산식품교육문화정보원,OpenAPI product
KADX 농식품 공공데이터,한우_송아지피해보전직불지원현황정보,농림축산식품부에서는 한우_송아지피해보전직불지원현황정보를 제공합니다.,https://data.mafra.go.kr/opendata/data/indexOpenDataDetail.do?data_id=20251114000000002960,농림수산식품교육문화정보원,OpenAPI product
KADX 농식품 공공데이터,행정처분정보,농림축산식품부에서는 행정처분정보를 제공합니다.,https://data.mafra.go.kr/opendata/data/indexOpenDataDetail.do?data_id=20251114000000002961,농림수산식품교육문화정보원,OpenAPI product
KADX 농식품 공공데이터,후계농 지원사업 선정현황정보,농림축산식품부에서는 후계농 지원사업 선정현황정보를 제공합니다.,https://data.mafra.go.kr/opendata/data/indexOpenDataDetail.do?data_id=20251114000000002962,농림수산식품교육문화정보원,OpenAPI product
KADX 농식품 공공데이터,농지폐경사유정보,"농림축산식품부에서는 농지폐경사유정보정보를 제공합니다. 본 정보 제공 데이터는 사업년도, 농지일련번호, 대장구분, 본번, 부번, 폐경사유일련번호, 경영체폐경면적, 폐경사유, 폐경사유비고등의 정보를 포함하고 있습니다.",https://data.mafra.go.kr/opendata/data/indexOpenDataDetail.do?data_id=20251114000000002963,농림수산식품교육문화정보원,OpenAPI product
KADX 농식품 공공데이터,조사료 유통업체 현황 정보,농림축산식품부에서는 조사료 유통업체 현황 정보를 제공합니다.,https://data.mafra.go.kr/opendata/data/indexOpenDataDetail.do?data_id=20251114000000002915,농림수산식품교육문화정보원,OpenAPI product
KADX 농식품 공공데이터,정제 비료품질 폐기물 재활용 정보,농림축산식품부에서는 정제 비료품질 폐기물 재활용 정보를 제공합니다.,https://data.mafra.go.kr/opendata/data/indexOpenDataDetail.do?data_id=20251114000000002914,농림수산식품교육문화정보원,OpenAPI product
KADX 농식품 공공데이터,전출전입 정보,"농림축산식품부에서는 전출전입 정보를 제공합니다. 본 정보 제공 데이터는 사업년도, 경영체일련번호, 전출전입일련번호, 경영체명, 진행상태명, 요청일자, 처리일자, 요청관할기관, 처리관할기관등의 정보를 포함하고 있습니다.",https://data.mafra.go.kr/opendata/data/indexOpenDataDetail.do?data_id=20251114000000002913,농림수산식품교육문화정보원,OpenAPI product
KADX 농식품 공공데이터,전체 축종별 현황정보,농림축산식품부에서는 전체 축종별 현황정보를 제공합니다.,https://data.mafra.go.kr/opendata/data/indexOpenDataDetail.do?data_id=20251114000000002912,농림수산식품교육문화정보원,OpenAPI product
KADX 농식품 공공데이터,전체 노지작물 수확(재배) 현황정보,농림축산식품부에서는 전체 노지작물 수확(재배) 현황정보를 제공합니다.,https://data.mafra.go.kr/opendata/data/indexOpenDataDetail.do?data_id=20251114000000002911,농림수산식품교육문화정보원,OpenAPI product
KADX 농식품 공공데이터,전략작물신청서품목및면적상세정보,농림축산식품부에서는 전략작물신청서품목및면적상세정보를 제공합니다.,https://data.mafra.go.kr/opendata/data/indexOpenDataDetail.do?data_id=20251114000000002910,농림수산식품교육문화정보원,OpenAPI product
KADX 농식품 공공데이터,전략작물 가루쌀 생산단지 정보,농림축산식품부에서는 전략작물 가루쌀 생산단지 정보를 제공합니다.,https://data.mafra.go.kr/opendata/data/indexOpenDataDetail.do?data_id=20251114000000002909,농림수산식품교육문화정보원,OpenAPI product
KADX 농식품 공공데이터,입업경영체재배품목내역 및 입업재해대책정보,"농림축산식품부에서 제공하는 입업경영체재배품목내역 및 입업재해대책정보로 입업정책사업명,임직원수,정산현황,재해대책정보를 포함하여 제공합니다.",https://data.mafra.go.kr/opendata/data/indexOpenDataDetail.do?data_id=20251114000000002908,농림수산식품교육문화정보원,OpenAPI product
KADX 농식품 공공데이터,비료품질 위탁별 공정 규격 코드,농림축산식품부에서 운영중인 비료품질 보조사업에서 위탁별(일련번호로 변경) 공정 규격 코드가 담긴 정보입니다. 각 공정 규격 코드별 규격 내용이 담겨 있습니다,https://data.mafra.go.kr/opendata/data/indexOpenDataDetail.do?data_id=20251114000000002964,농림수산식품교육문화정보원,OpenAPI product
KADX 농식품 공공데이터,임차필지 검증 정보,농림축산식품부에서는 임차필지 검증 정보를 제공합니다.,https://data.mafra.go.kr/opendata/data/indexOpenDataDetail.do?data_id=20251114000000002907,농림수산식품교육문화정보원,OpenAPI product
KADX 농식품 공공데이터,임지별재배품목정보,"농림축산식품부에서는 임지별재배품목정보를 제공합니다. 본 정보 제공 데이터는 경영체순번, 농지일련번호, 대장구분, 공동경작여부, 경영형태, 토지대장검증여부, 공부지목, 실제지목, 공부농지면적등의 정보를 포함하고 있습니다.",https://data.mafra.go.kr/opendata/data/indexOpenDataDetail.do?data_id=20251114000000002906,농림수산식품교육문화정보원,OpenAPI product
KADX 농식품 공공데이터,임업재해대책품목별지원지수정보,농림축산식품부에서는 임업재해대책품목별지원지수정보를 제공합니다.,https://data.mafra.go.kr/opendata/data/indexOpenDataDetail.do?data_id=20251114000000002905,농림수산식품교육문화정보원,OpenAPI product
KADX 농식품 공공데이터,임업재배품목내역정보,농림축산식품부에서는 임업재배품목내역정보를 제공합니다.,https://data.mafra.go.kr/opendata/data/indexOpenDataDetail.do?data_id=20251114000000002904,농림수산식품교육문화정보원,OpenAPI product
KADX 농식품 공공데이터,임업유통내역정보,농림축산식품부에서는 임업유통내역정보를 제공합니다.,https://data.mafra.go.kr/opendata/data/indexOpenDataDetail.do?data_id=20251114000000002903,농림수산식품교육문화정보원,OpenAPI product
KADX 농식품 공공데이터,인턴법인맵핑 및 인턴신청서정보,"농림축산식품부에서 제공하는 인턴법인맵핑 및 인턴신청서정보로 사업연도,인턴접수번호,희망직무코드,희망직무명,희망분야코드,희망법인명희망지역,정규징전환여부등의 정보를 포함하여 제공합니다.",https://data.mafra.go.kr/opendata/data/indexOpenDataDetail.do?data_id=20251114000000002902,농림수산식품교육문화정보원,OpenAPI product
KADX 농식품 공공데이터,인삼류제조업신고관리정보,농림축산식품부에서는 인삼류제조업신고관리정보를 제공합니다.,https://data.mafra.go.kr/opendata/data/indexOpenDataDetail.do?data_id=20251114000000002901,농림수산식품교육문화정보원,OpenAPI product
KADX 농식품 공공데이터,인공수정소 현황정보,농림축산식품부에서는 인공수정소 현황정보를 제공합니다.,https://data.mafra.go.kr/opendata/data/indexOpenDataDetail.do?data_id=20251114000000002900,농림수산식품교육문화정보원,OpenAPI product
KADX 농식품 공공데이터,이행점검조사정보,농림축산식품부에서는 이행점검조사정보를 제공합니다.,https://data.mafra.go.kr/opendata/data/indexOpenDataDetail.do?data_id=20251114000000002899,농림수산식품교육문화정보원,OpenAPI product
KADX 농식품 공공데이터,이력청년창업형후계농업경영인선정정보,"농림축산식품부에서 제공하는 이력청년창업형후계농업경영인선정정보로 경영주등록일,영농교육실적,농업계학교졸업여부,현재경영규모,병역코드,다문화가족여부,신청일자,접수기관등의 정보를 포함하여 제공합니다.",https://data.mafra.go.kr/opendata/data/indexOpenDataDetail.do?data_id=20251114000000002898,농림수산식품교육문화정보원,OpenAPI product
KADX 농식품 공공데이터,이력지원사업후계농품목_연도별_코드수,"농림축산식품부에서 운영중인 보조사업 후계농업인 사업 관련 데이터로, 연도별 지원한 품목 수",https://data.mafra.go.kr/opendata/data/indexOpenDataDetail.do?data_id=20251114000000002897,농림수산식품교육문화정보원,OpenAPI product
KADX 농식품 공공데이터,이력지원사업비료품질정보,"농림축산식품부에서 제공하는 이력지원사업비료품질정보로 비료품질단속내역,단속업체,수입비료검사대장,신청비료,실적이월내역,위탁검사,위탁검사업체,위탁용량 및 항목,출하자체항목 등의 정보를 제공합니다.",https://data.mafra.go.kr/opendata/data/indexOpenDataDetail.do?data_id=20251114000000002896,농림수산식품교육문화정보원,OpenAPI product
KADX 농식품 공공데이터,이력농림사업이행관련정보,"농림축산식품부에서 제공하는 이력농림사업이행관련정보로 이행점검기관정보,이행점검교육,지급기준,진행차수,지급일련번호,이력일련번호,사업연도,법인신청수량,개인신청수량,법인지급최대면적,개인지급최대면적등의 정보를 제공합니다.",https://data.mafra.go.kr/opendata/data/indexOpenDataDetail.do?data_id=20251114000000002895,농림수산식품교육문화정보원,OpenAPI product
KADX 농식품 공공데이터,이력귀농창업주택구입관리교육정보,"농림축산식품부에서 제공하는 이력귀농창업주택구입관리교육정보로 선전년도,관리일련번호,교육일련번호,이력일련번호,실시기관명,시작일자,종료일자,내역등의 정보를 제공합니다.",https://data.mafra.go.kr/opendata/data/indexOpenDataDetail.do?data_id=20251114000000002894,농림수산식품교육문화정보원,OpenAPI product
KADX 농식품 공공데이터,이력_지원사업_신청_친환경축산_구성원,"농림축산식품부에서 제공하는 지원사업 신청정보에 대한 데이터로 사업연도, 사업명 등의 통계 정보를 제공합니다",https://data.mafra.go.kr/opendata/data/indexOpenDataDetail.do?data_id=20251114000000002893,농림수산식품교육문화정보원,OpenAPI product
KADX 농식품 공공데이터,이력 판매촉진 공급 상세,농림축산식품부 판매 촉진 관련 정보로 에 대한 데이터로 공급정보를 포함하고 있습니다,https://data.mafra.go.kr/opendata/data/indexOpenDataDetail.do?data_id=20251114000000002892,농림수산식품교육문화정보원,OpenAPI product
KADX 농식품 공공데이터,이력 지원사업 신청 후계농 농업기계 등록,농림축산식품부 지원사업 신청 정보로 후계농 농업기계 등록 정보를 나타냅니다,https://data.mafra.go.kr/opendata/data/indexOpenDataDetail.do?data_id=20251114000000002891,농림수산식품교육문화정보원,OpenAPI product
KADX 농식품 공공데이터,이력 지원사업 신청 정보,"농림축산식품부 지원사업 신청정보로서 사업연도, 농림사업, 일련번호, 등록일을 제공합니다",https://data.mafra.go.kr/opendata/data/indexOpenDataDetail.do?data_id=20251114000000002890,농림수산식품교육문화정보원,OpenAPI product
KADX 농식품 공공데이터,유통내역조사대상 및 품목정보,"농림축산식품부에서는 유통내역조사대상 및 품목정보를 제공합니다. 본 정보 제공 데이터는 조사년도, 경영체순번, 대상농가여부, 패널구분, 유통품목구분, 유통품목, 판매금액, 판매처1비율, 판매처2비율등의 정보를 포함하고 있습니다.",https://data.mafra.go.kr/opendata/data/indexOpenDataDetail.do?data_id=20251114000000002889,농림수산식품교육문화정보원,OpenAPI product
KADX 농식품 공공데이터,유기질비료지원사업_신청일정,"농림축산식품부에서 제공하는 유기질비료지원사업 신청일정 정보에 대한 데이터로 사업연도, 사업명, 신청일자 등의 통계 정보를 제공합니다.",https://data.mafra.go.kr/opendata/data/indexOpenDataDetail.do?data_id=20251114000000002888,농림수산식품교육문화정보원,OpenAPI product
KADX 농식품 공공데이터,유기질비료지원_신청_현황정보,"농림축산식품부에서는 법인조합원등기이사명세정보를 제공합니다. 본 정보 제공 데이터는 경영체일련번호, 경영체명, 설립년도, 법인형태구분, 마을법인여부, 내외국인구분등의 정보를 포함하고 있습니다.",https://data.mafra.go.kr/opendata/data/indexOpenDataDetail.do?data_id=20251114000000002887,농림수산식품교육문화정보원,OpenAPI product
KADX 농식품 공공데이터,유기질비료지원_신청_상세,"농림축산식품부에서 제공하는 유기질비료지원 신청상세 정보에 대한 데이터로 공부상면적, 신청면적 등의 통계 정보를 제공합니다",https://data.mafra.go.kr/opendata/data/indexOpenDataDetail.do?data_id=20251114000000002886,농림수산식품교육문화정보원,OpenAPI product
KADX 농식품 공공데이터,주산지_작목코드 정보,"농림축산식품부에서 제공하는 주산지 작목코드 정보에 대한 데이터로 작목중분류코드, 작목중분류명, 작목세분류코드, 작목세분류명 등에 정보를 제공",https://data.mafra.go.kr/opendata/data/indexOpenDataDetail.do?data_id=20251114000000002916,농림수산식품교육문화정보원,OpenAPI product
KADX 농식품 공공데이터,지원사업 신청농지 피해보전 축산 개체,"농림축산식품부에서 제공하는 신청농지 피해보전 축산 개체정보로서 축종, 암수구분, 사육일자, 종료일자 등의 정보를 제공하고 있습니다",https://data.mafra.go.kr/opendata/data/indexOpenDataDetail.do?data_id=20251114000000002924,농림수산식품교육문화정보원,OpenAPI product
KADX 농식품 공공데이터,지원사업 신청 변경 이력,농림축산식품부 지원사업 신청 변경 이력을 관리하는 정보입니다,https://data.mafra.go.kr/opendata/data/indexOpenDataDetail.do?data_id=20251114000000002923,농림수산식품교육문화정보원,OpenAPI product
KADX 농식품 공공데이터,지원사업 비료품질 위탁 항목정보,농림축산식품부에서는 지원사업 비료품질 위탁 항목정보를 제공합니다.,https://data.mafra.go.kr/opendata/data/indexOpenDataDetail.do?data_id=20251114000000002922,농림수산식품교육문화정보원,OpenAPI product
KADX 농식품 공공데이터,지원사업 비료품질 실적 정보,농림축산식품부에서는 지원사업 비료품질 실적 정보를 제공합니다.,https://data.mafra.go.kr/opendata/data/indexOpenDataDetail.do?data_id=20251114000000002921,농림수산식품교육문화정보원,OpenAPI product
KADX 농식품 공공데이터,지원사업 비료품질 비종 성분 기준조건 정보,농림축산식품부에서는 지원사업 비료품질 비종 성분 기준조건 정보를 제공합니다.,https://data.mafra.go.kr/opendata/data/indexOpenDataDetail.do?data_id=20251114000000002920,농림수산식품교육문화정보원,OpenAPI product
KADX 농식품 공공데이터,지원사업 마을신청 및 경관보전 이행점검 정보,농림축산식품부에서는 지원사업 마을신청 및 경관보전 이행점검 정보를 제공합니다.,https://data.mafra.go.kr/opendata/data/indexOpenDataDetail.do?data_id=20251114000000002919,농림수산식품교육문화정보원,OpenAPI product
KADX 농식품 공공데이터,지역별 농업경영정보 등록 현황 정보,"농림축산식품부에서 제공하는 농업경영체에 대한 정보로 지자체별 등록된 농업경영체 수의 통계 정보(성별, 외국인 구분)를 제공합니다.",https://data.mafra.go.kr/opendata/data/indexOpenDataDetail.do?data_id=20251114000000002918,농림수산식품교육문화정보원,OpenAPI product
KADX 농식품 공공데이터,유기질비료지원_시비량 현황정보,농림축산식품부에서는 유기질비료지원_시비량 현황정보를 제공합니다.,https://data.mafra.go.kr/opendata/data/indexOpenDataDetail.do?data_id=20251114000000002885,농림수산식품교육문화정보원,OpenAPI product
KADX 농식품 공공데이터,주요시설설치계획,"농림축산식품부에서 제공하는 주요 시설 설치 정보에 대한 데이터로 사업연도, 시설명, 단가 등의 통계 정보를 제공합니다",https://data.mafra.go.kr/opendata/data/indexOpenDataDetail.do?data_id=20251114000000002917,농림수산식품교육문화정보원,OpenAPI product
KADX 농식품 공공데이터,지원사업 정산 정보,농림축산식품부에서는 지원사업 정산 정보를 제공합니다.,https://data.mafra.go.kr/opendata/data/indexOpenDataDetail.do?data_id=20251114000000002925,농림수산식품교육문화정보원,OpenAPI product
KADX 농식품 공공데이터,지원사업 후계농 인증 정보,"농림축산식품부에서 제공하는 후계농업인 인증정보로 후계농업인의 품목, 면적 등의 데이터를 제공합니다",https://data.mafra.go.kr/opendata/data/indexOpenDataDetail.do?data_id=20251114000000002926,농림수산식품교육문화정보원,OpenAPI product
KADX 농식품 공공데이터,지원사업_신청_경영이양_사후관리_승인,"농림축산식품부에서 제공하는 경영이양 지원사업 신청 정보에 대한 데이터로 신청일련번호, 승인일련번호, 승인일시 등의 통계 정보를 제공합니다",https://data.mafra.go.kr/opendata/data/indexOpenDataDetail.do?data_id=20251114000000002927,농림수산식품교육문화정보원,OpenAPI product
KADX 농식품 공공데이터,지원사업_신청_경영이양_사후관리_약정,"농림축산식품부에서 제공하는 경영이양 사후관리 정보에 대한 데이터로 약정 회차, 금액 등의 통계 정보를 제공합니다",https://data.mafra.go.kr/opendata/data/indexOpenDataDetail.do?data_id=20251114000000002928,농림수산식품교육문화정보원,OpenAPI product
KADX 농식품 공공데이터,지원사업_신청_과수고품질_세부사업,"농림축산식품부에서 제공하는 과수고품질 지원사업 신청 정보에 대한 데이터로 사업년도, 신청금액 등의 정보를 제공합니다.",https://data.mafra.go.kr/opendata/data/indexOpenDataDetail.do?data_id=20251114000000002929,농림수산식품교육문화정보원,OpenAPI product
KADX 농식품 공공데이터,지원사업_신청농지_피해보전 정보,농림축산식품부에서는 지원사업_신청농지_피해보전 정보를 제공합니다.,https://data.mafra.go.kr/opendata/data/indexOpenDataDetail.do?data_id=20251114000000002930,농림수산식품교육문화정보원,OpenAPI product
KADX 농식품 공공데이터,지원사업_품목 정보,농림축산식품부에서는 지원사업_품목 정보를 제공합니다.,https://data.mafra.go.kr/opendata/data/indexOpenDataDetail.do?data_id=20251114000000002931,농림수산식품교육문화정보원,OpenAPI product
KADX 농식품 공공데이터,지원사업_환수 정보,농림축산식품부에서는 지원사업_환수 정보를 제공합니다.,https://data.mafra.go.kr/opendata/data/indexOpenDataDetail.do?data_id=20251114000000002932,농림수산식품교육문화정보원,OpenAPI product
KADX 농식품 공공데이터,지원사업공급토양결과정보,농림축산식품부에서는 지원사업공급토양결과정보를 제공합니다.,https://data.mafra.go.kr/opendata/data/indexOpenDataDetail.do?data_id=20251114000000002933,농림수산식품교육문화정보원,OpenAPI product
KADX 농식품 공공데이터,지자체별 가축사육업 신청,"농림축산식품부에서 제공하는 가축사육업에 관련된 정보로 지자체별 연도별 접수된 품종, 생산 시설 수 등의 정보를 제공합니다",https://data.mafra.go.kr/opendata/data/indexOpenDataDetail.do?data_id=20251114000000002934,농림수산식품교육문화정보원,OpenAPI product
KADX 농식품 공공데이터,지자체별 안전재해보험 가입 현황,"농림축산식품부 안전재해 보험가입정보에 대한 계약자수, 국고 지원 금액 합, 총 보험료 합, 시도_지원_금액 합계 등에 대한 정보로 일부 기관, 특정시기(2016년)에 대한 데이터",https://data.mafra.go.kr/opendata/data/indexOpenDataDetail.do?data_id=20251114000000002935,농림수산식품교육문화정보원,OpenAPI product
KADX 농식품 공공데이터,진입평가항목및결과정보,"농림축산식품부에서는 진입평가항목및결과정보를 제공합니다. 본 정보 제공 데이터는 적용년도, 상위항목아이디, 항목아이디, 순서, 항목명, 항목값, 단위, 기준값, 충족기준, 항목설명, 충족여부, 항목실사값등의 정보를 포함하고 있습니다.",https://data.mafra.go.kr/opendata/data/indexOpenDataDetail.do?data_id=20251114000000002936,농림수산식품교육문화정보원,OpenAPI product
KADX 농식품 공공데이터,채소류 주산지단지 통계정보,농림축산식품부에서는 채소류 주산지단지 통계정보를 제공합니다.,https://data.mafra.go.kr/opendata/data/indexOpenDataDetail.do?data_id=20251114000000002937,농림수산식품교육문화정보원,OpenAPI product
KADX 농식품 공공데이터,청년 창업형 후계농업경영인 신청정보,농림축산식품부에서는 청년 창업형 후계농업경영인 신청정보를 제공합니다.,https://data.mafra.go.kr/opendata/data/indexOpenDataDetail.do?data_id=20251114000000002938,농림수산식품교육문화정보원,OpenAPI product
KADX 농식품 공공데이터,청년창업농 가축사육시설 명세 월별내역 정보,농림축산식품부에서는 청년창업농 가축사육시설 명세 월별내역 정보를 제공합니다.,https://data.mafra.go.kr/opendata/data/indexOpenDataDetail.do?data_id=20251114000000002939,농림수산식품교육문화정보원,OpenAPI product
KADX 농식품 공공데이터,청년창업농 농지시설 월별내역 정보,농림축산식품부에서는 청년창업농 농지시설 월별내역 정보를 제공합니다.,https://data.mafra.go.kr/opendata/data/indexOpenDataDetail.do?data_id=20251114000000002940,농림수산식품교육문화정보원,OpenAPI product
KADX 농식품 공공데이터,청년창업농조회용경영체재배품목내역 월별이력정보,"농림축산식품부에서 제공하는 청년창업농조회용경영체재배품목내역 월별이력정보로 농지일련번호,품목일련번호,노지재배면적,시설종류등의 정보를 포함하여 제공합니다.",https://data.mafra.go.kr/opendata/data/indexOpenDataDetail.do?data_id=20251114000000002941,농림수산식품교육문화정보원,OpenAPI product
KADX 농식품 공공데이터,축사 사육시설내역정보,농림축산식품부에서는 축사 사육시설내역정보를 제공합니다.,https://data.mafra.go.kr/opendata/data/indexOpenDataDetail.do?data_id=20251114000000002942,농림수산식품교육문화정보원,OpenAPI product
KADX 농식품 공공데이터,촌대학생학자금 학자금 융자 지원 정보,"농림축산식품부에서는 농촌대학생학자금 학자금 융자 지원정보를 제공합니다. 본 정보 제공 데이터는 사업년도, 지원일련번호, 농업경영체일련번호, 기준일자, 실행일자, 대출년도, 대출학기, 대출신청차수, 대출금액등의 정보를 포함하고 있습니다.",https://data.mafra.go.kr/opendata/data/indexOpenDataDetail.do?data_id=20251113000000002826,농림수산식품교육문화정보원,OpenAPI product
KADX 농식품 공공데이터,과실전문단지 지원사업신청 주요품목 정보,"농림축산식품부에서는 과실전문단지 지원사업신청 주요품목 정보를 제공합니다. 본 정보 제공 데이터는 사업년도, 농림사업명, 신청일련번호, 사업지구명, 위탁여부, 지시면적등의 정보를 포함하고 있습니다.",https://data.mafra.go.kr/opendata/data/indexOpenDataDetail.do?data_id=20251113000000002793,농림수산식품교육문화정보원,OpenAPI product
KADX 농식품 공공데이터,과실전문생산단지기반조성사업 현황정보,"농림축산식품부에서 제공하는 과실전문생산단지기반조성사업 현황정보로 년도, 년차, 시도명, 시군구명, 지구명, 지원면적, 지원액, 총사업비, 수출단지지정여부등의 정보를 제공합니다.",https://data.mafra.go.kr/opendata/data/indexOpenDataDetail.do?data_id=20251113000000002794,농림수산식품교육문화정보원,OpenAPI product
KADX 농식품 공공데이터,교육실적관리정보,"농림축산식품부에서는 교육실적관리정보를 제공합니다. 본 정보 제공 데이터는 사업년도, 신청분기, 신청일련번호, 교육실적일련번호, 교육실적구분, 교육실적명, 교육시간, 발급기관, 비고, 승인구분, 교육인정시간등의 정보를 포함하고 있습니다.",https://data.mafra.go.kr/opendata/data/indexOpenDataDetail.do?data_id=20251113000000002795,농림수산식품교육문화정보원,OpenAPI product
KADX 농식품 공공데이터,교육포털연계이수내역정보,"농림축산식품부에서는 교육실적관리정보를 제공합니다. 본 정보 제공 데이터는 사업년도, 신청분기, 신청일련번호, 교육실적일련번호, 교육실적구분, 교육실적명, 교육시간, 발급기관, 비고, 승인구분, 교육인정시간등의 정보를 포함하고 있습니다.",https://data.mafra.go.kr/opendata/data/indexOpenDataDetail.do?data_id=20251113000000002796,농림수산식품교육문화정보원,OpenAPI product
KADX 농식품 공공데이터,교육훈련과정 및 교육불참불이익정보,"농림축산식품부에서는 교육훈련과정 및 교육불참불이익정보를 제공합니다. 본 정보 제공 데이터는 등록번호, 일련번호, 교육구분, 교육내용, 교육방식, 교육시간, 비용부담, 교육내용불이익, 불이익상세등의 정보를 포함하고 있습니다.",https://data.mafra.go.kr/opendata/data/indexOpenDataDetail.do?data_id=20251113000000002797,농림수산식품교육문화정보원,OpenAPI product
KADX 농식품 공공데이터,귀농창업주택구입관리정보,"농림축산식품부에서는 귀농창업주택구입관리정보를 제공합니다. 본 정보 제공 데이터는 선정년도, 관리일련번호, 관리상태, 수도작금액, 원예금액, 과수금액, 특작금액, 경종기타금액, 한우금액, 낙농금액, 양돈금액등의 정보를 포함하고 있습니다.",https://data.mafra.go.kr/opendata/data/indexOpenDataDetail.do?data_id=20251113000000002798,농림수산식품교육문화정보원,OpenAPI product
KADX 농식품 공공데이터,년도별계약농가수정보,"농림축산식품부에서는 년도별계약농가수정보를 제공합니다. 본 정보 제공 데이터는 년도, 등록번호, 일련번호, 가축구분, 지역구분, 당해계약농가수, 전년계약농가수, 전전년계약농가수등의 정보를 포함하고 있습니다.",https://data.mafra.go.kr/opendata/data/indexOpenDataDetail.do?data_id=20251113000000002799,농림수산식품교육문화정보원,OpenAPI product
KADX 농식품 공공데이터,농가협의회현황정보,"농림축산식품부에서는 농가협의회현황정보를 제공합니다. 본 정보 제공 데이터는 년도, 등록번호, 일련번호, 축종, 이름, 직위, 임기, 역할, 등록일자, 기준일자, 안건, 협의일자, 지출구분, 세부내용, 비고등의 정보를 포함하고 있습니다.",https://data.mafra.go.kr/opendata/data/indexOpenDataDetail.do?data_id=20251113000000002800,농림수산식품교육문화정보원,OpenAPI product
KADX 농식품 공공데이터,농기계사고현황정보,"농림축산식품부에서는 농기계사고현황정보를 제공합니다. 본 정보 제공 데이터는 보험사분류, 시도명, 시군구명, 대물가입금액, 대인가입금액, 본인차량가입금액, 본인손해가입금액, 보험가입합계금액, 보험시작일자등의 정보를 포함하고 있습니다.",https://data.mafra.go.kr/opendata/data/indexOpenDataDetail.do?data_id=20251113000000002801,농림수산식품교육문화정보원,OpenAPI product
KADX 농식품 공공데이터,농기계코드,"농림축산식품부 농기계코드 정보로 사업_년도, 동력_구분_코드, 종류_코드, 부속_구분, 부속_상세_구분_코드, 농기계_명 등에 정보 데이터를 제공",https://data.mafra.go.kr/opendata/data/indexOpenDataDetail.do?data_id=20251113000000002802,농림수산식품교육문화정보원,OpenAPI product
KADX 농식품 공공데이터,농림부 사업내역정보,"농림축산식품부에서는 농림부 사업내역정보를 제공합니다. 본 정보 제공 데이터는 내역사업년도, 내역사업명, 실국, 사업과, 등록일자, 마감여부, 사업별관심분야, 사업별신청자격종류, 사업별지원자금종류부등의 정보를 포함하고 있습니다.",https://data.mafra.go.kr/opendata/data/indexOpenDataDetail.do?data_id=20251113000000002803,농림수산식품교육문화정보원,OpenAPI product
KADX 농식품 공공데이터,농림사업 경영이양 사업일정 및 지급기준정보,"농림축산식품부에서는 농림사업 경영이양 사업일정 및 지급기준정보를 제공합니다. 본 정보 제공 데이터는 사업년도, 농림사업명, 지급기준일련번호, 사업차수, 개인신청최대수량, 개인신청최소수량등의 정보를 포함하고 있습니다.",https://data.mafra.go.kr/opendata/data/indexOpenDataDetail.do?data_id=20251113000000002804,농림수산식품교육문화정보원,OpenAPI product
KADX 농식품 공공데이터,농림사업 유기질비료 사업일정 및 지급기준정보,"농림축산식품부에서는 농림사업 유기질비료 사업일정 및 지급기준정보를 제공합니다. 본 정보 제공 데이터는 사업년도, 농림사업명, 지급기준일련번호, 사업차수, 개인신청최대수량, 개인신청최소수량등의 정보를 포함하고 있습니다.",https://data.mafra.go.kr/opendata/data/indexOpenDataDetail.do?data_id=20251113000000002805,농림수산식품교육문화정보원,OpenAPI product
KADX 농식품 공공데이터,농림사업 지급기준 밭쌀조건불리정보,"농림축산식품부에서는 농림사업 지급기준 밭쌀조건불리정보를 제공합니다. 본 정보 제공 데이터는 사업년도, 농림사업명, 지급기준일련번호, 개인신청최대수량, 개인신청최소수량, 법인신청최대수량등의 정보를 포함하고 있습니다.",https://data.mafra.go.kr/opendata/data/indexOpenDataDetail.do?data_id=20251113000000002806,농림수산식품교육문화정보원,OpenAPI product
KADX 농식품 공공데이터,농림사업 지급기준 조사료정보,"농림축산식품부에서는 농림사업 지급기준 조사료정보를 제공합니다. 본 정보 제공 데이터는 사업년도, 농림사업명, 지급기준일련번호, 조사료등급, 제조비자부담비율, 건초사일리지가중치, 제조비지원톤금등의 정보를 포함하고 있습니다.",https://data.mafra.go.kr/opendata/data/indexOpenDataDetail.do?data_id=20251113000000002807,농림수산식품교육문화정보원,OpenAPI product
KADX 농식품 공공데이터,농림사업 지급기준 토양정보,"농림축산식품부에서는 농림사업 지급기준 토양정보를 제공합니다. 본 정보 제공 데이터는 사업년도, 농림사업명, 지급기준일련번호, 공급년도, 비종분류, 비종, 비종단가, 기준일자등의 정보를 포함하고 있습니다.",https://data.mafra.go.kr/opendata/data/indexOpenDataDetail.do?data_id=20251113000000002808,농림수산식품교육문화정보원,OpenAPI product
KADX 농식품 공공데이터,농림사업 진행,농림축산식품부 보조사업 관련 지자체별 진행 정보 입니다,https://data.mafra.go.kr/opendata/data/indexOpenDataDetail.do?data_id=20251113000000002809,농림수산식품교육문화정보원,OpenAPI product
KADX 농식품 공공데이터,농림사업 진행 품목 정보,"농림축산식품부에서는 농림사업 진행 품목 정보를 제공합니다. 본 정보 제공 데이터는 사업년도, 농림사업명, 진행일련번호, 변경분류, 품목분류, 품목, 품목차수등의 정보를 포함하고 있습니다.",https://data.mafra.go.kr/opendata/data/indexOpenDataDetail.do?data_id=20251113000000002810,농림수산식품교육문화정보원,OpenAPI product
KADX 농식품 공공데이터,농림사업관련정보,"농림축산식품부에서 제공하는 농식품부지원사업관련정보로 사업년도, 농림사업명, 신청일련번호, 신청농지일련번호, 부당대상자일련번호, 부당농지일련번호, 위반유형, 부당사유, 등록제한시작년도, 등록제한종료년도등의 정보를 제공합니다.",https://data.mafra.go.kr/opendata/data/indexOpenDataDetail.do?data_id=20251113000000002811,농림수산식품교육문화정보원,OpenAPI product
KADX 농식품 공공데이터,농림사업업체별개수정보,농림축산식품부 농림사업업체 연도별 업체 개수 정보에 대한 데이터로 연도별 업체 개수에 대한 정보 데이터를 제공합니다,https://data.mafra.go.kr/opendata/data/indexOpenDataDetail.do?data_id=20251113000000002812,농림수산식품교육문화정보원,OpenAPI product
KADX 농식품 공공데이터,농림사업정보공개열람사유정보,"농림축산식품부에서는 농림사업정보공개열람사유정보를 제공합니다. 본 정보 제공 데이터는 사업년도, 농림사업명, 사유일련번호, 열람목적, 쌀공개진행상태, 사유등의 정보를 포함하고 있습니다.",https://data.mafra.go.kr/opendata/data/indexOpenDataDetail.do?data_id=20251113000000002813,농림수산식품교육문화정보원,OpenAPI product
KADX 농식품 공공데이터,농식품부지원사업관련정보,"농림축산식품부에서 제공하는 농식품부지원사업관련정보로 대량검증,지원금한도관리,대량검증관리,농지면적,지원사업배정,부당농지,비료품질,신청농지,신청자금,정산차수,지급금액여부 등의 정보를 포함하여 제공합니다.",https://data.mafra.go.kr/opendata/data/indexOpenDataDetail.do?data_id=20251113000000002814,농림수산식품교육문화정보원,OpenAPI product
KADX 농식품 공공데이터,농업경영체 가축등록 정보 현황,"농림축산식품부에서 제공하는 농업경영체 가축등록현황정보로 농가별 등록된 가축등록마리 수, 출하 수 등의 정보를 제공합니다",https://data.mafra.go.kr/opendata/data/indexOpenDataDetail.do?data_id=20251113000000002815,농림수산식품교육문화정보원,OpenAPI product
KADX 농식품 공공데이터,농업경영컨설팅지원사업 현황정보,"농림축산식품부에서는 농업경영컨설팅지원사업 현황정보를 제공합니다. 본 정보 제공 데이터는 년도, 시도명, 신청사업비, 전체신청수, 전체확정수, 개별신청수, 개별확정수, 법인신청수, 법인확정수, 조직신청수등의 정보를 포함하고 있습니다.",https://data.mafra.go.kr/opendata/data/indexOpenDataDetail.do?data_id=20251113000000002816,농림수산식품교육문화정보원,OpenAPI product
KADX 농식품 공공데이터,농업법인실태조사대상 및 위반사항정보,"농림축산식품부에서는 농업법인실태조사대상 및 위반사항정보를 제공합니다. 본 정보 제공 데이터는 선정년도, 법인관리일련번호, 선정일시, 조사상태, 조사상태일시, 위반순번, 위반사유, 위반확인일자, 후속조치등의 정보를 포함하고 있습니다.",https://data.mafra.go.kr/opendata/data/indexOpenDataDetail.do?data_id=20251113000000002817,농림수산식품교육문화정보원,OpenAPI product
KADX 농식품 공공데이터,농업인 자산부채 상세,"농림축산식품부에서 제공하는 특정 농업인(약 600명)에 대한 자산, 부채에 대한 정보를 제공합니다",https://data.mafra.go.kr/opendata/data/indexOpenDataDetail.do?data_id=20251113000000002818,농림수산식품교육문화정보원,OpenAPI product
KADX 농식품 공공데이터,농업재해대책품목별지원지수정보,"농림축산식품부에서는 농업재해대책품목별지원지수정보를 제공합니다. 본 정보 제공 데이터는 사업년도, 기관명, 품목대분류, 품목중분류, 품목소분류, 규격명, 지급단위, 단가, 지원기준지수, 정렬순서등의 정보를 포함하고 있습니다.",https://data.mafra.go.kr/opendata/data/indexOpenDataDetail.do?data_id=20251113000000002819,농림수산식품교육문화정보원,OpenAPI product
KADX 농식품 공공데이터,농업재해정보,"농림축산식품부에서는 농업재해정보를 제공합니다. 본 정보 제공 데이터는 사업년도, 재해일련번호, 재해명, 재해시작일자, 재해종료일자, 재해종류, 사용상태여부등의 정보를 포함하고 있습니다.",https://data.mafra.go.kr/opendata/data/indexOpenDataDetail.do?data_id=20251113000000002820,농림수산식품교육문화정보원,OpenAPI product
KADX 농식품 공공데이터,농작물재해_손해_사정 현황정보,"농림축산식품부에서는 농작물재해_손해_사정 현황정보를 제공합니다. 본 정보 제공 데이터는 보험회사, 사업년도, 시도명, 보험품목, 성별유형, 나이, 직업명, 활동일련번호, 농지과수원번호, 농지하우스번호등의 정보를 포함하고 있습니다.",https://data.mafra.go.kr/opendata/data/indexOpenDataDetail.do?data_id=20251113000000002821,농림수산식품교육문화정보원,OpenAPI product
KADX 농식품 공공데이터,농지 상세 명세,농림축산식품부에서 제공하는 농지에 대한 정보로 특정 농업인이 입력한 농지면적들에 대한 데이터를 제공합니다,https://data.mafra.go.kr/opendata/data/indexOpenDataDetail.do?data_id=20251113000000002822,농림수산식품교육문화정보원,OpenAPI product
KADX 농식품 공공데이터,농지규모영농계획정보,"농림축산식품부에서는 농지규모영농계획정보를 제공합니다. 본 정보 제공 데이터는 사업년도, 신청일련번호, 신청규모일련번호, 농지구분, 소유임차구분, 현재면적, 면적1년차, 면적2년차, 면적3년차, 면적4년차등의 정보를 포함하고 있습니다.",https://data.mafra.go.kr/opendata/data/indexOpenDataDetail.do?data_id=20251113000000002823,농림수산식품교육문화정보원,OpenAPI product
KADX 농식품 공공데이터,농지정보 이행점검조사정보,농림축산식품부에서는 농지정보 이행점검조사정보를 제공합니다.,https://data.mafra.go.kr/opendata/data/indexOpenDataDetail.do?data_id=20251113000000002824,농림수산식품교육문화정보원,OpenAPI product
KADX 농식품 공공데이터,농촌대학생 학자금 융자,"농림축산식품부 농촌 대학생 학자금 융자 확인 정보로서 대출자의 태어난 연도, 대출연도 정보를 제공합니다",https://data.mafra.go.kr/opendata/data/indexOpenDataDetail.do?data_id=20251113000000002825,농림수산식품교육문화정보원,OpenAPI product
KADX 농식품 공공데이터,독림가선정및임업후계자선발정보,"농림축산식품부에서는 독림가선정및임업후계자선발정보를 제공합니다. 본 정보 제공 데이터는 선정연도, 경영체일련번호, 선정일련번호, 선정번호, 선정종류, 선정품목, 선정기관등의 정보를 포함하고 있습니다.",https://data.mafra.go.kr/opendata/data/indexOpenDataDetail.do?data_id=20251113000000002827,농림수산식품교육문화정보원,OpenAPI product
KADX 농식품 공공데이터,밭직불정보공개열람사유정보,"농림축산식품부에서는 밭직불정보공개열람사유정보를 제공합니다. 본 정보 제공 데이터는 사업년도, 신청절기구분코드, 순번, 열람목적, 공개진행상태등의 정보를 포함하고 있습니다.",https://data.mafra.go.kr/opendata/data/indexOpenDataDetail.do?data_id=20251113000000002828,농림수산식품교육문화정보원,OpenAPI product
KADX 농식품 공공데이터,배합사료 생산실적정보,농림축산식품부에서는 배합사료 생산실적정보를 제공합니다. 본 제공자료는 년도별 월별 축종에 대한 배합사료 생산 실적 등의 정보를 포함하고 있습니다.,https://data.mafra.go.kr/opendata/data/indexOpenDataDetail.do?data_id=20251113000000002829,농림수산식품교육문화정보원,OpenAPI product
KADX 농식품 공공데이터,법인신청정보,"농림축산식품부에서 제공하는 법인신청정보로,법인명,법인코드,사업년도,사업자등록번호,대표자,조직형태,설립일자,상시근로자수,평균매출액등의 정보를 제공합니다.",https://data.mafra.go.kr/opendata/data/indexOpenDataDetail.do?data_id=20251113000000002830,농림수산식품교육문화정보원,OpenAPI product
KADX 농식품 공공데이터,법인조합원등기이사명세정보,"농림축산식품부에서는 법인조합원등기이사명세정보를 제공합니다. 본 정보 제공 데이터는 경영체일련번호, 경영체명, 설립년도, 법인형태구분, 마을법인여부, 내외국인구분, 조합원개인출자자수등의 정보를 포함하고 있습니다.",https://data.mafra.go.kr/opendata/data/indexOpenDataDetail.do?data_id=20251113000000002831,농림수산식품교육문화정보원,OpenAPI product
KADX 농식품 공공데이터,벼매입실적및 변경사항 정보,"농림축산식품부에서 제공하는 벼매입실적 및 변경사항 정보로 기준년도,RPC코드,매입물량,일반물량,일반수탁물량,공매물량,하반기물량,연초물량,변경일자등의 정보를 제공합니다.",https://data.mafra.go.kr/opendata/data/indexOpenDataDetail.do?data_id=20251113000000002832,농림수산식품교육문화정보원,OpenAPI product
KADX 농식품 공공데이터,보조금 수령자_보조금 집행액,"2010년부터 14년까지 면적별로 등록된 보조금 수령인원, 보조금 집행액에 대한 정보로 연도별 추이에 대한 정보 데이터를 제공",https://data.mafra.go.kr/opendata/data/indexOpenDataDetail.do?data_id=20251113000000002833,농림수산식품교육문화정보원,OpenAPI product
KADX 농식품 공공데이터,보조사업 도로명 주소코드 정보,"농림축산식품부에서 제공하는 도로명주소코드 정보에 대한 데이터로 시군구코드, 도로명 번호, 읍면동 일련번호 등의 정보를 제공합니다.",https://data.mafra.go.kr/opendata/data/indexOpenDataDetail.do?data_id=20251113000000002834,농림수산식품교육문화정보원,OpenAPI product
KADX 농식품 공공데이터,보조사업 신청 접수 정보,"농림축산식품부의 보조사업 신청 접수 정보로서 접수일자, 지자체 기관코드, 신청번호 등이 포함한 데이터를 제공합니다",https://data.mafra.go.kr/opendata/data/indexOpenDataDetail.do?data_id=20251113000000002835,농림수산식품교육문화정보원,OpenAPI product
KADX 농식품 공공데이터,비료품질 사업 내 수입 비료물량,"농림축산식품부 비료품질 보조사업 관련 데이터로 수입산 비료 입고 현황(HS코드명, 도착일, 도착항, 물량)에 대한 정보를 제공합니다",https://data.mafra.go.kr/opendata/data/indexOpenDataDetail.do?data_id=20251113000000002836,농림수산식품교육문화정보원,OpenAPI product
KADX 농식품 공공데이터,비료품질 시험 연구기관정보,"농림축산식품부에서는 비료품질 시험 연구기관정보를 제공합니다. 본 정보 제공 데이터는 시험연구기관일련번호, 지정일자, 지정번호, 기관명, 대표자명, 지정여부, 국가지정여부등의 정보를 포함하고 있습니다.",https://data.mafra.go.kr/opendata/data/indexOpenDataDetail.do?data_id=20251113000000002837,농림수산식품교육문화정보원,OpenAPI product
KADX 농식품 공공데이터,비료품질 지원사업 단속 내역정보,"농림축산식품부에서는 비료품질 지원사업 단속 내역정보를 제공합니다. 본 정보 제공 데이터는 농림사업명, 단속일련번호, 관할기관, 관할하부기관, 부적합대분류구분, 부적합소분류구분, 기준값, 분석결과, 초과율역등의 정보를 포함하고 있습니다.",https://data.mafra.go.kr/opendata/data/indexOpenDataDetail.do?data_id=20251113000000002838,농림수산식품교육문화정보원,OpenAPI product
KADX 농식품 공공데이터,비료품질 지원사업 수입실적,"농림축산식품부에서는 비료품질 지원사업 수입실적정보를 제공합니다.본 정보 제공 데이터는 사업년도, 업체일련번호, 생산수입구분, 비료종류, 수입국가, 수입국가일련번호, 상반기수입건수, 하반기수입건수등의 정보를 포함하고 있습니다.",https://data.mafra.go.kr/opendata/data/indexOpenDataDetail.do?data_id=20251113000000002839,농림수산식품교육문화정보원,OpenAPI product
KADX 농식품 공공데이터,비료품질 지원사업 자체 출하내역 정보,"농림축산식품부에서는 비료품질 지원사업 자체 출하내역정보를 제공합니다. 본 정보 제공 데이터는 농림사업명, 출하일련번호, 업체일련번호, 비료종류, 상표명, 판정기계형식, 비고, 생산일자, 검사일자등의 정보를 포함하고 있습니다.",https://data.mafra.go.kr/opendata/data/indexOpenDataDetail.do?data_id=20251113000000002840,농림수산식품교육문화정보원,OpenAPI product
KADX 농식품 공공데이터,비료품질 포장판매등록 정보,농림축산식품부에서 제공하는 비료품질 보조사업에 등록된 업체별 포장판매등록 정보에 대한 정보를 제공합니다.,https://data.mafra.go.kr/opendata/data/indexOpenDataDetail.do?data_id=20251113000000002841,농림수산식품교육문화정보원,OpenAPI product
KADX 농식품 공공데이터,비포장비료 판매유통공급사용 사전신고 정보,"농림축산식품부에서는 비포장비료 판매유통공급사용 사전신고정보를 제공합니다. 본 정보 제공 데이터는 비포장일련번호, 업체일련번호, 접수일자, 접수번호, 비료제품일련번호, 생산수입구분, 비료종류등의 정보를 포함하고 있습니다.",https://data.mafra.go.kr/opendata/data/indexOpenDataDetail.do?data_id=20251113000000002842,농림수산식품교육문화정보원,OpenAPI product
KADX 농식품 공공데이터,사료 정보 코드,농림축산식품부에서 제공하는 농림사업정보시스템 사료 정보 코드에 대한 데이터로 사료코드 및 사료코드명 정보를 제공합니다.,https://data.mafra.go.kr/opendata/data/indexOpenDataDetail.do?data_id=20251113000000002843,농림수산식품교육문화정보원,OpenAPI product
KADX 농식품 공공데이터,사업년도별귀농창업주택구입관리주요사업정보,"농림축산식품부에서는 사업년도별귀농창업주택구입관리주요사업정보를 제공합니다. 본 정보 제공 데이터는 선정년도, 관리일련번호, 사업년차, 관리년도, 주요사업작목, 영농기반, 경영실적, 농촌생활만족도등의 정보를 포함하고 있습니다.",https://data.mafra.go.kr/opendata/data/indexOpenDataDetail.do?data_id=20251113000000002844,농림수산식품교육문화정보원,OpenAPI product
KADX 농식품 공공데이터,사업물량확보,"농림축산식품부에서 제공하는 사업물량확보에 대한 데이터로 사업연도, 면적, 물량 등의 통계 정보를 제공합니다",https://data.mafra.go.kr/opendata/data/indexOpenDataDetail.do?data_id=20251113000000002845,농림수산식품교육문화정보원,OpenAPI product
KADX 농식품 공공데이터,사업보조금지급정보,"농림축산식품부에서는 사업보조금지급정보를 제공합니다. 본 정보 제공 데이터는 신청번호, 내역사업년도, 지자체사업명, 사업시작년도, 사업종료년도, 검증구분, 개인법인구분, 등록기관, 기본주소, 사용구분등의 정보를 포함하고 있습니다.",https://data.mafra.go.kr/opendata/data/indexOpenDataDetail.do?data_id=20251113000000002846,농림수산식품교육문화정보원,OpenAPI product
KADX 농식품 공공데이터,산림경영계획인가정보,"농림축산식품부에서 제공하는 산림경영계획인가정보로 경영체 신청번호,게획일련번호,계획명칭,계획시작일,계획종료일,계획번호등의 정보를 제공합니다.",https://data.mafra.go.kr/opendata/data/indexOpenDataDetail.do?data_id=20251113000000002847,농림수산식품교육문화정보원,OpenAPI product
KADX 농식품 공공데이터,산지유통 사업비 지원현황 정보,농림축산식품부 산지유통사업비지원현황정보에 대한 데이터로 시설별 보조사업 지원금액을 포함한 데이터를 제공합니다.(2011년 일부),https://data.mafra.go.kr/opendata/data/indexOpenDataDetail.do?data_id=20251113000000002848,농림수산식품교육문화정보원,OpenAPI product
KADX 농식품 공공데이터,산지유통_사업_신청_건축_시설_계획,"농림축산식품부에서 제공하는 시스템 사용기간 연장신청 정보에 대한 데이터로 사업연도, 집하선별장 활용 여부, 저온저장고 활용 여부 등의 통계 정보를 제공합니다",https://data.mafra.go.kr/opendata/data/indexOpenDataDetail.do?data_id=20251113000000002849,농림수산식품교육문화정보원,OpenAPI product
KADX 농식품 공공데이터,산지유통_사업_신청_건축_예산,"농림축산식품부에서 제공하는 산지유통 사업 신청 건축 예산 정보에 대한 데이터로 사업연도, 지원사업 명 등의 통계 정보를 제공합니다",https://data.mafra.go.kr/opendata/data/indexOpenDataDetail.do?data_id=20251113000000002850,농림수산식품교육문화정보원,OpenAPI product
KADX 농식품 공공데이터,산지유통관련정보,"농림축산식품부에서 제공하는 산지유통관련정보로 사업년도, 시설일련번호, 시설종류, 주소, 사용승인일자, 운영상태, 사업신청이관여부, 전년복사여부, 자본금, 영업이익, 취급형태매취비율 등의 정보를 포함하고 있습니다.",https://data.mafra.go.kr/opendata/data/indexOpenDataDetail.do?data_id=20251113000000002851,농림수산식품교육문화정보원,OpenAPI product
KADX 농식품 공공데이터,산지유통시설공통코드정보,"농림축산식품부 산지유통시설공통코드정보에 대한 데이터로 공통_코드, 공통코드_명 정보를 포함한 데이터를 제공",https://data.mafra.go.kr/opendata/data/indexOpenDataDetail.do?data_id=20251113000000002852,농림수산식품교육문화정보원,OpenAPI product
KADX 농식품 공공데이터,생산 공정 원료 이력 정보,농림축산식품부 생산공정 등록 원료 이력 정보에 대한 데이터로 생산공정일련번호별 원료 투입량 데이터를 제공,https://data.mafra.go.kr/opendata/data/indexOpenDataDetail.do?data_id=20251113000000002853,농림수산식품교육문화정보원,OpenAPI product
KADX 농식품 공공데이터,성분별 검정능력 기준 코드,농림축산식품부 성분별 검정능력에 대한 데이터로 각 성분별로 단위와 기준이 담긴 정보를 제공합니다,https://data.mafra.go.kr/opendata/data/indexOpenDataDetail.do?data_id=20251113000000002854,농림수산식품교육문화정보원,OpenAPI product
KADX 농식품 공공데이터,소브루셀라검사관리_MRT_정보,"농림축산식품부에서 제공하는 소브루셀라검사관리_MRT_정보로 사업년도, 농장등록번호, 소브루셀라검사일련번호, 소브루셀라검사상세일련번호, 관할기관, 등의 정보를 제공합니다.",https://data.mafra.go.kr/opendata/data/indexOpenDataDetail.do?data_id=20251113000000002855,농림수산식품교육문화정보원,OpenAPI product
KADX 농식품 공공데이터,소브루셀라검사관리정보,"농림축산식품부에서 제공하는 소브루셀라검사관리정보로 검사관리도태,쇠고기이력시스템,축종통계등 도태일자,검사신청일련번호,사업연도,등록일시,수정일시,개체식별번호,농장버호,출생일자,인공수정개체여부,축종코드,신청수등의 정보를 제공합니다.",https://data.mafra.go.kr/opendata/data/indexOpenDataDetail.do?data_id=20251113000000002856,농림수산식품교육문화정보원,OpenAPI product
KADX 농식품 공공데이터,소브루셀라검사를 위한 이력정보,농림축산식품부 소브루셀라검사 관리를 위한 쇠고기이력시스템에 등록된 정보입니다,https://data.mafra.go.kr/opendata/data/indexOpenDataDetail.do?data_id=20251113000000002857,농림수산식품교육문화정보원,OpenAPI product
KADX 농식품 공공데이터,손익추정 정보,농림축산식품부에서 제공하는 산지유통사업에서 손익추정 정보에 대한 데이터로 사업년도별 업체별 금액 정보를 제공합니다.,https://data.mafra.go.kr/opendata/data/indexOpenDataDetail.do?data_id=20251113000000002858,농림수산식품교육문화정보원,OpenAPI product
KADX 농식품 공공데이터,송아지생산안정신청 및 계약현황정보,"농림축산식품부에서는 송아지생산안정신청 및 계약현황정보를 제공합니다. 본 정보 제공 데이터는 사업년도, 쇠고기이력시스템농장번호, 쇠고기이력시스템농장식별번호, 안정기준가격, 가축두수당부담금등의 정보를 포함하고 있습니다.",https://data.mafra.go.kr/opendata/data/indexOpenDataDetail.do?data_id=20251113000000002859,농림수산식품교육문화정보원,OpenAPI product
KADX 농식품 공공데이터,쇠고기이력 농장정보,"농림축산식품부에서 제공하는 쇠고기이력시스템 농장 정보에 대한 데이터로 농장식별번호, 농장주소, 폐업 규모, 지급대상 등의 정보를 제공합니다",https://data.mafra.go.kr/opendata/data/indexOpenDataDetail.do?data_id=20251113000000002860,농림수산식품교육문화정보원,OpenAPI product
KADX 농식품 공공데이터,쇠고기이력 폐업지원 개체정보,"농림축산식품부에서 제공하는 쇠고기이력시스템 폐업지원 개체 정보에 대한 데이터로 농장등록별 품목, 수정일시, 지급대상 여부 등의 정보를 제공합니다",https://data.mafra.go.kr/opendata/data/indexOpenDataDetail.do?data_id=20251113000000002861,농림수산식품교육문화정보원,OpenAPI product
KADX 농식품 공공데이터,쇠고기이력 피해보전 개체정보,"농림축산식품부에서 제공하는 쇠고기이력시스템 피해보전 개체 정보에 대한 데이터로 농장등록번호, 품목 등의 통계 정보를 제공합니다",https://data.mafra.go.kr/opendata/data/indexOpenDataDetail.do?data_id=20251113000000002862,농림수산식품교육문화정보원,OpenAPI product
KADX 농식품 공공데이터,시군지급단가변경정보,"농림축산식품부에서는 시군지급단가변경정보를 제공합니다. 본 정보 제공 데이터는 사업년도, 농림사업명, 관할기관, 대상물번호, 대상물단가표일련번호, 지급단가등의 정보를 포함하고 있습니다.",https://data.mafra.go.kr/opendata/data/indexOpenDataDetail.do?data_id=20251113000000002863,농림수산식품교육문화정보원,OpenAPI product
KADX 농식품 공공데이터,시설원예품질 농가 농지 정보,"농림축산식품부에서는 시설원예품질 농가 농지 정보를 제공합니다. 본 정보 제공 데이터는 사업년도, 관할기관, 농가명, 농업경영체일련번호, 농지일련번호, 지적분류, 농지본번, 농지부번, 지적지목, 지적면적등의 정보를 포함하고 있습니다.",https://data.mafra.go.kr/opendata/data/indexOpenDataDetail.do?data_id=20251113000000002864,농림수산식품교육문화정보원,OpenAPI product
KADX 농식품 공공데이터,신청인_지원사업_지급내역,"농림축산식품부에서 제공하는 시스템 지원사업 지급내역 정보에 대한 데이터로 사업명, 신청금액 등의 정보를 제공합니다",https://data.mafra.go.kr/opendata/data/indexOpenDataDetail.do?data_id=20251113000000002865,농림수산식품교육문화정보원,OpenAPI product
KADX 농식품 공공데이터,신청인별 직불금 통계정보,"농림축산식품부에서는 신청인별 직불금 통계(2020~)정보를 제공합니다. 본 정보 제공 데이터는 사업년도, 농업경영체일련번호, 신청번호, 신청농지일련번호, 시도명, 시군구명, 읍면동명, 소농여부, 법인여부등의 정보를 포함하고 있습니다.",https://data.mafra.go.kr/opendata/data/indexOpenDataDetail.do?data_id=20251113000000002866,농림수산식품교육문화정보원,OpenAPI product
KADX 농식품 공공데이터,안전재해보험_농기계_변경_현황,농림축산식품부에서 제공하는 농기계 안전재해보험 변경 현황 정보에 대한 데이터로 주요 계약 가입 금액 등의 통계 정보를 제공합니다.,https://data.mafra.go.kr/opendata/data/indexOpenDataDetail.do?data_id=20251113000000002867,농림수산식품교육문화정보원,OpenAPI product
KADX 농식품 공공데이터,안전재해보험_추출_인원_정보,농림축산식품부에서는 안전재해보험_추출_인원_정보를 제공합니다.,https://data.mafra.go.kr/opendata/data/indexOpenDataDetail.do?data_id=20251113000000002868,농림수산식품교육문화정보원,OpenAPI product
KADX 농식품 공공데이터,양봉농가현황정보,"농림축산식품부에서는 양봉농가현황정보를 제공합니다. 본 정보 제공 데이터는 농가일련번호, 고유번호, 관할시도기관, 관할시구기관, 접수번호, 접수일자, 처리기간, 농가구분, 법인일련번호, 서양사육수등의 정보를 포함하고 있습니다.",https://data.mafra.go.kr/opendata/data/indexOpenDataDetail.do?data_id=20251113000000002869,농림수산식품교육문화정보원,OpenAPI product
KADX 농식품 공공데이터,에너지변경신청정보,"농림축산식품부에서 제공하는 에너지변경신청정보로 사업년도,농림사업코드,신청일련번호,변경신청일련번호,변경국비,이전국비,변경분류코드,승인분류코드등의 정보를 제공합니다.",https://data.mafra.go.kr/opendata/data/indexOpenDataDetail.do?data_id=20251113000000002870,농림수산식품교육문화정보원,OpenAPI product
KADX 농식품 공공데이터,영농유형영농계획정보,농림축산식품부에서는 영농유형영농계획정보를 제공합니다.,https://data.mafra.go.kr/opendata/data/indexOpenDataDetail.do?data_id=20251113000000002871,농림수산식품교육문화정보원,OpenAPI product
KADX 농식품 공공데이터,영농자금신청금액정보,"농림축산식품부에서 제공하는 영농자금신청금액정보로 사업연도,신청분기,신청일련번호,신청월,신청금액,확정금액,사용여부,등록일시,수정일시등의 정보를 포함하여 제공합니다.",https://data.mafra.go.kr/opendata/data/indexOpenDataDetail.do?data_id=20251113000000002872,농림수산식품교육문화정보원,OpenAPI product
KADX 농식품 공공데이터,영농자금신청영농정보,"농림축산식품부에서는 영농자금신청영농정보를 제공합니다. 본 정보 제공 데이터는 사업년도, 신청분기, 신청일련번호, 신청상태, 카드검증체크여부, 접수결과확정, 접수결과사유, 접수결과상세사유등의 정보를 포함하고 있습니다.",https://data.mafra.go.kr/opendata/data/indexOpenDataDetail.do?data_id=20251113000000002873,농림수산식품교육문화정보원,OpenAPI product
KADX 농식품 공공데이터,우수후계농 지원사업 선정현황정보,농림축산식품부에서는 우수후계농 지원사업 선정현황정보를 제공합니다.,https://data.mafra.go.kr/opendata/data/indexOpenDataDetail.do?data_id=20251113000000002874,농림수산식품교육문화정보원,OpenAPI product
KADX 농식품 공공데이터,원료재고조정내역 정보,"농림축산식품부에서 제공하는 원료재고조정내역 정보에 대한 데이터로 업체별 원료 구입량, 사용량, 재고량 등의 정보를 제공합니다",https://data.mafra.go.kr/opendata/data/indexOpenDataDetail.do?data_id=20251113000000002875,농림수산식품교육문화정보원,OpenAPI product
KADX 농식품 공공데이터,원료재고현황 정보,"농림축산식품부의 비료품질 보조사업 내 등록된 업체별 원료재고 현황으로 재고량, 총 구입량, 총 사용량 등의 정보를 제공합니다",https://data.mafra.go.kr/opendata/data/indexOpenDataDetail.do?data_id=20251113000000002876,농림수산식품교육문화정보원,OpenAPI product
KADX 농식품 공공데이터,월별 가축 교반 관리 현황,"농림축산식품부_축산 교반관리 현황 사업 정보 데이터로 보조사업에 참여한 월별 축사 수, 가축 두수 합, 미생물살포량 총합 정보를 제공합니다(2021년)",https://data.mafra.go.kr/opendata/data/indexOpenDataDetail.do?data_id=20251113000000002877,농림수산식품교육문화정보원,OpenAPI product
KADX 농식품 공공데이터,유기농업자재 자금 집행 정보,""" 농림축산식품부에서 제공하는 유기농업자재 자금 집행 정보에 대한 데이터로 사업년도별 집행 지방비 시군 금액 등의 통계 정보를 제공""",https://data.mafra.go.kr/opendata/data/indexOpenDataDetail.do?data_id=20251113000000002878,농림수산식품교육문화정보원,OpenAPI product
KADX 농식품 공공데이터,유기농업자재 지원 비율,농림축산식품부에서 제공하는 유기농업자재 지원 비율 정보에 대한 데이터로 사업년도별 시도 보조 비율 등의 정보를 제공,https://data.mafra.go.kr/opendata/data/indexOpenDataDetail.do?data_id=20251113000000002879,농림수산식품교육문화정보원,OpenAPI product
KADX 농식품 공공데이터,유기농업자재 지원사업 현황정보,농림축산식품부에서는 유기농업자재 지원사업 현황정보를 제공합니다.,https://data.mafra.go.kr/opendata/data/indexOpenDataDetail.do?data_id=20251113000000002880,농림수산식품교육문화정보원,OpenAPI product
KADX 농식품 공공데이터,유기농업자재및 유기질 관련 정보,"농림축산식품부에서 제공하는 유기농업자재및 유기질 관련 정보로 유기농업자재사업물량,자금집행내역,지원비율등의 정보와 품목기준,업체비종생산량,제품공급항목,비종선정량,비료지원신청내역,신청일정등을 포함하여 제공합니다.",https://data.mafra.go.kr/opendata/data/indexOpenDataDetail.do?data_id=20251113000000002881,농림수산식품교육문화정보원,OpenAPI product
KADX 농식품 공공데이터,유기질 계약업체정보,농림축산식품부에서는 유기질 계약업체정보를 제공합니다.,https://data.mafra.go.kr/opendata/data/indexOpenDataDetail.do?data_id=20251113000000002882,농림수산식품교육문화정보원,OpenAPI product
KADX 농식품 공공데이터,유기질 비료 신청 공급 정보,"농림축산식품부에서 제공하는 유기질비료 지원 신청 상세 정보로 신청한 규모, 선정 규모, 지급 규모 등의 정보를 제공합니다",https://data.mafra.go.kr/opendata/data/indexOpenDataDetail.do?data_id=20251113000000002883,농림수산식품교육문화정보원,OpenAPI product
KADX 농식품 공공데이터,유기질비료지원 평균 신청 규모정보,농림축산식품부에서는 유기질비료지원 평균 신청 규모정보를 제공합니다.,https://data.mafra.go.kr/opendata/data/indexOpenDataDetail.do?data_id=20251113000000002884,농림수산식품교육문화정보원,OpenAPI product
KADX 농식품 공공데이터,고품질쌀브랜드 신청관련 정보,"농림축산식품부에서 제공하는 고품질쌀브랜드 신청관련 정보로 계약체결,갱신등 일부 정보를 포함하며 계약 체결일,갱신일,사용여부,등록일시,사업연도,관할기관코드등의 정보를 제공합니다.",https://data.mafra.go.kr/opendata/data/indexOpenDataDetail.do?data_id=20251112000000002786,농림수산식품교육문화정보원,OpenAPI product
KADX 농식품 공공데이터,RPC기여도평가 및 실사정보,"농림축산식품부에서는 미곡종합처리장 기여도평가 및 실사정보를 제공합니다. 본 정보 제공 데이터는 미곡종합처리장명, 기준년도, 항목명, 항목설명, 산출값, 평가점수, 실사내용, 수정여부, 실사일자, 기본지표여등의 정보를 포함하고 있습니다.",https://data.mafra.go.kr/opendata/data/indexOpenDataDetail.do?data_id=20251112000000002764,농림수산식품교육문화정보원,OpenAPI product
KADX 농식품 공공데이터,경영체 등록 법인 정보 현황,"농림축산식품부 농업경영정보 법인 정보로 각 지역별 등록된 농업법인, 영농조합법인, 농업회사법인의 수 정보를 나타냅니다",https://data.mafra.go.kr/opendata/data/indexOpenDataDetail.do?data_id=20251112000000002783,농림수산식품교육문화정보원,OpenAPI product
KADX 농식품 공공데이터,거점산지유통정보,"농림축산식품부에서 제공하는 거점산지유통정보로 유통사업비배정 배정시군비,배정시도비,배정진행단계포함 시설설치자금계획,자금집행내역 일부 정보를 제공합니다.",https://data.mafra.go.kr/opendata/data/indexOpenDataDetail.do?data_id=20251112000000002777,농림수산식품교육문화정보원,OpenAPI product
KADX 농식품 공공데이터,공동농업경영체경영정보,"농림축산식품부에서는 공동농업경영체경영정보를 제공합니다. 본 정보 제공 데이터는 공동농업경영체지정번호, 공동농업경영체명, 법인형태, 법인설립년도, 법인주소, 참여농업경영체수, 주요사업생산, 주요사업가공등의 정보를 포함하고 있습니다.",https://data.mafra.go.kr/opendata/data/indexOpenDataDetail.do?data_id=20251112000000002787,농림수산식품교육문화정보원,OpenAPI product
KADX 농식품 공공데이터,계약재배(노지채소)현황정보,"농림축산식품부에서 제공하는 계약재배(노지채소)현황정보로 연도, 시도, 시군, 읍면동, 사업방식, 품목, 신청농가수, 신청물량, 신청면적, 신청금액, 약정농가수, 약정물량, 약정면적, 약정금액, 출하물량, 출하금액등의 정보를 제공합니다.",https://data.mafra.go.kr/opendata/data/indexOpenDataDetail.do?data_id=20251112000000002785,농림수산식품교육문화정보원,OpenAPI product
KADX 농식품 공공데이터,과수실태 품종 및 부대시설현황정보,"농림축산식품부에서는 과수실태 품종 및 부대시설현황정보를 제공합니다.본 정보 제공 데이터는 사업년도, 경영체일련번호, 과수재배경력, 잠금여부, 품목종류, 보유동수, 바닥면적, 시설순번등의 정보 를 포함하고 있습니다.",https://data.mafra.go.kr/opendata/data/indexOpenDataDetail.do?data_id=20251112000000002792,농림수산식품교육문화정보원,OpenAPI product
KADX 농식품 공공데이터,공통코드 정보,"농림축산식품부 농림사업정보시스템에서 제공하는 공통코드 정보에 대한 데이터로 그루보드명, 상세코드명 연계코드 등의 정보를 제공합니다.",https://data.mafra.go.kr/opendata/data/indexOpenDataDetail.do?data_id=20251112000000002791,농림수산식품교육문화정보원,OpenAPI product
KADX 농식품 공공데이터,공익형농업인법인지급면적관리정보,"농림축산식품부에서는 공익형농업인법인지급면적관리정보를 제공합니다. 본 정보 제공 데이터는 사업년도, 경영체구성원일련번호, 구분, 경영체구성원이름, 지급횟수합, 지급면적합, 법인여부등의 정보를 포함하고 있습니다.",https://data.mafra.go.kr/opendata/data/indexOpenDataDetail.do?data_id=20251112000000002790,농림수산식품교육문화정보원,OpenAPI product
KADX 농식품 공공데이터,공익직불신청관련정보,"농림축산식품부에서는 공익직불신청관련정보를 제공합니다. 본 정보 제공 데이터는 신청번호, 접수년도, 등록구분, 공동접수구분, 농관원접수구분, 지자체접수구분, 앱등록시분초, 신청여부, 선택형신청여부등의 정보를 포함하고 있습니다.",https://data.mafra.go.kr/opendata/data/indexOpenDataDetail.do?data_id=20251112000000002789,농림수산식품교육문화정보원,OpenAPI product
KADX 농식품 공공데이터,거점산지유통 시설설치자금계획,농림축산식품부에서 제공하는 거점산지유통사업의 시설 설치 자금 계획 정보를 제공합니다,https://data.mafra.go.kr/opendata/data/indexOpenDataDetail.do?data_id=20251112000000002776,농림수산식품교육문화정보원,OpenAPI product
KADX 농식품 공공데이터,개인별 지원사업 신청 정보,"농림축산식품부 인삼경작 관련된 신청정보로 관할 하부 기관 코드, 지역명, 우편번호, 신청일자 등의 정보가 포함되어 있습니다",https://data.mafra.go.kr/opendata/data/indexOpenDataDetail.do?data_id=20251112000000002775,농림수산식품교육문화정보원,OpenAPI product
KADX 농식품 공공데이터,가축사육업에 등록된 지번 합계,농림축산식품부에서 제공하는 농림사업정보시스템 내에 등록된 가축사육업 보조사업을 신청한 특정 시도의 지번 수를 제공,https://data.mafra.go.kr/opendata/data/indexOpenDataDetail.do?data_id=20251112000000002774,농림수산식품교육문화정보원,OpenAPI product
KADX 농식품 공공데이터,가축사육업관리대장 정보,농림축산식품부에서 제공하는 가축사육업관리대장 정보에 대한 데이터로 지자체별 등록된 축산 시설면적의 통계 정보를 제공합니다.,https://data.mafra.go.kr/opendata/data/indexOpenDataDetail.do?data_id=20251112000000002773,농림수산식품교육문화정보원,OpenAPI product
KADX 농식품 공공데이터,가축사육시설 및 규모정보,"농림축산식품부에서는 가축사육시설 및 규모정보를 제공합니다. 본 정보 제공 데이터는 경영체일련번호, 경영체명, 시설일련번호, 시설도로명주소, 대장구분, 경영형태, 시설사용구분, 시설소유자명, 공부지목등의 정보를 포함하고 있습니다.",https://data.mafra.go.kr/opendata/data/indexOpenDataDetail.do?data_id=20251112000000002772,농림수산식품교육문화정보원,OpenAPI product
KADX 농식품 공공데이터,가축사육규모영농계획정보,"농림축산식품부에서는 가축사육규모영농계획정보를 제공합니다. 본 정보 제공 데이터는 사업년도, 신청일련번호, 현재비육우성축, 현재비육우자축, 현재번식우성축, 현재번식우자축, 현재육우성축, 현재육우자등의 정보를 포함하고 있습니다.",https://data.mafra.go.kr/opendata/data/indexOpenDataDetail.do?data_id=20251112000000002771,농림수산식품교육문화정보원,OpenAPI product
KADX 농식품 공공데이터,가축 현황 정보,"농림축산식품부에서는 가축 현황 정보정보를 제공합니다. 본 정보 제공 데이터는 민원신청번호, 시설일련번호, 연관지번일련번호, 대장구분, 부번, 본번, 시설주소, 실제시설면적, 공부면적, 공부시설면적등의 정보를 포함하고 있습니다.",https://data.mafra.go.kr/opendata/data/indexOpenDataDetail.do?data_id=20251112000000002768,농림수산식품교육문화정보원,OpenAPI product
KADX 농식품 공공데이터,공동농업지정확정정보,"농림축산식품부에서는 공동농업지정확정정보를 제공합니다. 본 정보 제공 데이터는 공동농업경영체일련번호, 공동농업경영체명, 신청서순번, 신청일자, 접수일자, 법인설립일자, 공동경영면적, 참여농업경영체수등의 정보를 포함하고 있습니다.",https://data.mafra.go.kr/opendata/data/indexOpenDataDetail.do?data_id=20251112000000002788,농림수산식품교육문화정보원,OpenAPI product
KADX 농식품 공공데이터,e그린우편 접수신청 및 제작결과정보,"농림축산식품부에서는 e그린우편 접수신청 및 제작결과정보를 제공합니다. 본 정보 제공 데이터는 사업년도, 농림사업명, 신청일자, 신청기관명, 신청문서명, 경영체명, 경영체신청일련번호, 경영체발송여등의 정보를 포함하고 있습니다.",https://data.mafra.go.kr/opendata/data/indexOpenDataDetail.do?data_id=20251112000000002766,농림수산식품교육문화정보원,OpenAPI product
KADX 농식품 공공데이터,가공내역정보,"농림축산식품부에서는 가공내역정보를 제공합니다. 본 정보 제공 데이터는 경영체일련번호, 경영체명, 주품목명, 판매금액, 가공품목순번등의 정보를 포함하고 있습니다.",https://data.mafra.go.kr/opendata/data/indexOpenDataDetail.do?data_id=20251112000000002767,농림수산식품교육문화정보원,OpenAPI product
KADX 농식품 공공데이터,RPC년도별운영실적정보,"농림축산식품부에서는 미곡종합처리장 년도별운영실적정보정보를 제공합니다. 본 정보 제공 데이터는 미곡종합처리장명, 기준년도, 항목명, 용량단위, 실적값, 실사값, 이의결과값, 확정값수등의 정보를 포함하고 있습니다.",https://data.mafra.go.kr/opendata/data/indexOpenDataDetail.do?data_id=20251112000000002765,농림수산식품교육문화정보원,OpenAPI product
KADX 농식품 공공데이터,가축사육관련자문정보,"농림축산식품부에서는 가축사육관련자문정보를 제공합니다. 본 정보 제공 데이터는 등록번호, 일련번호, 자문구분, 자문내역, 자문내용, 비고등의 정보를 포함하고 있습니다.",https://data.mafra.go.kr/opendata/data/indexOpenDataDetail.do?data_id=20251112000000002770,농림수산식품교육문화정보원,OpenAPI product
KADX 농식품 공공데이터,가축분뇨자원화관리 보조사업에 참여한 법인정보,"농림축산식품부 가축분뇨자원화관리 보조사업에 참여한 지자체별 법인 법인 수, 자본금 합, 직원 수 합 등의 법인 기초정보를 제공",https://data.mafra.go.kr/opendata/data/indexOpenDataDetail.do?data_id=20251112000000002769,농림수산식품교육문화정보원,OpenAPI product
KADX 농식품 공공데이터,경영체 관외경작조사 정보,농림축산식품부에서 제공하는 농림사업정보시스템에 등록된 농업경영정보의 관외경작 조사 결과에 대한 데이터를 제공합니다.,https://data.mafra.go.kr/opendata/data/indexOpenDataDetail.do?data_id=20251112000000002782,농림수산식품교육문화정보원,OpenAPI product
KADX 농식품 공공데이터,경영주와농업인일반현황정보,농림축산식품부에서는 경영주와농업인일반현황정보를 제공합니다.,https://data.mafra.go.kr/opendata/data/indexOpenDataDetail.do?data_id=20251112000000002781,농림수산식품교육문화정보원,OpenAPI product
KADX 농식품 공공데이터,건축건립계획및 완료 정보,"농림축산식품부에서 제공하는 축산관련 건축계획 및 건립 완료 정보를 포함한 정보로 등록일시,사업년도,용도코드,면적,착공일,준공일,건립완료일시,건립완료여부등 정보를 제공합니다.",https://data.mafra.go.kr/opendata/data/indexOpenDataDetail.do?data_id=20251112000000002779,농림수산식품교육문화정보원,OpenAPI product
KADX 농식품 공공데이터,건축계획,"농림축산식품부에서 제공하는 보조사업 내 등록된 건축계획에 대한 정보로 부지확보일, 토목설계일, 건축설계일, 착공일, 준공일 등의 정보를 제공합니다",https://data.mafra.go.kr/opendata/data/indexOpenDataDetail.do?data_id=20251112000000002780,농림수산식품교육문화정보원,OpenAPI product
KADX 농식품 공공데이터,가축사육정보(농림사업정보시스템),"농림축산식품부에서 제공하는 가축사육관련 정보로 사육시설주소코드,시설도로명주소,경영형태,공부지목코드,시설용도구분, 사육업관리대장 , 가축사육자문 정보를 포함하여 제공합니다.",https://data.mafra.go.kr/opendata/data/indexOpenDataDetail.do?data_id=20251112000000002778,농림수산식품교육문화정보원,OpenAPI product
KADX 농식품 공공데이터,RPC계약재배관리정보,"농림축산식품부에서는 미곡종합처리장 계약재배관리 정보를 제공합니다. 본 정보 제공 데이터는 기준년도, 등록일자, 미곡종합처리장명, 체결량, 농가수, 계약금, 종자, 육모, 중도금, 매입가, 위약금, 방제, 검토상태등의 정보를 포함하고 있습니다.",https://data.mafra.go.kr/opendata/data/indexOpenDataDetail.do?data_id=20251112000000002763,농림수산식품교육문화정보원,OpenAPI product
KADX 농식품 공공데이터,경영체농업법인정보,"농림축산식품부에서 제공하는 경영체농업법인 관련 정보로 법인정보 일부 주요사업 농업서비스 여부,유통여부,수출여부,마을법인여부,중복여부등을 포함한 정보를 제공합니다.",https://data.mafra.go.kr/opendata/data/indexOpenDataDetail.do?data_id=20251112000000002784,농림수산식품교육문화정보원,OpenAPI product
KADX 농식품 공공데이터,APC운영자금확보계획 정보,"농림축산식품부에서 제공하는 APC운영자금확보계획 정보에 등록된 정보로 업체별 출하선도금, 계약재배자금, 운영자금 등의 정보를 제공합니다",https://data.mafra.go.kr/opendata/data/indexOpenDataDetail.do?data_id=20251111000000002762,농림수산식품교육문화정보원,OpenAPI product
KADX 농식품 공공데이터,일별 농축수산물 도소매가격(1996년~2025년 8월),"- (개요)국내 농축수산물의 도매 76품목 118품종, 소매 91품목 135품종에 대한 일자별 가격조사 데이터 - (축적기간) 1996년부터 2025년까지 20년 이상(단, 기간별로 조사 품목 및 품종 상이) - (지역분포) 전국 5대 도매시자의 중도매인 판매가격(도매가격) 및 23개 지역의 전통시장, 대형마트별 소매가격",https://data.mafra.go.kr/opendata/data/indexOpenDataDetail.do?data_id=20251017000000002761,한국농수산식품유통공사,OpenAPI product
KADX 농식품 공공데이터,가성우역(PPR) 긴급행동지침(SOP),가성우역(PPR) 긴급행동지침(SOP),https://data.mafra.go.kr/opendata/data/indexOpenDataDetail.do?data_id=20250929000000002758,농림축산식품부,OpenAPI product
KADX 농식품 공공데이터,수입금지품 허가등록 현황,농림축산검역본부 수입금지품 허가등록 품목 현황,https://data.mafra.go.kr/opendata/data/indexOpenDataDetail.do?data_id=20250929000000002759,농림축산검역본부,OpenAPI product
KADX 농식품 공공데이터,2024년 농식품공무원교육원 교육훈련 통계자료,2024년 농식품공무원교육원 교육훈련 통계자료입니다.,https://data.mafra.go.kr/opendata/data/indexOpenDataDetail.do?data_id=20250926000000002756,농식품공무원교육원,OpenAPI product
KADX 농식품 공공데이터,보급종 공급농협 현황,"농림축산식품부 국립종자원은 우수한 정부 보증 종자를 농업인에게 공급하고 있습니다. 공급과정은 전국 각 지원(보급종 청사)에서 농업인이 신청한 전국 농협으로 수송하여 농업인에게 보급하고 있습니다. 이 자료는 농협(축협)의 명칭, 전화번호, 주소, 지역 정보, 농협/축협 구분값을 포함하고 있습니다. ※ 정부보급종은 종자산업법 제22조에 따라 정부가 생산·공급하고 있는 종자로 벼, 콩, 팥, 보리, 밀, 호밀 작물이 해당된다.",https://data.mafra.go.kr/opendata/data/indexOpenDataDetail.do?data_id=20250922000000002753,국립종자원,OpenAPI product
KADX 농식품 공공데이터,국제종자생명교육센터 강의실 현황,"국립종자원의 국제종자생명교육센터는 농업 종사자, 학생, 공무원, 일반인을 대상으로 종자생명 분야 전문교육을 담당합니다. 교육센터는 교육동과 숙소동으로 이루어져 있으며, 교육동은 지하1층에서 지상 4층으로 구성됩니다. 교육센터에서 각 강의동을 대관할 수도 있습니다. 본 자료는 교육동 각 강의실에 대한 정보를 포함하고 있습니다. 강의실의 명칭, 강의실 번호, 사용가능 여부, 강의실의 주 목적 정보가 포함됩니다.",https://data.mafra.go.kr/opendata/data/indexOpenDataDetail.do?data_id=20250922000000002754,국립종자원,OpenAPI product
KADX 농식품 공공데이터,6차산업 인증사업자 대상자 현황,6차산업 인증사업자 대상자 현황,https://data.mafra.go.kr/opendata/data/indexOpenDataDetail.do?data_id=20250918000000002751,농림축산식품부,OpenAPI product
KADX 농식품 공공데이터,국제종자생명교육센터 교육과정,"국립종자원 국제종자생명교육센터에서 운영한 교육과정에 대한 정보를 제공합니다. 교육과정에 대한 운영년도, 과정명, 기수, 교육대상자, 교육시작일, 교육종료일, 교육내용(목적)에 대한 정보를 제공합니다. 국제종자생명교육센터에서 학사관리시스템으로 교육과정을 관리하기 시작한 2021년 9월부터의 교육과정 정보입니다. 교육대상은 종사자, 학생, 공무원, 일반인으로 구분합니다. 종사자는 종자업체 임직원, 종자업자.육묘업자(준비자 포함) 등이며, 학생은 고등학생, 대학생, 대학원생 입니다.",https://data.mafra.go.kr/opendata/data/indexOpenDataDetail.do?data_id=20250917000000002750,국립종자원,OpenAPI product
KADX 농식품 공공데이터,농지개량행위 신고 업무지침,농지개량행위 신고 업무 처리에 필요한 사항을 규정하여 시 군 구 등 행정청의 관리업무 지원,https://data.mafra.go.kr/opendata/data/indexOpenDataDetail.do?data_id=20250919000000002752,농림축산식품부,OpenAPI product
KADX 농식품 공공데이터,전국 시군별 미니피그 사육규모 통계,"가축위생방역지원본부는 「가축전염병 예방법」 제9조제6항 제3호의2에 따라, 국가가축방역통합정보시스템을 통해 전국 가축사육시설 관련 정보를 체계적으로 수집·관리하고 있습니다. 본 데이터는 전국 시군별 가축 사육규모 현황을 최신 기준으로 집계한 통계자료로, 축산농가의 사육규모(호수·두수)를 시도별·시군별 단위로 구분하여 제공합니다. 자료의 용어해석은 다음과 같습니다. 1. 호수 : 가축을 사육하는 농가의 수 2. 두수(수수) : 사육중인 가축의 마릿수",https://data.mafra.go.kr/opendata/data/indexOpenDataDetail.do?data_id=20250904000000002714,가축위생방역지원본부,OpenAPI product
KADX 농식품 공공데이터,전국 시군별 육용오리 사육규모 통계,"가축위생방역지원본부는 「가축전염병 예방법」 제9조제6항 제3호의2에 따라, 국가가축방역통합정보시스템을 통해 전국 가축사육시설 관련 정보를 체계적으로 수집·관리하고 있습니다. 본 데이터는 전국 시군별 가축 사육규모 현황을 최신 기준으로 집계한 통계자료로, 축산농가의 사육규모(호수·두수)를 시도별·시군별 단위로 구분하여 제공합니다. 자료의 용어해석은 다음과 같습니다. 1. 호수 : 가축을 사육하는 농가의 수 2. 두수(수수) : 사육중인 가축의 마릿수",https://data.mafra.go.kr/opendata/data/indexOpenDataDetail.do?data_id=20250904000000002728,가축위생방역지원본부,OpenAPI product
KADX 농식품 공공데이터,전국 시군별 산란오리 사육규모 통계,"가축위생방역지원본부는 「가축전염병 예방법」 제9조제6항 제3호의2에 따라, 국가가축방역통합정보시스템을 통해 전국 가축사육시설 관련 정보를 체계적으로 수집·관리하고 있습니다. 본 데이터는 전국 시군별 가축 사육규모 현황을 최신 기준으로 집계한 통계자료로, 축산농가의 사육규모(호수·두수)를 시도별·시군별 단위로 구분하여 제공합니다. 자료의 용어해석은 다음과 같습니다. 1. 호수 : 가축을 사육하는 농가의 수 2. 두수(수수) : 사육중인 가축의 마릿수",https://data.mafra.go.kr/opendata/data/indexOpenDataDetail.do?data_id=20250904000000002729,가축위생방역지원본부,OpenAPI product
KADX 농식품 공공데이터,전국 시군별 일반오리 사육규모 통계,"가축위생방역지원본부는 「가축전염병 예방법」 제9조제6항 제3호의2에 따라, 국가가축방역통합정보시스템을 통해 전국 가축사육시설 관련 정보를 체계적으로 수집·관리하고 있습니다. 본 데이터는 전국 시군별 가축 사육규모 현황을 최신 기준으로 집계한 통계자료로, 축산농가의 사육규모(호수·두수)를 시도별·시군별 단위로 구분하여 제공합니다. 자료의 용어해석은 다음과 같습니다. 1. 호수 : 가축을 사육하는 농가의 수 2. 두수(수수) : 사육중인 가축의 마릿수",https://data.mafra.go.kr/opendata/data/indexOpenDataDetail.do?data_id=20250904000000002730,가축위생방역지원본부,OpenAPI product
KADX 농식품 공공데이터,전국 시군별 염소 사육규모 통계,"가축위생방역지원본부는 「가축전염병 예방법」 제9조제6항 제3호의2에 따라, 국가가축방역통합정보시스템을 통해 전국 가축사육시설 관련 정보를 체계적으로 수집·관리하고 있습니다. 본 데이터는 전국 시군별 가축 사육규모 현황을 최신 기준으로 집계한 통계자료로, 축산농가의 사육규모(호수·두수)를 시도별·시군별 단위로 구분하여 제공합니다. 자료의 용어해석은 다음과 같습니다. 1. 호수 : 가축을 사육하는 농가의 수 2. 두수(수수) : 사육중인 가축의 마릿수",https://data.mafra.go.kr/opendata/data/indexOpenDataDetail.do?data_id=20250904000000002731,가축위생방역지원본부,OpenAPI product
KADX 농식품 공공데이터,전국 시군별 사슴 사육규모 통계,"가축위생방역지원본부는 「가축전염병 예방법」 제9조제6항 제3호의2에 따라, 국가가축방역통합정보시스템을 통해 전국 가축사육시설 관련 정보를 체계적으로 수집·관리하고 있습니다. 본 데이터는 전국 시군별 가축 사육규모 현황을 최신 기준으로 집계한 통계자료로, 축산농가의 사육규모(호수·두수)를 시도별·시군별 단위로 구분하여 제공합니다. 자료의 용어해석은 다음과 같습니다. 1. 호수 : 가축을 사육하는 농가의 수 2. 두수(수수) : 사육중인 가축의 마릿수",https://data.mafra.go.kr/opendata/data/indexOpenDataDetail.do?data_id=20250904000000002732,가축위생방역지원본부,OpenAPI product
KADX 농식품 공공데이터,전국 시군별 면양 사육규모 통계,"가축위생방역지원본부는 「가축전염병 예방법」 제9조제6항 제3호의2에 따라, 국가가축방역통합정보시스템을 통해 전국 가축사육시설 관련 정보를 체계적으로 수집·관리하고 있습니다. 본 데이터는 전국 시군별 가축 사육규모 현황을 최신 기준으로 집계한 통계자료로, 축산농가의 사육규모(호수·두수)를 시도별·시군별 단위로 구분하여 제공합니다. 자료의 용어해석은 다음과 같습니다. 1. 호수 : 가축을 사육하는 농가의 수 2. 두수(수수) : 사육중인 가축의 마릿수",https://data.mafra.go.kr/opendata/data/indexOpenDataDetail.do?data_id=20250904000000002733,가축위생방역지원본부,OpenAPI product
KADX 농식품 공공데이터,전국 시군별 산양 사육규모 통계,"가축위생방역지원본부는 「가축전염병 예방법」 제9조제6항 제3호의2에 따라, 국가가축방역통합정보시스템을 통해 전국 가축사육시설 관련 정보를 체계적으로 수집·관리하고 있습니다. 본 데이터는 전국 시군별 가축 사육규모 현황을 최신 기준으로 집계한 통계자료로, 축산농가의 사육규모(호수·두수)를 시도별·시군별 단위로 구분하여 제공합니다. 자료의 용어해석은 다음과 같습니다. 1. 호수 : 가축을 사육하는 농가의 수 2. 두수(수수) : 사육중인 가축의 마릿수",https://data.mafra.go.kr/opendata/data/indexOpenDataDetail.do?data_id=20250904000000002734,가축위생방역지원본부,OpenAPI product
KADX 농식품 공공데이터,전국 시군별 메추리 사육규모 통계,"가축위생방역지원본부는 「가축전염병 예방법」 제9조제6항 제3호의2에 따라, 국가가축방역통합정보시스템을 통해 전국 가축사육시설 관련 정보를 체계적으로 수집·관리하고 있습니다. 본 데이터는 전국 시군별 가축 사육규모 현황을 최신 기준으로 집계한 통계자료로, 축산농가의 사육규모(호수·두수)를 시도별·시군별 단위로 구분하여 제공합니다. 자료의 용어해석은 다음과 같습니다. 1. 호수 : 가축을 사육하는 농가의 수 2. 두수(수수) : 사육중인 가축의 마릿수",https://data.mafra.go.kr/opendata/data/indexOpenDataDetail.do?data_id=20250904000000002735,가축위생방역지원본부,OpenAPI product
KADX 농식품 공공데이터,전국 시군별 기러기 사육규모 통계,"가축위생방역지원본부는 「가축전염병 예방법」 제9조제6항 제3호의2에 따라, 국가가축방역통합정보시스템을 통해 전국 가축사육시설 관련 정보를 체계적으로 수집·관리하고 있습니다. 본 데이터는 전국 시군별 가축 사육규모 현황을 최신 기준으로 집계한 통계자료로, 축산농가의 사육규모(호수·두수)를 시도별·시군별 단위로 구분하여 제공합니다. 자료의 용어해석은 다음과 같습니다. 1. 호수 : 가축을 사육하는 농가의 수 2. 두수(수수) : 사육중인 가축의 마릿수",https://data.mafra.go.kr/opendata/data/indexOpenDataDetail.do?data_id=20250904000000002736,가축위생방역지원본부,OpenAPI product
KADX 농식품 공공데이터,전국 시군별 꿩 사육규모 통계,"가축위생방역지원본부는 「가축전염병 예방법」 제9조제6항 제3호의2에 따라, 국가가축방역통합정보시스템을 통해 전국 가축사육시설 관련 정보를 체계적으로 수집·관리하고 있습니다. 본 데이터는 전국 시군별 가축 사육규모 현황을 최신 기준으로 집계한 통계자료로, 축산농가의 사육규모(호수·두수)를 시도별·시군별 단위로 구분하여 제공합니다. 자료의 용어해석은 다음과 같습니다. 1. 호수 : 가축을 사육하는 농가의 수 2. 두수(수수) : 사육중인 가축의 마릿수",https://data.mafra.go.kr/opendata/data/indexOpenDataDetail.do?data_id=20250904000000002737,가축위생방역지원본부,OpenAPI product
KADX 농식품 공공데이터,전국 시군별 거위 사육규모 통계,"가축위생방역지원본부는 「가축전염병 예방법」 제9조제6항 제3호의2에 따라, 국가가축방역통합정보시스템을 통해 전국 가축사육시설 관련 정보를 체계적으로 수집·관리하고 있습니다. 본 데이터는 전국 시군별 가축 사육규모 현황을 최신 기준으로 집계한 통계자료로, 축산농가의 사육규모(호수·두수)를 시도별·시군별 단위로 구분하여 제공합니다. 자료의 용어해석은 다음과 같습니다. 1. 호수 : 가축을 사육하는 농가의 수 2. 두수(수수) : 사육중인 가축의 마릿수",https://data.mafra.go.kr/opendata/data/indexOpenDataDetail.do?data_id=20250904000000002738,가축위생방역지원본부,OpenAPI product
KADX 농식품 공공데이터,전국 시군별 토종닭 사육규모 통계,"가축위생방역지원본부는 「가축전염병 예방법」 제9조제6항 제3호의2에 따라, 국가가축방역통합정보시스템을 통해 전국 가축사육시설 관련 정보를 체계적으로 수집·관리하고 있습니다. 본 데이터는 전국 시군별 가축 사육규모 현황을 최신 기준으로 집계한 통계자료로, 축산농가의 사육규모(호수·두수)를 시도별·시군별 단위로 구분하여 제공합니다. 자료의 용어해석은 다음과 같습니다. 1. 호수 : 가축을 사육하는 농가의 수 2. 두수(수수) : 사육중인 가축의 마릿수",https://data.mafra.go.kr/opendata/data/indexOpenDataDetail.do?data_id=20250904000000002721,가축위생방역지원본부,OpenAPI product
KADX 농식품 공공데이터,전국 시군별 육용종계 사육규모 통계,"가축위생방역지원본부는 「가축전염병 예방법」 제9조제6항 제3호의2에 따라, 국가가축방역통합정보시스템을 통해 전국 가축사육시설 관련 정보를 체계적으로 수집·관리하고 있습니다. 본 데이터는 전국 시군별 가축 사육규모 현황을 최신 기준으로 집계한 통계자료로, 축산농가의 사육규모(호수·두수)를 시도별·시군별 단위로 구분하여 제공합니다. 자료의 용어해석은 다음과 같습니다. 1. 호수 : 가축을 사육하는 농가의 수 2. 두수(수수) : 사육중인 가축의 마릿수",https://data.mafra.go.kr/opendata/data/indexOpenDataDetail.do?data_id=20250904000000002720,가축위생방역지원본부,OpenAPI product
KADX 농식품 공공데이터,전국 시군별 육계 사육규모 통계,"가축위생방역지원본부는 「가축전염병 예방법」 제9조제6항 제3호의2에 따라, 국가가축방역통합정보시스템을 통해 전국 가축사육시설 관련 정보를 체계적으로 수집·관리하고 있습니다. 본 데이터는 전국 시군별 가축 사육규모 현황을 최신 기준으로 집계한 통계자료로, 축산농가의 사육규모(호수·두수)를 시도별·시군별 단위로 구분하여 제공합니다. 자료의 용어해석은 다음과 같습니다. 1. 호수 : 가축을 사육하는 농가의 수 2. 두수(수수) : 사육중인 가축의 마릿수",https://data.mafra.go.kr/opendata/data/indexOpenDataDetail.do?data_id=20250904000000002719,가축위생방역지원본부,OpenAPI product
KADX 농식품 공공데이터,전국 시군별 흑돼지 사육규모 통계,"가축위생방역지원본부는 「가축전염병 예방법」 제9조제6항 제3호의2에 따라, 국가가축방역통합정보시스템을 통해 전국 가축사육시설 관련 정보를 체계적으로 수집·관리하고 있습니다. 본 데이터는 전국 시군별 가축 사육규모 현황을 최신 기준으로 집계한 통계자료로, 축산농가의 사육규모(호수·두수)를 시도별·시군별 단위로 구분하여 제공합니다. 자료의 용어해석은 다음과 같습니다. 1. 호수 : 가축을 사육하는 농가의 수 2. 두수(수수) : 사육중인 가축의 마릿수",https://data.mafra.go.kr/opendata/data/indexOpenDataDetail.do?data_id=20250904000000002718,가축위생방역지원본부,OpenAPI product
KADX 농식품 공공데이터,전국 시군별 멧돼지 사육규모 통계,"가축위생방역지원본부는 「가축전염병 예방법」 제9조제6항 제3호의2에 따라, 국가가축방역통합정보시스템을 통해 전국 가축사육시설 관련 정보를 체계적으로 수집·관리하고 있습니다. 본 데이터는 전국 시군별 가축 사육규모 현황을 최신 기준으로 집계한 통계자료로, 축산농가의 사육규모(호수·두수)를 시도별·시군별 단위로 구분하여 제공합니다. 자료의 용어해석은 다음과 같습니다. 1. 호수 : 가축을 사육하는 농가의 수 2. 두수(수수) : 사육중인 가축의 마릿수",https://data.mafra.go.kr/opendata/data/indexOpenDataDetail.do?data_id=20250904000000002717,가축위생방역지원본부,OpenAPI product
KADX 농식품 공공데이터,전국 시군별 실험용돼지 사육규모 통계,"가축위생방역지원본부는 「가축전염병 예방법」 제9조제6항 제3호의2에 따라, 국가가축방역통합정보시스템을 통해 전국 가축사육시설 관련 정보를 체계적으로 수집·관리하고 있습니다. 본 데이터는 전국 시군별 가축 사육규모 현황을 최신 기준으로 집계한 통계자료로, 축산농가의 사육규모(호수·두수)를 시도별·시군별 단위로 구분하여 제공합니다. 자료의 용어해석은 다음과 같습니다. 1. 호수 : 가축을 사육하는 농가의 수 2. 두수(수수) : 사육중인 가축의 마릿수",https://data.mafra.go.kr/opendata/data/indexOpenDataDetail.do?data_id=20250904000000002715,가축위생방역지원본부,OpenAPI product
KADX 농식품 공공데이터,전국 시군별 종돈 사육규모 통계,"가축위생방역지원본부는 「가축전염병 예방법」 제9조제6항 제3호의2에 따라, 국가가축방역통합정보시스템을 통해 전국 가축사육시설 관련 정보를 체계적으로 수집·관리하고 있습니다. 본 데이터는 전국 시군별 가축 사육규모 현황을 최신 기준으로 집계한 통계자료로, 축산농가의 사육규모(호수·두수)를 시도별·시군별 단위로 구분하여 제공합니다. 자료의 용어해석은 다음과 같습니다. 1. 호수 : 가축을 사육하는 농가의 수 2. 두수(수수) : 사육중인 가축의 마릿수",https://data.mafra.go.kr/opendata/data/indexOpenDataDetail.do?data_id=20250904000000002713,가축위생방역지원본부,OpenAPI product
KADX 농식품 공공데이터,전국 시군별 일반돼지 사육규모 통계,"가축위생방역지원본부는 「가축전염병 예방법」 제9조제6항 제3호의2에 따라, 국가가축방역통합정보시스템을 통해 전국 가축사육시설 관련 정보를 체계적으로 수집·관리하고 있습니다. 본 데이터는 전국 시군별 가축 사육규모 현황을 최신 기준으로 집계한 통계자료로, 축산농가의 사육규모(호수·두수)를 시도별·시군별 단위로 구분하여 제공합니다. 자료의 용어해석은 다음과 같습니다. 1. 호수 : 가축을 사육하는 농가의 수 2. 두수(수수) : 사육중인 가축의 마릿수",https://data.mafra.go.kr/opendata/data/indexOpenDataDetail.do?data_id=20250904000000002712,가축위생방역지원본부,OpenAPI product
KADX 농식품 공공데이터,전국 시군별 육우 사육규모 통계,"가축위생방역지원본부는 「가축전염병 예방법」 제9조제6항 제3호의2에 따라, 국가가축방역통합정보시스템을 통해 전국 가축사육시설 관련 정보를 체계적으로 수집·관리하고 있습니다. 본 데이터는 전국 시군별 가축 사육규모 현황을 최신 기준으로 집계한 통계자료로, 축산농가의 사육규모(호수·두수)를 시도별·시군별 단위로 구분하여 제공합니다. 자료의 용어해석은 다음과 같습니다. 1. 호수 : 가축을 사육하는 농가의 수 2. 두수(수수) : 사육중인 가축의 마릿수",https://data.mafra.go.kr/opendata/data/indexOpenDataDetail.do?data_id=20250904000000002711,가축위생방역지원본부,OpenAPI product
KADX 농식품 공공데이터,전국 시군별 젖소 사육규모 통계,"가축위생방역지원본부는 「가축전염병 예방법」 제9조제6항 제3호의2에 따라, 국가가축방역통합정보시스템을 통해 전국 가축사육시설 관련 정보를 체계적으로 수집·관리하고 있습니다. 본 데이터는 전국 시군별 가축 사육규모 현황을 최신 기준으로 집계한 통계자료로, 축산농가의 사육규모(호수·두수)를 시도별·시군별 단위로 구분하여 제공합니다. 자료의 용어해석은 다음과 같습니다. 1. 호수 : 가축을 사육하는 농가의 수 2. 두수(수수) : 사육중인 가축의 마릿수",https://data.mafra.go.kr/opendata/data/indexOpenDataDetail.do?data_id=20250904000000002710,가축위생방역지원본부,OpenAPI product
KADX 농식품 공공데이터,전국 시군별 한우 사육규모 통계,"가축위생방역지원본부는 「가축전염병 예방법」 제9조제6항 제3호의2에 따라, 국가가축방역통합정보시스템을 통해 전국 가축사육시설 관련 정보를 체계적으로 수집·관리하고 있습니다. 본 데이터는 전국 시군별 가축 사육규모 현황을 최신 기준으로 집계한 통계자료로, 축산농가의 사육규모(호수·두수)를 시도별·시군별 단위로 구분하여 제공합니다. 자료의 용어해석은 다음과 같습니다. 1. 호수 : 가축을 사육하는 농가의 수 2. 두수(수수) : 사육중인 가축의 마릿수",https://data.mafra.go.kr/opendata/data/indexOpenDataDetail.do?data_id=20250904000000002709,가축위생방역지원본부,OpenAPI product
KADX 농식품 공공데이터,전국 시군별 칠면조 사육규모 통계,"가축위생방역지원본부는 「가축전염병 예방법」 제9조제6항 제3호의2에 따라, 국가가축방역통합정보시스템을 통해 전국 가축사육시설 관련 정보를 체계적으로 수집·관리하고 있습니다. 본 데이터는 전국 시군별 가축 사육규모 현황을 최신 기준으로 집계한 통계자료로, 축산농가의 사육규모(호수·두수)를 시도별·시군별 단위로 구분하여 제공합니다. 자료의 용어해석은 다음과 같습니다. 1. 호수 : 가축을 사육하는 농가의 수 2. 두수(수수) : 사육중인 가축의 마릿수",https://data.mafra.go.kr/opendata/data/indexOpenDataDetail.do?data_id=20250904000000002739,가축위생방역지원본부,OpenAPI product
KADX 농식품 공공데이터,전국 시군별 타조 사육규모 통계,"가축위생방역지원본부는 「가축전염병 예방법」 제9조제6항 제3호의2에 따라, 국가가축방역통합정보시스템을 통해 전국 가축사육시설 관련 정보를 체계적으로 수집·관리하고 있습니다. 본 데이터는 전국 시군별 가축 사육규모 현황을 최신 기준으로 집계한 통계자료로, 축산농가의 사육규모(호수·두수)를 시도별·시군별 단위로 구분하여 제공합니다. 자료의 용어해석은 다음과 같습니다. 1. 호수 : 가축을 사육하는 농가의 수 2. 두수(수수) : 사육중인 가축의 마릿수",https://data.mafra.go.kr/opendata/data/indexOpenDataDetail.do?data_id=20250904000000002740,가축위생방역지원본부,OpenAPI product
KADX 농식품 공공데이터,전국 시군별 관상조 사육규모 통계,"가축위생방역지원본부는 「가축전염병 예방법」 제9조제6항 제3호의2에 따라, 국가가축방역통합정보시스템을 통해 전국 가축사육시설 관련 정보를 체계적으로 수집·관리하고 있습니다. 본 데이터는 전국 시군별 가축 사육규모 현황을 최신 기준으로 집계한 통계자료로, 축산농가의 사육규모(호수·두수)를 시도별·시군별 단위로 구분하여 제공합니다. 자료의 용어해석은 다음과 같습니다. 1. 호수 : 가축을 사육하는 농가의 수 2. 두수(수수) : 사육중인 가축의 마릿수",https://data.mafra.go.kr/opendata/data/indexOpenDataDetail.do?data_id=20250904000000002741,가축위생방역지원본부,OpenAPI product
KADX 농식품 공공데이터,전국 시군별 꿀벌 사육규모 통계,"가축위생방역지원본부는 「가축전염병 예방법」 제9조제6항 제3호의2에 따라, 국가가축방역통합정보시스템을 통해 전국 가축사육시설 관련 정보를 체계적으로 수집·관리하고 있습니다. 본 데이터는 전국 시군별 가축 사육규모 현황을 최신 기준으로 집계한 통계자료로, 축산농가의 사육규모(호수·두수)를 시도별·시군별 단위로 구분하여 제공합니다. 자료의 용어해석은 다음과 같습니다. 1. 호수 : 가축을 사육하는 농가의 수 2. 두수(수수) : 사육중인 가축의 마릿수",https://data.mafra.go.kr/opendata/data/indexOpenDataDetail.do?data_id=20250904000000002742,가축위생방역지원본부,OpenAPI product
KADX 농식품 공공데이터,전국 시군별 말 사육규모 통계,"가축위생방역지원본부는 「가축전염병 예방법」 제9조제6항 제3호의2에 따라, 국가가축방역통합정보시스템을 통해 전국 가축사육시설 관련 정보를 체계적으로 수집·관리하고 있습니다. 본 데이터는 전국 시군별 가축 사육규모 현황을 최신 기준으로 집계한 통계자료로, 축산농가의 사육규모(호수·두수)를 시도별·시군별 단위로 구분하여 제공합니다. 자료의 용어해석은 다음과 같습니다. 1. 호수 : 가축을 사육하는 농가의 수 2. 두수(수수) : 사육중인 가축의 마릿수",https://data.mafra.go.kr/opendata/data/indexOpenDataDetail.do?data_id=20250904000000002743,가축위생방역지원본부,OpenAPI product
KADX 농식품 공공데이터,전국 시군별 토끼 사육규모 통계,"가축위생방역지원본부는 「가축전염병 예방법」 제9조제6항 제3호의2에 따라, 국가가축방역통합정보시스템을 통해 전국 가축사육시설 관련 정보를 체계적으로 수집·관리하고 있습니다. 본 데이터는 전국 시군별 가축 사육규모 현황을 최신 기준으로 집계한 통계자료로, 축산농가의 사육규모(호수·두수)를 시도별·시군별 단위로 구분하여 제공합니다. 자료의 용어해석은 다음과 같습니다. 1. 호수 : 가축을 사육하는 농가의 수 2. 두수(수수) : 사육중인 가축의 마릿수",https://data.mafra.go.kr/opendata/data/indexOpenDataDetail.do?data_id=20250904000000002744,가축위생방역지원본부,OpenAPI product
KADX 농식품 공공데이터,전국 시군별 토종종계 사육규모 통계,"가축위생방역지원본부는 「가축전염병 예방법」 제9조제6항 제3호의2에 따라, 국가가축방역통합정보시스템을 통해 전국 가축사육시설 관련 정보를 체계적으로 수집·관리하고 있습니다. 본 데이터는 전국 시군별 가축 사육규모 현황을 최신 기준으로 집계한 통계자료로, 축산농가의 사육규모(호수·두수)를 시도별·시군별 단위로 구분하여 제공합니다. 자료의 용어해석은 다음과 같습니다. 1. 호수 : 가축을 사육하는 농가의 수 2. 두수(수수) : 사육중인 가축의 마릿수",https://data.mafra.go.kr/opendata/data/indexOpenDataDetail.do?data_id=20250904000000002722,가축위생방역지원본부,OpenAPI product
KADX 농식품 공공데이터,전국 시군별 백세미 사육규모 통계,"가축위생방역지원본부는 「가축전염병 예방법」 제9조제6항 제3호의2에 따라, 국가가축방역통합정보시스템을 통해 전국 가축사육시설 관련 정보를 체계적으로 수집·관리하고 있습니다. 본 데이터는 전국 시군별 가축 사육규모 현황을 최신 기준으로 집계한 통계자료로, 축산농가의 사육규모(호수·두수)를 시도별·시군별 단위로 구분하여 제공합니다. 자료의 용어해석은 다음과 같습니다. 1. 호수 : 가축을 사육하는 농가의 수 2. 두수(수수) : 사육중인 가축의 마릿수",https://data.mafra.go.kr/opendata/data/indexOpenDataDetail.do?data_id=20250904000000002723,가축위생방역지원본부,OpenAPI product
KADX 농식품 공공데이터,전국 시군별 산란계 사육규모 통계,"가축위생방역지원본부는 「가축전염병 예방법」 제9조제6항 제3호의2에 따라, 국가가축방역통합정보시스템을 통해 전국 가축사육시설 관련 정보를 체계적으로 수집·관리하고 있습니다. 본 데이터는 전국 시군별 가축 사육규모 현황을 최신 기준으로 집계한 통계자료로, 축산농가의 사육규모(호수·두수)를 시도별·시군별 단위로 구분하여 제공합니다. 자료의 용어해석은 다음과 같습니다. 1. 호수 : 가축을 사육하는 농가의 수 2. 두수(수수) : 사육중인 가축의 마릿수",https://data.mafra.go.kr/opendata/data/indexOpenDataDetail.do?data_id=20250904000000002724,가축위생방역지원본부,OpenAPI product
KADX 농식품 공공데이터,전국 시군별 산란중추 사육규모 통계,"가축위생방역지원본부는 「가축전염병 예방법」 제9조제6항 제3호의2에 따라, 국가가축방역통합정보시스템을 통해 전국 가축사육시설 관련 정보를 체계적으로 수집·관리하고 있습니다. 본 데이터는 전국 시군별 가축 사육규모 현황을 최신 기준으로 집계한 통계자료로, 축산농가의 사육규모(호수·두수)를 시도별·시군별 단위로 구분하여 제공합니다. 자료의 용어해석은 다음과 같습니다. 1. 호수 : 가축을 사육하는 농가의 수 2. 두수(수수) : 사육중인 가축의 마릿수",https://data.mafra.go.kr/opendata/data/indexOpenDataDetail.do?data_id=20250904000000002725,가축위생방역지원본부,OpenAPI product
KADX 농식품 공공데이터,전국 시군별 산란종계 사육규모 통계,"가축위생방역지원본부는 「가축전염병 예방법」 제9조제6항 제3호의2에 따라, 국가가축방역통합정보시스템을 통해 전국 가축사육시설 관련 정보를 체계적으로 수집·관리하고 있습니다. 본 데이터는 전국 시군별 가축 사육규모 현황을 최신 기준으로 집계한 통계자료로, 축산농가의 사육규모(호수·두수)를 시도별·시군별 단위로 구분하여 제공합니다. 자료의 용어해석은 다음과 같습니다. 1. 호수 : 가축을 사육하는 농가의 수 2. 두수(수수) : 사육중인 가축의 마릿수",https://data.mafra.go.kr/opendata/data/indexOpenDataDetail.do?data_id=20250904000000002726,가축위생방역지원본부,OpenAPI product
KADX 농식품 공공데이터,전국 시군별 종오리 사육규모 통계,"가축위생방역지원본부는 「가축전염병 예방법」 제9조제6항 제3호의2에 따라, 국가가축방역통합정보시스템을 통해 전국 가축사육시설 관련 정보를 체계적으로 수집·관리하고 있습니다. 본 데이터는 전국 시군별 가축 사육규모 현황을 최신 기준으로 집계한 통계자료로, 축산농가의 사육규모(호수·두수)를 시도별·시군별 단위로 구분하여 제공합니다. 자료의 용어해석은 다음과 같습니다. 1. 호수 : 가축을 사육하는 농가의 수 2. 두수(수수) : 사육중인 가축의 마릿수",https://data.mafra.go.kr/opendata/data/indexOpenDataDetail.do?data_id=20250904000000002727,가축위생방역지원본부,OpenAPI product
KADX 농식품 공공데이터,분기별 시군별 축종별 질병검색 현황,"본 자료는 가축위생방역지원본부가 전국 시군별 축산농가를 대상으로 실시한 질병검색 현황을 정리한 것입니다. 방역사는 농장을 직접 방문하여 임상증상을 확인하고, 필요 시 시료채취를 통해 가축전염병 여부를 검사합니다.",https://data.mafra.go.kr/opendata/data/indexOpenDataDetail.do?data_id=20250904000000002749,가축위생방역지원본부,OpenAPI product
KADX 농식품 공공데이터,분기별 시군별 축종별 임상증상 발생현황,"임상증상은 설사, 폐사, 선회증상 등 가축전염병 발생 가능성을 조기 감지할 수 있는 주요 지표로 활용되며, 전화예찰 결과는 지역별 질병 발생 동향을 신속히 파악하는 데 기여합니다. 또한, 해당 데이터는 가축질병 예방예찰과 더불어 농가 자율방역 의식을 제고하고, 시군별 방역정책 수립 및 긴급 대응계획 마련에 활용됩니다.",https://data.mafra.go.kr/opendata/data/indexOpenDataDetail.do?data_id=20250904000000002748,가축위생방역지원본부,OpenAPI product
KADX 농식품 공공데이터,연도별 초동방역 투입현황,"본 자료는 시군별 방역 투입 패턴을 분석하여, 향후 가축전염병 발생 시 투입 인력 규모 및 대응 소요 기간을 예측하는 데 기여합니다. 이를 통해 중앙정부와 지자체는 신속하고 효과적인 방역 정책을 수립할 수 있으며, 농가 단위의 자율방역과 연계된 선제적 재난대응 체계를 강화할 수 있습니다. 본 현황자료는 국가 가축방역 대응능력 향상과 피해 최소화를 위한 핵심 기초자료로 제공됩니다.",https://data.mafra.go.kr/opendata/data/indexOpenDataDetail.do?data_id=20250904000000002747,가축위생방역지원본부,OpenAPI product
KADX 농식품 공공데이터,분기별 가축전염병 전화예찰 현황,"전화예찰은 농가와의 직접 통화를 통해 임상증상, 사육환경, 방역관리 상태를 확인하는 방식으로 진행되며, 이는 현장 출동 이전 단계에서 조기경보 기능을 수행하는 중요한 예방예찰 수단입니다. 또한, 시군별로 세분화된 현황자료를 제공함으로써 지방자치단체와 중앙정부가 지역별 특성을 반영한 재난대응 정책을 수립할 수 있도록 지원합니다. 특히, 반복적인 전화예찰을 통해 축산농가의 경각심을 제고하고, 의심 사례가 발생할 경우 신속한 현장 대응과 차단방역이 가능하도록 정보를 연계합니다.",https://data.mafra.go.kr/opendata/data/indexOpenDataDetail.do?data_id=20250904000000002746,가축위생방역지원본부,OpenAPI product
KADX 농식품 공공데이터,경북지원 콩 종자 LMO 모니터링 결과,"농림축산식품부 국립종자원 경북지원에서 보급종 콩 종자를 LMO(Living Modified Organisms, 유전자변형생물체) 모니터링 검사한 결과",https://data.mafra.go.kr/opendata/data/indexOpenDataDetail.do?data_id=20250901000000002708,국립종자원,OpenAPI product
KADX 농식품 공공데이터,한국농어촌공사_임차농지 현황,"전국 시군구별 임차농지현황에 대한 자료로 시군구 코드, 시군구명, 필지수, 면적에 대한 정보",https://data.mafra.go.kr/opendata/data/indexOpenDataDetail.do?data_id=20250828000000002705,한국농어촌공사,OpenAPI product
KADX 농식품 공공데이터,조직도 및 조직정보,"현행화된 조직도에 대해 농림축산식품부 대표 홈페이지에 업로드 조직도 및 조직정보 데이터로 조직전체이름, 조직이름에 대한 내용 제공",https://data.mafra.go.kr/opendata/data/indexOpenDataDetail.do?data_id=20250822000000002700,농림축산식품부,OpenAPI product
KADX 농식품 공공데이터,설명자료 목록,언론 보도기사에 대해 농림축산식품부 대표 홈페이지에 업로드 된 해명 및 설명자료,https://data.mafra.go.kr/opendata/data/indexOpenDataDetail.do?data_id=20250822000000002702,농림축산식품부,OpenAPI product
KADX 농식품 공공데이터,정책홍보 영상 목록,"농림축산식품부에서 제작하여 게시한 농업, 식품, 축산 등 다양한 정책 홍보 영상 리스트를 제공하여 농업 및 농촌 정책에 대한 이해도 제고 및 관련 콘텐츠 제작에 참고자료로 활용",https://data.mafra.go.kr/opendata/data/indexOpenDataDetail.do?data_id=20250822000000002701,농림축산식품부,OpenAPI product
KADX 농식품 공공데이터,한국농어촌공사_펌프 정보,"- 한국농어촌공사 용수시설통합운영관리시스템(TOMS) 양,배수장 펌프 정보 입니다. - 양수장이란 강이나 하천 및 호소의 물을 이용하기 위해 양수하여 관개하는 시설을 말하며 - 배수장이란 배수가 불량하거나 홍수 시 물이 하천이나 강 및 호소로 빠지지 못하여 농경지 등이 침수되는 경우 기계장치를 이용하여 담수되어 있는 물을 배수하는 시설을 말합니다. - 본 데이터는 펌프에 대한 제원 정보로 시설명, 시설종류, 펌프종류, 양배수, 구경, 유량, 전양정, 실양정, 회전수 데이터를 제공하고 있습니다.",https://data.mafra.go.kr/opendata/data/indexOpenDataDetail.do?data_id=20250822000000002698,한국농어촌공사,OpenAPI product
KADX 농식품 공공데이터,한국농어촌공사_연계시설정보,"한국농어촌공사 용수시설통합운영관리시스템(TOMS)에 연계된 한국전력(KEPCO) 데이터 연계 정보입니다. 양수장 배수장에 설치되어 있는 펌프가동 정보를 기반으로 매달 전력사용량, 전기요금의 데이터를 연계합니다. 본 데이터에는 본부, 지사명이 기재되어 있으며 가동 시설명칭 펌프코드 등이 있습니다. 설치된 펌프의 펌프유량, 펌프동력 등 제원값도 제공됩니다. 한국전력과 연계되어있는 연계코드 등도 제공되며, 한국농어촌공사에서는 해당 연계 데이터를 통해 농업용수 공급량을 산출하는데 이용됩니다.",https://data.mafra.go.kr/opendata/data/indexOpenDataDetail.do?data_id=20250822000000002699,한국농어촌공사,OpenAPI product
KADX 농식품 공공데이터,반려동물 미용업 현황(2024년 기준),"동물보호법에 따른 동물미용업 등록 현황 - 제공 정보 : 지역별 동물미용업 업체 현황, 전체 업체 수 대비 지역별 비율, 관련 종사자수 - 동물미용업 : 반려동물의 털, 피부 또는 발톱 등을 손질하거나 위생적으로 관리하는 영업(동물보호법 시행규칙 제43조) - 구분 지역 : 서울, 부산, 대구, 인천, 광주, 대전, 울산, 세종, 경기, 강원, 충북, 충남, 전북, 전남, 경북, 경남, 제주",https://data.mafra.go.kr/opendata/data/indexOpenDataDetail.do?data_id=20250814000000002696,농림축산식품부,OpenAPI product
KADX 농식품 공공데이터,동영상 강의자료(알기 쉬운 농정 이야기),농식품공무원교육원에서 제작한 연도별 농림축산식품부 주요 업무추진 계획에 대해 설명하는 교육 목적의 영상물입니다.,https://data.mafra.go.kr/opendata/data/indexOpenDataDetail.do?data_id=20250814000000002695,농식품공무원교육원,OpenAPI product
KADX 농식품 공공데이터,농식품 공공데이터포털 표준코드 정보,농식품 공공데이터포털 표준코드 정보입니다.,https://data.mafra.go.kr/opendata/data/indexOpenDataDetail.do?data_id=20250807000000002693,농림축산식품부,OpenAPI product
KADX 농식품 공공데이터,농기자재 수출기업육성사업 운영지침,농기자재 수출기업 육성사업 개요 및 사업시행 주요내용입니다.,https://data.mafra.go.kr/opendata/data/indexOpenDataDetail.do?data_id=20250806000000002692,농림축산식품부,OpenAPI product
KADX 농식품 공공데이터,농식품 공공데이터포털 코드그룹 목록 정보,농식품 공공데이터포털 코드그룹 목록 정보 입니다.,https://data.mafra.go.kr/opendata/data/indexOpenDataDetail.do?data_id=20250721000000002687,농림축산식품부,OpenAPI product
KADX 농식품 공공데이터,농식품 공공데이터포털 메뉴관리 정보,농식품 공공데이터포털 메뉴관리 정보 입니다.,https://data.mafra.go.kr/opendata/data/indexOpenDataDetail.do?data_id=20250721000000002685,농림축산식품부,OpenAPI product
KADX 농식품 공공데이터,농식품 공공데이터포털 시각화 데이터 항목 정보,농식품 공공데이터포털 시각화 데이터 항목 정보 입니다.,https://data.mafra.go.kr/opendata/data/indexOpenDataDetail.do?data_id=20250721000000002683,농림축산식품부,OpenAPI product
KADX 농식품 공공데이터,농식품 공공데이터포털 속성 컬럼 정보,농식품 공공데이터포털 속성 컬럼 정보 입니다.,https://data.mafra.go.kr/opendata/data/indexOpenDataDetail.do?data_id=20250721000000002684,농림축산식품부,OpenAPI product
KADX 농식품 공공데이터,농식품 공공데이터포털 행정구역 분류 정보,농식품 공공데이터포털 행정구역 분류 정보 입니다.,https://data.mafra.go.kr/opendata/data/indexOpenDataDetail.do?data_id=20250721000000002686,농림축산식품부,OpenAPI product
KADX 농식품 공공데이터,농식품 공공데이터포털 분류체계 목록 정보,농식품 공공데이터포털 분류체계 목록 정보 입니다.,https://data.mafra.go.kr/opendata/data/indexOpenDataDetail.do?data_id=20250721000000002688,농림축산식품부,OpenAPI product
KADX 농식품 공공데이터,조미채소류 생산유통가격 정보,"주요 조미채소류 생산, 도매시장, 소매가격 통합 데이터 셋",https://data.mafra.go.kr/opendata/data/indexOpenDataDetail.do?data_id=20250320000000002675,농림수산식품교육문화정보원,OpenAPI product
KADX 농식품 공공데이터,농작업 기준정보,농업ON에 현재까지 구축된 농작업 기준정보 데이터 셋,https://data.mafra.go.kr/opendata/data/indexOpenDataDetail.do?data_id=20250224000000002671,농림수산식품교육문화정보원,OpenAPI product
KADX 농식품 공공데이터,병해충별 유기농업자재 현황정보,병해충&유기농업자재 매칭 데이터,https://data.mafra.go.kr/opendata/data/indexOpenDataDetail.do?data_id=20250224000000002668,농림수산식품교육문화정보원,OpenAPI product
KADX 농식품 공공데이터,지역별 농업종사자 고용현황,농업종사자 정보와 외국인 계절근로자 배정 시군별 통합 셋,https://data.mafra.go.kr/opendata/data/indexOpenDataDetail.do?data_id=20250224000000002667,농림수산식품교육문화정보원,OpenAPI product
KADX 농식품 공공데이터,지역별 농산업기관 정보,"직매장, 자재사(유기/일반), 농협, 하나로마트, 농업기술센터 위치, 연락처 통합 데이터셋",https://data.mafra.go.kr/opendata/data/indexOpenDataDetail.do?data_id=20250224000000002670,농림수산식품교육문화정보원,OpenAPI product
KADX 농식품 공공데이터,병해충별 농업자재 현황정보,병해충&농업자재 작용 기작 매칭 데이터,https://data.mafra.go.kr/opendata/data/indexOpenDataDetail.do?data_id=20250224000000002669,농림수산식품교육문화정보원,OpenAPI product
KADX 농식품 공공데이터,영농폐기물 집하장 및 발생 정보,"폐기물집하장, 폐기물 발생 정보 데이터 셋",https://data.mafra.go.kr/opendata/data/indexOpenDataDetail.do?data_id=20250224000000002672,농림수산식품교육문화정보원,OpenAPI product
KADX 농식품 공공데이터,지역별 누적 강수량 및 농업용수 저수율 정보,"시도별, 월별, 연간 누적강수· 저수율 평년비교 통합 데이터셋",https://data.mafra.go.kr/opendata/data/indexOpenDataDetail.do?data_id=20250220000000002661,농림수산식품교육문화정보원,OpenAPI product
KADX 농식품 공공데이터,복합환경제어기 수집기준정보,주요 복합환경제어기 업체별 수집 기준정보 통합데이터셋,https://data.mafra.go.kr/opendata/data/indexOpenDataDetail.do?data_id=20250224000000002673,농림수산식품교육문화정보원,OpenAPI product
KADX 농식품 공공데이터,자조금단체 현황정보,대표 자조금단체 기초현황정보 통합셋,https://data.mafra.go.kr/opendata/data/indexOpenDataDetail.do?data_id=20250224000000002674,농림수산식품교육문화정보원,OpenAPI product
KADX 농식품 공공데이터,기상관측 결합정보,"농진청 농업기상, 기상청 기상정보 결합셋",https://data.mafra.go.kr/opendata/data/indexOpenDataDetail.do?data_id=20250221000000002663,농림수산식품교육문화정보원,OpenAPI product
KADX 농식품 공공데이터,"기상특보, 농작물 재해보험 결합 정보",기상특보&농작물재해보험 정보 매칭 데이터,https://data.mafra.go.kr/opendata/data/indexOpenDataDetail.do?data_id=20250221000000002664,농림수산식품교육문화정보원,OpenAPI product
KADX 농식품 공공데이터,동물등록 정보조회,"반려동물이름, 성별, 품종, 중성화여부, 담당기관 등의 정보를 제공",https://data.mafra.go.kr/opendata/data/indexOpenDataDetail.do?data_id=20250214000000002655,농림축산검역본부,OpenAPI product
KADX 농식품 공공데이터,구조동물 조회,"반려동물이름, 성별, 품종, 중성화여부, 담당기관 등의 정보를 제공",https://data.mafra.go.kr/opendata/data/indexOpenDataDetail.do?data_id=20250214000000002656,농림축산검역본부,OpenAPI product
KADX 농식품 공공데이터,분실동물 조회,"반려동물이름, 성별, 품종, 중성화여부, 담당기관 등의 정보를 제공",https://data.mafra.go.kr/opendata/data/indexOpenDataDetail.do?data_id=20250214000000002657,농림축산검역본부,OpenAPI product
KADX 농식품 공공데이터,구조동물 통계 조회,"반려동물이름, 성별, 품종, 중성화여부, 담당기관 등의 정보를 제공",https://data.mafra.go.kr/opendata/data/indexOpenDataDetail.do?data_id=20250214000000002658,농림축산검역본부,OpenAPI product
KADX 농식품 공공데이터,동물보호센터 정보 조회,"반려동물이름, 성별, 품종, 중성화여부, 담당기관 등의 정보를 제공",https://data.mafra.go.kr/opendata/data/indexOpenDataDetail.do?data_id=20250214000000002659,농림축산검역본부,OpenAPI product
KADX 농식품 공공데이터,반려동물 등록대행업체 조회,"반려동물이름, 성별, 품종, 중성화여부, 담당기관 등의 정보를 제공",https://data.mafra.go.kr/opendata/data/indexOpenDataDetail.do?data_id=20250214000000002660,농림축산검역본부,OpenAPI product
KADX 농식품 공공데이터,축산물 유통정보조사 보고서,"국내산 및 수입산 축산물 총 11개 품목(국내산 축산물 6개 품목, 국내산 부산물 2개 품목, 수입산 축산물 2개 품목, 수입산 부산물 2개 품목)에 대한 유통경로, 유통비용, 거래가격 등을 조사 분석",https://data.mafra.go.kr/opendata/data/indexOpenDataDetail.do?data_id=20250124000000002652,농림축산식품부,OpenAPI product
KADX 농식품 공공데이터,농업진흥구역에서의 허용행위 및 농지전용허가 제한시설,"농업진흥구역에서는 설치할 수 있는 시설별 종류 및 규모가 엄격히 제한되는데, 농업진흥구역에서 설치할 수 있는 시설 및 규모를 건축법 시행령 별표1에 따른 용도별 건축물 종류 구분에 따라 정리하여 손쉽게 확인할 수 있는 자료임",https://data.mafra.go.kr/opendata/data/indexOpenDataDetail.do?data_id=20241230000000002645,농림축산식품부,OpenAPI product
KADX 농식품 공공데이터,농업보호구역에서의 허용행위 및 농지전용허가 제한시설,"농업보호구역에서는 설치할 수 있는 시설별 종류 및 규모가 엄격히 제한되는데, 농업보호구역에서 설치할 수 있는 시설 및 규모를 건축법 시행령 별표1에 따른 용도별 건축물 종류 구분에 따라 정리하여 손쉽게 확인할 수 있는 자료임",https://data.mafra.go.kr/opendata/data/indexOpenDataDetail.do?data_id=20241230000000002644,농림축산식품부,OpenAPI product
KADX 농식품 공공데이터,농업진흥지역 밖에서의 허용행위 및 농지전용허가 제한시설,"농지를 농업경영 외의 목적으로 전용하려는 경우 그 설치할 수 있는 시설과 종류가 제한되어 있으며, 농지법령에 따라 농지를 전용하여 설치할 수 있는 시설 및 규모를 보기 쉽게 정리한 자료임",https://data.mafra.go.kr/opendata/data/indexOpenDataDetail.do?data_id=20241230000000002646,농림축산식품부,OpenAPI product
KADX 농식품 공공데이터,농지전용신고 시설의 범위 및 규모,"농지를 농업경영 등 다른목적으로 사용하려는 경우 농지전용허가를 받아야 하나, 특정 요건을 만족하는 시설은 농지전용 신고로 갈음할 수 있음. 농지전용신고의 대상이 되는 시설을 보기 쉽게 정리한 자료임",https://data.mafra.go.kr/opendata/data/indexOpenDataDetail.do?data_id=20241230000000002647,농림축산식품부,OpenAPI product
KADX 농식품 공공데이터,2024년4분기 국내 검역시행장 현황,국내 동축산물 검역시행장 현황,https://data.mafra.go.kr/opendata/data/indexOpenDataDetail.do?data_id=20250117000000002651,농림축산검역본부,OpenAPI product
KADX 농식품 공공데이터,축산물 근육도감,"주요 축산물로 소비되는 가축(소, 돼지,닭, 오리)의 대분할 부위명, 소분할 부위명, 생산량, 용도, 명칭, 영양소 구성, 발골 방법 등의 정보를 제공",https://data.mafra.go.kr/opendata/data/indexOpenDataDetail.do?data_id=20241006000000002641,농림축산식품부,OpenAPI product
KADX 농식품 공공데이터,농식품 공공데이터 포털 민간데이터 정보,농식품 공공데이터 포털 민간데이터 정보,https://data.mafra.go.kr/opendata/data/indexOpenDataDetail.do?data_id=20240912000000002639,농림축산식품부,OpenAPI product
KADX 농식품 공공데이터,농식품 공공데이터 포털 시각화 데이터 정보,농식품 공공데이터 포털 시각화 데이터 정보,https://data.mafra.go.kr/opendata/data/indexOpenDataDetail.do?data_id=20240912000000002640,농림축산식품부,OpenAPI product
KADX 농식품 공공데이터,농식품 공공데이터 포털 데이터 목록 정보,농식품 공공데이터 포털 데이터 목록 정보,https://data.mafra.go.kr/opendata/data/indexOpenDataDetail.do?data_id=20240912000000002635,농림축산식품부,OpenAPI product
KADX 농식품 공공데이터,농식품 공공데이터 포털 만족도 정보,농식품 공공데이터 포털 만족도 정보,https://data.mafra.go.kr/opendata/data/indexOpenDataDetail.do?data_id=20240912000000002638,농림축산식품부,OpenAPI product
KADX 농식품 공공데이터,농식품 공공데이터 포털 데이터셋 정보,농식품 공공데이터 포털 데이터셋 정보,https://data.mafra.go.kr/opendata/data/indexOpenDataDetail.do?data_id=20240912000000002637,농림축산식품부,OpenAPI product
KADX 농식품 공공데이터,농식품 공공데이터 포털 기관 정보,농식품 공공데이터 포털 기관 정보,https://data.mafra.go.kr/opendata/data/indexOpenDataDetail.do?data_id=20240912000000002634,농림축산식품부,OpenAPI product
KADX 농식품 공공데이터,농림축산식품부 국립종자원_교육만족도 조사 질문 문항,"국제종자생명교육센터에서 교육과정을 수료한 교육생들을 대상으로 실시하는 설문조사 질문지 대한 데이터로, 조사항목, 질문내용, 응답유형, 응답지문의 항목을 제공합니다.",https://data.mafra.go.kr/opendata/data/indexOpenDataDetail.do?data_id=20240909000000002633,국립종자원,OpenAPI product
KADX 농식품 공공데이터,한국농수산대학교 입시 결과,"한국농수산대학교 모집전형, 모집인원, 경쟁률 및 합격자 평균 등급이 포함된 입시 결과 데이터",https://data.mafra.go.kr/opendata/data/indexOpenDataDetail.do?data_id=20240903000000002631,한국농수산대학,OpenAPI product
KADX 농식품 공공데이터,농림축산식품부 국립종자원_본지원 현황_20240827,"국립종자원이 보유한 종자관리통합시스템에서 추출한 관리 코드와 국립종자원 조직 정보로 본원 및 지원의 이름, 행정 전화번호, 행정 팩스 번호, 본원 지원의 주소와 보급종 관련 각 지원의 관할 구역에 관한 정보",https://data.mafra.go.kr/opendata/data/indexOpenDataDetail.do?data_id=20240903000000002632,국립종자원,OpenAPI product
KADX 농식품 공공데이터,종자산업 현황조사,"종자산업 육성 5개년 계획 수립 등 효율적인 정책 추진과 산,학,연에서 활용 가능한 신뢰도 있는 맞춤형 종자산업 통계자료 생산 및 제공",https://data.mafra.go.kr/opendata/data/indexOpenDataDetail.do?data_id=20240828000000002624,국립종자원,OpenAPI product
KADX 농식품 공공데이터,농림축산식품부 1천만원 이상 계약현황(2025),"2025년 7월 기준 농림축산식품부에서 체결한 1천만원 이상 계약현황(계약명, 내용, 계약일, 종료일, 계약방법, 계약형태, 업체) 자료입니다.",https://data.mafra.go.kr/opendata/data/indexOpenDataDetail.do?data_id=20240827000000002623,농림축산식품부,OpenAPI product
KADX 농식품 공공데이터,그린하트 기부내역,우리 부 직원들이 자발적으로 모금한 성금인 그린하트의 기부내역입니다.,https://data.mafra.go.kr/opendata/data/indexOpenDataDetail.do?data_id=20240826000000002622,농림축산식품부,OpenAPI product
KADX 농식품 공공데이터,기본형 공익직불금 안내서(1장),기본형 공익직불금 안내(실무자용),https://data.mafra.go.kr/opendata/data/indexOpenDataDetail.do?data_id=20240829000000002625,농림축산식품부,OpenAPI product
KADX 농식품 공공데이터,2025 기본형공익직불사업 시행지침서,기본형공익직불사업 시행지침서,https://data.mafra.go.kr/opendata/data/indexOpenDataDetail.do?data_id=20240829000000002626,농림축산식품부,OpenAPI product
KADX 농식품 공공데이터,럼피스킨(LSD) 발생 현황,국내 럼피스킨병(LSD) 발생 현황,https://data.mafra.go.kr/opendata/data/indexOpenDataDetail.do?data_id=20240807000000002612,농림축산식품부,OpenAPI product
KADX 농식품 공공데이터,동물용의약품산업 종합지원사업 시행지침,동물용의약품산업 종합지원사업 시행지침,https://data.mafra.go.kr/opendata/data/indexOpenDataDetail.do?data_id=20240807000000002615,농림축산식품부,OpenAPI product
KADX 농식품 공공데이터,농식품 공공데이터 포털 API 메시지 정보,농식품 공공데이터포털 API 정보,https://data.mafra.go.kr/opendata/data/indexOpenDataDetail.do?data_id=20240806000000002610,농림축산식품부,OpenAPI product
KADX 농식품 공공데이터,농식품 공공데이터 포털 API 데이터 정보,농식품 공공데이터포털 API 정보,https://data.mafra.go.kr/opendata/data/indexOpenDataDetail.do?data_id=20240806000000002609,농림축산식품부,OpenAPI product
KADX 농식품 공공데이터,농식품 공공·빅데이터 활용 창업경진대회 정보,농식품 공공·빅데이터 활용 창업경진대회 정보,https://data.mafra.go.kr/opendata/data/indexOpenDataDetail.do?data_id=20240806000000002608,농림축산식품부,OpenAPI product
KADX 농식품 공공데이터,농식품 공공데이터포털 활용사례 정보,농식품 공공데이터포털 활용사례 정보,https://data.mafra.go.kr/opendata/data/indexOpenDataDetail.do?data_id=20240806000000002607,농림축산식품부,OpenAPI product
KADX 농식품 공공데이터,농식품 공공데이터포털 데이터 분석 신청 정보,농식품 공공데이터포털 데이터 분석 신청 정보,https://data.mafra.go.kr/opendata/data/indexOpenDataDetail.do?data_id=20240806000000002606,농림축산식품부,OpenAPI product
KADX 농식품 공공데이터,중동·북아프리카 주요국 식량 시장 동향 및 스마트팜 진출전략,"물부족과 기후변화 등 환경적 제약을 극복하고, 수급차질로 인한 식량안보 문제에 대응하기 위한 방안으로 중동과 북아프리카 지역에서도 스마트팜을 도입하고 있으며, 스마트팜을 통해 식량안보 강화와 지속가능한 농업발전을 목표하고 있음. 본 데이터는 중동과 북아프리카 지역의 식량시장 동향과 스마트팜 진출전략을 담고있음.",https://data.mafra.go.kr/opendata/data/indexOpenDataDetail.do?data_id=20240807000000002613,농림축산식품부,OpenAPI product
KADX 농식품 공공데이터,농촌체험휴양마을 업무매뉴얼(2024),농촌체험휴양마을 업무매뉴얼(2024),https://data.mafra.go.kr/opendata/data/indexOpenDataDetail.do?data_id=20240729000000002600,농림축산식품부,OpenAPI product
KADX 농식품 공공데이터,원예농산물 산지유통시설 현황,원예농산물 산지유통시설 현황 자료집,https://data.mafra.go.kr/opendata/data/indexOpenDataDetail.do?data_id=20240729000000002601,농림축산식품부,OpenAPI product
KADX 농식품 공공데이터,농림축산식품부 적극행정 우수사례,공무원이 불합리한 규제를 개선하는 등 공공의 이익을 위해 창의성과 전문성을 바탕으로 적극적으로 업무를 처리하는 적극행정에 대한 우수사례임,https://data.mafra.go.kr/opendata/data/indexOpenDataDetail.do?data_id=20240726000000002599,농림축산식품부,OpenAPI product
KADX 농식품 공공데이터,수입농산물유통이력 품목별 신고현황,수입농산물유통이력 신고와 관련된 정보,https://data.mafra.go.kr/opendata/data/indexOpenDataDetail.do?data_id=20240724000000002593,국립농산물품질관리원,OpenAPI product
KADX 농식품 공공데이터,아프리카돼지열병 및 고병원성조류인플루엔자 발생현황,아프리카돼지열병 및 고병원성 조류인플루엔자 발생현황 및 주요 미흡사항 통계 자료,https://data.mafra.go.kr/opendata/data/indexOpenDataDetail.do?data_id=20170913000000000801,농림축산검역본부,OpenAPI product
KADX 농식품 공공데이터,농기계별 농기계종합보험 가입현황,농기계별 농기계종합보험 가입현황,https://data.mafra.go.kr/opendata/data/indexOpenDataDetail.do?data_id=20240724000000002594,농림축산식품부,OpenAPI product
KADX 농식품 공공데이터,한식진흥원_한식메뉴 외국어표기 길라잡이 800선,"외국인이 한식을 보다 쉽고 정확하게 이해하면서 즐길 수 있도록 한식메뉴의 외국어 표기를 4개국어(한·영·중·일)로 번역하여 메뉴명을 표기하고 , 간략한 설명과 음식사진을 곁들여 '한식메뉴 외국어표기 길라잡이'에 담았습니다.",https://data.mafra.go.kr/opendata/data/indexOpenDataDetail.do?data_id=20240725000000002598,한식진흥원,OpenAPI product
KADX 농식품 공공데이터,(대체)농지조성비 고시단가 연혁,농지를 전용할 때 부과하는 舊 「농지의 보전 및 이용에 관한 법률」에 따른 농지조성비 및 구 「농지법」에 따른 대체농지조성비의 평 또는 제곱미터당 부과 단가 고시 연혁을 정리한 자료,https://data.mafra.go.kr/opendata/data/indexOpenDataDetail.do?data_id=20240719000000002589,농림축산식품부,OpenAPI product
KADX 농식품 공공데이터,농업인안전보험 시도별 가입현황,농업인안전보험 시도별 가입현황,https://data.mafra.go.kr/opendata/data/indexOpenDataDetail.do?data_id=20240717000000002587,농림축산식품부,OpenAPI product
KADX 농식품 공공데이터,2023년 농식품공무원교육원 교육훈련 통계자료,2023년 농식품공무원교육원 교육훈련 통계자료입니다.,https://data.mafra.go.kr/opendata/data/indexOpenDataDetail.do?data_id=20240717000000002586,농식품공무원교육원,OpenAPI product
KADX 농식품 공공데이터,격리재배검역 명령 현황,연도별 격리재배검역 명령 현황,https://data.mafra.go.kr/opendata/data/indexOpenDataDetail.do?data_id=20240716000000002585,농림축산검역본부,OpenAPI product
KADX 농식품 공공데이터,한국농어촌공사_재난재해 홍수조절 방류현황,"재난, 재해 등 비상상황 발생시 한국농어촌공사 관리시설의 홍수조절 방류 현황 정보(재해현황, 시설코드, 시설명, 작성일, 수혜면적, 만수위, 홍수위, 개폐시작시간, 개폐종료시간)를 제공",https://data.mafra.go.kr/opendata/data/indexOpenDataDetail.do?data_id=20240704000000002562,한국농어촌공사,OpenAPI product
KADX 농식품 공공데이터,한국농어촌공사_지하수 단위면적당 이용량,농어촌지하수관리시스템에서 제공하는 농어촌지하수관리조사 결과 분석된 전국 단위 리별 지하수 단위면적당이용량(천㎥/년/㎢) 정보,https://data.mafra.go.kr/opendata/data/indexOpenDataDetail.do?data_id=20240704000000002576,한국농어촌공사,OpenAPI product
KADX 농식품 공공데이터,한국농어촌공사_지하수 관정밀도,농어촌지하수관리시스템에서 제공하는 농어촌지하수관리조사 결과 분석된 전국 단위 리별 지하수 관정밀도(공/㎢) 정보,https://data.mafra.go.kr/opendata/data/indexOpenDataDetail.do?data_id=20240704000000002577,한국농어촌공사,OpenAPI product
KADX 농식품 공공데이터,한국농어촌공사_지하수 오염예측도,농어촌지하수관리조사 결과 분석된 지하수 오염예측도(DRASTIC INDEX모델+단위면적당오염발생부하량)정보 ※ DRASTIC D: 지하수면의 깊이 R: 지하수 함양량 A: 대수층의 구성매질 S: 지표토양의 구성매질 T: 지형 I: 비포화대 매질의 영향 C: 대수층의 수리전도도,https://data.mafra.go.kr/opendata/data/indexOpenDataDetail.do?data_id=20240704000000002568,한국농어촌공사,OpenAPI product
KADX 농식품 공공데이터,한국농어촌공사_지하수 전기전도도 등고선,농어촌 지하수 관리시스템에서 제공하는 농어촌지하수관리조사 결과 분석된 전국 지하수 전기전도도(EC)등고선 자료,https://data.mafra.go.kr/opendata/data/indexOpenDataDetail.do?data_id=20240704000000002572,한국농어촌공사,OpenAPI product
KADX 농식품 공공데이터,한국농어촌공사_농업기반시설 안전점검결과,"한국농어촌공사 관리시설(저수지, 양수장 등) 안전점검 결과에 대한 정보입니다. 안전점검 결과에 대한 기본정보(본부명, 지사명, 표준시설코드, 시설명, 시설구분, 점검일시, 점검자, 점검결과(등급))를 제공합니다.",https://data.mafra.go.kr/opendata/data/indexOpenDataDetail.do?data_id=20240704000000002560,한국농어촌공사,OpenAPI product
KADX 농식품 공공데이터,한국농어촌공사_지하수 수두 등고선,농어촌 지하수 관리시스템에서 제공하는 농어촌지하수관리조사 결과 분석된 지하수 수두등고선 * 수두: 지하수면의 해발고도(m),https://data.mafra.go.kr/opendata/data/indexOpenDataDetail.do?data_id=20240704000000002567,한국농어촌공사,OpenAPI product
KADX 농식품 공공데이터,한국농어촌공사_지하수 수위 등고선,농어촌지하수관리시스템에서 제공하는 농어촌지하수관리조사 결과 분석된 전국 지하수 수위등고선 * 수위: 지표면에서 지하수면까지의 높이,https://data.mafra.go.kr/opendata/data/indexOpenDataDetail.do?data_id=20240704000000002566,한국농어촌공사,OpenAPI product
KADX 농식품 공공데이터,한국농어촌공사_지하수 수량관리지역,농어촌 지하수 관리시스템에서 제공하는 농어촌지하수관리조사 결과가 분석된 전국 리 단위별 지하수 수량관리지역 정보,https://data.mafra.go.kr/opendata/data/indexOpenDataDetail.do?data_id=20240704000000002565,한국농어촌공사,OpenAPI product
KADX 농식품 공공데이터,한국농어촌공사_농촌지하수관리 보고서,농어촌지역 지하수의 효율적 개발 및 관리 - 농어촌용수구역별 지하수 현황조사/분석을 통한 용수이용 및 시설물 관리 대책 수립 시행 - 지하수사업 재정 투입 적정성 판단의 기초자료로 활용,https://data.mafra.go.kr/opendata/data/indexOpenDataDetail.do?data_id=20240704000000002564,한국농어촌공사,OpenAPI product
KADX 농식품 공공데이터,한국농어촌공사_지하수 수맥지구,"전국 지하수를 대상으로 시추조사, 탐사를 위한 수맥조사지구와 탐사를 위한 분산지구에 대한 공간정보로 위치, 면적, 수량 및 수맥관정 정보를 제공",https://data.mafra.go.kr/opendata/data/indexOpenDataDetail.do?data_id=20240704000000002579,한국농어촌공사,OpenAPI product
KADX 농식품 공공데이터,한국농어촌공사_농업생산기반정비통계연보_용배수로현황,농업생산기반정비실적을 기록 보존하여 농업생산기반시설의 효율적인 유지관리와 농정시책 수립자료 활용을 위해 매년 발간하고 있는 농업생산기반정비통계연보 중 용배수로 현황에 대한 데이터 입니다.,https://data.mafra.go.kr/opendata/data/indexOpenDataDetail.do?data_id=20240704000000002561,한국농어촌공사,OpenAPI product
KADX 농식품 공공데이터,한국농어촌공사_하류하천 지역 비상대처 대피소 정보,"재난, 재해 등 비상상황 발생시 비상대처 대피장소에 대한정보(본부명, 지사명, 표준시설코드, 시설명, 대피소명, 소재지, 전화번호, 수용가능인원)을 제공",https://data.mafra.go.kr/opendata/data/indexOpenDataDetail.do?data_id=20240704000000002563,한국농어촌공사,OpenAPI product
KADX 농식품 공공데이터,한국농어촌공사_지하수 질산성질소 등고선,농어촌지하수관리시스템에서 제공하는 농어촌지하수관리조사 결과 분석된 전국 지하수 질산성질소(NO3-N)등고선,https://data.mafra.go.kr/opendata/data/indexOpenDataDetail.do?data_id=20240704000000002578,한국농어촌공사,OpenAPI product
KADX 농식품 공공데이터,한국농어촌공사_시추개발관정,"한국농어촌공사에서 1970년 이후 직영 시추개발한 지하수 관정정보 관정코드, PNU코드, TMX, TMY, 관리구분, 개발년도 표기",https://data.mafra.go.kr/opendata/data/indexOpenDataDetail.do?data_id=20240704000000002571,한국농어촌공사,OpenAPI product
KADX 농식품 공공데이터,한국농어촌공사_지하수 관정현황,농어촌지하수관리시스템에 등재된 데이터 중 농촌지하수자원관리조사에서 현장조사한 지하수 관정의 위치정보 및 제원 정보,https://data.mafra.go.kr/opendata/data/indexOpenDataDetail.do?data_id=20240704000000002570,한국농어촌공사,OpenAPI product
KADX 농식품 공공데이터,농업기반시설 시설제원 취입보,"한국농어촌공사 농업기반시설제원 취입보에 대한 정보입니다. 취입보에 대한 기본정보(표준시설코드,시설명,소재지,착공년도,준공년도,종별,구분,유역면적,홍수면적,만수면적,수혜면적 등)을 제공합니다.",https://data.mafra.go.kr/opendata/data/indexOpenDataDetail.do?data_id=20240704000000002557,한국농어촌공사,OpenAPI product
KADX 농식품 공공데이터,농업기반시설 시설제원 집수암거,"한국농어촌공사 농업기반시설제원 집수암거에 대한 정보입니다. 집수암거에 대한 기본정보(표준시설코드,시설명,소재지,착공년도,준공년도,종별,구분,유역면적,홍수면적,만수면적,수혜면적 등)을 제공합니다.",https://data.mafra.go.kr/opendata/data/indexOpenDataDetail.do?data_id=20240704000000002558,한국농어촌공사,OpenAPI product
KADX 농식품 공공데이터,농업기반시설 시설제원-양배수장,"한국농어촌공사 농업기반시설제원 양배수장에 대한 정보입니다. 양배수장에 대한 기본정보(표준시설코드,시설명,소재지,착공년도,준공년도,종별,구분,유역면적,홍수면적,만수면적,수혜면적 등)을 제공합니다.",https://data.mafra.go.kr/opendata/data/indexOpenDataDetail.do?data_id=20240704000000002556,한국농어촌공사,OpenAPI product
KADX 농식품 공공데이터,한국농어촌공사_지하수 오염취약성도,농어촌지하수관리조사 결과 분석된 지하수 오염취약성도(DRASTIC INDEX모델) 정보 ※ DRASTIC D: 지하수면의 깊이 R: 지하수 함양량 A: 대수층의 구성매질 S: 지표토양의 구성매질 T: 지형 I: 비포화대 매질의 영향 C: 대수층의 수리전도도,https://data.mafra.go.kr/opendata/data/indexOpenDataDetail.do?data_id=20240704000000002569,한국농어촌공사,OpenAPI product
KADX 농식품 공공데이터,한국농어촌공사_지하수 수질관리지역,농어촌지하수관리시스템에서 제공하는 농어촌지하수관리조사 결과가 분석된 전국 리 단위별 지하수 수질관리지역 정보,https://data.mafra.go.kr/opendata/data/indexOpenDataDetail.do?data_id=20240704000000002574,한국농어촌공사,OpenAPI product
KADX 농식품 공공데이터,한국농어촌공사_지하수 수소이온농도 등고선,농어촌지하수 관리시스템에서 제공하는 농어촌지하수관리조사 결과 분석된 전국 지하수 수소이온농도(pH) 등고선,https://data.mafra.go.kr/opendata/data/indexOpenDataDetail.do?data_id=20240704000000002573,한국농어촌공사,OpenAPI product
KADX 농식품 공공데이터,한국농어촌공사_농지관리기금 국가회계 손익계산서,농지관리기금을 한해 동안 운용하고 그에 대한 결산을 수행하였습니다. 결산 수행 후 생성한 결산보고서 중에서 손익계산서입니다.,https://data.mafra.go.kr/opendata/data/indexOpenDataDetail.do?data_id=20240703000000002549,한국농어촌공사,OpenAPI product
KADX 농식품 공공데이터,한국농어촌공사_지구 공구 토지정보,"한국농어촌공사 조성토지 데이터로 토지구분,행정구역코드,지구,공구,지번구분,지번,면적 정보를 제공합니다.",https://data.mafra.go.kr/opendata/data/indexOpenDataDetail.do?data_id=20240703000000002547,한국농어촌공사,OpenAPI product
KADX 농식품 공공데이터,논가뭄지도,논 가뭄에 대한 가뭄 정보와 변경된 저수율을 시군별로 나타내는 것 작성 기준일에 따른 가뭄 정보(N-현재)(1-1개월)(2-2개월)(3-3개월),https://data.mafra.go.kr/opendata/data/indexOpenDataDetail.do?data_id=20240703000000002552,한국농어촌공사,OpenAPI product
KADX 농식품 공공데이터,가뭄예경보 자료,가뭄전망 현재일 기준으로 1개월 -2개월-3개월순으로 정상 주위 심함 매우심함을 표현 가뭄전망 : 0:정상 1:주의 2:심함 3:매우심함,https://data.mafra.go.kr/opendata/data/indexOpenDataDetail.do?data_id=20240703000000002551,한국농어촌공사,OpenAPI product
KADX 농식품 공공데이터,한국농어촌공사_조성토지 임대계약현황,"한국농어촌공사 조성토지 임대 계약 현황 데이터로 계약번호, 지구,공구,계약일, 필지수, 면적 정보를 제공합니다.",https://data.mafra.go.kr/opendata/data/indexOpenDataDetail.do?data_id=20240703000000002546,한국농어촌공사,OpenAPI product
KADX 농식품 공공데이터,축산물등급판정통계연보_소_일평균_판정물량별_도축장개소수,"매년 발간되는 축산물등급판정통계연보에서 소고기, 소도체 , 소에 관한 통계정보 입니다.",https://data.mafra.go.kr/opendata/data/indexOpenDataDetail.do?data_id=20240703000000002542,축산물품질평가원,OpenAPI product
KADX 농식품 공공데이터,한국농어촌공사_농지보전부담금 부과 통계,"농지보전부담금 부과관련 통계자료로 집계월, 통계형태, 관할청, 발생근거, 납입문서, 농지별 면적/금액/건수 자료를 제공함",https://data.mafra.go.kr/opendata/data/indexOpenDataDetail.do?data_id=20240703000000002548,한국농어촌공사,OpenAPI product
KADX 농식품 공공데이터,축산물등급판정통계연보_소_품종별_등급판정결과,"매년 발간되는 축산물등급판정통계연보에서 소고기, 소도체 , 소에 관한 통계정보 입니다.",https://data.mafra.go.kr/opendata/data/indexOpenDataDetail.do?data_id=20240703000000002541,축산물품질평가원,OpenAPI product
KADX 농식품 공공데이터,시설뚝높이기정보,저수지 뚝높이기 시설의 사업 전의 유효저수량과 증고 후 유효저수량을 숫자로 표현한 값으로 저수지 뚝높이기 전과 후의 요효저수량 차이를 볼 수 있음,https://data.mafra.go.kr/opendata/data/indexOpenDataDetail.do?data_id=20240703000000002554,한국농어촌공사,OpenAPI product
KADX 농식품 공공데이터,한국농어촌공사_농지관리기금 국가회계 재정운영표,농지관리기금을 한해 동안 운용하고 그에 대한 결산을 수행하였습니다. 결산 수행 후 생성한 결산보고서중에서 재정운영표입니다.,https://data.mafra.go.kr/opendata/data/indexOpenDataDetail.do?data_id=20240703000000002550,한국농어촌공사,OpenAPI product
KADX 농식품 공공데이터,시설기본정보,공사관리 저수지의 수원공타입과 시설명 유효저수량 및 유효면적 수혜면적 및 위치정보를 포함하는 자료 수원공타입(주-M)(보조-S)(부속-I),https://data.mafra.go.kr/opendata/data/indexOpenDataDetail.do?data_id=20240703000000002553,한국농어촌공사,OpenAPI product
KADX 농식품 공공데이터,"국가 항생제 사용 및 내성 모니터링(동물, 축산물)",국내 축산및 반려동물 항생제 사용 및 내성 실태 조사,https://data.mafra.go.kr/opendata/data/indexOpenDataDetail.do?data_id=20240702000000002518,농림축산검역본부,OpenAPI product
KADX 농식품 공공데이터,축산물등급판정통계연보_소_품종별_성별_육질_육량등급별_출현율,"축산물등급판정통계연보 2023년, 1-3 표의 소 품종별 성별 육질, 육량등급별 출현율에 대한 데이터를 제공합니다. 소 품종별 성별 육질등급별 출현율과 품종별 성별 육량등급별 출현율을 제공합니다. 육량등급은 A, B, C가 있으며 육질등급은 1++, 1+, 1, 2, 3등급 및 등외가 있습니다.",https://data.mafra.go.kr/opendata/data/indexOpenDataDetail.do?data_id=20240702000000002511,축산물품질평가원,OpenAPI product
KADX 농식품 공공데이터,한국농어촌공사_농지연금사업 연금액 규모별 통계,한국농어촌공사 농지연금사업 가입자의 연도별 월 연금수령액을 규모별로 구분하여 2011년부터 현재까지 가입 건수 통계 자료 입니다.,https://data.mafra.go.kr/opendata/data/indexOpenDataDetail.do?data_id=20240702000000002508,한국농어촌공사,OpenAPI product
KADX 농식품 공공데이터,한국농어촌공사_농지은행 홍보정보,한국농어촌공사에서 농지은행사업 및 농지연금사업의 활성화를 위해 홍보한 내역을 링크주소로 제공하는 데이터 입니다.,https://data.mafra.go.kr/opendata/data/indexOpenDataDetail.do?data_id=20240702000000002509,한국농어촌공사,OpenAPI product
KADX 농식품 공공데이터,한국농어촌공사_연도별 가입자 연령별 농지연금 가입내역 통계,한국농어촌공사 농지연금사업의 연도별 가입자 가입연령을 2011년부터 현재까지 통계자료로 작성한 데이터 입니다.,https://data.mafra.go.kr/opendata/data/indexOpenDataDetail.do?data_id=20240702000000002510,한국농어촌공사,OpenAPI product
KADX 농식품 공공데이터,한국농어촌공사_연계 시설 코드 분류표,한국농어촌공사에서 운영하고 있는 용수시설통합운영관리시스템(TOMS)에서 사용하는 시설 코드 분류표 입니다. 내부시스템의 데이터를 활용할때 사용하시면 됩니다.,https://data.mafra.go.kr/opendata/data/indexOpenDataDetail.do?data_id=20240702000000002519,한국농어촌공사,OpenAPI product
KADX 농식품 공공데이터,한국농어촌공사_수위 관측소 정보 데이터,"홍수통제소에서 받은 하천 위치정보 입니다. 하천명, 관리기관, 주소정보와 좌푯값이 표시되어 있습니다. 보다 상세한 데이터는 홍수통제소 api를 활용하시길 바랍니다.",https://data.mafra.go.kr/opendata/data/indexOpenDataDetail.do?data_id=20240702000000002517,한국농어촌공사,OpenAPI product
KADX 농식품 공공데이터,한국농어촌공사_염도계 정보,"한국농어촌공사에서 설치/관리 하고 있는 염도 정보 입니다. 염도 위치정보, 염도값, 마지막 계측데이터를 제공합니다. 최신 데이터 데이터의 경우 RAWRIS 시스템에서 받아서 활용하시는걸 추천드립니다.",https://data.mafra.go.kr/opendata/data/indexOpenDataDetail.do?data_id=20240702000000002516,한국농어촌공사,OpenAPI product
KADX 농식품 공공데이터,한국농어촌공사_수문 설치 정보,한국농어촌공사 용수시설통합운영관리시스템(TOMS)에서 사용중인 수문 종류 입니다. 시스템 내부에서 사용하는 수문의 코드값이 분류되어 있습니다. 타 데이터와 결합해서 사용하실때 참고 하시길 바랍니다.,https://data.mafra.go.kr/opendata/data/indexOpenDataDetail.do?data_id=20240702000000002515,한국농어촌공사,OpenAPI product
KADX 농식품 공공데이터,한국농어촌공사_연구보고서,한국농어촌공사 농어촌연구원 연구보고서,https://data.mafra.go.kr/opendata/data/indexOpenDataDetail.do?data_id=20240702000000002520,한국농어촌공사,OpenAPI product
KADX 농식품 공공데이터,꿀벌질병 분기별 진단실적,"농림축산건역본부는 전국 꿀벌질병 병성감정을 수행하고 있으며, 분기별 진단 실적을 개방함으로써 농가에서 국내 질병 발생 현황을 파악하고 이동양봉 및 사양관리에 활용하여 선제적 질병방제 기반을 마련하고자함",https://data.mafra.go.kr/opendata/data/indexOpenDataDetail.do?data_id=20240701000000002503,농림축산검역본부,OpenAPI product
KADX 농식품 공공데이터,동물등록 현황정보(&amp;#39;21년~&amp;#39;22년),"21년부터 22년까지 동물등록 정보와 관련하여 등록동물의 정보(축종, 품종, 성별, 이름, 색상 항목)를 제공합니다",https://data.mafra.go.kr/opendata/data/indexOpenDataDetail.do?data_id=20240701000000002497,농림축산검역본부,OpenAPI product
KADX 농식품 공공데이터,행정구역별 반려동물등록 개체 수 현황,"""2022년 동물 보호복지 실태조사""를 바탕으로 작성한 동물등록 현황입니다. 2022년까지 시도, 시군구별 축종(개, 고양이)에 따른 동물 등록 누계(사망 제외) 자료입니다. 개 등록 누계(A), 고양이 등록 누계(B), 총 등록 누계(C=A+B)",https://data.mafra.go.kr/opendata/data/indexOpenDataDetail.do?data_id=20240701000000002502,농림축산검역본부,OpenAPI product
KADX 농식품 공공데이터,반려동물 영업장 주소 등 정보,반려동물 영업장 정보 동물판매업 동물수입업 동물생산업 동물위탁관리업 동물운송업 동물장묘업 동물미용업 정보를 제공합니다,https://data.mafra.go.kr/opendata/data/indexOpenDataDetail.do?data_id=20240701000000002501,농림축산검역본부,OpenAPI product
KADX 농식품 공공데이터,반려동물 보호복지 실태조사,"'21년 반려 동물 동물등록, 유기유실, 보호관리, 길고양이 중성화 등에 관한 현황을 담당 지자체로부터 제출받아 취합한 자료입니다.",https://data.mafra.go.kr/opendata/data/indexOpenDataDetail.do?data_id=20240701000000002500,농림축산검역본부,OpenAPI product
KADX 농식품 공공데이터,동물등록 분실신고,국가동물보호정보시스템을 통해 분실신고된 동물등록정보입니다. 동물 정보(품종 연령 털색 등)을 포함하고 있습니다.,https://data.mafra.go.kr/opendata/data/indexOpenDataDetail.do?data_id=20240701000000002499,농림축산검역본부,OpenAPI product
KADX 농식품 공공데이터,축산물품질평가원_축산물경락가격정보,"축산물(소·돼지·닭·계란·오리)에 대한 등급판정 결과, 고기 및 부산물 정보, 도매시장 정보, 경매 현황, 도페, 육질/육량 경락가격정보, 권역별 경략가격정보 등 축산물 등급 판정 및 경매에 관한 전반적인 정보 서비스를 제공함",https://data.mafra.go.kr/opendata/data/indexOpenDataDetail.do?data_id=20240703000000002543,축산물품질평가원,OpenAPI product
KADX 농식품 공공데이터,축산물품질평가원_농장식별번호정보,가축 및 축산물 이력관리에 관한 법률(축산물이력법)에 따른 농장식별번호 정보를 조회할 수 있는 서비스를 제공합니다.,https://data.mafra.go.kr/opendata/data/indexOpenDataDetail.do?data_id=20240703000000002544,축산물품질평가원,OpenAPI product
KADX 농식품 공공데이터,축산물품질평가원_가금산물 일일거래가격정보,"가금산물(육계ㆍ계란ㆍ오리)의 거래량과 거래가격을 수집해 정보 검증을 거처 익일에 가금산물(육계ㆍ계란ㆍ오리)산지,도매 일일 거래 가격 현황 자료",https://data.mafra.go.kr/opendata/data/indexOpenDataDetail.do?data_id=20240703000000002545,축산물품질평가원,OpenAPI product
KADX 농식품 공공데이터,재미있는 식물병해충 이야기,식물건강의 해를 기념하여 재미있는 식물병해충 이야기를 발간하였습니다.,https://data.mafra.go.kr/opendata/data/indexOpenDataDetail.do?data_id=20240709000000002581,농림축산검역본부,OpenAPI product
KADX 농식품 공공데이터,축산물등급판정통계연보_소_품종별_성별_육량등급별 육량지수,"축산물등급판정 통계연보2023년도에서 표1-4 소 품종(한우, 육우, 젖소)별 성(암, 수, 거세)별 육량등급(A, B, C)별 육량지수(Index)를 제공합니다.",https://data.mafra.go.kr/opendata/data/indexOpenDataDetail.do?data_id=20240701000000002494,축산물품질평가원,OpenAPI product
KADX 농식품 공공데이터,길고양이 중성화사업(TNR),"전국 지자체에서 길고양이의 개체수 조절을 위해 시행중인 길고양이 중성화사업(TNR) 정보를 시도/시군구, 포획일, 품종, 털색, 성별을 조회한 후 CSV 파일로 다운로드 할 수 있습니다. 관리번호, 사업지역, 포획정보, 길고양이 특징정보, 중성화/방사/종결 정보, 사진 정보(포획/중성화/방사)를 제공합니다.",https://data.mafra.go.kr/opendata/data/indexOpenDataDetail.do?data_id=20240701000000002498,농림축산검역본부,OpenAPI product
KADX 농식품 공공데이터,젖소 유방염 방제사업 결과,"젖소 유방염 조기발견 및 치료약제 선발에 활용하여 낙농가의 피해방지와 안전축산물 생산공급 기반 조성을 위해 실시하는 ""젖소 유방염 방제사업"" 수행결과",https://data.mafra.go.kr/opendata/data/indexOpenDataDetail.do?data_id=20240701000000002496,농림축산검역본부,OpenAPI product
KADX 농식품 공공데이터,농림축산식품부 농림축산검역본부 바이러스질병과 수의과학기술편람,농림축산검역본부 바이러스질병과에서 연구사업 등의 결과로 도출된 표준기술,https://data.mafra.go.kr/opendata/data/indexOpenDataDetail.do?data_id=20240701000000002504,농림축산검역본부,OpenAPI product
KADX 농식품 공공데이터,소 브루셀라 이동제한 정보,지역별 소 브루셀라병으로 인한 이동제한 농가 수,https://data.mafra.go.kr/opendata/data/indexOpenDataDetail.do?data_id=20151028000000000497,농림축산식품부,OpenAPI product
KADX 농식품 공공데이터,농림식품RnD 사업화 성과 정보,농림식품기술기획평가원에서 보유하고 있는 국가연구개발사업 정보입니다.,https://data.mafra.go.kr/opendata/data/indexOpenDataDetail.do?data_id=20240702000000002533,농림식품기술기획평가원,OpenAPI product
KADX 농식품 공공데이터,농림식품RnD 생명자원 성과 정보,농림식품기술기획평가원에서 보유하고 있는 국가연구개발사업 정보입니다.,https://data.mafra.go.kr/opendata/data/indexOpenDataDetail.do?data_id=20240702000000002532,농림식품기술기획평가원,OpenAPI product
KADX 농식품 공공데이터,농림식품RnD 신규과제 정보,농림식품기술기획평가원에서 보유하고 있는 국가연구개발사업 정보입니다.,https://data.mafra.go.kr/opendata/data/indexOpenDataDetail.do?data_id=20240702000000002531,농림식품기술기획평가원,OpenAPI product
KADX 농식품 공공데이터,농림식품 신기술인증 정보,농림식품기술기획평가원에서 보유하고 있는 국가연구개발사업 정보입니다.,https://data.mafra.go.kr/opendata/data/indexOpenDataDetail.do?data_id=20240702000000002530,농림식품기술기획평가원,OpenAPI product
KADX 농식품 공공데이터,농림식품RnD 인력양성 성과 정보,농림식품기술기획평가원에서 보유하고 있는 국가연구개발사업 정보입니다.,https://data.mafra.go.kr/opendata/data/indexOpenDataDetail.do?data_id=20240702000000002529,농림식품기술기획평가원,OpenAPI product
KADX 농식품 공공데이터,농림식품RnD 연구개발우수사례 정보,농림식품기술기획평가원에서 보유하고 있는 국가연구개발사업 정보입니다.,https://data.mafra.go.kr/opendata/data/indexOpenDataDetail.do?data_id=20240702000000002528,농림식품기술기획평가원,OpenAPI product
KADX 농식품 공공데이터,농림식품RnD 특허 성과 정보,농림식품기술기획평가원에서 보유하고 있는 국가연구개발사업 정보입니다.,https://data.mafra.go.kr/opendata/data/indexOpenDataDetail.do?data_id=20240702000000002527,농림식품기술기획평가원,OpenAPI product
KADX 농식품 공공데이터,농림식품RnD 학술발표 성과정보,농림식품기술기획평가원에서 보유하고 있는 국가연구개발사업 정보입니다.,https://data.mafra.go.kr/opendata/data/indexOpenDataDetail.do?data_id=20240702000000002526,농림식품기술기획평가원,OpenAPI product
KADX 농식품 공공데이터,농림식품RnD 정책활용 성과정보,농림식품기술기획평가원에서 보유하고 있는 국가연구개발사업 정보입니다.,https://data.mafra.go.kr/opendata/data/indexOpenDataDetail.do?data_id=20240702000000002525,농림식품기술기획평가원,OpenAPI product
KADX 농식품 공공데이터,농림식품RnD 홍보전시 성과 정보,농림식품기술기획평가원에서 보유하고 있는 국가연구개발사업 정보입니다.,https://data.mafra.go.kr/opendata/data/indexOpenDataDetail.do?data_id=20240702000000002524,농림식품기술기획평가원,OpenAPI product
KADX 농식품 공공데이터,혁신제품 지정 현황 정보,농림식품기술기획평가원에서 보유하고 있는 국가연구개발사업 정보입니다.,https://data.mafra.go.kr/opendata/data/indexOpenDataDetail.do?data_id=20240702000000002523,농림식품기술기획평가원,OpenAPI product
KADX 농식품 공공데이터,농림식품RnD 논문 성과 정보,농림식품기술기획평가원에서 보유하고 있는 국가연구개발사업 정보입니다.,https://data.mafra.go.kr/opendata/data/indexOpenDataDetail.do?data_id=20240702000000002522,농림식품기술기획평가원,OpenAPI product
KADX 농식품 공공데이터,농림식품RnD 고용창출 성과 정보,농림식품기술기획평가원에서 보유하고 있는 국가연구개발사업 정보입니다.,https://data.mafra.go.kr/opendata/data/indexOpenDataDetail.do?data_id=20240702000000002521,농림식품기술기획평가원,OpenAPI product
KADX 농식품 공공데이터,농림식품RnD 동향보고서 정보,농림식품기술기획평가원에서 보유하고 있는 국가연구개발사업 정보입니다.,https://data.mafra.go.kr/opendata/data/indexOpenDataDetail.do?data_id=20240702000000002537,농림식품기술기획평가원,OpenAPI product
KADX 농식품 공공데이터,농림식품RnD 계속과제 정보,농림식품기술기획평가원에서 보유하고 있는 국가연구개발사업 정보입니다.,https://data.mafra.go.kr/opendata/data/indexOpenDataDetail.do?data_id=20240702000000002538,농림식품기술기획평가원,OpenAPI product
KADX 농식품 공공데이터,농업인 건강·연금보험료 지원사업 안내,농업인 건강·연금보험료 지원사업 안내,https://data.mafra.go.kr/opendata/data/indexOpenDataDetail.do?data_id=20240627000000002482,농림축산식품부,OpenAPI product
KADX 농식품 공공데이터,농림축산식품부 연구개발과제 현황,농림축산식품부 연구개발과제 현황,https://data.mafra.go.kr/opendata/data/indexOpenDataDetail.do?data_id=20240627000000002480,농림축산식품부,OpenAPI product
KADX 농식품 공공데이터,농림식품RnD 타연구개발사업활용 성과정보,농림식품기술기획평가원에서 보유하고 있는 국가연구개발사업 정보입니다.,https://data.mafra.go.kr/opendata/data/indexOpenDataDetail.do?data_id=20240702000000002539,농림식품기술기획평가원,OpenAPI product
KADX 농식품 공공데이터,농림식품 판매기술 정보,농림식품기술기획평가원에서 보유하고 있는 국가연구개발사업 정보입니다.,https://data.mafra.go.kr/opendata/data/indexOpenDataDetail.do?data_id=20250424000000002676,농림식품기술기획평가원,OpenAPI product
KADX 농식품 공공데이터,무료나눔기술 정보,농림식품기술기획평가원에서 보유하고 있는 국가연구개발사업 정보입니다.,https://data.mafra.go.kr/opendata/data/indexOpenDataDetail.do?data_id=20260127000000002968,농림식품기술기획평가원,OpenAPI product
KADX 농식품 공공데이터,농림식품RnD 유망기술 정보,농림식품기술기획평가원에서 보유하고 있는 국가연구개발사업 정보입니다.,https://data.mafra.go.kr/opendata/data/indexOpenDataDetail.do?data_id=20260127000000002969,농림식품기술기획평가원,OpenAPI product
KADX 농식품 공공데이터,포토뉴스 목록,농림식품기술기획평가원에서 보유하고 있는 국가연구개발사업 정보입니다.,https://data.mafra.go.kr/opendata/data/indexOpenDataDetail.do?data_id=20260127000000002970,농림식품기술기획평가원,OpenAPI product
KADX 농식품 공공데이터,농림식품RnD 공고정보,농림식품기술기획평가원에서 보유하고 있는 국가연구개발사업 정보입니다.,https://data.mafra.go.kr/opendata/data/indexOpenDataDetail.do?data_id=20240702000000002534,농림식품기술기획평가원,OpenAPI product
KADX 농식품 공공데이터,농림식품 녹색인증 정보,농림식품기술기획평가원에서 보유하고 있는 국가연구개발사업 정보입니다.,https://data.mafra.go.kr/opendata/data/indexOpenDataDetail.do?data_id=20240702000000002535,농림식품기술기획평가원,OpenAPI product
KADX 농식품 공공데이터,농림식품RnD 교육지도 및 활용 성과 정보,농림식품기술기획평가원에서 보유하고 있는 국가연구개발사업 정보입니다.,https://data.mafra.go.kr/opendata/data/indexOpenDataDetail.do?data_id=20240702000000002536,농림식품기술기획평가원,OpenAPI product
KADX 농식품 공공데이터,농림축산식품부 농림축산검역본부_질병진단 표준기술 편람(2023),"소/반추, 돼지, 말, 개, 고양이, 공통 세균성 질병, 기타 등으로 질병진단 표준기술을 설명 - 예) 소 아보바이러스 전파 매개체인 등에모기 분류법",https://data.mafra.go.kr/opendata/data/indexOpenDataDetail.do?data_id=20240626000000002478,농림축산검역본부,OpenAPI product
KADX 농식품 공공데이터,정산가격 기간별 법인별 총물량 총금액,aT도매시장 통합홈페이지에서 제공하는 가격정보 OpenApi를 연계하여 농식품 공공데이터 포털에 개방,https://data.mafra.go.kr/opendata/data/indexOpenDataDetail.do?data_id=20240625000000002464,농림축산식품부,OpenAPI product
KADX 농식품 공공데이터,정산가격 기간별 도매시장별 총물량 총금액,aT도매시장 통합홈페이지에서 제공하는 가격정보 OpenApi를 연계하여 농식품 공공데이터 포털에 개방,https://data.mafra.go.kr/opendata/data/indexOpenDataDetail.do?data_id=20240625000000002463,농림축산식품부,OpenAPI product
KADX 농식품 공공데이터,전국 공영도매시장 경매원천정보,aT도매시장 통합홈페이지에서 제공하는 가격정보 OpenApi를 연계하여 농식품 공공데이터 포털에 개방,https://data.mafra.go.kr/opendata/data/indexOpenDataDetail.do?data_id=20240625000000002462,농림축산식품부,OpenAPI product
KADX 농식품 공공데이터,전국 공영도매시장 실시간 경매정보,aT도매시장 통합홈페이지에서 제공하는 가격정보 OpenApi를 연계하여 농식품 공공데이터 포털에 개방,https://data.mafra.go.kr/opendata/data/indexOpenDataDetail.do?data_id=20240625000000002460,농림축산식품부,OpenAPI product
KADX 농식품 공공데이터,전국 공영도매시장 정산정보,aT도매시장 통합홈페이지에서 제공하는 가격정보 OpenApi를 연계하여 농식품 공공데이터 포털에 개방,https://data.mafra.go.kr/opendata/data/indexOpenDataDetail.do?data_id=20240625000000002459,농림축산식품부,OpenAPI product
KADX 농식품 공공데이터,한식진흥원_공모전 현황,"한식진흥원의 공모전 현황 데이터입니다. 공모전 이름, 공모 시작일 및 종료일, 공모전의 내용, 참가자격 정보를 포함하고 있습니다.",https://data.mafra.go.kr/opendata/data/indexOpenDataDetail.do?data_id=20240625000000002458,한식진흥원,OpenAPI product
KADX 농식품 공공데이터,동축산물 수출검역 EDI송수신자료,동축산물 수출검역 EDI송수신자료,https://data.mafra.go.kr/opendata/data/indexOpenDataDetail.do?data_id=20240625000000002457,농림축산검역본부,OpenAPI product
KADX 농식품 공공데이터,농축수산물 품목 코드,aT도매시장 통합홈페이지에서 제공하는 기초코드정보 OpenApi를 연계하여 농식품 공공데이터 포털에 개방,https://data.mafra.go.kr/opendata/data/indexOpenDataDetail.do?data_id=20240626000000002476,농림축산식품부,OpenAPI product
KADX 농식품 공공데이터,농축수산물 산지 코드,aT도매시장 통합홈페이지에서 제공하는 기초코드정보 OpenApi를 연계하여 농식품 공공데이터 포털에 개방,https://data.mafra.go.kr/opendata/data/indexOpenDataDetail.do?data_id=20240626000000002475,농림축산식품부,OpenAPI product
KADX 농식품 공공데이터,농축수산물 크기 코드,aT도매시장 통합홈페이지에서 제공하는 기초코드정보 OpenApi를 연계하여 농식품 공공데이터 포털에 개방,https://data.mafra.go.kr/opendata/data/indexOpenDataDetail.do?data_id=20240626000000002474,농림축산식품부,OpenAPI product
KADX 농식품 공공데이터,농축수산물 포장 코드,aT도매시장 통합홈페이지에서 제공하는 기초코드정보 OpenApi를 연계하여 농식품 공공데이터 포털에 개방,https://data.mafra.go.kr/opendata/data/indexOpenDataDetail.do?data_id=20240626000000002473,농림축산식품부,OpenAPI product
KADX 농식품 공공데이터,농축수산물 단위 코드,aT도매시장 통합홈페이지에서 제공하는 기초코드정보 OpenApi를 연계하여 농식품 공공데이터 포털에 개방,https://data.mafra.go.kr/opendata/data/indexOpenDataDetail.do?data_id=20240626000000002472,농림축산식품부,OpenAPI product
KADX 농식품 공공데이터,농축수산물 등급 코드,aT도매시장 통합홈페이지에서 제공하는 기초코드정보 OpenApi를 연계하여 농식품 공공데이터 포털에 개방,https://data.mafra.go.kr/opendata/data/indexOpenDataDetail.do?data_id=20240626000000002471,농림축산식품부,OpenAPI product
KADX 농식품 공공데이터,농축수산물 법인 코드,aT도매시장 통합홈페이지에서 제공하는 기초코드정보 OpenApi를 연계하여 농식품 공공데이터 포털에 개방,https://data.mafra.go.kr/opendata/data/indexOpenDataDetail.do?data_id=20240626000000002470,농림축산식품부,OpenAPI product
KADX 농식품 공공데이터,농축수산물 도매시장 코드,aT도매시장 통합홈페이지에서 제공하는 기초코드정보 OpenApi를 연계하여 농식품 공공데이터 포털에 개방,https://data.mafra.go.kr/opendata/data/indexOpenDataDetail.do?data_id=20240625000000002468,농림축산식품부,OpenAPI product
KADX 농식품 공공데이터,도매시장 산지공판장 정산 가격,aT도매시장 통합홈페이지에서 제공하는 가격정보 OpenApi를 연계하여 농식품 공공데이터 포털에 개방,https://data.mafra.go.kr/opendata/data/indexOpenDataDetail.do?data_id=20240625000000002467,농림축산식품부,OpenAPI product
KADX 농식품 공공데이터,정산가격 기간별 법인별 품목별 총물량 총금액,aT도매시장 통합홈페이지에서 제공하는 가격정보 OpenApi를 연계하여 농식품 공공데이터 포털에 개방,https://data.mafra.go.kr/opendata/data/indexOpenDataDetail.do?data_id=20240625000000002466,농림축산식품부,OpenAPI product
KADX 농식품 공공데이터,정산가격 기간별 도매시장별 품목별 총물량 총금액,aT도매시장 통합홈페이지에서 제공하는 가격정보 OpenApi를 연계하여 농식품 공공데이터 포털에 개방,https://data.mafra.go.kr/opendata/data/indexOpenDataDetail.do?data_id=20240625000000002465,농림축산식품부,OpenAPI product
KADX 농식품 공공데이터,동영상 강의자료(청년 푸드테크 토크콘서트),청년 푸드테크 토크콘서트 동영상 강의자료입니다.,https://data.mafra.go.kr/opendata/data/indexOpenDataDetail.do?data_id=20240624000000002456,농식품공무원교육원,OpenAPI product
KADX 농식품 공공데이터,국내 발생 고병원성 AI 바이러스 대표주의 유전정보,국내에서 발생하는 고병원성 조류인플루엔자 바이러스를 분리하여 해당 바이러스의 HA 유전자의 염기서열이다. 해당 유전자 정보를 이용하여 다양한 연구에 활용이 가능할 것으로 판단한다.,https://data.mafra.go.kr/opendata/data/indexOpenDataDetail.do?data_id=20230823000000002398,농림축산검역본부,OpenAPI product
KADX 농식품 공공데이터,가축재해보험 보험사별 지급현황,현재 판매중인 보험중에 가축재해보험에 대한 보험사별로 나누어 지역을 시도별로 지급 건수 및 지급보험금에 대한 자료 건,https://data.mafra.go.kr/opendata/data/indexOpenDataDetail.do?data_id=20240621000000002437,농업정책보험금융원,OpenAPI product
KADX 농식품 공공데이터,농작물 품목 코드 정보,"우리나라에서 재배 하고 있는 농작물들이 풍수재해로 인해 피해를 입기 전에 재해보험에 가입되어 있는 데이터로 농작물 품목에 따라 분류하고 품질을 상,중, 하로 구분한다.",https://data.mafra.go.kr/opendata/data/indexOpenDataDetail.do?data_id=20240621000000002441,농업정책보험금융원,OpenAPI product
KADX 농식품 공공데이터,공통관리정보_20230921,"시스템에서 사용자들이 사용하는 메뉴들 중에서 사용하지 않을경우, 이름 변경이 필요 할 경우 관리자가 마감, 수정, 삭제 등을 관리하고 이력을 기록하는 데이터",https://data.mafra.go.kr/opendata/data/indexOpenDataDetail.do?data_id=20240723000000002591,농업정책보험금융원,OpenAPI product
KADX 농식품 공공데이터,계약통제관리,"가축재해보험 계약 진행시에 통제한 이력이 있는 데이터 데이터 설명 5013000000 : 제주, 4579000000 : 전북 고창, 4514000000 : 전라 익산, 4513000000 : 전라 군산",https://data.mafra.go.kr/opendata/data/indexOpenDataDetail.do?data_id=20240621000000002440,농업정책보험금융원,OpenAPI product
KADX 농식품 공공데이터,가축재해보험 지자체 보조 예산 잔액 현황,"가축재해보험 지자체 보조 예산 계약자 지원 후 잔액을 시도예산액, 시군구예산액 시도사용액, 시군구사용액, 농가당한도액, 최대지원금액 등등 세부 현황",https://data.mafra.go.kr/opendata/data/indexOpenDataDetail.do?data_id=20240621000000002439,농업정책보험금융원,OpenAPI product
KADX 농식품 공공데이터,가축재해보험 지역별 가입 현황,"분기별로 가축재해보험에 가입되어 두수, 농가수, 가입금액, 영업보험료, 지급보험료, 가입률들을 지역별로 나눠 현황을 알려줌",https://data.mafra.go.kr/opendata/data/indexOpenDataDetail.do?data_id=20240621000000002438,농업정책보험금융원,OpenAPI product
KADX 농식품 공공데이터,농작물재해보험 계약된 과수작물 세부현황,"현재 농작물재해보험에 계약된 과수작물로 품목명, 품종명, 재배방법, 표준수확량, 평년수확량, 가입수확량, 가입가격, 평년과실수, 가입과실수 현황",https://data.mafra.go.kr/opendata/data/indexOpenDataDetail.do?data_id=20240621000000002444,농업정책보험금융원,OpenAPI product
KADX 농식품 공공데이터,농작물재해보험 가입 현황,"농작물재해보험 연도별로 가입농가, 가입건수, 가입금액, 가입면적, 면적가입, 순보험료 국가보조금 등등을 가입실적을 정리한 자료",https://data.mafra.go.kr/opendata/data/indexOpenDataDetail.do?data_id=20240621000000002442,농업정책보험금융원,OpenAPI product
KADX 농식품 공공데이터,농작물재해보험 계약된 원예시설물 세부현황,"현재 농작물재해보험에 계약된 원예시설물 연도별, 하우스유형별, 하우스등급별, 하우스구조별, 하우스형태별, 하우스 파이프종류별 현황",https://data.mafra.go.kr/opendata/data/indexOpenDataDetail.do?data_id=20240621000000002443,농업정책보험금융원,OpenAPI product
KADX 농식품 공공데이터,수입보장보험 기준가격 현황,"현재 수입된 품목들 중에서 기준 가격 만큼 보장을 해주는 상품들에 가격 현황, 공시 단위, 산출가격 구분 데이터",https://data.mafra.go.kr/opendata/data/indexOpenDataDetail.do?data_id=20240621000000002435,농업정책보험금융원,OpenAPI product
KADX 농식품 공공데이터,법정동 코드_20230919,"가축 및 농작물 재해보험에 가입되어 있는 지역을 시도, 시군구를 코드로 표기 하고 폐지여부를 나타내는 데이터입니다.",https://data.mafra.go.kr/opendata/data/indexOpenDataDetail.do?data_id=20240621000000002453,농업정책보험금융원,OpenAPI product
KADX 농식품 공공데이터,농작물재해보험 품목별 사고접수건수별 농지수 분포,"농작물 중에서 재해보험에 가입된 농지수를 품목별로 사과, 배, 단감, 떫은감, 감귤 등 사고접수건에 대한 데이터를 제공합니다.",https://data.mafra.go.kr/opendata/data/indexOpenDataDetail.do?data_id=20240723000000002590,농업정책보험금융원,OpenAPI product
KADX 농식품 공공데이터,농작물재해보험 품목별 가입 및 지급현황_20221231,"농작물 중에서 재해보험에 가입된 농지수를 품목별로 사과, 배, 단감, 떫은감, 감귤 등 사고접수건에 대한 데이터를 제공합니다.",https://data.mafra.go.kr/opendata/data/indexOpenDataDetail.do?data_id=20240621000000002451,농업정책보험금융원,OpenAPI product
KADX 농식품 공공데이터,농작물재해보험 품목별 사고원인별 사고접수 현황_20221231,"농작물 중에서 재해보험에 가입된 농작물을 사고원인별로 호우, 태풍, 우박 조수해, 기타 자연재해 등에 대한 데이터를 제공합니다.",https://data.mafra.go.kr/opendata/data/indexOpenDataDetail.do?data_id=20240621000000002452,농업정책보험금융원,OpenAPI product
KADX 농식품 공공데이터,농작물재해보험 지역별 사고원인별 사고접수 현황_20221231,"농작물 중에서 재해보험에 가입된 품목을 지역에 따라 사고 원인(우박, 호우, 조수해 등)별로 사고 접수 현황에 대한 데이터를 제공합니다.",https://data.mafra.go.kr/opendata/data/indexOpenDataDetail.do?data_id=20240621000000002454,농업정책보험금융원,OpenAPI product
KADX 농식품 공공데이터,농작물재해보험 시도별 사고접수건수별 농지수 분포_20221231,"농작물 중에서 재해보험에 가입된 농지수를 시도 지역별로 1회, 2회, 3회, 4회 사고접수건에 대한 데이터를 제공합니다.",https://data.mafra.go.kr/opendata/data/indexOpenDataDetail.do?data_id=20240621000000002450,농업정책보험금융원,OpenAPI product
KADX 농식품 공공데이터,농작물재해보험 시도별 가입 및 지급현황_20221231,"농작물 재해보험에 가입된 대상면적, 가입농가, 가입건수, 가입농가, 가임금액, 가입면적, 가입률, 순보험료 등에 대한 데이터를 제공합니다.",https://data.mafra.go.kr/opendata/data/indexOpenDataDetail.do?data_id=20240621000000002449,농업정책보험금융원,OpenAPI product
KADX 농식품 공공데이터,농작물재해보험 대상면적 현황 연도별 품목별 시도별_20221231,"품목별, 시도별로 분리된 농작물재해보험 연도 대상면적 현황 ( 가입률 산정시 사용되는 수치, 가입률 = 가입면적 / 대상면적 )",https://data.mafra.go.kr/opendata/data/indexOpenDataDetail.do?data_id=20240621000000002448,농업정책보험금융원,OpenAPI product
KADX 농식품 공공데이터,농작물재해보험 계약된 시설작물 세부현황_20221231,"항목 설명: STRBR(시설딸기),CUCUM 시설오이 ORMEL(시설참외) TMATO(시설토마토) CHRYS,CHRYR(시설국화), WMLON(시설수박), ROSES(시설장미) CHILI(시설풋고추), PUMPK 시설호박, MELON(시설메론), PAPRK(시설파프리카), LETTC(시설상추), CHIVE(시설부추), SPNCH(시설시금치),MUSH2(느타리버섯) MUSH1(표고버섯), EGGPL(시설가지), SMAON(시설쪽파), SPRON (시설대파), CABBA(시설배추), DAIKO(시설무), LILY(시설백합),CARNA,CARNR(시설카네이션) MNARY(시설미나리),DAISY(시설쑥갓), MUSH3(새송이버섯), MUSH4(양송이버섯)",https://data.mafra.go.kr/opendata/data/indexOpenDataDetail.do?data_id=20240621000000002455,농업정책보험금융원,OpenAPI product
KADX 농식품 공공데이터,농작물재해보험 계약된 밭작물 세부현황_20221231,"현재 농작물재해보험에 계약된 밭작물 연도별, 품목별, 품종별, 주간거리별, 재배방법별, 보험가입면적, 재식방법별 현황",https://data.mafra.go.kr/opendata/data/indexOpenDataDetail.do?data_id=20240621000000002447,농업정책보험금융원,OpenAPI product
KADX 농식품 공공데이터,농작물재해보험 계약된 논작물 세부현황_20221231,"현재 농작물재해보험에 계약된 논작물 연도별, 품목별, 품종별, 재배양식별, 친환경재배방법별, 보험가입면적 현황",https://data.mafra.go.kr/opendata/data/indexOpenDataDetail.do?data_id=20240621000000002446,농업정책보험금융원,OpenAPI product
KADX 농식품 공공데이터,가축재해보험 대상마릿수 현황 연도별 축종별 시도별,현재 판매중인 가축재해보험 축종에 대한 연도별 시도별 재배마릿수 자료로 가축재해보험 가입률 산정을 위한 대상모수 자료,https://data.mafra.go.kr/opendata/data/indexOpenDataDetail.do?data_id=20240618000000002434,농업정책보험금융원,OpenAPI product
KADX 농식품 공공데이터,가축재해보험 대상마릿수 현황 연도별 축종별 시도별,현재 판매중인 가축재해보험 축종에 대한 연도별 시도별 재배마릿수 자료로 가축재해보험 가입률 산정을 위한 대상모수 자료,https://data.mafra.go.kr/opendata/data/indexOpenDataDetail.do?data_id=20240621000000002436,농업정책보험금융원,OpenAPI product
KADX 농식품 공공데이터,축산물등급판정 통계연보,"소, 돼지, 닭, 계란, 오리, 말에 대한 등급판정 결과 등 통계연보",https://data.mafra.go.kr/opendata/data/indexOpenDataDetail.do?data_id=20240418000000002433,농림축산식품부,OpenAPI product
KADX 농식품 공공데이터,농산물종합유통센터 운영 현황,전국 농산물종합유통센터 운영 현황,https://data.mafra.go.kr/opendata/data/indexOpenDataDetail.do?data_id=20230831000000002424,농림축산식품부,OpenAPI product
KADX 농식품 공공데이터,럼피스킨병(LSD) 긴급행동지침(SOP),럼피스킨병(LSD) 긴급행동지침(SOP),https://data.mafra.go.kr/opendata/data/indexOpenDataDetail.do?data_id=20240703000000002555,농림축산식품부,OpenAPI product
KADX 농식품 공공데이터,품목별 데이터셋 제공 서비스,스마트팜 데이터 마트 제공 서비스,https://data.mafra.go.kr/opendata/data/indexOpenDataDetail.do?data_id=20230829000000002413,농림축산식품부,OpenAPI product
KADX 농식품 공공데이터,시설원예 병해충 (참외),"시설원예 병해충 정보 참외, 토마토, 오이 가지",https://data.mafra.go.kr/opendata/data/indexOpenDataDetail.do?data_id=20230829000000002415,농림축산식품부,OpenAPI product
KADX 농식품 공공데이터,시설원예 병해충 (토마토),"시설원예 병해충 정보 참외, 토마토, 오이 가지",https://data.mafra.go.kr/opendata/data/indexOpenDataDetail.do?data_id=20230829000000002416,농림축산식품부,OpenAPI product
KADX 농식품 공공데이터,시설원예 병해충 (딸기),"시설원예 병해충 정보 참외, 토마토, 오이 가지",https://data.mafra.go.kr/opendata/data/indexOpenDataDetail.do?data_id=20230829000000002417,농림축산식품부,OpenAPI product
KADX 농식품 공공데이터,시설원예 병해충 (오이),"시설원예 병해충 정보 참외, 토마토, 오이 가지",https://data.mafra.go.kr/opendata/data/indexOpenDataDetail.do?data_id=20230829000000002418,농림축산식품부,OpenAPI product
KADX 농식품 공공데이터,시설원예 병해충 (가지),"시설원예 병해충 정보 참외, 토마토, 오이 가지",https://data.mafra.go.kr/opendata/data/indexOpenDataDetail.do?data_id=20230829000000002419,농림축산식품부,OpenAPI product
KADX 농식품 공공데이터,2023 농지민원사례집,농지민원사례집,https://data.mafra.go.kr/opendata/data/indexOpenDataDetail.do?data_id=20230829000000002421,농림축산식품부,OpenAPI product
KADX 농식품 공공데이터,농업진흥지역제도 개요 및 현황,농지법에 따른 농업진흥지역 제도 및 현황에 관한 자료,https://data.mafra.go.kr/opendata/data/indexOpenDataDetail.do?data_id=20230829000000002422,농림축산식품부,OpenAPI product
KADX 농식품 공공데이터,해외 우수 한식당 지정 현황,한식의 품질 향상과 소비자 보호를 위해 지정한 해외 우수 한식당 현황을 공개,https://data.mafra.go.kr/opendata/data/indexOpenDataDetail.do?data_id=20230829000000002408,농림축산식품부,OpenAPI product
KADX 농식품 공공데이터,스마트팜 빅데이터 제공 서비스,스마트팜 데이터 마트 제공 서비스,https://data.mafra.go.kr/opendata/data/indexOpenDataDetail.do?data_id=20230829000000002409,농림축산식품부,OpenAPI product
KADX 농식품 공공데이터,혁신밸리 빅데이터 제공 서비스,스마트팜 데이터 마트 제공 서비스,https://data.mafra.go.kr/opendata/data/indexOpenDataDetail.do?data_id=20230829000000002410,농림축산식품부,OpenAPI product
KADX 농식품 공공데이터,노지 빅데이터 제공 서비스,스마트팜 데이터 마트 제공 서비스,https://data.mafra.go.kr/opendata/data/indexOpenDataDetail.do?data_id=20230829000000002411,농림축산식품부,OpenAPI product
KADX 농식품 공공데이터,스마트축산 빅데이터 제공 서비스,스마트팜 데이터 마트 제공 서비스,https://data.mafra.go.kr/opendata/data/indexOpenDataDetail.do?data_id=20230829000000002412,농림축산식품부,OpenAPI product
KADX 농식품 공공데이터,작기별 데이터셋 제공 서비스,스마트팜 데이터 마트 제공 서비스,https://data.mafra.go.kr/opendata/data/indexOpenDataDetail.do?data_id=20230829000000002414,농림축산식품부,OpenAPI product
KADX 농식품 공공데이터,농식품 데이터 표준,"농림축산식품부에서 제공하는 농식품 데이터 표준 데이터로 표준단어, 표준용어, 표준도메인 정보를 제공합니다.",https://data.mafra.go.kr/opendata/data/indexOpenDataDetail.do?data_id=20230828000000002407,농림축산식품부,OpenAPI product
KADX 농식품 공공데이터,농식품 데이터 안심구역 분석사례,농식품 데이터 안심구역을 이용하여 분석한 사례를 제공합니다.,https://data.mafra.go.kr/opendata/data/indexOpenDataDetail.do?data_id=20230825000000002406,농림축산식품부,OpenAPI product
KADX 농식품 공공데이터,명예감시원 현황,"명예감시원에 대한 단체구분, 소속단체명, 지원별 인원 현황 정보",https://data.mafra.go.kr/opendata/data/indexOpenDataDetail.do?data_id=20230824000000002401,국립농산물품질관리원,OpenAPI product
KADX 농식품 공공데이터,농림축산식품 분야 전문용어 표준화 결과,자주 사용되고 어려운 농림축산식품 분야 전문용어를 국민이 알기 쉽고 편리하게 사용할 수 있도록 용어 순화,https://data.mafra.go.kr/opendata/data/indexOpenDataDetail.do?data_id=20230823000000002400,농림축산식품부,OpenAPI product
KADX 농식품 공공데이터,농식품공무원교육원 조직도,농식품공무원교육원 조직도,https://data.mafra.go.kr/opendata/data/indexOpenDataDetail.do?data_id=20230823000000002395,농식품공무원교육원,OpenAPI product
KADX 농식품 공공데이터,농식품공무원교육원 직무 범위 및 주요 연혁,농림축산식품부 농식품공무원교육원 직무 범위 및 주요 연혁입니다,https://data.mafra.go.kr/opendata/data/indexOpenDataDetail.do?data_id=20230823000000002396,농식품공무원교육원,OpenAPI product
KADX 농식품 공공데이터,2023 농지업무편람,"농지 관련 법령 및 제도, 농지법 제정 이후 농지제도 현황, 주요 농지제도 변천사, 농지의 정의 등 농지법 관련 업무 편람을 제공 합니다. 제공 목록 : 농지제도의 변천, 농지의 정의.소유.이용, 농지원부, 농지정보시스템 운영, 농업진흥지역 지정 및 관리, 농지의 전용,농지보전부담금",https://data.mafra.go.kr/opendata/data/indexOpenDataDetail.do?data_id=20240719000000002588,농림축산식품부,OpenAPI product
KADX 농식품 공공데이터,2001년도 농지이용실태조사 결과,"농림축산식품부 농지과에서 제공하는 농지이용실태조사 결과 데이터로 농지취득, 조사대상, 농지처분의무통지, 처분명령, 이행강제금 등의 정보를 제공하고 있습니다.",https://data.mafra.go.kr/opendata/data/indexOpenDataDetail.do?data_id=20230822000000002393,농림축산식품부,OpenAPI product
KADX 농식품 공공데이터,국립종자원 부서별 공무직 인력현황,국립종자원 부서별 인력 현황 데이터,https://data.mafra.go.kr/opendata/data/indexOpenDataDetail.do?data_id=20240820000000002620,국립종자원,OpenAPI product
KADX 농식품 공공데이터,부서별 인력 현황,국립종자원 부서별 인력 현황 데이터,https://data.mafra.go.kr/opendata/data/indexOpenDataDetail.do?data_id=20230825000000002402,국립종자원,OpenAPI product
KADX 농식품 공공데이터,농림축산식품부 소관 법령 현황,농림축산식품부 소관 법령 현황,https://data.mafra.go.kr/opendata/data/indexOpenDataDetail.do?data_id=20230822000000002394,농림축산식품부,OpenAPI product
KADX 농식품 공공데이터,2020 농지업무편람,"농지 관련 법령 및 제도, 농지법 제정 이후 농지제도 현황, 주요 농지제도 변천사, 농지의 정의 등 농지법 관련 업무 편람을 제공 합니다. 제공 목록 : 농지제도의 변천, 농지의 정의.소유.이용, 농지원부, 농지정보시스템 운영, 농업진흥지역 지정 및 관리, 농지의 전용,농지보전부담금",https://data.mafra.go.kr/opendata/data/indexOpenDataDetail.do?data_id=20230822000000002392,농림축산식품부,OpenAPI product
KADX 농식품 공공데이터,철새 이동 정보(2021-2025년),"2021년부터 2024년까지의 국내 철새 이동정보로 연도, 북상일, 조류종(위치추적기 부착코드), 북상 전 국내 위치 및 북상 후 국외 위치 정보를 포함한 데이터임",https://data.mafra.go.kr/opendata/data/indexOpenDataDetail.do?data_id=20230821000000002390,농림축산검역본부,OpenAPI product
KADX 농식품 공공데이터,농업농촌 가치확산 캠페인,농업농촌 가치확산 캠페인,https://data.mafra.go.kr/opendata/data/indexOpenDataDetail.do?data_id=20230823000000002399,농림축산식품부,OpenAPI product
KADX 농식품 공공데이터,농지취득자격증명 발급 현황,2018~2022년 전국 농지취득자격증명 발급 현황,https://data.mafra.go.kr/opendata/data/indexOpenDataDetail.do?data_id=20230814000000002389,농림축산식품부,OpenAPI product
KADX 농식품 공공데이터,동물등록 정보 조회,"동물보호관리시스템의 '반려동물 등록정보'를 제공하는 서비스 입니다. 임의로 동물등록사항을 확인하는 것을 방지하기 위하여, 요청 시 동물등록번호 또는 RFID코드가 필요하며, 소유자 성명 또는 생년월일이 필요합니다. 응답결과로 반려동물이름, 성별, 품종, 중성화여부, 담당기관 등의 정보를 제공합니다.",https://data.mafra.go.kr/opendata/data/indexOpenDataDetail.do?data_id=20240628000000002484,농림축산검역본부,OpenAPI product
KADX 농식품 공공데이터,동물보호센터 정보 조회,"유기동물 동물보호센터 등록정보를 제공하는 서비스 입니다. ‘보호센터등록번호’ 또는 ‘동물보호센터명’으로 조회가능하며, ‘상세 보호시설’ 정보가 등록된 경우에는 보호시설의 상세정보(영업 시간, 위/경도, 휴무일 등)을 함께 제공하며, 등록되지 않았을 경우 보호센터의 기본정보를 제공합니다",https://data.mafra.go.kr/opendata/data/indexOpenDataDetail.do?data_id=20240628000000002483,농림축산검역본부,OpenAPI product
KADX 농식품 공공데이터,식물검역통계연보,"수출입식물검역 등의 검역실적을 검역지별, 유형별 및 품목별로 정리하여 수록하였고, 병해충 검출실적, 수입 금지품의 수입허가사항 및 격리재배검역 실적 등도 수록하였습니다.",https://data.mafra.go.kr/opendata/data/indexOpenDataDetail.do?data_id=20240702000000002506,농림축산검역본부,OpenAPI product
KADX 농식품 공공데이터,전국 구제역 혈청예찰 월간 보고서,구제역 혈청혜찰 월별 분석자료,https://data.mafra.go.kr/opendata/data/indexOpenDataDetail.do?data_id=20230809000000002386,농림축산검역본부,OpenAPI product
KADX 농식품 공공데이터,엠폭스 관련 반려동물 관리지침 및 수의사 진료 가이드라인,엠폭스 관련 반려동물 관리지침 및 수의사 진료 가이드라인,https://data.mafra.go.kr/opendata/data/indexOpenDataDetail.do?data_id=20230807000000002383,농림축산식품부,OpenAPI product
KADX 농식품 공공데이터,식물병해충 예찰 정보('23년부터),검역관 및 식물병해충 예찰조사원에게 식물병해충 예찰정보를 공유하여 외래 식물병해충 유입방지를 위한 예찰업무에 활용코자 함,https://data.mafra.go.kr/opendata/data/indexOpenDataDetail.do?data_id=20230807000000002382,농림축산검역본부,OpenAPI product
KADX 농식품 공공데이터,농산물 등 검정기관 지정 현황,"농산물등에 대한 품위품종일반성분,무기성분유해물질을 검정하는 기관에 대한 정보(지정번호, 지정일자, 지정기관명, 소재지, 전화번호, 검정항목, 유효기간(시작일, 종료일))",https://data.mafra.go.kr/opendata/data/indexOpenDataDetail.do?data_id=20230808000000002384,국립농산물품질관리원,OpenAPI product
KADX 농식품 공공데이터,농산물해외수입정보(2023.6월),농산물해외수입정보,https://data.mafra.go.kr/opendata/data/indexOpenDataDetail.do?data_id=20230802000000002379,농림축산식품부,OpenAPI product
KADX 농식품 공공데이터,농림축산식품부 자문변호사 현황,농림축산식품부에서 운영하는 자문변호사 명단,https://data.mafra.go.kr/opendata/data/indexOpenDataDetail.do?data_id=20230802000000002380,농림축산식품부,OpenAPI product
KADX 농식품 공공데이터,농산물해외수입정보,농산물해외수입정보,https://data.mafra.go.kr/opendata/data/indexOpenDataDetail.do?data_id=20240807000000002614,농림축산식품부,OpenAPI product
KADX 농식품 공공데이터,혁신제품 지정 목록,"우수 R&D 결과물, 신기술 인증 제품 등을 대상으로 지정하는 제도",https://data.mafra.go.kr/opendata/data/indexOpenDataDetail.do?data_id=20230731000000002376,농림축산식품부,OpenAPI product
KADX 농식품 공공데이터,농식품 국가연구개발사업 우수성과,"농식품 R&D를 통해 도출된 우수성과를 견인하고, 과학기술인의 자긍심 고취를 위한 농식품 국가 연구개발사업(R&D)의 우수성과 선정",https://data.mafra.go.kr/opendata/data/indexOpenDataDetail.do?data_id=20230731000000002377,농림축산식품부,OpenAPI product
KADX 농식품 공공데이터,양돈 기침 데이터 셋,돼지기침 데이터 셋,https://data.mafra.go.kr/opendata/data/indexOpenDataDetail.do?data_id=20230727000000002375,농림축산식품부,OpenAPI product
KADX 농식품 공공데이터,2022년 농식품공무원교육원 교육훈련 통계자료,2022년 농식품공무원교육원 교육훈련 통계자료입니다,https://data.mafra.go.kr/opendata/data/indexOpenDataDetail.do?data_id=20230724000000002373,농식품공무원교육원,OpenAPI product
KADX 농식품 공공데이터,아프리카돼지열병(ASF) 긴급행동지침,아프리카돼지열병 긴급행동지침,https://data.mafra.go.kr/opendata/data/indexOpenDataDetail.do?data_id=20210929000000001588,농림축산식품부,OpenAPI product
KADX 농식품 공공데이터,축산물이력제 업무편람(닭·오리),"축산물이력제(닭·오리 및 닭고기·오리) 업무편람으로 농림축식품부 축산유통팀, 축산물품질평가원 (공편)",https://data.mafra.go.kr/opendata/data/indexOpenDataDetail.do?data_id=20230717000000002371,농림축산식품부,OpenAPI product
KADX 농식품 공공데이터,농림축산식품사업 안내서,농림축산식품부의 지원사업(융자사업 포함)에 대한 간략한 내용과 연락처 수록,https://data.mafra.go.kr/opendata/data/indexOpenDataDetail.do?data_id=20230717000000002368,농림축산식품부,OpenAPI product
KADX 농식품 공공데이터,축산물이력제 업무편람(돼지),"축산물이력제(돼지 및 돼지고기) 업무편람으로 농림축식품부 축산유통팀, 축산물품질평가원 (공편)",https://data.mafra.go.kr/opendata/data/indexOpenDataDetail.do?data_id=20230717000000002369,농림축산식품부,OpenAPI product
KADX 농식품 공공데이터,축산물이력제 업무편람(소),"축산물이력제(소 및 쇠고기) 업무편람으로 농림축식품부 축산유통팀, 축산물품질평가원 (공편)",https://data.mafra.go.kr/opendata/data/indexOpenDataDetail.do?data_id=20230717000000002370,농림축산식품부,OpenAPI product
KADX 농식품 공공데이터,농식품 농작업 표준코드,"농림축산식품부에서 추진하는 농업활동에 필요한 주요 품목별 농작업을 도출하고, 표준코드화를 통한 품목별 농작업코드 및 활용체계에 대한 가이드를 제공합니다.",https://data.mafra.go.kr/opendata/data/indexOpenDataDetail.do?data_id=20230103000000002364,농림축산식품부,OpenAPI product
KADX 농식품 공공데이터,산지공판장 유통통계정보 조회 (2014-01-02 ~ 2017-01-09),"농수축산물에 대한 유통단계별(산지, 도매, 소매) 품목별 가격 정보를 동일기준으로 재가공한 유통통합 정보",https://data.mafra.go.kr/opendata/data/indexOpenDataDetail.do?data_id=20221205000000002358,농림수산식품교육문화정보원,OpenAPI product
KADX 농식품 공공데이터,산지위판장 유통통계정보 조회 (2014-01-01 ~ 2016-01-19),"농수축산물에 대한 유통단계별(산지, 도매, 소매) 품목별 가격 정보를 동일기준으로 재가공한 유통통합 정보",https://data.mafra.go.kr/opendata/data/indexOpenDataDetail.do?data_id=20221205000000002359,농림수산식품교육문화정보원,OpenAPI product
KADX 농식품 공공데이터,실시간경락 도매시장 유통통계 조회 (2014-01-01 ~ 2023-12-30),"농수축산물에 대한 유통단계별(산지, 도매, 소매) 품목별 가격 정보를 동일기준으로 재가공한 유통통합 정보",https://data.mafra.go.kr/opendata/data/indexOpenDataDetail.do?data_id=20221205000000002356,농림수산식품교육문화정보원,OpenAPI product
KADX 농식품 공공데이터,정산경락 도매시장 유통통계 조회 (2014-01-01 ~ 2023-12-30),"농수축산물에 대한 유통단계별(산지, 도매, 소매) 품목별 가격 정보를 동일기준으로 재가공한 유통통합 정보",https://data.mafra.go.kr/opendata/data/indexOpenDataDetail.do?data_id=20221205000000002357,농림수산식품교육문화정보원,OpenAPI product
KADX 농식품 공공데이터,시설채소 계약재배 현황,기상 여건의 영향을 크게 받는 시설채소 수급 안정을 위해 농협-농가 간 계약 재배한 물량 정보,https://data.mafra.go.kr/opendata/data/indexOpenDataDetail.do?data_id=20220831000000002344,농림축산식품부,OpenAPI product
KADX 농식품 공공데이터,농림축산식품부 소장 농업유물 목록,국립농업박물관('22년 말 개관 예정) 소장 농업유물 목록,https://data.mafra.go.kr/opendata/data/indexOpenDataDetail.do?data_id=20220831000000002345,농림축산식품부,OpenAPI product
KADX 농식품 공공데이터,농약안전사용기준,농약안전사용기준,https://data.mafra.go.kr/opendata/data/indexOpenDataDetail.do?data_id=20220829000000002341,농림축산식품부,OpenAPI product
KADX 농식품 공공데이터,2022 장비공동활용 지원사업 안내,기술지원장비 및 생산시설을 입주기업 및 식품관련 기관 등에서 공동 활용할 수 있도록 지원하는 장비공동활용 지원사업 안내,https://data.mafra.go.kr/opendata/data/indexOpenDataDetail.do?data_id=20220826000000002332,농림축산식품부,OpenAPI product
KADX 농식품 공공데이터,2022 파일럿플랜트 안내,건강기능식품 GMP 및 HACCP 시설 구축을 통해 기업맞춤형 시제품 소량생산을 지원하는 파일럿플랜트 소개,https://data.mafra.go.kr/opendata/data/indexOpenDataDetail.do?data_id=20220826000000002336,농림축산식품부,OpenAPI product
KADX 농식품 공공데이터,2022 소스산업화센터 안내,"스마트 HACCP 시설을 기반으로 소스의 레시피 개발 및 시제품 제작, 위탁생산을 지원하는 소스산업화센터 소개",https://data.mafra.go.kr/opendata/data/indexOpenDataDetail.do?data_id=20220826000000002337,농림축산식품부,OpenAPI product
KADX 농식품 공공데이터,2022 기능성평가지원센터 안내서,고부가가치 건강기능식품개발을 위한 효능 및 독성평가 One-Stop 지원하는 기능성평가지원센터 소개,https://data.mafra.go.kr/opendata/data/indexOpenDataDetail.do?data_id=20220826000000002334,농림축산식품부,OpenAPI product
KADX 농식품 공공데이터,2022 HMR산업화센터 안내,"HMR분야 핵심기술(대체육, 지능형 친환경패키징, 비열살균 등) 개발, 지원 및 실증 업무를 수행하는 HMR산업화센터 소개",https://data.mafra.go.kr/opendata/data/indexOpenDataDetail.do?data_id=20220826000000002338,농림축산식품부,OpenAPI product
KADX 농식품 공공데이터,2022 기능성식품제형센터 안내,기능성식품 제형분야 기술지원부터 상품화까지 One-Stop 서비스를 지원하는 기능성식품제형센터 소개,https://data.mafra.go.kr/opendata/data/indexOpenDataDetail.do?data_id=20220826000000002339,농림축산식품부,OpenAPI product
KADX 농식품 공공데이터,"2022 식품진흥원 장비, 공정별 교육영상 QR코드","2022 식품진흥원 장비, 공정별 교육영상 QR코드 표기",https://data.mafra.go.kr/opendata/data/indexOpenDataDetail.do?data_id=20220826000000002340,농림축산식품부,OpenAPI product
KADX 농식품 공공데이터,2022 식품품질안전센터 연구생산장비 안내서,"식품 원료, 제품 안전성 분석 및 기호적 품질(맛, 향, 조직감) 평가를 통해 기업의 고부가가치 제품 개발을 지원하는 식품푸질안전센터 소개",https://data.mafra.go.kr/opendata/data/indexOpenDataDetail.do?data_id=20220826000000002333,농림축산식품부,OpenAPI product
KADX 농식품 공공데이터,2022 식품패키징센터 안내,"국내 최초 식품포장 전문기관으로 포장 설계, 성능(강도, 이화학) 등을 지원하는 식품패키징센터 소개",https://data.mafra.go.kr/opendata/data/indexOpenDataDetail.do?data_id=20220826000000002335,농림축산식품부,OpenAPI product
KADX 농식품 공공데이터,가축 통계 데이터,"본 정보는 축산물품질평가원의 축산물이력정보(소,돼지)와 가축위생방역지원본부(닭,오리 등 기타축종)의 축산농장방역정보를 기반으로 구축된 전국 축산농장에 대한 현황정보입니다. 본 정보는 각 기관의 정보수집 범위 및 주기에 따라 실제 현장정보와 상이할 수 있으니 데이터 활용시 참고하시기 바랍니다.",https://data.mafra.go.kr/opendata/data/indexOpenDataDetail.do?data_id=20220823000000002325,농림축산식품부,OpenAPI product
KADX 농식품 공공데이터,농식품공무원교육원_동영상 강의(이순신에게 배우는 창조적 리더십),농식품공무원교육원 베스트 동영상 강의로 농식품브랜드의 경쟁력 강화와 실질적인 마케팅 업무 제고를 위한 리더십 역량 향상을 위한 기본 정보 제공,https://data.mafra.go.kr/opendata/data/indexOpenDataDetail.do?data_id=20220818000000002314,농식품공무원교육원,OpenAPI product
KADX 농식품 공공데이터,지능형 마방 외부센서 데이터,지능형 마방 데이터,https://data.mafra.go.kr/opendata/data/indexOpenDataDetail.do?data_id=20220811000000002308,한국마사회,OpenAPI product
KADX 농식품 공공데이터,지능형 마방 말 생체 데이터,지능형 마방 데이터,https://data.mafra.go.kr/opendata/data/indexOpenDataDetail.do?data_id=20220811000000002309,한국마사회,OpenAPI product
KADX 농식품 공공데이터,지능형 마방 내부센서 데이터,지능형 마방 데이터,https://data.mafra.go.kr/opendata/data/indexOpenDataDetail.do?data_id=20220811000000002307,한국마사회,OpenAPI product
KADX 농식품 공공데이터,연도별 스마트팜 청년창업보육센터 교육생 현황,연도별 스마트팜 청년창업보육센터에서 선발하는 교육생 현황,https://data.mafra.go.kr/opendata/data/indexOpenDataDetail.do?data_id=20220811000000002306,농림축산식품부,OpenAPI product
KADX 농식품 공공데이터,2024년 농식품 유통교육 과정별 수료 현황,농식품유통교육원 과정별 수료현황,https://data.mafra.go.kr/opendata/data/indexOpenDataDetail.do?data_id=20220805000000002305,농림축산식품부,OpenAPI product
KADX 농식품 공공데이터,푸드플랜(지역먹거리계획) 사업장별 운영 매뉴얼,푸드플랜(지역먹거리계획) 사업장별 운영 매뉴얼입니다.,https://data.mafra.go.kr/opendata/data/indexOpenDataDetail.do?data_id=20220812000000002310,농림축산식품부,OpenAPI product
KADX 농식품 공공데이터,GMO 농산물 수입승인 현황,"GMO 농산물(사료용, 식품용) 수입승인 현황",https://data.mafra.go.kr/opendata/data/indexOpenDataDetail.do?data_id=20220802000000002304,농림축산식품부,OpenAPI product
KADX 농식품 공공데이터,지역별 젖소 산지가격,"농협중앙회의 축산정보센터에서 제공하는 육우 초유떼기, 분유떼기, 수정단계, 초임만삭, 초산우, 4산우, 노폐우, 숫소의 산지 일평균 가격 링크 제공",https://data.mafra.go.kr/opendata/data/indexOpenDataDetail.do?data_id=20220801000000002303,농림축산식품부,OpenAPI product
KADX 농식품 공공데이터,2021년 농식품공무원교육원 교육훈련 통계자료,2021년 농식품공무원교육원에서 운영한 교육훈련에 관련된 통계자료입니다.,https://data.mafra.go.kr/opendata/data/indexOpenDataDetail.do?data_id=20220728000000002298,농식품공무원교육원,OpenAPI product
KADX 농식품 공공데이터,국내산 생산단계 축산물 잔류물질 검사 계획,"2020년도 생산단계 축산물 잔류물질 검사 계획에 관한 내용입니다. 도축 단계의 소, 돼지, 닭, 오리, 양(염소 포함), 말 등의 식육 및 식용란 중 유해 잔류물질에 대한 효율적인 검사 실시를 통하여 축산물의 안전성 확보를 위해 검사계획을 수립합니다.",https://data.mafra.go.kr/opendata/data/indexOpenDataDetail.do?data_id=20220727000000002297,농림축산검역본부,OpenAPI product
KADX 농식품 공공데이터,상반기 국내산 생산단계 계란 잔류물질 탐색조사 결과 보고,생산단계 계란 탐색조사용 잔류물질 검사 결과,https://data.mafra.go.kr/opendata/data/indexOpenDataDetail.do?data_id=20220727000000002296,농림축산검역본부,OpenAPI product
KADX 농식품 공공데이터,하반기 국내산 생산단계 계란 잔류물질 탐색조사 결과 보고,농림축산검역본부에서 수행하는 생산단계 축산물의 안전성 확보를 위해 매년 탐색조사 계획을 수립하여 수행을 하고 있음. 그 업무 중의 하나로 2019년 하반기에는 계란에서 동물용의약품 2종을 선택하여 안전성 검사를 수행한 결과임.,https://data.mafra.go.kr/opendata/data/indexOpenDataDetail.do?data_id=20220727000000002295,농림축산검역본부,OpenAPI product
KADX 농식품 공공데이터,원유검사 실적 및 원유검사 계획,집유 및 원유검사 실적,https://data.mafra.go.kr/opendata/data/indexOpenDataDetail.do?data_id=20220726000000002292,농림축산검역본부,OpenAPI product
KADX 농식품 공공데이터,농림축산식품부_귀농귀촌 실태조사,"농림축산식품부에서 제공하는 귀농귀촌 현황 등에 대한 상세 실태조사 자료입니다. - 귀농귀촌 유형, 지역, 연령별 현황, 소득, 주거, 교육 등",https://data.mafra.go.kr/opendata/data/indexOpenDataDetail.do?data_id=20230801000000002378,농림축산식품부,OpenAPI product
KADX 농식품 공공데이터,행정구역별 귀농가구수 현황,시도별 귀농가구수 현황,https://data.mafra.go.kr/opendata/data/indexOpenDataDetail.do?data_id=20220729000000002302,농림축산식품부,OpenAPI product
KADX 농식품 공공데이터,농식품 국가인증제도 등 현황,농식품 국가인증제도 등 현황자료,https://data.mafra.go.kr/opendata/data/indexOpenDataDetail.do?data_id=20220722000000002287,농림축산식품부,OpenAPI product
KADX 농식품 공공데이터,농약 생산랑 및 출하량,2017~2021년 농약 생산량 및 출하량,https://data.mafra.go.kr/opendata/data/indexOpenDataDetail.do?data_id=20220722000000002288,농림축산식품부,OpenAPI product
KADX 농식품 공공데이터,농림축산검역본부_해외 아프리카돼지열병(ASF) 발생현황,"해외 아프리카돼지열병(ASF)발생현황 정보 - WOAH(국제수역사무국)에 보고된 정보를 기준으로 작성 - ASF 발생국가, 발생건수, 발생일, 발생지역, 축종, 사육두수, 감염두수, 살처분두수, 방역조치 내역 등을 제공하고 있음",https://data.mafra.go.kr/opendata/data/indexOpenDataDetail.do?data_id=20240716000000002584,농림축산검역본부,OpenAPI product
KADX 농식품 공공데이터,안전점검의 날 추진계획,"국가안전대진단을 통해 시설물 전반에 대한 결함, 위험 요인을 발굴, 개선 및 후속조치 관리 강화 안전관리 안전의식 고취, 실태점검.개선으로 안전사고 예방등에 기여하는 데이터",https://data.mafra.go.kr/opendata/data/indexOpenDataDetail.do?data_id=20220721000000002285,농림축산식품부,OpenAPI product
KADX 농식품 공공데이터,농림축산식품부_ 쌀가공산업 육성 및 쌀 소비 촉진 시행계획,지속적인 쌀 소비량 감소로 쌀 생산기반 유지와 안정적인 식량수급을 위한 쌀 가공산업 육성 계획,https://data.mafra.go.kr/opendata/data/indexOpenDataDetail.do?data_id=20191010000000001160,농림축산식품부,OpenAPI product
KADX 농식품 공공데이터,양곡자급률,"농림축산식품부에서 제공하는 자료입니다. 쌀, 보리, 밀, 옥수수, 콩 등 양곡의 자급률 현황을 확인할 수 있습니다.",https://data.mafra.go.kr/opendata/data/indexOpenDataDetail.do?data_id=20220719000000002283,농림축산식품부,OpenAPI product
KADX 농식품 공공데이터,공익법인현황,"농림축산식품부에 등록된 공익법인의 설립 운영에 관한 법률에 근거하여 등록된 공익법인 목록으로서 적용법인는 재단법인이나 사단법인으로서 사회 일반의 이익에 이바지하기 위하여 학자금, 장학금 또는 연구비의 보조나 지급, 학술, 자선에 관한 사업을 목적으로 하는 법인에 대하여 적용",https://data.mafra.go.kr/opendata/data/indexOpenDataDetail.do?data_id=20220719000000002281,농림축산식품부,OpenAPI product
KADX 농식품 공공데이터,민간단체등록현황,비영리민간단체지원법 등에 근거하여 농림축산식품부 각 실국에 등록된 비영리민간단체 현황,https://data.mafra.go.kr/opendata/data/indexOpenDataDetail.do?data_id=20220719000000002282,농림축산식품부,OpenAPI product
KADX 농식품 공공데이터,한국마사회_발매창구관리정보,한국마사회 발매창구관리정보,https://data.mafra.go.kr/opendata/data/indexOpenDataDetail.do?data_id=20220715000000002264,한국마사회,OpenAPI product
KADX 농식품 공공데이터,한국마사회 문화센터 정보,한국마사회 문화공감센터에서 시행하는 강좌 및 교육 정보입니다.,https://data.mafra.go.kr/opendata/data/indexOpenDataDetail.do?data_id=20220715000000002163,한국마사회,OpenAPI product
KADX 농식품 공공데이터,한국마사회 마주 정보,"한국마사회 마주(마주 프로필, 경마성적 등) 데이터를 제공합니다.",https://data.mafra.go.kr/opendata/data/indexOpenDataDetail.do?data_id=20220715000000002164,한국마사회,OpenAPI product
KADX 농식품 공공데이터,한국마사회 말 산업 채용 정보,"한국마사회 말 산업 채용(취업, 구직, 연봉) 데이터를 제공합니다.",https://data.mafra.go.kr/opendata/data/indexOpenDataDetail.do?data_id=20220715000000002165,한국마사회,OpenAPI product
KADX 농식품 공공데이터,한국마사회 경주심판 정보,"한국마사회에서 제공하는 경주심판(종류, 시작일, 종료일, 판정이유등)에 대한 정보입니다.",https://data.mafra.go.kr/opendata/data/indexOpenDataDetail.do?data_id=20220715000000002166,한국마사회,OpenAPI product
KADX 농식품 공공데이터,한국마사회 마필 질병 정보,"한국마사회에서 제공하는 말의 질병에 대한 정보입니다.(질병명, 질병영문명, 질병설명등)",https://data.mafra.go.kr/opendata/data/indexOpenDataDetail.do?data_id=20220715000000002167,한국마사회,OpenAPI product
KADX 농식품 공공데이터,한국마사회 경마 매출 정보,"한국마사회 제공 경마 및 마권 매출 순위. (매출순위, 시행경마장명, 단승식 매출액, 연승식 매출액등)",https://data.mafra.go.kr/opendata/data/indexOpenDataDetail.do?data_id=20220715000000002169,한국마사회,OpenAPI product
KADX 농식품 공공데이터,한국마사회 육성마 정보,"한국 마사회에서 제공하는 육성마에 대한 정보(출생일, 혈통등록일, 생산자, 마명, 소유자, 소재지등)",https://data.mafra.go.kr/opendata/data/indexOpenDataDetail.do?data_id=20220715000000002170,한국마사회,OpenAPI product
KADX 농식품 공공데이터,한국마사회 말 육성정보,"한국 마사회에서 제공하는 말의 육성에 대한 정보(마명, 조교사명, 출추횟수, 일착횟수, 이착횟수등)",https://data.mafra.go.kr/opendata/data/indexOpenDataDetail.do?data_id=20220715000000002171,한국마사회,OpenAPI product
KADX 농식품 공공데이터,한국마사회 제재내역,"한국마사회에서 제공하는 경마 기수, 말에 대한 제재내역 정보(경마장명, 경주일자, 제재시작일자, 제재종료일자, 세부내용, 과태금등)",https://data.mafra.go.kr/opendata/data/indexOpenDataDetail.do?data_id=20220715000000002172,한국마사회,OpenAPI product
KADX 농식품 공공데이터,한국마사회 경주계획표,"한국마사회 경마시행(경주계획, 경마계획, 대상경주 등) 데이터를 제공합니다.",https://data.mafra.go.kr/opendata/data/indexOpenDataDetail.do?data_id=20220715000000002173,한국마사회,OpenAPI product
KADX 농식품 공공데이터,한국마사회 기수 성적 정보,"한국마사회 기수(기수 프로필, 경주성적 등) 데이터를 제공합니다.",https://data.mafra.go.kr/opendata/data/indexOpenDataDetail.do?data_id=20220715000000002174,한국마사회,OpenAPI product
KADX 농식품 공공데이터,한국마사회 출전 등록말 정보,"한국마사회 경주마(경주마 프로필, 경주성적 등) 데이터를 제공합니다.",https://data.mafra.go.kr/opendata/data/indexOpenDataDetail.do?data_id=20220715000000002175,한국마사회,OpenAPI product
KADX 농식품 공공데이터,한국마사회 경주마 출전취소 정보,"한국마사회 경주마(경주마 프로필, 경주성적 등) 데이터를 제공합니다.",https://data.mafra.go.kr/opendata/data/indexOpenDataDetail.do?data_id=20220715000000002176,한국마사회,OpenAPI product
KADX 농식품 공공데이터,한국마사회 기수 상세정보,"한국마사회 기수(기수 프로필, 경주성적 등) 데이터를 제공합니다.",https://data.mafra.go.kr/opendata/data/indexOpenDataDetail.do?data_id=20220715000000002177,한국마사회,OpenAPI product
KADX 농식품 공공데이터,한국마사회 승용마 상세정보,"한국마사회 승용마(승용마 이름, 고유번호, 출생일자 등) 데이터를 제공합니다.",https://data.mafra.go.kr/opendata/data/indexOpenDataDetail.do?data_id=20220715000000002178,한국마사회,OpenAPI product
KADX 농식품 공공데이터,한국마사회_경주마기간별50걸명단,"서울, 제주, 부경 경마장 특정 기간 별 마명, 마번, 기간 별총출 주횟수, 기간 별 1,2,3착 횟수, 승률, 복승률, 수득상금, 산지 및 혈통 정보",https://data.mafra.go.kr/opendata/data/indexOpenDataDetail.do?data_id=20220715000000002168,한국마사회,OpenAPI product
KADX 농식품 공공데이터,한국마사회 씨암말 정보,"한국마사회에서 제공하는 씨암수말(마번, 마명, 수입년도, 생산국, 소유자등)에 대한 정보",https://data.mafra.go.kr/opendata/data/indexOpenDataDetail.do?data_id=20220715000000002179,한국마사회,OpenAPI product
KADX 농식품 공공데이터,한국마사회 주행심사 상세결과,"한국마사회 경마심사(주행심사, 출발심사 결과 등) 데이터를 제공합니다.",https://data.mafra.go.kr/opendata/data/indexOpenDataDetail.do?data_id=20220715000000002180,한국마사회,OpenAPI product
KADX 농식품 공공데이터,한국마사회_경주마1년전적50걸명단,"서울, 제주, 부경 경마장 마번, 마명, 최근 1년 출주 횟수, 최근 1년 1,2,3착 횟수, 승률, 복승률, 최근1년 착순상금과 혈통 정보 제공",https://data.mafra.go.kr/opendata/data/indexOpenDataDetail.do?data_id=20220715000000002183,한국마사회,OpenAPI product
KADX 농식품 공공데이터,한국마사회 복승식 예상배당률 정보,"한국마사회 배당률(예상배당률, 적중승식 등) 데이터를 제공합니다.",https://data.mafra.go.kr/opendata/data/indexOpenDataDetail.do?data_id=20220715000000002181,한국마사회,OpenAPI product
KADX 농식품 공공데이터,한국마사회 기수변경 정보,"한국마사회 기수(기수 프로필, 경주성적 등) 데이터를 제공합니다.",https://data.mafra.go.kr/opendata/data/indexOpenDataDetail.do?data_id=20220715000000002182,한국마사회,OpenAPI product
KADX 농식품 공공데이터,한국마사회_경주마통산전적50걸명단,"서울, 제주, 부경 경마장 통산 마번, 마명, 통산출전수, 통산1,2,3착 횟수, 승률, 복승률, 수득상금, 혈통 정보 제공",https://data.mafra.go.kr/opendata/data/indexOpenDataDetail.do?data_id=20220715000000002185,한국마사회,OpenAPI product
KADX 농식품 공공데이터,한국마사회 경주마 레이팅 정보,"한국마사회 경주마(경주마 프로필, 경주성적 등) 데이터를 제공합니다.",https://data.mafra.go.kr/opendata/data/indexOpenDataDetail.do?data_id=20220715000000002184,한국마사회,OpenAPI product
KADX 농식품 공공데이터,한국마사회 경주조건별 최고기록,"한국마사회 경주성적(경주기록, 경주성적, 요약성적 등) 데이터를 제공합니다.",https://data.mafra.go.kr/opendata/data/indexOpenDataDetail.do?data_id=20220715000000002186,한국마사회,OpenAPI product
KADX 농식품 공공데이터,한국마사회_마주기간별성적비교,"서울, 제주, 부경 경마장 기간 별 마주명, 마주 번호, 기간 별 총출주횟수, 기간 별 1,2,3착 횟수, 승률, 복승률 등 정보 제공",https://data.mafra.go.kr/opendata/data/indexOpenDataDetail.do?data_id=20220715000000002187,한국마사회,OpenAPI product
KADX 농식품 공공데이터,한국마사회 수출마 정보,"한국마사회에서 제공하는 말 수입, 수출에 대한 정보(출생일, 품종, 성별, 생산국, 원마명등)",https://data.mafra.go.kr/opendata/data/indexOpenDataDetail.do?data_id=20220715000000002188,한국마사회,OpenAPI product
KADX 농식품 공공데이터,한국마사회 2착마 적중승식 예상배당률 정보,"한국마사회 배당률(예상배당률, 적중승식 등) 데이터를 제공합니다.",https://data.mafra.go.kr/opendata/data/indexOpenDataDetail.do?data_id=20220715000000002189,한국마사회,OpenAPI product
KADX 농식품 공공데이터,한국마사회 출발심사 결과,"한국마사회 경마심사(주행심사, 출발심사 결과 등) 데이터를 제공합니다.",https://data.mafra.go.kr/opendata/data/indexOpenDataDetail.do?data_id=20220715000000002190,한국마사회,OpenAPI product
KADX 농식품 공공데이터,한국마사회 출전마 체중 정보,"한국마사회 경주마(경주마 프로필, 경주성적 등) 데이터를 제공합니다.",https://data.mafra.go.kr/opendata/data/indexOpenDataDetail.do?data_id=20220715000000002192,한국마사회,OpenAPI product
KADX 농식품 공공데이터,한국마사회_조교사월별조교강도,"서울, 부산경남, 제주 경마장 경주일자, 경주번호에 대한 착순, 출주번호, 마명, 부담중량, 기수 정보, 조교사 정보, 마주정보, 마체중등 정보 제공.",https://data.mafra.go.kr/opendata/data/indexOpenDataDetail.do?data_id=20220715000000002191,한국마사회,OpenAPI product
KADX 농식품 공공데이터,한국마사회 경주 요약성적표,"한국마사회 경주성적(경주기록, 경주성적, 요약성적 등) 데이터를 제공합니다.",https://data.mafra.go.kr/opendata/data/indexOpenDataDetail.do?data_id=20220715000000002193,한국마사회,OpenAPI product
KADX 농식품 공공데이터,한국마사회_조교사월별조교비율,"서울, 제주, 부경 경마장 조교년월과 순위, 조교두수, 조교시간, 보유두수 대비 조교비율, 조, 조교사번호, 조교사명 등 정보 제공",https://data.mafra.go.kr/opendata/data/indexOpenDataDetail.do?data_id=20220715000000002196,한국마사회,OpenAPI product
KADX 농식품 공공데이터,한국마사회 경주마명 변경 정보,"한국마사회 경주마(경주마 프로필, 경주성적 등) 데이터를 제공합니다.",https://data.mafra.go.kr/opendata/data/indexOpenDataDetail.do?data_id=20220715000000002194,한국마사회,OpenAPI product
KADX 농식품 공공데이터,한국마사회 마필진료 정보,"한국마사회 경주마(경주마 프로필, 경주성적 등) 데이터를 제공합니다.",https://data.mafra.go.kr/opendata/data/indexOpenDataDetail.do?data_id=20220715000000002195,한국마사회,OpenAPI product
KADX 농식품 공공데이터,한국마사회_조교사월별조교시간,"서울, 제주, 부경 경마장 조교년월, 순위, 두당 평균 조교시간, 조, 조교사번호, 조교사명 등에 대한 정보 제공",https://data.mafra.go.kr/opendata/data/indexOpenDataDetail.do?data_id=20220715000000002198,한국마사회,OpenAPI product
KADX 농식품 공공데이터,한국마사회 수입말 정보,"한국마사회에서 제공하는 말 수입, 수출에 대한 정보(출생일, 품종, 성별, 생산국, 원마명등)",https://data.mafra.go.kr/opendata/data/indexOpenDataDetail.do?data_id=20220715000000002197,한국마사회,OpenAPI product
KADX 농식품 공공데이터,한국마사회_조교사차주출전예정마,"서울, 제주, 부경 경마장 차주출전마 관련 등급, 조교사명, 마번, 마명, 조교일수, 조교시간, 마주 등 정보 제공",https://data.mafra.go.kr/opendata/data/indexOpenDataDetail.do?data_id=20220715000000002200,한국마사회,OpenAPI product
KADX 농식품 공공데이터,한국마사회 경주 구간별 성적 정보,"한국마사회 경주성적(경주기록, 경주성적, 요약성적 등) 데이터를 제공합니다.",https://data.mafra.go.kr/opendata/data/indexOpenDataDetail.do?data_id=20220715000000002199,한국마사회,OpenAPI product
KADX 농식품 공공데이터,한국마사회_조교사금주출전예정마,"서울, 제주, 부경 경마장 금주출전예정마 관련 등급, 조교사명, 마번, 마명, 조교일수, 조교시간, 마주명 관련 정보 제공",https://data.mafra.go.kr/opendata/data/indexOpenDataDetail.do?data_id=20220715000000002202,한국마사회,OpenAPI product
KADX 농식품 공공데이터,한국마사회 마필 구간별 경주기록,"한국마사회 경주마(경주마 프로필, 경주성적 등) 데이터를 제공합니다.",https://data.mafra.go.kr/opendata/data/indexOpenDataDetail.do?data_id=20220715000000002201,한국마사회,OpenAPI product
KADX 농식품 공공데이터,한국마사회_조교사일일조교일자,"서울, 제주, 부경 경마장 경주마 관련 조교사의 조교일자, 조교사번호, 조교사명, 소속조, 조교두수 등 정보 제공",https://data.mafra.go.kr/opendata/data/indexOpenDataDetail.do?data_id=20220715000000002205,한국마사회,OpenAPI product
KADX 농식품 공공데이터,한국마사회 경마 매출액 및 확정배당율,"한국마사회 배당률(예상배당률, 적중승식 등) 데이터를 제공합니다.",https://data.mafra.go.kr/opendata/data/indexOpenDataDetail.do?data_id=20220715000000002203,한국마사회,OpenAPI product
KADX 농식품 공공데이터,한국마사회 조교사 상세정보,"한국마사회 조교사(조교사 프로필, 경주성적 등) 데이터를 제공합니다.",https://data.mafra.go.kr/opendata/data/indexOpenDataDetail.do?data_id=20220715000000002204,한국마사회,OpenAPI product
KADX 농식품 공공데이터,한국마사회 마필종합 상세정보,"한국마사회 경마시행(경주계획, 경마계획, 대상경주 등) 데이터를 제공합니다.",https://data.mafra.go.kr/opendata/data/indexOpenDataDetail.do?data_id=20220715000000002207,한국마사회,OpenAPI product
KADX 농식품 공공데이터,한국마사회 포입씨암말 정보,"한국 마사회 제공 포입말(마번, 마명, 부마명, 모마명, 승률, 수득상금등)에 대한 정보",https://data.mafra.go.kr/opendata/data/indexOpenDataDetail.do?data_id=20220715000000002209,한국마사회,OpenAPI product
KADX 농식품 공공데이터,한국마사회 출전마 장구사용 및 폐출혈 정보,"한국마사회 경주출전(경주일자, 기승기수, 경주마 등) 장구사용 및 폐출혈 데이터를 제공",https://data.mafra.go.kr/opendata/data/indexOpenDataDetail.do?data_id=20220715000000002212,한국마사회,OpenAPI product
KADX 농식품 공공데이터,한국마사회_조교사기간별전적비교,"서울, 제주, 부경 경마장 기간별 조교사번호, 조교사명, 통산 1,2,3착 횟수, 통산 총 출주횟수, 착순 상금, 승률, 복승률 관련 정보 제공.",https://data.mafra.go.kr/opendata/data/indexOpenDataDetail.do?data_id=20220715000000002206,한국마사회,OpenAPI product
KADX 농식품 공공데이터,한국마사회 경주마 등급변동 정보,"한국마사회 경주마(경주마 프로필, 경주성적 등) 데이터를 제공합니다.",https://data.mafra.go.kr/opendata/data/indexOpenDataDetail.do?data_id=20220715000000002213,한국마사회,OpenAPI product
KADX 농식품 공공데이터,한국마사회 경주마 상세정보,"한국마사회 경주마(경주마 프로필, 경주성적 등) 데이터를 제공합니다.",https://data.mafra.go.kr/opendata/data/indexOpenDataDetail.do?data_id=20220715000000002215,한국마사회,OpenAPI product
KADX 농식품 공공데이터,한국마사회_조교사통산전적비교,"서울, 제주, 부경 경마장 조교사번호, 조교사명, 통산 1,2,3착 횟수, 통산 총출주횟수, 착순상금, 승률, 복승률 관련 정보 제공.",https://data.mafra.go.kr/opendata/data/indexOpenDataDetail.do?data_id=20220715000000002208,한국마사회,OpenAPI product
KADX 농식품 공공데이터,한국마사회 전자입찰 공고정보,"한국마사회에서 제공하는 전자입찰 정보(계약정보, 낙찰정보, 공고정보 등)",https://data.mafra.go.kr/opendata/data/indexOpenDataDetail.do?data_id=20220715000000002219,한국마사회,OpenAPI product
KADX 농식품 공공데이터,한국마사회_조교사최근1년성적비교,"서울, 제주, 부경 경마장 조교사번호, 조교사명, 최근1년 1,2,3착 횟수, 착순 상금, 승률, 복승률 관련 정보 제공.",https://data.mafra.go.kr/opendata/data/indexOpenDataDetail.do?data_id=20220715000000002210,한국마사회,OpenAPI product
KADX 농식품 공공데이터,한국마사회 3착마 적중승식 예상배당률 정보,"한국마사회 배당률(예상배당률, 적중승식 등) 데이터를 제공합니다.",https://data.mafra.go.kr/opendata/data/indexOpenDataDetail.do?data_id=20220715000000002220,한국마사회,OpenAPI product
KADX 농식품 공공데이터,한국마사회_퇴역조교사,"서울, 제주, 부경 경마장 퇴역조교사명, 소속조, 데뷔일자, 퇴사일자, 최근 1년 경주수, 최근1년 1,2,3위 경주수, 통산경주수, 통산 1,2,3위 경주수 등 정보 제공",https://data.mafra.go.kr/opendata/data/indexOpenDataDetail.do?data_id=20220715000000002211,한국마사회,OpenAPI product
KADX 농식품 공공데이터,한국마사회 전국 승마장 정보,"한국마사회 승마(승마시설명, 위치, 연락처, 승용마 정보 등) 데이터를 제공합니다.",https://data.mafra.go.kr/opendata/data/indexOpenDataDetail.do?data_id=20220715000000002222,한국마사회,OpenAPI product
KADX 농식품 공공데이터,한국마사회_현역조교사,"서울, 제주, 부경 경마장 현역조교사명, 소속조, 데뷔일자, 최근1년 경주수, 최근1년 1,2,3위 경주 수, 통산경주수, 통산 1,2,3위 경주수, 위탁두수 등 정보 제공.",https://data.mafra.go.kr/opendata/data/indexOpenDataDetail.do?data_id=20220715000000002214,한국마사회,OpenAPI product
KADX 농식품 공공데이터,한국마사회 경주기록 정보,"한국마사회 경주성적(경주기록, 경주성적, 요약성적 등) 데이터를 제공합니다.",https://data.mafra.go.kr/opendata/data/indexOpenDataDetail.do?data_id=20220715000000002224,한국마사회,OpenAPI product
KADX 농식품 공공데이터,한국마사회_기수일일조교일자,"서울, 제주, 부경 경마장 기수가 조교하는 경주마들에 관한 조교일자, 기수번호, 기수명, 소속 조교사명, 조교두수 등 정보 제공.",https://data.mafra.go.kr/opendata/data/indexOpenDataDetail.do?data_id=20220715000000002216,한국마사회,OpenAPI product
KADX 농식품 공공데이터,한국마사회 포입말 정보,"한국 마사회 제공 포입말(마번, 마명, 부마명, 모마명, 승률, 수득상금등)에 대한 정보",https://data.mafra.go.kr/opendata/data/indexOpenDataDetail.do?data_id=20220715000000002226,한국마사회,OpenAPI product
KADX 농식품 공공데이터,한국마사회_기수기간별성적비교,"서울, 부경, 제주 경마장 특정기간별 기수명, 기수번호, 기간내 총 출전 횟수, 기간내 1,2,3착 횟수, 승률, 복승률관련 정보 제공.",https://data.mafra.go.kr/opendata/data/indexOpenDataDetail.do?data_id=20220715000000002217,한국마사회,OpenAPI product
KADX 농식품 공공데이터,"한국마사회 마필,기수,조교사 통산경주기록","한국마사회 경주성적(경주기록, 경주성적, 요약성적 등) 데이터를 제공합니다.",https://data.mafra.go.kr/opendata/data/indexOpenDataDetail.do?data_id=20220715000000002229,한국마사회,OpenAPI product
KADX 농식품 공공데이터,한국마사회 전자입찰 낙찰정보,"한국마사회에서 제공하는 전자입찰 정보입니다.(계약정보, 낙찰정보, 공고정보 등)",https://data.mafra.go.kr/opendata/data/indexOpenDataDetail.do?data_id=20220715000000002231,한국마사회,OpenAPI product
KADX 농식품 공공데이터,한국마사회_기수통산성적비교,"서울, 부산, 제주 경마장 기수번호, 기수명, 통산1,2,3착 횟수, 승률, 복승률, 착순상금, 통산총출전횟수 등의 데이터를 제공.",https://data.mafra.go.kr/opendata/data/indexOpenDataDetail.do?data_id=20220715000000002218,한국마사회,OpenAPI product
KADX 농식품 공공데이터,한국마사회 전자입찰 계약정보,"한국마사회에서 제공하는 전자입찰 정보입니다.(계약정보, 낙찰정보, 공고정보 등)",https://data.mafra.go.kr/opendata/data/indexOpenDataDetail.do?data_id=20220715000000002233,한국마사회,OpenAPI product
KADX 농식품 공공데이터,한국마사회 예상배당률 통합 정보,"한국마사회 배당률(예상배당률, 적중승식 등) 데이터를 제공합니다.",https://data.mafra.go.kr/opendata/data/indexOpenDataDetail.do?data_id=20220715000000002234,한국마사회,OpenAPI product
KADX 농식품 공공데이터,한국마사회_기수최근1년성적비교,"서울, 부경, 제주 경마장 기수번호, 기수명, 최근 1년 1착횟수, 승률, 복승률, 착순상금, 최근1년총출전횟수 등 관련 정보 제공",https://data.mafra.go.kr/opendata/data/indexOpenDataDetail.do?data_id=20220715000000002221,한국마사회,OpenAPI product
KADX 농식품 공공데이터,한국마사회 출전표 상세정보,"한국마사회 경주출전(경주일자, 기승기수, 경주마 등) 데이터를 제공합니다.",https://data.mafra.go.kr/opendata/data/indexOpenDataDetail.do?data_id=20220715000000002236,한국마사회,OpenAPI product
KADX 농식품 공공데이터,한국마사회_조교사별두수,"서울, 부경, 제주 경마장 조교사 번호, 조교사명과 등급(서울,부경의 경우 외산 4등급, 국산6등급 / 제주의 경우 한라 4등급, 제주마 6등급) , 전체마 합계 등 관련 정보.",https://data.mafra.go.kr/opendata/data/indexOpenDataDetail.do?data_id=20220715000000002223,한국마사회,OpenAPI product
KADX 농식품 공공데이터,한국마사회 경주마 성적 정보,"한국마사회 경주성적(경주기록, 경주성적, 요약성적 등) 데이터를 제공합니다.",https://data.mafra.go.kr/opendata/data/indexOpenDataDetail.do?data_id=20220715000000002238,한국마사회,OpenAPI product
KADX 농식품 공공데이터,한국마사회 일별훈련 상세정보,"한국마사회 경주마 훈련(훈련일자, 훈련마명, 훈련시간 등) 데이터를 제공합니다.",https://data.mafra.go.kr/opendata/data/indexOpenDataDetail.do?data_id=20220715000000002240,한국마사회,OpenAPI product
KADX 농식품 공공데이터,한국마사회_마주별두수,"서울, 부경, 제주 경마장 마주번호, 마주명과 등급(서울,부경의 경우 외산4개등급, 국산6개등급, 제주의 경우 한라마4개등급, 제주마4개등급) 관련 정보 제공.",https://data.mafra.go.kr/opendata/data/indexOpenDataDetail.do?data_id=20220715000000002225,한국마사회,OpenAPI product
KADX 농식품 공공데이터,한국마사회 출발훈련 정보,"한국마사회 경주마 훈련(훈련일자, 훈련마명, 훈련시간 등) 데이터를 제공합니다.",https://data.mafra.go.kr/opendata/data/indexOpenDataDetail.do?data_id=20220715000000002241,한국마사회,OpenAPI product
KADX 농식품 공공데이터,한국마사회_경주마명단,"서울, 제주, 부경 경마장 마번, 마명, 소속조, 경주마 등급, 산지, 성별, 연력, 시작일자, 데뷔일자, 전적, 1년 총수득상금, 총수득상금, 성별과 레이팅 관련 정보 제공.",https://data.mafra.go.kr/opendata/data/indexOpenDataDetail.do?data_id=20220715000000002227,한국마사회,OpenAPI product
KADX 농식품 공공데이터,한국마사회 1착마 적중승식 예상배당률 정보,"한국마사회 배당률(예상배당률, 적중승식 등) 데이터를 제공합니다.",https://data.mafra.go.kr/opendata/data/indexOpenDataDetail.do?data_id=20220715000000002242,한국마사회,OpenAPI product
KADX 농식품 공공데이터,한국마사회_경주별상세성적표,"서울, 부산경남, 제주 경마장 경주일자, 경주번호에 대하여 착순, 출주번호, 마명, 부담중량, 기수 정보, 조교사 정보, 마주정보, 마체중관련 정보 제공.",https://data.mafra.go.kr/opendata/data/indexOpenDataDetail.do?data_id=20220715000000002228,한국마사회,OpenAPI product
KADX 농식품 공공데이터,한국마사회 경주개요 정보,"한국마사회 경주성적(경주기록, 경주성적, 요약성적 등) 데이터를 제공합니다.",https://data.mafra.go.kr/opendata/data/indexOpenDataDetail.do?data_id=20220715000000002243,한국마사회,OpenAPI product
KADX 농식품 공공데이터,한국마사회_현직기수정보,"&#34;서울, 부산경남, 제주 경마장 현직기수정보 ( 기수명, 기수번호, 소속조, 통산 1위횟수, 통산 1착횟수, 2착횟수, 3착횟수, 기능가능중량 등 )&#34;",https://data.mafra.go.kr/opendata/data/indexOpenDataDetail.do?data_id=20220715000000002230,한국마사회,OpenAPI product
KADX 농식품 공공데이터,한국마사회 승식별 최고배당률 정보,"한국마사회 배당률(예상배당률, 적중승식 등) 데이터를 제공합니다.",https://data.mafra.go.kr/opendata/data/indexOpenDataDetail.do?data_id=20220715000000002244,한국마사회,OpenAPI product
KADX 농식품 공공데이터,한국마사회_퇴직기수정보,"&#34;서울, 부산경남, 제주 경마장 퇴직기수정보 ( 기수명, 기수번호, 소속조, 은퇴일자, 통산 총출주횟수, 1위횟수, 2위횟수, 3위횟수, 퇴직일 등 )&#34;",https://data.mafra.go.kr/opendata/data/indexOpenDataDetail.do?data_id=20220715000000002232,한국마사회,OpenAPI product
KADX 농식품 공공데이터,한국마사회 대상경주 연간계획,"한국마사회 경마시행(경주계획, 경마계획, 대상경주 등) 데이터를 제공합니다.",https://data.mafra.go.kr/opendata/data/indexOpenDataDetail.do?data_id=20220715000000002246,한국마사회,OpenAPI product
KADX 농식품 공공데이터,한국마사회_언덕주로 훈련정보,"&#34;한국마사회에서 제공하는 언덕주로 조교에 관한 훈련정보 (조교 해당 목장, 마필, 성별, 칩번호, 조교일, 조교시간, 기록등에 대한 정보를 제공.)&#34;",https://data.mafra.go.kr/opendata/data/indexOpenDataDetail.do?data_id=20220715000000002235,한국마사회,OpenAPI product
KADX 농식품 공공데이터,한국마사회 씨수말 정보,"한국마사회 제공 씨암수말(마번, 마명, 수입년도, 생산국, 소유자등)에 대한 정보",https://data.mafra.go.kr/opendata/data/indexOpenDataDetail.do?data_id=20220715000000002247,한국마사회,OpenAPI product
KADX 농식품 공공데이터,한국마사회_RC경마경주정보,서울에서 개최되는 경마 경주 정보입니다.,https://data.mafra.go.kr/opendata/data/indexOpenDataDetail.do?data_id=20220715000000002249,한국마사회,OpenAPI product
KADX 농식품 공공데이터,한국마사회_경마경주정보,한국마사회에서 개최하는 연간경주계획을 표출한다.,https://data.mafra.go.kr/opendata/data/indexOpenDataDetail.do?data_id=20220715000000002251,한국마사회,OpenAPI product
KADX 농식품 공공데이터,한국마사회_경마교육원 교육마 정보,한국마사회 경마교육원 교육마 정보,https://data.mafra.go.kr/opendata/data/indexOpenDataDetail.do?data_id=20220715000000002253,한국마사회,OpenAPI product
KADX 농식품 공공데이터,한국마사회_경주로정보,"한국마사회 경주로의 습도, 기온등의 정보를 표출함.",https://data.mafra.go.kr/opendata/data/indexOpenDataDetail.do?data_id=20220715000000002254,한국마사회,OpenAPI product
KADX 농식품 공공데이터,한국마사회_경주마인기투표정보,한국마사회 경주마인기투표 정보,https://data.mafra.go.kr/opendata/data/indexOpenDataDetail.do?data_id=20220715000000002255,한국마사회,OpenAPI product
KADX 농식품 공공데이터,한국마사회_경주마장제정보,한국마사회 경주마장제 정보,https://data.mafra.go.kr/opendata/data/indexOpenDataDetail.do?data_id=20220715000000002257,한국마사회,OpenAPI product
KADX 농식품 공공데이터,한국마사회_교배정보,한국마사회 교배정보,https://data.mafra.go.kr/opendata/data/indexOpenDataDetail.do?data_id=20220715000000002259,한국마사회,OpenAPI product
KADX 농식품 공공데이터,한국마사회_마필용도정보,한국마사회 마필용도정보,https://data.mafra.go.kr/opendata/data/indexOpenDataDetail.do?data_id=20220715000000002260,한국마사회,OpenAPI product
KADX 농식품 공공데이터,한국마사회_마필접종정보,한국마사회 마필접종정보,https://data.mafra.go.kr/opendata/data/indexOpenDataDetail.do?data_id=20220715000000002263,한국마사회,OpenAPI product
KADX 농식품 공공데이터,한국마사회_육성마심사정보,한국마사회 육성마심사정보,https://data.mafra.go.kr/opendata/data/indexOpenDataDetail.do?data_id=20220715000000002265,한국마사회,OpenAPI product
KADX 농식품 공공데이터,한국마사회_응급구호정보,한국마사회 응급구호정보,https://data.mafra.go.kr/opendata/data/indexOpenDataDetail.do?data_id=20220715000000002266,한국마사회,OpenAPI product
KADX 농식품 공공데이터,한국마사회_마필경주별 상금정보,"&#34;한국마사회에서 경주 결과에 대한 마필별 수득상금 및 기타정보를 제공 ( 시행경마장, 경주일자, 경주번호, 경주일수, 경주거리, 등급조건, 부담, 상금,연령, 착순상금, 부가상금 등의 자료)&#34;",https://data.mafra.go.kr/opendata/data/indexOpenDataDetail.do?data_id=20220715000000002237,한국마사회,OpenAPI product
KADX 농식품 공공데이터,한국마사회_진료소방역정보,한국마사회 진료소방역정보,https://data.mafra.go.kr/opendata/data/indexOpenDataDetail.do?data_id=20220715000000002268,한국마사회,OpenAPI product
KADX 농식품 공공데이터,한국마사회_스마트마방 기초정보,"&#34;한국마사회에서 관리되는 마필에 대한 기본정보를 제공한다. (마필에 관한 마번, 마명, 출생일자, 등록일자, 품종, 소재지, 소속조, 성별, 용도, 조교사, 마주등의 정보)&#34;",https://data.mafra.go.kr/opendata/data/indexOpenDataDetail.do?data_id=20220715000000002239,한국마사회,OpenAPI product
KADX 농식품 공공데이터,한국마사회_해외경주성적정보,한국마사회 해외경주성적정보,https://data.mafra.go.kr/opendata/data/indexOpenDataDetail.do?data_id=20220715000000002270,한국마사회,OpenAPI product
KADX 농식품 공공데이터,한국마사회_수영훈련정보,한국마사회 수영훈련정보,https://data.mafra.go.kr/opendata/data/indexOpenDataDetail.do?data_id=20220715000000002245,한국마사회,OpenAPI product
KADX 농식품 공공데이터,한국마사회_심판리포트정보,한국마사회 심판리포트정보,https://data.mafra.go.kr/opendata/data/indexOpenDataDetail.do?data_id=20220715000000002248,한국마사회,OpenAPI product
KADX 농식품 공공데이터,한국마사회_경주성적정보,한국마사회 경주성적정보,https://data.mafra.go.kr/opendata/data/indexOpenDataDetail.do?data_id=20220715000000002250,한국마사회,OpenAPI product
KADX 농식품 공공데이터,한국마사회_지사좌석판매정보,한국마사회 지사좌석판매정보,https://data.mafra.go.kr/opendata/data/indexOpenDataDetail.do?data_id=20220715000000002252,한국마사회,OpenAPI product
KADX 농식품 공공데이터,한국마사회_지사좌석정원정보,한국마사회 지사좌석정원정보,https://data.mafra.go.kr/opendata/data/indexOpenDataDetail.do?data_id=20220715000000002256,한국마사회,OpenAPI product
KADX 농식품 공공데이터,한국마사회_지사좌석요금정보,한국마사회 지사좌석요금정보,https://data.mafra.go.kr/opendata/data/indexOpenDataDetail.do?data_id=20220715000000002258,한국마사회,OpenAPI product
KADX 농식품 공공데이터,한국마사회_입장인원정보,한국마사회 입장인원정보,https://data.mafra.go.kr/opendata/data/indexOpenDataDetail.do?data_id=20220715000000002261,한국마사회,OpenAPI product
KADX 농식품 공공데이터,한국마사회_발매창구정보,한국마사회 발매창구정보,https://data.mafra.go.kr/opendata/data/indexOpenDataDetail.do?data_id=20220715000000002262,한국마사회,OpenAPI product
KADX 농식품 공공데이터,한국마사회_발매금액정보,한국마사회 발매금액정보,https://data.mafra.go.kr/opendata/data/indexOpenDataDetail.do?data_id=20220715000000002267,한국마사회,OpenAPI product
KADX 농식품 공공데이터,한국마사회_발매금액관리정보,한국마사회 발매금액관리정보,https://data.mafra.go.kr/opendata/data/indexOpenDataDetail.do?data_id=20220715000000002269,한국마사회,OpenAPI product
KADX 농식품 공공데이터,한국마사회_구매성향정보,한국마사회 구매성향정보,https://data.mafra.go.kr/opendata/data/indexOpenDataDetail.do?data_id=20220715000000002271,한국마사회,OpenAPI product
KADX 농식품 공공데이터,한국마사회_레츠런파크 트랙정보,한국마사회 레츠런파크 트랙정보,https://data.mafra.go.kr/opendata/data/indexOpenDataDetail.do?data_id=20220715000000002273,한국마사회,OpenAPI product
KADX 농식품 공공데이터,한국마사회_레츠런파크 좌석정보,한국마사회 레츠런파크 좌석정보,https://data.mafra.go.kr/opendata/data/indexOpenDataDetail.do?data_id=20220715000000002275,한국마사회,OpenAPI product
KADX 농식품 공공데이터,한국마사회_레츠런파크 이벤트정보,한국마사회 레츠런파크 이벤트정보,https://data.mafra.go.kr/opendata/data/indexOpenDataDetail.do?data_id=20220715000000002276,한국마사회,OpenAPI product
KADX 농식품 공공데이터,한국마사회_레츠런파크 시설정보,한국마사회 레츠런파크 시설정보,https://data.mafra.go.kr/opendata/data/indexOpenDataDetail.do?data_id=20220715000000002277,한국마사회,OpenAPI product
KADX 농식품 공공데이터,한국마사회_레츠런파크 선수단성적정보,한국마사회 레츠런파크 선수단성적정보,https://data.mafra.go.kr/opendata/data/indexOpenDataDetail.do?data_id=20220715000000002274,한국마사회,OpenAPI product
KADX 농식품 공공데이터,한국마사회_CCC 문화강의정보,한국마사회 CCC 문화강의정보,https://data.mafra.go.kr/opendata/data/indexOpenDataDetail.do?data_id=20220715000000002272,한국마사회,OpenAPI product
KADX 농식품 공공데이터,공항만 외래병해충 검출 정보,"컨테이너,입국장,우편특송물류센에서국제식물검역인증원의검역을통해발견된외래병해충검출정보로월별지역정보,관리,잠정,비검역,건수,마리수등을제공한다",https://data.mafra.go.kr/opendata/data/indexOpenDataDetail.do?data_id=20220714000000002160,국제식물검역인증원,OpenAPI product
KADX 농식품 공공데이터,아시아매미나방 발생 정보,"국제식물검역인증원에서조사한아시아매미나방에발생정보에대한것으로월별지역,항구별,예찰트랩별,아시아매미나방채집수를제공한다",https://data.mafra.go.kr/opendata/data/indexOpenDataDetail.do?data_id=20220714000000002159,국제식물검역인증원,OpenAPI product
KADX 농식품 공공데이터,축산물 실시간 소도체 등급별경매현황정보,"축산물(소·돼지)에 대한 등급판정 결과, 고기 및 부산물 정보, 도매시장 정보, 경매 현황, 도페, 육질/육량 경락가격정보, 권역별 경략가격정보 등 축산물 등급 판정 및 경매에 관한 전반적인 정보 서비스를 제공함",https://data.mafra.go.kr/opendata/data/indexOpenDataDetail.do?data_id=20141016000000000271,축산물품질평가원,OpenAPI product
KADX 농식품 공공데이터,소 등급판정결과(확인서)정보,"축산물(소·돼지)에 대한 등급판정 결과, 고기 및 부산물 정보, 도매시장 정보, 경매 현황, 도페, 육질/육량 경락가격정보, 권역별 경략가격정보 등 축산물 등급 판정 및 경매에 관한 전반적인 정보 서비스를 제공함",https://data.mafra.go.kr/opendata/data/indexOpenDataDetail.do?data_id=20220215000000001913,축산물품질평가원,OpenAPI product
KADX 농식품 공공데이터,돼지 등급판정 부위별고기및부산물 정보,"축산물(소·돼지)에 대한 등급판정 결과, 고기 및 부산물 정보, 도매시장 정보, 경매 현황, 도페, 육질/육량 경락가격정보, 권역별 경략가격정보 등 축산물 등급 판정 및 경매에 관한 전반적인 정보 서비스를 제공함",https://data.mafra.go.kr/opendata/data/indexOpenDataDetail.do?data_id=20220215000000001909,축산물품질평가원,OpenAPI product
KADX 농식품 공공데이터,축산물 도매시장 소도체 등급별 경락가격정보,"축산물(소·돼지)에 대한 등급판정 결과, 고기 및 부산물 정보, 도매시장 정보, 경매 현황, 도페, 육질/육량 경락가격정보, 권역별 경략가격정보 등 축산물 등급 판정 및 경매에 관한 전반적인 정보 서비스를 제공함",https://data.mafra.go.kr/opendata/data/indexOpenDataDetail.do?data_id=20220215000000001903,축산물품질평가원,OpenAPI product
KADX 농식품 공공데이터,축산물 실시간 돼지도체 경매세부현황정보,"축산물(소·돼지)에 대한 등급판정 결과, 고기 및 부산물 정보, 도매시장 정보, 경매 현황, 도페, 육질/육량 경락가격정보, 권역별 경략가격정보 등 축산물 등급 판정 및 경매에 관한 전반적인 정보 서비스를 제공함",https://data.mafra.go.kr/opendata/data/indexOpenDataDetail.do?data_id=20141016000000000272,축산물품질평가원,OpenAPI product
KADX 농식품 공공데이터,소 권역별 경락가격현황,"축산물(소·돼지)에 대한 등급판정 결과, 고기 및 부산물 정보, 도매시장 정보, 경매 현황, 도페, 육질/육량 경락가격정보, 권역별 경략가격정보 등 축산물 등급 판정 및 경매에 관한 전반적인 정보 서비스를 제공함",https://data.mafra.go.kr/opendata/data/indexOpenDataDetail.do?data_id=20220215000000001925,축산물품질평가원,OpenAPI product
KADX 농식품 공공데이터,실시간 소도체 경매현황 조회,"축산물(소·돼지)에 대한 등급판정 결과, 고기 및 부산물 정보, 도매시장 정보, 경매 현황, 도페, 육질/육량 경락가격정보, 권역별 경략가격정보 등 축산물 등급 판정 및 경매에 관한 전반적인 정보 서비스를 제공함",https://data.mafra.go.kr/opendata/data/indexOpenDataDetail.do?data_id=20141016000000000270,축산물품질평가원,OpenAPI product
KADX 농식품 공공데이터,축산물 실시간 경매시황중계정보,"축산물(소·돼지)에 대한 등급판정 결과, 고기 및 부산물 정보, 도매시장 정보, 경매 현황, 도페, 육질/육량 경락가격정보, 권역별 경략가격정보 등 축산물 등급 판정 및 경매에 관한 전반적인 정보 서비스를 제공함",https://data.mafra.go.kr/opendata/data/indexOpenDataDetail.do?data_id=20141016000000000269,축산물품질평가원,OpenAPI product
KADX 농식품 공공데이터,돼지 권역별 경락가격 현황,"축산물(소·돼지)에 대한 등급판정 결과, 고기 및 부산물 정보, 도매시장 정보, 경매 현황, 도페, 육질/육량 경락가격정보, 권역별 경략가격정보 등 축산물 등급 판정 및 경매에 관한 전반적인 정보 서비스를 제공함",https://data.mafra.go.kr/opendata/data/indexOpenDataDetail.do?data_id=20220215000000001933,축산물품질평가원,OpenAPI product
KADX 농식품 공공데이터,축산물 돼지도체 경락가격 상세정보,"축산물(소·돼지)에 대한 등급판정 결과, 고기 및 부산물 정보, 도매시장 정보, 경매 현황, 도페, 육질/육량 경락가격정보, 권역별 경략가격정보 등 축산물 등급 판정 및 경매에 관한 전반적인 정보 서비스를 제공함",https://data.mafra.go.kr/opendata/data/indexOpenDataDetail.do?data_id=20220215000000001931,축산물품질평가원,OpenAPI product
KADX 농식품 공공데이터,축산물 소도체 육질등급별 경락가격정보,"축산물(소·돼지)에 대한 등급판정 결과, 고기 및 부산물 정보, 도매시장 정보, 경매 현황, 도페, 육질/육량 경락가격정보, 권역별 경략가격정보 등 축산물 등급 판정 및 경매에 관한 전반적인 정보 서비스를 제공함",https://data.mafra.go.kr/opendata/data/indexOpenDataDetail.do?data_id=20220215000000001928,축산물품질평가원,OpenAPI product
KADX 농식품 공공데이터,돼지 등급판정결과(확인서)정보,"축산물(소·돼지)에 대한 등급판정 결과, 고기 및 부산물 정보, 도매시장 정보, 경매 현황, 도페, 육질/육량 경락가격정보, 권역별 경략가격정보 등 축산물 등급 판정 및 경매에 관한 전반적인 정보 서비스를 제공함",https://data.mafra.go.kr/opendata/data/indexOpenDataDetail.do?data_id=20220215000000001915,축산물품질평가원,OpenAPI product
KADX 농식품 공공데이터,차·전통주·김치 전문인력 양성 및 교육훈련기관 지정 현황,차·전통주·김치 전문인력 양성 및 교육훈련기관 지정 현황,https://data.mafra.go.kr/opendata/data/indexOpenDataDetail.do?data_id=20220711000000002152,국립농산물품질관리원,OpenAPI product
KADX 농식품 공공데이터,공익직불금 연령별 지급금액,공익직불금 연령별 지급금액,https://data.mafra.go.kr/opendata/data/indexOpenDataDetail.do?data_id=20220630000000002133,농림축산식품부,OpenAPI product
KADX 농식품 공공데이터,공익직불금 시도별 지급현황,공익직불금 시도별 지급면적,https://data.mafra.go.kr/opendata/data/indexOpenDataDetail.do?data_id=20220630000000002131,농림축산식품부,OpenAPI product
KADX 농식품 공공데이터,공익직불금 면적별 지급현황,공익직불금 면적별 지급면적,https://data.mafra.go.kr/opendata/data/indexOpenDataDetail.do?data_id=20220630000000002132,농림축산식품부,OpenAPI product
KADX 농식품 공공데이터,공익직불금 지급 데이터,공익직불금 지급 데이터,https://data.mafra.go.kr/opendata/data/indexOpenDataDetail.do?data_id=20220630000000002130,농림축산식품부,OpenAPI product
KADX 농식품 공공데이터,귀농귀촌 우수사례집,촌에 살고 촌에 웃고(귀농귀촌 20인의 우수사례이야기),https://data.mafra.go.kr/opendata/data/indexOpenDataDetail.do?data_id=20220701000000002134,농림축산식품부,OpenAPI product
KADX 농식품 공공데이터,귀농귀촌 실태조사 결과보고서,"귀농귀촌 형태, 귀농귀촌 이유, 거주 지역 선택 이유 등",https://data.mafra.go.kr/opendata/data/indexOpenDataDetail.do?data_id=20220701000000002135,농림축산식품부,OpenAPI product
KADX 농식품 공공데이터,농림축산식품부_농림축산식품사업 시행지침서,"연도별 농림축삭식품분야 사업시행지침서로 사업명, 분야, 신청자격, 자금유형, 담당기관 등의 데이터를 제공합니다.",https://data.mafra.go.kr/opendata/data/indexOpenDataDetail.do?data_id=20220628000000002121,농림축산식품부,OpenAPI product
KADX 농식품 공공데이터,농림축산식품분야 보조금 현황,농림축산식품분야 보조금 현황을 공개합니다.,https://data.mafra.go.kr/opendata/data/indexOpenDataDetail.do?data_id=20220628000000002124,농림축산식품부,OpenAPI product
KADX 농식품 공공데이터,농림축산식품부_농축산물 품목분류(HSK) 및 관세율,"HSK(관세,통계통합 품목분류표) 중 농축산물의 세번별 세율(기본세율, 양허관세, 시장접근세율 등), 관세율 및 HS 개요 등이 정리된 데이터",https://data.mafra.go.kr/opendata/data/indexOpenDataDetail.do?data_id=20220627000000002117,농림축산식품부,OpenAPI product
KADX 농식품 공공데이터,야생조류 고병원성 조류인플루엔자 발생현황,야생조류 고병원성 조류인플루엔자 발생현황 공개,https://data.mafra.go.kr/opendata/data/indexOpenDataDetail.do?data_id=20220620000000002110,농림축산식품부,OpenAPI product
KADX 농식품 공공데이터,농산물 안전성 검사기관 지정 현황,"국립농산물품질관리원에서 관리하는 안전성 검사기관 지정현황(지정번호, 지정일자, 기관명, 검사기관 소재지, 업무범위, 유해물질항목)",https://data.mafra.go.kr/opendata/data/indexOpenDataDetail.do?data_id=20181019000000000980,국립농산물품질관리원,OpenAPI product
KADX 농식품 공공데이터,원산지표시 업태별 적발현황,"국립농산물품질관리원에서 관리하는 농축산물 원산지표시 업태별 적발현황(연도, 업종, 거짓표시 적발실적, 미표시 적발실적)",https://data.mafra.go.kr/opendata/data/indexOpenDataDetail.do?data_id=20220613000000002102,국립농산물품질관리원,OpenAPI product
KADX 농식품 공공데이터,원산지 인증정보,"국립농산물품질관리원에서 관리하는 농산물 원산지 인증정보(인증번호, 최초인증일, 인증유효기간, 인증업체명, 제품명, 원산지, 비율, 인증기관)",https://data.mafra.go.kr/opendata/data/indexOpenDataDetail.do?data_id=20220609000000002101,국립농산물품질관리원,OpenAPI product
KADX 농식품 공공데이터,사료검정 정보,"사료의 품질 및 안전관리를 위한 일반성분, 유해성분 등 검정 정보(유해물질, 동물약품, 농약, 일반성분, 광물질, 보조제, 미생물, 기타성분)",https://data.mafra.go.kr/opendata/data/indexOpenDataDetail.do?data_id=20220609000000002100,국립농산물품질관리원,OpenAPI product
KADX 농식품 공공데이터,한국농어촌공사_경지정리현황도(2009년),"2009년까지 조사된 예정지 및 기시행 일반,대구획경지정리현황도 (SHP파일)",https://data.mafra.go.kr/opendata/data/indexOpenDataDetail.do?data_id=20220524000000002098,한국농어촌공사,OpenAPI product
KADX 농식품 공공데이터,친환경 농산물 소매가격,친환경 농산물의 소매가격 제공,https://data.mafra.go.kr/opendata/data/indexOpenDataDetail.do?data_id=20220222000000002094,한국농수산식품유통공사,OpenAPI product
KADX 농식품 공공데이터,도매시장별 출하량 정보,도매시장별 출하량 정보 제공,https://data.mafra.go.kr/opendata/data/indexOpenDataDetail.do?data_id=20220222000000002093,한국농수산식품유통공사,OpenAPI product
KADX 농식품 공공데이터,제주도 당근 항공촬영 정보,팜맵을 기반으로 한 제주도 작목별 항공촬영 정보(이미지),https://data.mafra.go.kr/opendata/data/indexOpenDataDetail.do?data_id=20220221000000002082,농림수산식품교육문화정보원,OpenAPI product
KADX 농식품 공공데이터,제주도 마늘 항공촬영 정보,팜맵을 기반으로 한 제주도 작목별 항공촬영 정보(이미지),https://data.mafra.go.kr/opendata/data/indexOpenDataDetail.do?data_id=20220221000000002083,농림수산식품교육문화정보원,OpenAPI product
KADX 농식품 공공데이터,제주도 브로콜리 항공촬영 정보,팜맵을 기반으로 한 제주도 작목별 항공촬영 정보(이미지),https://data.mafra.go.kr/opendata/data/indexOpenDataDetail.do?data_id=20220221000000002084,농림수산식품교육문화정보원,OpenAPI product
KADX 농식품 공공데이터,제주도 양파 항공촬영 정보,팜맵을 기반으로 한 제주도 작목별 항공촬영 정보(이미지),https://data.mafra.go.kr/opendata/data/indexOpenDataDetail.do?data_id=20220221000000002085,농림수산식품교육문화정보원,OpenAPI product
KADX 농식품 공공데이터,제주도 감귤 항공촬영 정보,팜맵을 기반으로 한 제주도 작목별 항공촬영 정보(이미지),https://data.mafra.go.kr/opendata/data/indexOpenDataDetail.do?data_id=20220221000000002081,농림수산식품교육문화정보원,OpenAPI product
KADX 농식품 공공데이터,농림축산식품부_종자산업법령집_2019,유전자변형생물체의 개발ㆍ생산ㆍ수입ㆍ수출ㆍ유통 등에 관한 안전성의 확보를 위하여 필요한 사항을 법령으로 정함,https://data.mafra.go.kr/opendata/data/indexOpenDataDetail.do?data_id=20191010000000001191,농림축산식품부,OpenAPI product
KADX 농식품 공공데이터,농림축산식품부_식물신품종 보호법령집(2013),유전자변형생물체의 개발ㆍ생산ㆍ수입ㆍ수출ㆍ유통 등에 관한 안전성의 확보를 위하여 필요한 사항을 법령으로 정함,https://data.mafra.go.kr/opendata/data/indexOpenDataDetail.do?data_id=20191010000000001192,농림축산식품부,OpenAPI product
KADX 농식품 공공데이터,시설채소 온실현황,"시도별 온실유형별(시설유형별, 규격시설별, 피복자재별 등)재배면적 현황",https://data.mafra.go.kr/opendata/data/indexOpenDataDetail.do?data_id=20220217000000002032,농림축산식품부,OpenAPI product
KADX 농식품 공공데이터,원산지표시 지역별 적발현황,"국립농산물품질관리원 원산지표시 지역별 적발현황(년도, 시도, 거짓표시 적발실적, 미표시 적발실적, 과태료)",https://data.mafra.go.kr/opendata/data/indexOpenDataDetail.do?data_id=20191011000000001215,국립농산물품질관리원,OpenAPI product
KADX 농식품 공공데이터,농협별.유종별 면세유 공급량_2023년,농협별.유종별 면세유 공급량,https://data.mafra.go.kr/opendata/data/indexOpenDataDetail.do?data_id=20240729000000002604,농림축산식품부,OpenAPI product
KADX 농식품 공공데이터,축종별 가축보험가입 통계정보,충판 및 전자북 제작(토론토)포함,https://data.mafra.go.kr/opendata/data/indexOpenDataDetail.do?data_id=20220217000000002079,농림축산식품부,OpenAPI product
KADX 농식품 공공데이터,축종별 가축보험가입 통계정보,충판 및 전자북 제작(토론토)포함,https://data.mafra.go.kr/opendata/data/indexOpenDataDetail.do?data_id=20161213000000000667,농림축산식품부,OpenAPI product
KADX 농식품 공공데이터,품목별 농작물 보험금지급 통계정보,충판 및 전자북 제작(토론토)포함,https://data.mafra.go.kr/opendata/data/indexOpenDataDetail.do?data_id=20220217000000002078,농림축산식품부,OpenAPI product
KADX 농식품 공공데이터,축종별 가축보험금지급 통계정보,충판 및 전자북 제작(토론토)포함,https://data.mafra.go.kr/opendata/data/indexOpenDataDetail.do?data_id=20220217000000002077,농림축산식품부,OpenAPI product
KADX 농식품 공공데이터,축종별 가축보험금지급 통계정보,충판 및 전자북 제작(토론토)포함,https://data.mafra.go.kr/opendata/data/indexOpenDataDetail.do?data_id=20161213000000000668,농림축산식품부,OpenAPI product
KADX 농식품 공공데이터,품목별 농작물보험료 통계정보,충판 및 전자북 제작(토론토)포함,https://data.mafra.go.kr/opendata/data/indexOpenDataDetail.do?data_id=20220217000000002076,농림축산식품부,OpenAPI product
KADX 농식품 공공데이터,품목별 농작물 보험가입 통계정보,충판 및 전자북 제작(토론토)포함,https://data.mafra.go.kr/opendata/data/indexOpenDataDetail.do?data_id=20220217000000002074,농림축산식품부,OpenAPI product
KADX 농식품 공공데이터,시도별 농작물 보험가입 통계정보,충판 및 전자북 제작(토론토)포함,https://data.mafra.go.kr/opendata/data/indexOpenDataDetail.do?data_id=20220217000000002073,농림축산식품부,OpenAPI product
KADX 농식품 공공데이터,시도별 농작물 보험금지급 통계정보,충판 및 전자북 제작(토론토)포함,https://data.mafra.go.kr/opendata/data/indexOpenDataDetail.do?data_id=20220217000000002071,농림축산식품부,OpenAPI product
KADX 농식품 공공데이터,농촌관광사업 등급 정보 현황,"농촌체험휴양마을 및 농촌민박 사업자를 대상으로 경관 및 서비스, 체험, 숙박, 음식 4개 분야에 대한 심사를 통해 결정된등급 정보(민박은 경관 및 서비스, 숙박 2개 분야)",https://data.mafra.go.kr/opendata/data/indexOpenDataDetail.do?data_id=20141127000000000364,농림축산식품부,OpenAPI product
KADX 농식품 공공데이터,년도별 농작물 보험금지급 통계정보,충판 및 전자북 제작(토론토)포함,https://data.mafra.go.kr/opendata/data/indexOpenDataDetail.do?data_id=20220217000000002070,농림축산식품부,OpenAPI product
KADX 농식품 공공데이터,년도별 농작물보험료 통계정보,충판 및 전자북 제작(토론토)포함,https://data.mafra.go.kr/opendata/data/indexOpenDataDetail.do?data_id=20220217000000002068,농림축산식품부,OpenAPI product
KADX 농식품 공공데이터,농축산물 FTA협정세율 현황,2014년 우리나라와 FTA를 체결한 나라(10개국)와의 협정세율 현황,https://data.mafra.go.kr/opendata/data/indexOpenDataDetail.do?data_id=20141031000000000350,농림축산식품부,OpenAPI product
KADX 농식품 공공데이터,시도별 농작물보험료 통계정보,충판 및 전자북 제작(토론토)포함,https://data.mafra.go.kr/opendata/data/indexOpenDataDetail.do?data_id=20220217000000002066,농림축산식품부,OpenAPI product
KADX 농식품 공공데이터,농축산물 관세율 현황,우리나라 농축산물의 WTO 양허관세율과 기본세율 자료,https://data.mafra.go.kr/opendata/data/indexOpenDataDetail.do?data_id=20220217000000002067,농림축산식품부,OpenAPI product
KADX 농식품 공공데이터,년도별 농작물 보험가입 통계정보,충판 및 전자북 제작(토론토)포함,https://data.mafra.go.kr/opendata/data/indexOpenDataDetail.do?data_id=20220217000000002064,농림축산식품부,OpenAPI product
KADX 농식품 공공데이터,시도별 사고원인 가축보험금지급 통계정보,충판 및 전자북 제작(토론토)포함,https://data.mafra.go.kr/opendata/data/indexOpenDataDetail.do?data_id=20220217000000002063,농림축산식품부,OpenAPI product
KADX 농식품 공공데이터,시도별 사고원인 가축보험금지급 통계정보,충판 및 전자북 제작(토론토)포함,https://data.mafra.go.kr/opendata/data/indexOpenDataDetail.do?data_id=20161213000000000663,농림축산식품부,OpenAPI product
KADX 농식품 공공데이터,컨설팅 분야별 지원현황,"농업경영컨설팅 지원현황(지원대상별, 컨설팅분야별)",https://data.mafra.go.kr/opendata/data/indexOpenDataDetail.do?data_id=20220217000000002062,농림축산식품부,OpenAPI product
KADX 농식품 공공데이터,지역별 가축 사육현황,"농업경영체 지역별, 소재지별, 품목별 현황 등을 제공",https://data.mafra.go.kr/opendata/data/indexOpenDataDetail.do?data_id=20201030000000001404,농림축산식품부,OpenAPI product
KADX 농식품 공공데이터,벼 재배면적 규모별 현황,"농업경영체 지역별, 소재지별, 품목별 현황 등을 제공",https://data.mafra.go.kr/opendata/data/indexOpenDataDetail.do?data_id=20201030000000001407,농림축산식품부,OpenAPI product
KADX 농식품 공공데이터,시군별 실제 지목 통계,"농업경영체 지역별, 소재지별, 품목별 현황 등을 제공",https://data.mafra.go.kr/opendata/data/indexOpenDataDetail.do?data_id=20201030000000001409,농림축산식품부,OpenAPI product
KADX 농식품 공공데이터,면적별 농가수,"농업경영체 지역별, 소재지별, 품목별 현황 등을 제공",https://data.mafra.go.kr/opendata/data/indexOpenDataDetail.do?data_id=20201030000000001408,농림축산식품부,OpenAPI product
KADX 농식품 공공데이터,논이모작 품목별 신청 지급 현황,"농업경영체 지역별, 소재지별, 품목별 현황 등을 제공",https://data.mafra.go.kr/opendata/data/indexOpenDataDetail.do?data_id=20201030000000001406,농림축산식품부,OpenAPI product
KADX 농식품 공공데이터,지역별 곤충 사육현황,"농업경영체 지역별, 소재지별, 품목별 현황 등을 제공",https://data.mafra.go.kr/opendata/data/indexOpenDataDetail.do?data_id=20201030000000001405,농림축산식품부,OpenAPI product
KADX 농식품 공공데이터,농축산물 특별긴급관세(SSG) 품목현황,UR 이행계획서상의 특별긴급관세 품목현황 : 관세상당치(TE)로 개방한 품목한 국내 농축산물에 피해를 줄 우려가 있는 경우 WTO에 양허한 세율을 초과하여 관세를 부과할 수 있는 품목현황,https://data.mafra.go.kr/opendata/data/indexOpenDataDetail.do?data_id=20220217000000002058,농림축산식품부,OpenAPI product
KADX 농식품 공공데이터,농업용 면세유 사용위반(용도외사용) 정보 현황,농업용 면세유 사용위반(용도외사용) 정보 현황,https://data.mafra.go.kr/opendata/data/indexOpenDataDetail.do?data_id=20240731000000002605,농림축산식품부,OpenAPI product
KADX 농식품 공공데이터,농업용 면세유 사용위반(용도외사용) 정보 현황,농업용 면세유 사용위반(용도외사용) 정보 현황,https://data.mafra.go.kr/opendata/data/indexOpenDataDetail.do?data_id=20220217000000002052,농림축산식품부,OpenAPI product
KADX 농식품 공공데이터,농업용 면세유 사용위반(용도외사용) 정보 현황,농업용 면세유 사용위반(용도외사용) 정보 현황,https://data.mafra.go.kr/opendata/data/indexOpenDataDetail.do?data_id=20141020000000000314,농림축산식품부,OpenAPI product
KADX 농식품 공공데이터,농협별.유종별 면세유 공급량,농협별.유종별 면세유 공급량,https://data.mafra.go.kr/opendata/data/indexOpenDataDetail.do?data_id=20220217000000002051,농림축산식품부,OpenAPI product
KADX 농식품 공공데이터,농협별.유종별 면세유 공급량,농협별.유종별 면세유 공급량,https://data.mafra.go.kr/opendata/data/indexOpenDataDetail.do?data_id=20141104000000000354,농림축산식품부,OpenAPI product
KADX 농식품 공공데이터,지역별.유종별 면세유 공급량_2023년,농업용 면세유 지역별.유종별 공급량,https://data.mafra.go.kr/opendata/data/indexOpenDataDetail.do?data_id=20240729000000002602,농림축산식품부,OpenAPI product
KADX 농식품 공공데이터,지역별.유종별 면세유 공급량,농업용 면세유 지역별.유종별 공급량,https://data.mafra.go.kr/opendata/data/indexOpenDataDetail.do?data_id=20220217000000002053,농림축산식품부,OpenAPI product
KADX 농식품 공공데이터,지역별.유종별 면세유 공급량,농업용 면세유 지역별.유종별 공급량,https://data.mafra.go.kr/opendata/data/indexOpenDataDetail.do?data_id=20141014000000000019,농림축산식품부,OpenAPI product
KADX 농식품 공공데이터,재배품목별 면세유 공급현황,"면세유의 지역별, 재배품목별 공급현황 자료",https://data.mafra.go.kr/opendata/data/indexOpenDataDetail.do?data_id=20220217000000002049,농림축산식품부,OpenAPI product
KADX 농식품 공공데이터,재배품목별 면세유 공급현황,"면세유의 지역별, 재배품목별 공급현황 자료",https://data.mafra.go.kr/opendata/data/indexOpenDataDetail.do?data_id=20141014000000000020,농림축산식품부,OpenAPI product
KADX 농식품 공공데이터,학교급식 친환경 농산물 주요 품목별 규모,학교급식 친환경 농산물 주요 품목(71개) 규모,https://data.mafra.go.kr/opendata/data/indexOpenDataDetail.do?data_id=20210930000000001625,농림축산식품부,OpenAPI product
KADX 농식품 공공데이터,가축 거래 상인 등록 현황,가축거래 상인에 대한 등록현황,https://data.mafra.go.kr/opendata/data/indexOpenDataDetail.do?data_id=20220216000000001969,농림축산식품부,OpenAPI product
KADX 농식품 공공데이터,대상질병별 농장 통계 데이터 제공,"축산물품질평가원의 축산물이력정보(소,돼지)와 가축위생방역지원본부(닭,오리 등 기타축종)의 축산농장방역정보를 기반으로 구축된 전국 축산농장에 대한 현황정보",https://data.mafra.go.kr/opendata/data/indexOpenDataDetail.do?data_id=20220823000000002326,농림축산식품부,OpenAPI product
KADX 농식품 공공데이터,사육규모별 농장 통계 데이터 제공,"축산물품질평가원의 축산물이력정보(소,돼지)와 가축위생방역지원본부(닭,오리 등 기타축종)의 축산농장방역정보를 기반으로 구축된 전국 축산농장에 대한 현황정보",https://data.mafra.go.kr/opendata/data/indexOpenDataDetail.do?data_id=20220823000000002327,농림축산식품부,OpenAPI product
KADX 농식품 공공데이터,운영상태별 농장 통계 데이터 제공,"축산물품질평가원의 축산물이력정보(소,돼지)와 가축위생방역지원본부(닭,오리 등 기타축종)의 축산농장방역정보를 기반으로 구축된 전국 축산농장에 대한 현황정보",https://data.mafra.go.kr/opendata/data/indexOpenDataDetail.do?data_id=20220823000000002328,농림축산식품부,OpenAPI product
KADX 농식품 공공데이터,축종별 농장 통계 데이터 제공,"축산물품질평가원의 축산물이력정보(소,돼지)와 가축위생방역지원본부(닭,오리 등 기타축종)의 축산농장방역정보를 기반으로 구축된 전국 축산농장에 대한 현황정보",https://data.mafra.go.kr/opendata/data/indexOpenDataDetail.do?data_id=20220823000000002329,농림축산식품부,OpenAPI product
KADX 농식품 공공데이터,업종별 농장 통계 데이터 제공,"축산물품질평가원의 축산물이력정보(소,돼지)와 가축위생방역지원본부(닭,오리 등 기타축종)의 축산농장방역정보를 기반으로 구축된 전국 축산농장에 대한 현황정보",https://data.mafra.go.kr/opendata/data/indexOpenDataDetail.do?data_id=20220824000000002330,농림축산식품부,OpenAPI product
KADX 농식품 공공데이터,지역별 농장 통계 데이터 제공,"축산물품질평가원의 축산물이력정보(소,돼지)와 가축위생방역지원본부(닭,오리 등 기타축종)의 축산농장방역정보를 기반으로 구축된 전국 축산농장에 대한 현황정보",https://data.mafra.go.kr/opendata/data/indexOpenDataDetail.do?data_id=20220824000000002331,농림축산식품부,OpenAPI product
KADX 농식품 공공데이터,2020년 주류산업 정보 실태조사,"주류산업정보 실태조사(주류 제조업체 현황,막걸지 제조업체 현황 등)결과",https://data.mafra.go.kr/opendata/data/indexOpenDataDetail.do?data_id=20141015000000000214,농림축산식품부,OpenAPI product
KADX 농식품 공공데이터,전통식품산업실태조사,전통식품제조업체 시장규모와 산업 전반 흐름을 파악을 위한 실태조사 정보,https://data.mafra.go.kr/opendata/data/indexOpenDataDetail.do?data_id=20141029000000000344,농림축산식품부,OpenAPI product
KADX 농식품 공공데이터,우유 및 유제품 생산소비 현황,"우유 및 유제품별 생산, 소비, 재고 통계조회 서비스",https://data.mafra.go.kr/opendata/data/indexOpenDataDetail.do?data_id=20191011000000001206,농림축산식품부,OpenAPI product
KADX 농식품 공공데이터,식품 산업별 원료 소비 실태,식품산업 원재료 농축산물 구매량 등 소비실태,https://data.mafra.go.kr/opendata/data/indexOpenDataDetail.do?data_id=20141015000000000209,농림축산식품부,OpenAPI product
KADX 농식품 공공데이터,원료별 국산 원료 사용 비중,원료별국산원료사용비중,https://data.mafra.go.kr/opendata/data/indexOpenDataDetail.do?data_id=20220216000000002023,농림축산식품부,OpenAPI product
KADX 농식품 공공데이터,과실출하약정 상세현황,"산지조합에서 생산하는 과실류의 수급안정을 위해 출하량, 출하금액, 출하시기등의 정보 (전국 산지 사과, 배, 단감, 감귤 및 출하 농협과 생산자간 출하약정한 시설채소의 출하량, 출하금액, 출하대금)",https://data.mafra.go.kr/opendata/data/indexOpenDataDetail.do?data_id=20220215000000001920,농림축산식품부,OpenAPI product
KADX 농식품 공공데이터,인공수정소 현황,지역별 가축인공수정사 면허취득현황 통계자료 및 인공수정소 현황,https://data.mafra.go.kr/opendata/data/indexOpenDataDetail.do?data_id=20141020000000000311,농림축산식품부,OpenAPI product
KADX 농식품 공공데이터,인공수정소 현황,지역별 가축인공수정사 면허취득현황 통계자료 및 인공수정소 현황,https://data.mafra.go.kr/opendata/data/indexOpenDataDetail.do?data_id=20220215000000001897,농림축산식품부,OpenAPI product
KADX 농식품 공공데이터,가축분뇨 작물별 액비살포현황,"축산농가 가축분뇨처리 및 자원화에 관한 자료로 축산농가, 액비저장조 관리 현황",https://data.mafra.go.kr/opendata/data/indexOpenDataDetail.do?data_id=20151028000000000495,농림축산식품부,OpenAPI product
KADX 농식품 공공데이터,곤충산업 현황 실태조사,곤충산업 현황 실태조사(지자체 행정조사를 통해 집계),https://data.mafra.go.kr/opendata/data/indexOpenDataDetail.do?data_id=20220215000000001906,농림축산식품부,OpenAPI product
KADX 농식품 공공데이터,2021년 과수고품질시설현대화사업,고품질ㆍ안전과실 생산과 생산비절감 및 생산성향상 기반구축 지원을 하는 사업에 대한 정보,https://data.mafra.go.kr/opendata/data/indexOpenDataDetail.do?data_id=20210930000000001621,농림축산식품부,OpenAPI product
KADX 농식품 공공데이터,과실류 가공내역,"과종품별 과실류 가공실적 자료, 가공업체 현황",https://data.mafra.go.kr/opendata/data/indexOpenDataDetail.do?data_id=20141014000000000099,농림축산식품부,OpenAPI product
KADX 농식품 공공데이터,과실류 가공현황,"과종품별 과실류 가공실적 자료, 가공업체 현황",https://data.mafra.go.kr/opendata/data/indexOpenDataDetail.do?data_id=20210930000000001620,농림축산식품부,OpenAPI product
KADX 농식품 공공데이터,과실류 가공내역,"과종품별 과실류 가공실적 자료, 가공업체 현황",https://data.mafra.go.kr/opendata/data/indexOpenDataDetail.do?data_id=20220215000000001912,농림축산식품부,OpenAPI product
KADX 농식품 공공데이터,과실전문생산단지기반조성사업 단지기반 정보,"과수주산지를 대상으로 용수공급, 배수로 및 경작로 등 생산기반을 구축하여 과수수출단지 정비 및 대형유통업체 출하 등을 통한 과실전문생산단지 육성 지원 사업에 대한 정보",https://data.mafra.go.kr/opendata/data/indexOpenDataDetail.do?data_id=20170111000000000751,농림축산식품부,OpenAPI product
KADX 농식품 공공데이터,과실전문생산단지기반조성사업 단지기반 정보,"과수주산지를 대상으로 용수공급, 배수로 및 경작로 등 생산기반을 구축하여 과수수출단지 정비 및 대형유통업체 출하 등을 통한 과실전문생산단지 육성 지원 사업에 대한 정보",https://data.mafra.go.kr/opendata/data/indexOpenDataDetail.do?data_id=20220215000000001918,농림축산식품부,OpenAPI product
KADX 농식품 공공데이터,과실출하약정 상세현황,"산지조합에서 생산하는 과실류의 수급안정을 위해 출하량, 출하금액, 출하시기등의 정보 (전국 산지 사과, 배, 단감, 감귤 및 출하 농협과 생산자간 출하약정한 시설채소의 출하량, 출하금액, 출하대금)",https://data.mafra.go.kr/opendata/data/indexOpenDataDetail.do?data_id=20170111000000000742,농림축산식품부,OpenAPI product
KADX 농식품 공공데이터,양잠산물 생산현황,"양잠형태별 생산현황, 누에 생산 및 판매현황 자료",https://data.mafra.go.kr/opendata/data/indexOpenDataDetail.do?data_id=20220215000000001927,농림축산식품부,OpenAPI product
KADX 농식품 공공데이터,뽕나무 묘목 생산공급현황,"양잠형태별 생산현황, 누에 생산 및 판매현황 자료",https://data.mafra.go.kr/opendata/data/indexOpenDataDetail.do?data_id=20220215000000001930,농림축산식품부,OpenAPI product
KADX 농식품 공공데이터,양잠 농가현황(기능성 양잠 경영주 연령분포),"양잠형태별 생산현황, 누에 생산 및 판매현황 자료",https://data.mafra.go.kr/opendata/data/indexOpenDataDetail.do?data_id=20220215000000001936,농림축산식품부,OpenAPI product
KADX 농식품 공공데이터,양잠 농가현황(기능성 양잠업 종사경력),"양잠형태별 생산현황, 누에 생산 및 판매현황 자료",https://data.mafra.go.kr/opendata/data/indexOpenDataDetail.do?data_id=20220215000000001937,농림축산식품부,OpenAPI product
KADX 농식품 공공데이터,양잠 농가현황(양잠농가 소득현황),"양잠형태별 생산현황, 누에 생산 및 판매현황 자료",https://data.mafra.go.kr/opendata/data/indexOpenDataDetail.do?data_id=20220215000000001945,농림축산식품부,OpenAPI product
KADX 농식품 공공데이터,누에자원 정보,"양잠형태별 생산현황, 누에 생산 및 판매현황 자료",https://data.mafra.go.kr/opendata/data/indexOpenDataDetail.do?data_id=20220210000000001799,농림축산식품부,OpenAPI product
KADX 농식품 공공데이터,누에사육 규모별 농가수,"양잠형태별 생산현황, 누에 생산 및 판매현황 자료",https://data.mafra.go.kr/opendata/data/indexOpenDataDetail.do?data_id=20220215000000001939,농림축산식품부,OpenAPI product
KADX 농식품 공공데이터,누에씨 생산실적 및 계획,"양잠형태별 생산현황, 누에 생산 및 판매현황 자료",https://data.mafra.go.kr/opendata/data/indexOpenDataDetail.do?data_id=20220215000000001941,농림축산식품부,OpenAPI product
KADX 농식품 공공데이터,뽕밭 규모별 농가수,"양잠형태별 생산현황, 누에 생산 및 판매현황 자료",https://data.mafra.go.kr/opendata/data/indexOpenDataDetail.do?data_id=20220215000000001943,농림축산식품부,OpenAPI product
KADX 농식품 공공데이터,양잠현황(총괄),"양잠형태별 생산현황, 누에 생산 및 판매현황 자료",https://data.mafra.go.kr/opendata/data/indexOpenDataDetail.do?data_id=20220215000000001944,농림축산식품부,OpenAPI product
KADX 농식품 공공데이터,수입식물검역정보,식물의 수입 및 수출 검역통계 정보,https://data.mafra.go.kr/opendata/data/indexOpenDataDetail.do?data_id=20141029000000000346,농림축산검역본부,OpenAPI product
KADX 농식품 공공데이터,수출식물 검역 정보,식물의 수입 및 수출 검역통계 정보,https://data.mafra.go.kr/opendata/data/indexOpenDataDetail.do?data_id=20141020000000000334,농림축산검역본부,OpenAPI product
KADX 농식품 공공데이터,신선농산물 수출검역단지현황,식물의 수입 및 수출 검역통계 정보,https://data.mafra.go.kr/opendata/data/indexOpenDataDetail.do?data_id=20220726000000002293,농림축산검역본부,OpenAPI product
KADX 농식품 공공데이터,신선 농산물 수출검역단지현황,식물의 수입 및 수출 검역통계 정보,https://data.mafra.go.kr/opendata/data/indexOpenDataDetail.do?data_id=20230814000000002388,농림축산검역본부,OpenAPI product
KADX 농식품 공공데이터,축산물DNA동일성검사 업소정보 조회,"시료구분코드, 시료채취시작일, 시료채취종료일, 시료채취지역을 통해 시료채취구분, 시료채취기관, 시료채취일시, 시료채취업소명 정보 등을 조회하는 축산물DNA동일성검사 업소정보 조회",https://data.mafra.go.kr/opendata/data/indexOpenDataDetail.do?data_id=20171023000000000893,축산물품질평가원,OpenAPI product
KADX 농식품 공공데이터,소 및 쇠고기 개체정보,"① 개체식별번호를 통해 개체식별번호, 출생연월일, 소의종류코드, 소의종류, 성별코드, 성별, 백신접종 정보 등를 조회하는 ②소 및 쇠고기 개체정보 조회 기능 / ①개체식별번호를 통해 개체식별번호, 소유주, 신고구분, 년월일, 사육지 등를 조회하는 ②소 이동정보 조회 기능",https://data.mafra.go.kr/opendata/data/indexOpenDataDetail.do?data_id=20171023000000000894,축산물품질평가원,OpenAPI product
KADX 농식품 공공데이터,축산물등급판정확인서 발급번호정보,"소돼지 이력번호를 통해 축산물등급판정확인서 발급번호, 발급일자, 축종, 도축장코드, 도축장명, 도축일자, 등급판정일자를 조회하는 축산물등급판정확인서 발급번호정보 조회",https://data.mafra.go.kr/opendata/data/indexOpenDataDetail.do?data_id=20170124000000000761,축산물품질평가원,OpenAPI product
KADX 농식품 공공데이터,계란등급판정결과조회,"① 계란난각번호, 등급판정일을 통해 계란 등급, 생산자, 집하장, 브랜드정보를 조회하는 ②계란등급판정결과조회 조회 기능 등을 제공하는 ③축산물품질평가원 축산물등급판정정보 서비스 (등급판정후 현재일기준 60일 이내만 조회됩니다.)",https://data.mafra.go.kr/opendata/data/indexOpenDataDetail.do?data_id=20171024000000000897,축산물품질평가원,OpenAPI product
KADX 농식품 공공데이터,농지규모화 통계자료,"농지규모화 -매도, 농지규모화-임대, 농지규모화-교환분합 사업별, 지역별 계약건수, 면적(헥타르ha), 금액(백만원)의 년도별 통계자료 제공",https://data.mafra.go.kr/opendata/data/indexOpenDataDetail.do?data_id=20170915000000000825,한국농어촌공사,OpenAPI product
KADX 농식품 공공데이터,과원규모화 통계자료,"과원규모화-매도, 과원규모화-임대 사업별, 지역별(도) 계약건수, 면적(헥타르ha), 금액(백만원)의 년도별 통계자료를 제공하고 있습니다.",https://data.mafra.go.kr/opendata/data/indexOpenDataDetail.do?data_id=20170915000000000824,한국농어촌공사,OpenAPI product
KADX 농식품 공공데이터,한국농어촌공사_농업기반시설제원_저수지_2018,한국농어촌공사 농업기반시설제원 저수지(표준코드/시설명/소재지/착공년도/준공년도/종별/구분/제원 등),https://data.mafra.go.kr/opendata/data/indexOpenDataDetail.do?data_id=20191014000000001283,한국농어촌공사,OpenAPI product
KADX 농식품 공공데이터,농업기반시설 시설제원-방조제,농업기반시설물 시설제원,https://data.mafra.go.kr/opendata/data/indexOpenDataDetail.do?data_id=20220214000000001857,한국농어촌공사,OpenAPI product
KADX 농식품 공공데이터,동물 질병 병원체 정보,가축전염병 병원체 수입허가 여부,https://data.mafra.go.kr/opendata/data/indexOpenDataDetail.do?data_id=20211008000000001630,농림축산검역본부,OpenAPI product
KADX 농식품 공공데이터,도축장별 축종별 도축실적,도축장에서 실시한 도축검사 실적,https://data.mafra.go.kr/opendata/data/indexOpenDataDetail.do?data_id=20161216000000000678,농림축산검역본부,OpenAPI product
KADX 농식품 공공데이터,화훼공판장별 경매실적(2013~2022),"양재동 화훼공판장 절화, 난, 관엽의 연도별 경매물량 및 금액 현황",https://data.mafra.go.kr/opendata/data/indexOpenDataDetail.do?data_id=20190212000000001038,한국농수산식품유통공사,OpenAPI product
KADX 농식품 공공데이터,학교급식_2019년 계약현황_20190927,한국농수산식품유통공사 학교급식 2019년 계약현황_국가중점데이터,https://data.mafra.go.kr/opendata/data/indexOpenDataDetail.do?data_id=20191011000000001223,한국농수산식품유통공사,OpenAPI product
KADX 농식품 공공데이터,학교급식_2018년 공고_20190927,한국농수산식품유통공사 학교급식 2019년 계약현황_국가중점데이터,https://data.mafra.go.kr/opendata/data/indexOpenDataDetail.do?data_id=20191011000000001224,한국농수산식품유통공사,OpenAPI product
KADX 농식품 공공데이터,학교급식_2019년 공고_20190927,한국농수산식품유통공사 학교급식 2019년 계약현황_국가중점데이터,https://data.mafra.go.kr/opendata/data/indexOpenDataDetail.do?data_id=20191011000000001225,한국농수산식품유통공사,OpenAPI product
KADX 농식품 공공데이터,한국농수산식품유통공사 학교급식 거래액(2012~2016),한국농수산식품유통공사 사이버거래소의 학교급식 전자입찰 시스템을 이용한 거래 현황,https://data.mafra.go.kr/opendata/data/indexOpenDataDetail.do?data_id=20170913000000000806,한국농수산식품유통공사,OpenAPI product
KADX 농식품 공공데이터,농수축산물 친환경가격,"농수축산물 도소매가격을 정보수요자에게 제공하여 시장출하 및 매매에 관한 의사결정, 원활한 수급조절 유도 및 가격안정대책 추진을 위한 기초자료",https://data.mafra.go.kr/opendata/data/indexOpenDataDetail.do?data_id=20141225000000000407,한국농수산식품유통공사,OpenAPI product
KADX 농식품 공공데이터,농수축산물 친환경가격,"농수축산물 도소매가격을 정보수요자에게 제공하여 시장출하 및 매매에 관한 의사결정, 원활한 수급조절 유도 및 가격안정대책 추진을 위한 기초자료",https://data.mafra.go.kr/opendata/data/indexOpenDataDetail.do?data_id=20220214000000001879,한국농수산식품유통공사,OpenAPI product
KADX 농식품 공공데이터,농수축산물 소매가격,"전국 소매시장(전통시장, 대형마트)의 농수축산물 가격을 조사하여 제공",https://data.mafra.go.kr/opendata/data/indexOpenDataDetail.do?data_id=20141225000000000406,한국농수산식품유통공사,OpenAPI product
KADX 농식품 공공데이터,농수축산물 소매가격,"전국 소매시장(전통시장, 대형마트)의 농수축산물 가격을 조사하여 제공",https://data.mafra.go.kr/opendata/data/indexOpenDataDetail.do?data_id=20220214000000001880,한국농수산식품유통공사,OpenAPI product
KADX 농식품 공공데이터,축종별 암수별 도축실적,도축장에서 실시한 도축검사 실적,https://data.mafra.go.kr/opendata/data/indexOpenDataDetail.do?data_id=20161216000000000674,농림축산검역본부,OpenAPI product
KADX 농식품 공공데이터,시도별 도축실적,도축장에서 실시한 도축검사 실적,https://data.mafra.go.kr/opendata/data/indexOpenDataDetail.do?data_id=20161216000000000673,농림축산검역본부,OpenAPI product
KADX 농식품 공공데이터,소 품종별 암수별 도축실적,도축장에서 실시한 도축검사 실적,https://data.mafra.go.kr/opendata/data/indexOpenDataDetail.do?data_id=20161216000000000675,농림축산검역본부,OpenAPI product
KADX 농식품 공공데이터,닭 품종별 도축실적,도축장에서 실시한 도축검사 실적,https://data.mafra.go.kr/opendata/data/indexOpenDataDetail.do?data_id=20161216000000000676,농림축산검역본부,OpenAPI product
KADX 농식품 공공데이터,농지연금 담보농지 분석 자료,"- 한국농어촌공사 농지연금사업은 농업인이 소유한 농지를 담보로 노후생활안정자금을 매월 연금방식으로 지급하여 농업인의 노후생활안정을 지원하는 사업입니다. - 한국농어촌공사 농지연금사업은 농업인이 소유한 농지를 담보로 가입방식에 따라 최대 300만원까지 월 지급금이 계산됩니다. - 본 개방데이터는 한국농어촌공사 농지연금사업에 가입한 가입자의 담보농지에 대한 최근 도별, 지목별(전, 답, 과수원), 면적(천제곱미터) 및 도별 농지가격(백만원)의 년도별 통계자료 제공하고 있습니다.",https://data.mafra.go.kr/opendata/data/indexOpenDataDetail.do?data_id=20170915000000000826,한국농어촌공사,OpenAPI product
KADX 농식품 공공데이터,한국농어촌공사_농업용저수지 수질정보_측정망수질(2017년),"한국농어촌공사가 관리하는 농업용수로 사용되는 저수지의 주소, 담당관리기관, 조사일자, 수질정보 등",https://data.mafra.go.kr/opendata/data/indexOpenDataDetail.do?data_id=20191014000000001279,한국농어촌공사,OpenAPI product
KADX 농식품 공공데이터,한국농어촌공사_농업용저수지 수질정보_측정망수질(2018년),"한국농어촌공사가 관리하는 농업용수로 사용되는 저수지의 주소, 담당관리기관, 조사일자, 수질정보 등",https://data.mafra.go.kr/opendata/data/indexOpenDataDetail.do?data_id=20191014000000001280,한국농어촌공사,OpenAPI product
KADX 농식품 공공데이터,한국농어촌공사_농업용저수지 수질정보_수질측정망(2019년),"한국농어촌공사가 관리하는 농업용수로 사용되는 저수지의 주소, 담당관리기관, 조사일자, 수질정보 등",https://data.mafra.go.kr/opendata/data/indexOpenDataDetail.do?data_id=20240701000000002489,한국농어촌공사,OpenAPI product
KADX 농식품 공공데이터,한국농어촌공사_농업용저수지 수질정보_수질측정망(2020년),"한국농어촌공사가 관리하는 농업용수로 사용되는 저수지의 주소, 담당관리기관, 조사일자, 수질정보 등",https://data.mafra.go.kr/opendata/data/indexOpenDataDetail.do?data_id=20240701000000002490,한국농어촌공사,OpenAPI product
KADX 농식품 공공데이터,한국농어촌공사_농업용저수지 수질정보_수질측정망(2021년),"한국농어촌공사가 관리하는 농업용수로 사용되는 저수지의 주소, 담당관리기관, 조사일자, 수질정보 등",https://data.mafra.go.kr/opendata/data/indexOpenDataDetail.do?data_id=20240701000000002491,한국농어촌공사,OpenAPI product
KADX 농식품 공공데이터,한국농어촌공사_농업용저수지 수질정보_수질측정망(2022년),"한국농어촌공사가 관리하는 농업용수로 사용되는 저수지의 주소, 담당관리기관, 조사일자, 수질정보 등",https://data.mafra.go.kr/opendata/data/indexOpenDataDetail.do?data_id=20240701000000002492,한국농어촌공사,OpenAPI product
KADX 농식품 공공데이터,한국농어촌공사_농업용저수지 수질정보_수질측정망(2023년),"한국농어촌공사가 관리하는 농업용수로 사용되는 저수지의 주소, 담당관리기관, 조사일자, 수질정보 등",https://data.mafra.go.kr/opendata/data/indexOpenDataDetail.do?data_id=20240701000000002493,한국농어촌공사,OpenAPI product
KADX 농식품 공공데이터,한국농어촌공사_농업용저수지 수질정보_수질측정망(2024년),"한국농어촌공사가 관리하는 농업용수로 사용되는 저수지의 주소, 담당관리기관, 조사일자, 수질정보 등",https://data.mafra.go.kr/opendata/data/indexOpenDataDetail.do?data_id=20250825000000002703,한국농어촌공사,OpenAPI product
KADX 농식품 공공데이터,발전소 발전량 데이터,"영암태양광발전소 일일시간대별 발전량 데이터, 진도태양광발전소 일일시간대별 발전량 데이터",https://data.mafra.go.kr/opendata/data/indexOpenDataDetail.do?data_id=20220211000000001838,한국농어촌공사,OpenAPI product
KADX 농식품 공공데이터,임대·수탁 계약 현황,"한국농어촌공사_임대수탁-임대, 임대수탁-사용대 사업별, 지역별 계약건수, 면적(헥타르ha)의 년도별 통계자료를 제공하고 있습니다.",https://data.mafra.go.kr/opendata/data/indexOpenDataDetail.do?data_id=20170915000000000828,한국농어촌공사,OpenAPI product
KADX 농식품 공공데이터,경영회생 도별 지원현황,"- 한국농어촌공사 경영회생 지역별 현황을 제공하고 있습니다. - 경영회생 사업이란 농업 경영체의 경영 회생을 지원하기 위한 농지 매입 사업입니다. - 부채 등으로 경영위기에 처한 농가의 농지들을 매입하고, 농가는 매각대금으로 부채를 상환한 후 경영회생을 도모할 수 있습니다. - 매입농지등은 당해농가에 장기임대하고 그 기간 동안 환매권을 부여하여 경영의 지속성, 안전성을 보장합니다. - 본 데이터는 한국농어촌공사_경영회생 지역별 인원(명), 면적(ha), 금액의 년도별 지원현황에 대한 통계자료 개방하고 있습니다.",https://data.mafra.go.kr/opendata/data/indexOpenDataDetail.do?data_id=20170915000000000829,한국농어촌공사,OpenAPI product
KADX 농식품 공공데이터,매입비축 도별 임대현황,"한국농어촌공사_매입비축-임대 지역별 인원(명), 필지수, 면적(ha), 금액의 년도별 통계자료를 제공하고 있습니다.",https://data.mafra.go.kr/opendata/data/indexOpenDataDetail.do?data_id=20170915000000000830,한국농어촌공사,OpenAPI product
KADX 농식품 공공데이터,농지연금 가입분석 및 평균 월지급금 현황,"- 한국농어촌공사 농지연금사업은 농업인이 소유한 농지를 담보로 노후생활안정자금을 매월 연금방식으로 지급하여 농업인의 노후생활안정을 지원하는 사업입니다. - 한국농어촌공사 농지연금사업은 농업인이 소유한 농지를 담보로 가입방식에 따라 최대 300만원까지 월 지급금이 계산됩니다. - 본 개방데이터는 한국농어촌공사 농지연금사업에 가입한 가입자의 담보농지를 기준으로 매월 지급되는 농지연금의 도별, 가입방식별, 기간형구분별 가입건수 및 평균 월지급금(천원)을 년도별 통계데이터로 제공합니다.",https://data.mafra.go.kr/opendata/data/indexOpenDataDetail.do?data_id=20170915000000000827,한국농어촌공사,OpenAPI product
KADX 농식품 공공데이터,한국농어촌공사_농업용저수지 수질정보_측정망수질(2016년),"한국농어촌공사가 관리하는 농업용수로 사용되는 저수지의 주소, 담당관리기관, 조사일자, 수질정보 등",https://data.mafra.go.kr/opendata/data/indexOpenDataDetail.do?data_id=20191014000000001278,한국농어촌공사,OpenAPI product
KADX 농식품 공공데이터,한국농어촌공사_농업용저수지 수질정보_측정망수질(2015년),"한국농어촌공사가 관리하는 농업용수로 사용되는 저수지의 주소, 담당관리기관, 조사일자, 수질정보 등",https://data.mafra.go.kr/opendata/data/indexOpenDataDetail.do?data_id=20191014000000001277,한국농어촌공사,OpenAPI product
KADX 농식품 공공데이터,한국농어촌공사_농어촌체험휴양마을_20240118,"한국농어촌공사에서 관리하는 농촌체험휴양마을 정보(마을명, 위도, 경도 등)",https://data.mafra.go.kr/opendata/data/indexOpenDataDetail.do?data_id=20191017000000001373,한국농어촌공사,OpenAPI product
KADX 농식품 공공데이터,한국농어촌공사_환지정보_2016,"당해연도 통계자료(도별 졍지정리 사업지구수, 종전면적, 종전필지수, 환지면적, 환지필지수)",https://data.mafra.go.kr/opendata/data/indexOpenDataDetail.do?data_id=20220211000000001825,한국농어촌공사,OpenAPI product
KADX 농식품 공공데이터,한국농어촌공사_환지정보_2017,"당해연도 통계자료(도별 졍지정리 사업지구수, 종전면적, 종전필지수, 환지면적, 환지필지수)",https://data.mafra.go.kr/opendata/data/indexOpenDataDetail.do?data_id=20220211000000001824,한국농어촌공사,OpenAPI product
KADX 농식품 공공데이터,"팜맵기반의 기상, 토양, 병해충발생 정보","을 반영한 농경지 전자지도인 팜맵을 기반으로 농업기상, 토양, 병해충발생정보를 융.복합하여 개방데이터 제공",https://data.mafra.go.kr/opendata/data/indexOpenDataDetail.do?data_id=20220210000000001819,농림수산식품교육문화정보원,OpenAPI product
KADX 농식품 공공데이터,칼로리 정보,도시생활 및 일상생활에서 필요한 웰빙도시농업 정보,https://data.mafra.go.kr/opendata/data/indexOpenDataDetail.do?data_id=20141229000000000408,농림수산식품교육문화정보원,OpenAPI product
KADX 농식품 공공데이터,곤충자원 정보,"생명자원정보서비스 식물자원 리스트, 뷰 제공",https://data.mafra.go.kr/opendata/data/indexOpenDataDetail.do?data_id=20220210000000001808,농림수산식품교육문화정보원,OpenAPI product
KADX 농식품 공공데이터,원천산지공판장가격목록조회,농협 산지 공판장에서 거래되는 농산물들의 경매낙찰가격과 거래되는 상품들에 대한 거래 상세 정보,https://data.mafra.go.kr/opendata/data/indexOpenDataDetail.do?data_id=20220210000000001795,농림수산식품교육문화정보원,OpenAPI product
KADX 농식품 공공데이터,농촌 마을 현황 정보,"전국 행정리 기준 2,600여개 농촌마을의 마을명, 마을유래 등 기본정보와 귀농현황, 인구현황, 주택현황 등 농촌마을 현황정보로 매2년 마다 갱신 예정",https://data.mafra.go.kr/opendata/data/indexOpenDataDetail.do?data_id=20151210000000000570,농림수산식품교육문화정보원,OpenAPI product
KADX 농식품 공공데이터,행복마을만들기 선정마을정보,"전국 행정리 기준 2,600여개 농촌마을의 마을명, 마을유래 등 기본정보와 귀농현황, 인구현황, 주택현황 등 농촌마을 현황정보로 매2년 마다 갱신 예정",https://data.mafra.go.kr/opendata/data/indexOpenDataDetail.do?data_id=20170216000000000770,농림수산식품교육문화정보원,OpenAPI product
KADX 농식품 공공데이터,행복마을 만들기 콘테스트 실적,"전국 행정리 기준 2,600여개 농촌마을의 마을명, 마을유래 등 기본정보와 귀농현황, 인구현황, 주택현황 등 농촌마을 현황정보로 매2년 마다 갱신 예정",https://data.mafra.go.kr/opendata/data/indexOpenDataDetail.do?data_id=20170216000000000769,농림수산식품교육문화정보원,OpenAPI product
KADX 농식품 공공데이터,농촌마을별 연계자원 정보,농촌마을별 연계자원 현황정보,https://data.mafra.go.kr/opendata/data/indexOpenDataDetail.do?data_id=20170216000000000773,농림수산식품교육문화정보원,OpenAPI product
KADX 농식품 공공데이터,농촌마을별 인원정보,농촌마을별 연계자원 현황정보,https://data.mafra.go.kr/opendata/data/indexOpenDataDetail.do?data_id=20170216000000000772,농림수산식품교육문화정보원,OpenAPI product
KADX 농식품 공공데이터,농촌마을별 기본정보,농촌마을별 연계자원 현황정보,https://data.mafra.go.kr/opendata/data/indexOpenDataDetail.do?data_id=20170216000000000771,농림수산식품교육문화정보원,OpenAPI product
KADX 농식품 공공데이터,교육 과정 분류,농업관련 온/오프라인 교육과정정보 및 온라인교육 실적정보,https://data.mafra.go.kr/opendata/data/indexOpenDataDetail.do?data_id=20220210000000001786,농림수산식품교육문화정보원,OpenAPI product
KADX 농식품 공공데이터,농식품 세미나 정보_2019,농식품 관련 세미나 및 토론회 등 정보 내용 제공,https://data.mafra.go.kr/opendata/data/indexOpenDataDetail.do?data_id=20191011000000001263,농림수산식품교육문화정보원,OpenAPI product
KADX 농식품 공공데이터,농식품 뉴스 동향_농업경영 핵심기술2019,농식품 관련 세미나 및 토론회 등 정보 내용 제공,https://data.mafra.go.kr/opendata/data/indexOpenDataDetail.do?data_id=20191011000000001260,농림수산식품교육문화정보원,OpenAPI product
KADX 농식품 공공데이터,원천조사가격목록조회,"전국에서 거래되는 농산물, 수산물, 축산물 중 국민들의 삶에 영향을 미치는 주요 품목들에 대하여 한국농수산식품유통공사, 농업협동조합중앙회, 수산업협동조합중앙회 및 축산물품질평가원에 소속된 조사원들이 조사한 가격 정보와 거래되는 상품들의 상세 정보",https://data.mafra.go.kr/opendata/data/indexOpenDataDetail.do?data_id=20220210000000001776,농림수산식품교육문화정보원,OpenAPI product
KADX 농식품 공공데이터,GPC품목매핑목록조회,"2015년 제·개정된 농축수산물 표준코드와 동일한 의미를 가지는 조사가격,GPC,HSK 코드 매핑 정보",https://data.mafra.go.kr/opendata/data/indexOpenDataDetail.do?data_id=20220210000000001774,농림수산식품교육문화정보원,OpenAPI product
KADX 농식품 공공데이터,GPC품목매핑목록조회 (2015-12-03 ~ 2015-12-03),"2015년 제·개정된 농축수산물 표준코드와 동일한 의미를 가지는 조사가격,GPC,HSK 코드 매핑 정보",https://data.mafra.go.kr/opendata/data/indexOpenDataDetail.do?data_id=20151117000000000550,농림수산식품교육문화정보원,OpenAPI product
KADX 농식품 공공데이터,표준단위매핑목록조회,"2015년 제·개정된 농축수산물 표준코드와 동일한 의미를 가지는 조사가격,GPC,HSK 코드 매핑 정보",https://data.mafra.go.kr/opendata/data/indexOpenDataDetail.do?data_id=20220210000000001773,농림수산식품교육문화정보원,OpenAPI product
KADX 농식품 공공데이터,표준시장매핑목록조회,"2015년 제·개정된 농축수산물 표준코드와 동일한 의미를 가지는 조사가격,GPC,HSK 코드 매핑 정보",https://data.mafra.go.kr/opendata/data/indexOpenDataDetail.do?data_id=20220210000000001772,농림수산식품교육문화정보원,OpenAPI product
KADX 농식품 공공데이터,표준단위매핑목록조회 (2024-11-26 ~ 2024-11-26),"2015년 제·개정된 농축수산물 표준코드와 동일한 의미를 가지는 조사가격,GPC,HSK 코드 매핑 정보",https://data.mafra.go.kr/opendata/data/indexOpenDataDetail.do?data_id=20151117000000000549,농림수산식품교육문화정보원,OpenAPI product
KADX 농식품 공공데이터,표준시장매핑목록조회 (2024-11-26 ~ 2024-11-26),"2015년 제·개정된 농축수산물 표준코드와 동일한 의미를 가지는 조사가격,GPC,HSK 코드 매핑 정보",https://data.mafra.go.kr/opendata/data/indexOpenDataDetail.do?data_id=20151117000000000548,농림수산식품교육문화정보원,OpenAPI product
KADX 농식품 공공데이터,2015년 농수축산 신구표준법인목록,"2015년 제·개정된 농축수산물 표준코드(품목,시장,단위,포장,크기,등급,산지) 와 동일한 의미를 가지는 2013년 농축수산물 표준코드를 나타낸 정보",https://data.mafra.go.kr/opendata/data/indexOpenDataDetail.do?data_id=20191011000000001244,농림수산식품교육문화정보원,OpenAPI product
KADX 농식품 공공데이터,원천정산경락가격품목목록조회 (1997-02-22 ~ 2023-12-31),"전국 도매시장에서 거래되는 농산물, 수산물, 축산물의 경매낙찰가격과 거래되는 상품들에 대한 정산 거래 상세 정보",https://data.mafra.go.kr/opendata/data/indexOpenDataDetail.do?data_id=20151117000000000533,농림수산식품교육문화정보원,OpenAPI product
KADX 농식품 공공데이터,원천실시간경락가격품목목록조회 ( ~ 2023-12-30),"전국 도매시장에서 거래되는 농산물, 수산물, 축산물의 경매낙찰가격과 거래되는 상품들에 대한 정산 거래 상세 정보",https://data.mafra.go.kr/opendata/data/indexOpenDataDetail.do?data_id=20151117000000000538,농림수산식품교육문화정보원,OpenAPI product
KADX 농식품 공공데이터,신구표준품목목록조회,"2015년 제·개정된 농축수산물 표준코드(품목,시장,단위,포장,크기,등급,산지) 와 동일한 의미를 가지는 2013년 농축수산물 표준코드를 나타낸 정보",https://data.mafra.go.kr/opendata/data/indexOpenDataDetail.do?data_id=20151117000000000540,농림수산식품교육문화정보원,OpenAPI product
KADX 농식품 공공데이터,신구표준시장목록조회,"2015년 제·개정된 농축수산물 표준코드(품목,시장,단위,포장,크기,등급,산지) 와 동일한 의미를 가지는 2013년 농축수산물 표준코드를 나타낸 정보",https://data.mafra.go.kr/opendata/data/indexOpenDataDetail.do?data_id=20151117000000000541,농림수산식품교육문화정보원,OpenAPI product
KADX 농식품 공공데이터,신구표준단위목록조회,"2015년 제·개정된 농축수산물 표준코드(품목,시장,단위,포장,크기,등급,산지) 와 동일한 의미를 가지는 2013년 농축수산물 표준코드를 나타낸 정보",https://data.mafra.go.kr/opendata/data/indexOpenDataDetail.do?data_id=20151117000000000542,농림수산식품교육문화정보원,OpenAPI product
KADX 농식품 공공데이터,신구표준포장목록조회,"2015년 제·개정된 농축수산물 표준코드(품목,시장,단위,포장,크기,등급,산지) 와 동일한 의미를 가지는 2013년 농축수산물 표준코드를 나타낸 정보",https://data.mafra.go.kr/opendata/data/indexOpenDataDetail.do?data_id=20151117000000000543,농림수산식품교육문화정보원,OpenAPI product
KADX 농식품 공공데이터,신구표준크기목록조회,"2015년 제·개정된 농축수산물 표준코드(품목,시장,단위,포장,크기,등급,산지) 와 동일한 의미를 가지는 2013년 농축수산물 표준코드를 나타낸 정보",https://data.mafra.go.kr/opendata/data/indexOpenDataDetail.do?data_id=20151117000000000544,농림수산식품교육문화정보원,OpenAPI product
KADX 농식품 공공데이터,신구표준등급목록조회,"2015년 제·개정된 농축수산물 표준코드(품목,시장,단위,포장,크기,등급,산지) 와 동일한 의미를 가지는 2013년 농축수산물 표준코드를 나타낸 정보",https://data.mafra.go.kr/opendata/data/indexOpenDataDetail.do?data_id=20151117000000000545,농림수산식품교육문화정보원,OpenAPI product
KADX 농식품 공공데이터,신구표준산지목록조회,"2015년 제·개정된 농축수산물 표준코드(품목,시장,단위,포장,크기,등급,산지) 와 동일한 의미를 가지는 2013년 농축수산물 표준코드를 나타낸 정보",https://data.mafra.go.kr/opendata/data/indexOpenDataDetail.do?data_id=20151117000000000546,농림수산식품교육문화정보원,OpenAPI product
KADX 농식품 공공데이터,신구표준단위목록조회,"2015년 제·개정된 농축수산물 표준코드(품목,시장,단위,포장,크기,등급,산지) 와 동일한 의미를 가지는 2013년 농축수산물 표준코드를 나타낸 정보",https://data.mafra.go.kr/opendata/data/indexOpenDataDetail.do?data_id=20220209000000001764,농림수산식품교육문화정보원,OpenAPI product
KADX 농식품 공공데이터,신구표준등급목록조회,"2015년 제·개정된 농축수산물 표준코드(품목,시장,단위,포장,크기,등급,산지) 와 동일한 의미를 가지는 2013년 농축수산물 표준코드를 나타낸 정보",https://data.mafra.go.kr/opendata/data/indexOpenDataDetail.do?data_id=20220210000000001765,농림수산식품교육문화정보원,OpenAPI product
KADX 농식품 공공데이터,신구표준시장목록조회,"2015년 제·개정된 농축수산물 표준코드(품목,시장,단위,포장,크기,등급,산지) 와 동일한 의미를 가지는 2013년 농축수산물 표준코드를 나타낸 정보",https://data.mafra.go.kr/opendata/data/indexOpenDataDetail.do?data_id=20220210000000001766,농림수산식품교육문화정보원,OpenAPI product
KADX 농식품 공공데이터,신구표준크기목록조회,"2015년 제·개정된 농축수산물 표준코드(품목,시장,단위,포장,크기,등급,산지) 와 동일한 의미를 가지는 2013년 농축수산물 표준코드를 나타낸 정보",https://data.mafra.go.kr/opendata/data/indexOpenDataDetail.do?data_id=20220210000000001767,농림수산식품교육문화정보원,OpenAPI product
KADX 농식품 공공데이터,신구표준포장목록조회,"2015년 제·개정된 농축수산물 표준코드(품목,시장,단위,포장,크기,등급,산지) 와 동일한 의미를 가지는 2013년 농축수산물 표준코드를 나타낸 정보",https://data.mafra.go.kr/opendata/data/indexOpenDataDetail.do?data_id=20220210000000001768,농림수산식품교육문화정보원,OpenAPI product
KADX 농식품 공공데이터,신구표준산지목록조회,"2015년 제·개정된 농축수산물 표준코드(품목,시장,단위,포장,크기,등급,산지) 와 동일한 의미를 가지는 2013년 농축수산물 표준코드를 나타낸 정보",https://data.mafra.go.kr/opendata/data/indexOpenDataDetail.do?data_id=20220210000000001769,농림수산식품교육문화정보원,OpenAPI product
KADX 농식품 공공데이터,신구표준품목목록조회,"2015년 제·개정된 농축수산물 표준코드(품목,시장,단위,포장,크기,등급,산지) 와 동일한 의미를 가지는 2013년 농축수산물 표준코드를 나타낸 정보",https://data.mafra.go.kr/opendata/data/indexOpenDataDetail.do?data_id=20220210000000001770,농림수산식품교육문화정보원,OpenAPI product
KADX 농식품 공공데이터,농수축산 유통정보 조사가격(농수축산물 표준코드 변환),"농수산식품유통공사, 농협중앙회, 수협중앙회, 축산물품질평가원에서 농수축산물 유통정보 조사요령에 의거 유통단계(산지, 경락/도매, 소매)별 지역별로 대표품목을 조사하여 일별 제공하는 정보로 도매시장경락가격, 산지공판장 가격 등과 융복합할 수 있도록 조사가격코드를 농수축산물표준코드로 변환하여 제공",https://data.mafra.go.kr/opendata/data/indexOpenDataDetail.do?data_id=20220208000000001720,농림수산식품교육문화정보원,OpenAPI product
KADX 농식품 공공데이터,축산물 부분육 경락가격 (2013-01-02 ~ 2018-01-10),"농수축산물 경락가격정보를 조회하기 위한 서비스로서 농산물, 축산물, 수산물, 화훼류에 대한 도매시장, 산지공판장, 종합유통센터 별로 농수축산물 경락가격 제공",https://data.mafra.go.kr/opendata/data/indexOpenDataDetail.do?data_id=20141216000000000372,농림수산식품교육문화정보원,OpenAPI product
KADX 농식품 공공데이터,도매시장별 주요 양채류 거래현황(2013년01월~2016년05월),"도매시장별 주요 양채류 또는 쌈채소(라디치오, 로메인, 로즈, 비타민, 쌈배추, 적겨자, 적근대, 적치커리, 청겨자 청상추, 치커리, 케일)의 월별 품종별 거래규격별 평균경매가, 총경매물량 거래현황에 대한 2013년01월 부터 2016년05월 까지 요약 정보로 국내 민간 외식업체의 요청자료로 제공한 맞춤데이터",https://data.mafra.go.kr/opendata/data/indexOpenDataDetail.do?data_id=20160609000000000583,농림수산식품교육문화정보원,OpenAPI product
KADX 농식품 공공데이터,농협 공판장 경락가격,"경락가격정보를 조회하기 위한 서비스로서 농산물, 축산물, 수산물, 화훼류, 산지공판장, 종합유통센터별로 조회",https://data.mafra.go.kr/opendata/data/indexOpenDataDetail.do?data_id=20220207000000001709,농림수산식품교육문화정보원,OpenAPI product
KADX 농식품 공공데이터,농축산물 원산지표시 품목별 적발현황,"국립농산물품질관리원에서 관리하는 원산지표시 시도별 위반품목 및 위반물량 현황 정보(처분년월, 업무구분, 시도명, 위반품목, 위반유형, 위반건수, 위반물량)",https://data.mafra.go.kr/opendata/data/indexOpenDataDetail.do?data_id=20220204000000001684,국립농산물품질관리원,OpenAPI product
KADX 농식품 공공데이터,술 품질 인증정보,"탁주, 약주, 청주, 과실주 등의 술 품질인증 관리 정보",https://data.mafra.go.kr/opendata/data/indexOpenDataDetail.do?data_id=20250513000000002677,국립농산물품질관리원,OpenAPI product
KADX 농식품 공공데이터,하추곡검사계획량,"국립농산물품질관리원에서 관리하는 하추곡검사계획량(년도, 품목명,행정구역, 업무구분, 수량단위, 수량)",https://data.mafra.go.kr/opendata/data/indexOpenDataDetail.do?data_id=20170915000000000843,국립농산물품질관리원,OpenAPI product
KADX 농식품 공공데이터,농산물 중금속 분석결과,"생산 및 유통/판매 단계의 농산물에 대하여 생산자(유통/판매자)로 부터 시료를 수거하여 잔류농약, 중금속, 독소류 등 유해물질 잔류여부에 대한 분석결과",https://data.mafra.go.kr/opendata/data/indexOpenDataDetail.do?data_id=20220204000000001677,국립농산물품질관리원,OpenAPI product
KADX 농식품 공공데이터,농축산물유통조사현황,"원산지, 양곡표시, 쇠고기이력 등 단속 및 적발 업체에 대한 행정처분",https://data.mafra.go.kr/opendata/data/indexOpenDataDetail.do?data_id=20151027000000000487,국립농산물품질관리원,OpenAPI product
KADX 농식품 공공데이터,농축산물 유통조사 현황,"원산지, 양곡표시, 쇠고기이력 등 단속 및 적발 업체에 대한 행정처분",https://data.mafra.go.kr/opendata/data/indexOpenDataDetail.do?data_id=20220204000000001683,국립농산물품질관리원,OpenAPI product
KADX 농식품 공공데이터,원산지표시 품목별 적발현황,"국립농산물품질관리원에서 관리하는 원산지표시 시도별 위반품목 및 위반물량 현황 정보(처분년월, 업무구분, 시도명, 위반품목, 위반유형, 위반건수, 위반물량)",https://data.mafra.go.kr/opendata/data/indexOpenDataDetail.do?data_id=20151027000000000489,국립농산물품질관리원,OpenAPI product
KADX 농식품 공공데이터,수협 산지위판장 경락가격,"농수축산물 경락가격정보를 조회하기 위한 서비스로서 농산물, 축산물, 수산물, 화훼류에 대한 도매시장, 산지공판장, 종합유통센터 별로 농수축산물 경락가격 제공",https://data.mafra.go.kr/opendata/data/indexOpenDataDetail.do?data_id=20220204000000001702,농림수산식품교육문화정보원,OpenAPI product
KADX 농식품 공공데이터,농산물 중금속 분석결과,"생산 및 유통/판매 단계의 농산물에 대하여 생산자(유통/판매자)로 부터 시료를 수거하여 잔류농약, 중금속, 독소류 등 유해물질 잔류여부에 대한 분석결과",https://data.mafra.go.kr/opendata/data/indexOpenDataDetail.do?data_id=20161206000000000640,국립농산물품질관리원,OpenAPI product
KADX 농식품 공공데이터,농산물 독소류 분석결과,"생산 및 유통/판매 단계의 농산물에 대하여 생산자(유통/판매자)로 부터 시료를 수거하여 잔류농약, 중금속, 독소류 등 유해물질 잔류여부에 대한 분석결과",https://data.mafra.go.kr/opendata/data/indexOpenDataDetail.do?data_id=20170912000000000793,국립농산물품질관리원,OpenAPI product
KADX 농식품 공공데이터,GAP인증농가현황,"GAP인증농가, 민간인증기관, 관리시설 정보서비스",https://data.mafra.go.kr/opendata/data/indexOpenDataDetail.do?data_id=20161206000000000636,국립농산물품질관리원,OpenAPI product
KADX 농식품 공공데이터,농산물우수관리(GAP) 인증정보,"GAP인증농가, 민간인증기관, 관리시설 정보서비스",https://data.mafra.go.kr/opendata/data/indexOpenDataDetail.do?data_id=20141015000000000216,국립농산물품질관리원,OpenAPI product
KADX 농식품 공공데이터,농산물우수관리(GAP) 인증농가 현황,"GAP인증농가, 민간인증기관, 관리시설 정보서비스",https://data.mafra.go.kr/opendata/data/indexOpenDataDetail.do?data_id=20181019000000000974,국립농산물품질관리원,OpenAPI product
KADX 농식품 공공데이터,농산물우수관리(GAP) 관리시설정보,"GAP인증농가, 민간인증기관, 관리시설 정보서비스",https://data.mafra.go.kr/opendata/data/indexOpenDataDetail.do?data_id=20141015000000000218,국립농산물품질관리원,OpenAPI product
KADX 농식품 공공데이터,농산물우수관리(GAP) 시설정보,"GAP인증농가, 민간인증기관, 관리시설 정보서비스",https://data.mafra.go.kr/opendata/data/indexOpenDataDetail.do?data_id=20181019000000000973,국립농산물품질관리원,OpenAPI product
KADX 농식품 공공데이터,GAP 인증담당자 및 시설담당자 교육일정,"GAP인증농가, 민간인증기관, 관리시설 정보서비스",https://data.mafra.go.kr/opendata/data/indexOpenDataDetail.do?data_id=20220614000000002104,국립농산물품질관리원,OpenAPI product
KADX 농식품 공공데이터,농산물우수관리 인증정보,"GAP인증농가, 민간인증기관, 관리시설 정보서비스",https://data.mafra.go.kr/opendata/data/indexOpenDataDetail.do?data_id=20250513000000002679,국립농산물품질관리원,OpenAPI product
KADX 농식품 공공데이터,농산물우수관리(GAP) 인증정보,"GAP인증농가, 민간인증기관, 관리시설 정보서비스",https://data.mafra.go.kr/opendata/data/indexOpenDataDetail.do?data_id=20181019000000000972,국립농산물품질관리원,OpenAPI product
KADX 농식품 공공데이터,농림축산식품부_농업경영체 등록정보 조회 서비스,"농업경영체등록정보 조회 서비스는 「농어업경영체 육성 및 지원에 관한 법률」 제4조에 따라 농업경영체가 직접 등록한 정보를 바탕으로, 지역.성별.연령.농지면적.재배품목 등을 다양한 관점에서 볼 수 있도록 구성하였습니다.",https://data.mafra.go.kr/opendata/data/indexOpenDataDetail.do?data_id=20220104000000001659,농림축산식품부,OpenAPI product
KADX 농식품 공공데이터,시설원예 온실현황 및 에너지이용현황,시도별 시설원예 온실현황 및 에너지이용현황,https://data.mafra.go.kr/opendata/data/indexOpenDataDetail.do?data_id=20211230000000001657,농림축산식품부,OpenAPI product
KADX 농식품 공공데이터,피해보전직불 신청현황,FTA 피해보전직불금 신청현황 정보 제공,https://data.mafra.go.kr/opendata/data/indexOpenDataDetail.do?data_id=20211220000000001652,농림축산식품부,OpenAPI product
KADX 농식품 공공데이터,농업법인 현황조사,"전국 농업법인 조사자료(작물종류, 경지면적, 투자현황 등)",https://data.mafra.go.kr/opendata/data/indexOpenDataDetail.do?data_id=20211213000000001651,농림수산식품교육문화정보원,OpenAPI product
KADX 농식품 공공데이터,외식업 상권 분석 보고서,빅데이터 기반 전국 주요 외식업 상권분석 자료,https://data.mafra.go.kr/opendata/data/indexOpenDataDetail.do?data_id=20211021000000001648,농림축산식품부,OpenAPI product
KADX 농식품 공공데이터,농식품공공데이터포털 교육데이터 개방 목록,농림수산식품교육문화정보원_농식품공공데이터포털 교육데이터 개방 목록,https://data.mafra.go.kr/opendata/data/indexOpenDataDetail.do?data_id=20211008000000001646,농림수산식품교육문화정보원,OpenAPI product
KADX 농식품 공공데이터,농식품공공데이터포털 품질관리데이터 개방 목록,농림수산식품교육문화정보원_농식품공공데이터포털 품질관리데이터 개방 목록,https://data.mafra.go.kr/opendata/data/indexOpenDataDetail.do?data_id=20211008000000001632,농림수산식품교육문화정보원,OpenAPI product
KADX 농식품 공공데이터,농식품공공데이터포털 축산데이터 개방 목록,농림수산식품교육문화정보원_농식품공공데이터포털 축산데이터 개방 목록,https://data.mafra.go.kr/opendata/data/indexOpenDataDetail.do?data_id=20211008000000001633,농림수산식품교육문화정보원,OpenAPI product
KADX 농식품 공공데이터,농식품공공데이터포털 유통데이터 개방 목록,농림수산식품교육문화정보원_농식품공공데이터포털 유통데이터 개방 목록,https://data.mafra.go.kr/opendata/data/indexOpenDataDetail.do?data_id=20211008000000001634,농림수산식품교육문화정보원,OpenAPI product
KADX 농식품 공공데이터,농식품공공데이터포털 식품안전데이터 개방 목록,농림수산식품교육문화정보원_농식품공공데이터포털 식품안전데이터 개방 목록,https://data.mafra.go.kr/opendata/data/indexOpenDataDetail.do?data_id=20211008000000001635,농림수산식품교육문화정보원,OpenAPI product
KADX 농식품 공공데이터,농식품공공데이터포털 식품산업데이터 개방 목록,농림수산식품교육문화정보원_농식품공공데이터포털 식품산업데이터 개방 목록,https://data.mafra.go.kr/opendata/data/indexOpenDataDetail.do?data_id=20211008000000001636,농림수산식품교육문화정보원,OpenAPI product
KADX 농식품 공공데이터,농식품공공데이터포털 시설장비데이터 개방 목록,농림수산식품교육문화정보원_농식품공공데이터포털 시설장비데이터 개방 목록,https://data.mafra.go.kr/opendata/data/indexOpenDataDetail.do?data_id=20211008000000001637,농림수산식품교육문화정보원,OpenAPI product
KADX 농식품 공공데이터,농식품공공데이터포털 산림데이터 개방 목록,농림수산식품교육문화정보원_농식품공공데이터포털 산림데이터 개방 목록,https://data.mafra.go.kr/opendata/data/indexOpenDataDetail.do?data_id=20211008000000001638,농림수산식품교육문화정보원,OpenAPI product
KADX 농식품 공공데이터,농식품공공데이터포털 말산업데이터 개방 목록,농림수산식품교육문화정보원_농식품공공데이터포털 말산업데이터 개방 목록,https://data.mafra.go.kr/opendata/data/indexOpenDataDetail.do?data_id=20211008000000001639,농림수산식품교육문화정보원,OpenAPI product
KADX 농식품 공공데이터,농식품공공데이터포털 농축산기술데이터 개방 목록,농림수산식품교육문화정보원_농식품공공데이터포털 농축산기술데이터 개방 목록,https://data.mafra.go.kr/opendata/data/indexOpenDataDetail.do?data_id=20211008000000001640,농림수산식품교육문화정보원,OpenAPI product
KADX 농식품 공공데이터,농식품공공데이터포털 농촌복지데이터 개방 목록,농림수산식품교육문화정보원_농식품공공데이터포털 농촌복지데이터 개방 목록,https://data.mafra.go.kr/opendata/data/indexOpenDataDetail.do?data_id=20211008000000001641,농림수산식품교육문화정보원,OpenAPI product
KADX 농식품 공공데이터,농식품공공데이터포털 농지용수데이터 개방 목록,농림수산식품교육문화정보원_농식품공공데이터포털 농지용수데이터 개방 목록,https://data.mafra.go.kr/opendata/data/indexOpenDataDetail.do?data_id=20211008000000001642,농림수산식품교육문화정보원,OpenAPI product
KADX 농식품 공공데이터,농식품공공데이터포털 농업정책데이터 개방 목록,농림수산식품교육문화정보원_농식품공공데이터포털 농업정책데이터 개방 목록,https://data.mafra.go.kr/opendata/data/indexOpenDataDetail.do?data_id=20211008000000001643,농림수산식품교육문화정보원,OpenAPI product
KADX 농식품 공공데이터,농식품공공데이터포털 농산데이터 개방 목록,농림수산식품교육문화정보원_농식품공공데이터포털 농산데이터 개방 목록,https://data.mafra.go.kr/opendata/data/indexOpenDataDetail.do?data_id=20211008000000001644,농림수산식품교육문화정보원,OpenAPI product
KADX 농식품 공공데이터,농식품공공데이터포털 귀농귀촌데이터 개방 목록,농림수산식품교육문화정보원_농식품공공데이터포털 귀농귀촌데이터 개방 목록,https://data.mafra.go.kr/opendata/data/indexOpenDataDetail.do?data_id=20211008000000001645,농림수산식품교육문화정보원,OpenAPI product
KADX 농식품 공공데이터,농식품공공데이터포털 곤충데이터 개방 목록,농림수산식품교육문화정보원_농식품공공데이터포털 곤충데이터 개방 목록,https://data.mafra.go.kr/opendata/data/indexOpenDataDetail.do?data_id=20211008000000001631,농림수산식품교육문화정보원,OpenAPI product
KADX 농식품 공공데이터,농식품공공데이터포털 검역데이터 개방 목록,농림수산식품교육문화정보원_농식품공공데이터포털 검역데이터 개방 목록,https://data.mafra.go.kr/opendata/data/indexOpenDataDetail.do?data_id=20211008000000001629,농림수산식품교육문화정보원,OpenAPI product
KADX 농식품 공공데이터,6차산업 안테나샵 현황,농촌융복합산업 인증 경영체 생산제품의 홍보판매와 더불어 소비자 반응도 및 구매성향을 파악하기 위한 마케팅 활동거점 공간인 안테나샵 현황정보,https://data.mafra.go.kr/opendata/data/indexOpenDataDetail.do?data_id=20211006000000001628,농림수산식품교육문화정보원,OpenAPI product
KADX 농식품 공공데이터,외식업 경기 분석 자료,"카드, POS 등 빅데이터 기반 외식 트렌드 분석 자료",https://data.mafra.go.kr/opendata/data/indexOpenDataDetail.do?data_id=20211005000000001626,농림축산식품부,OpenAPI product
KADX 농식품 공공데이터,아세안 기타 국가 및 중동 수출 실적,"2020년 미주 유럽에 수출한 농식품 실적에 대한 데이터로 수출 중량 및 금액, 전년대비 증감율 등을 제공합니다.",https://data.mafra.go.kr/opendata/data/indexOpenDataDetail.do?data_id=20210930000000001606,농림축산식품부,OpenAPI product
KADX 농식품 공공데이터,아세안 농식품 수출 실적,"2020년 미주 유럽에 수출한 농식품 실적에 대한 데이터로 수출 중량 및 금액, 전년대비 증감율 등을 제공합니다.",https://data.mafra.go.kr/opendata/data/indexOpenDataDetail.do?data_id=20210930000000001607,농림축산식품부,OpenAPI product
KADX 농식품 공공데이터,조사료생산기반확충 사업시행지침,조사료생산기반확충 사업시행지침,https://data.mafra.go.kr/opendata/data/indexOpenDataDetail.do?data_id=20210930000000001611,농림축산식품부,OpenAPI product
KADX 농식품 공공데이터,농식품 품목별 수출 실적,"2020년 미주 유럽에 수출한 농식품 실적에 대한 데이터로 수출 중량 및 금액, 전년대비 증감율 등을 제공합니다.",https://data.mafra.go.kr/opendata/data/indexOpenDataDetail.do?data_id=20210930000000001603,농림축산식품부,OpenAPI product
KADX 농식품 공공데이터,일본 중화권 수출 실적,"2020년 미주 유럽에 수출한 농식품 실적에 대한 데이터로 수출 중량 및 금액, 전년대비 증감율 등을 제공합니다.",https://data.mafra.go.kr/opendata/data/indexOpenDataDetail.do?data_id=20210930000000001605,농림축산식품부,OpenAPI product
KADX 농식품 공공데이터,농식품부 집중안전점검 실행계획,국가안전대진단은 세월호 참사 이후 2015년부터 각종 재난발생이 우려되는 시설에 대한 집중 안전점검과 국민들의 안전 실천 생활화를 위해 범국가적으로 매년 시행하는 재난 사전 예방 활동,https://data.mafra.go.kr/opendata/data/indexOpenDataDetail.do?data_id=20210930000000001615,농림축산식품부,OpenAPI product
KADX 농식품 공공데이터,농림식품 연구개발사업 최종보고서,"농림축산식품부는 매넌 농림식품 분야 연구개발을 위해 기업, 대학, 연구소, 농업법인 등에 R&D 예산을 지원하고 있습니다. 본 자료는 연구개발을 추진한 농림식품 연구개발사업 중 연구를 끝내고 최종보고서를 제출한 목록입니다. 본 목록의 보고서는 농림축산식품 자료실에서 검색하시면 최종보고서 자료를 볼 수 있습니다.",https://data.mafra.go.kr/opendata/data/indexOpenDataDetail.do?data_id=20240627000000002479,농림축산식품부,OpenAPI product
KADX 농식품 공공데이터,농림축산식품부_국유특허 현황,"농림축산식품분야 국유특허 현황 정보 제공 제공 항목 : 농식품부 R&D 예산액 추이(16~19년), 농림식품분야 특허 등록 현황(15~18년), 기관 간 공동출원 현황(15~18년),연구시작 후 특허등록까지 소요 기간 현황, 특허 등록 후 기술이전 현황",https://data.mafra.go.kr/opendata/data/indexOpenDataDetail.do?data_id=20210930000000001617,농림축산식품부,OpenAPI product
KADX 농식품 공공데이터,농림축산식품부 국가안전관리 집행계획,각종 재난으로부터 국민의 생명 ·신체 및 재산을 보호하기 위하여 국가와 지방자치단체의 재난 및 안전관리체제 확립,https://data.mafra.go.kr/opendata/data/indexOpenDataDetail.do?data_id=20210930000000001614,농림축산식품부,OpenAPI product
KADX 농식품 공공데이터,반려동물 전시업 현황_20201230,"반려동물 전시업 현황(지역별 업체수, 비율, 종사자) 제공 목록 : 서울, 부산, 대구, 인천, 광주, 대전, 울산, 세종, 경기, 강원, 충북, 충남, 전북, 전남, 경북, 경남, 제주",https://data.mafra.go.kr/opendata/data/indexOpenDataDetail.do?data_id=20210930000000001610,농림축산식품부,OpenAPI product
KADX 농식품 공공데이터,반려동물 운송업 현황(2024년 기준),"반려동물 운송업 현황(지역별 업체수, 비율, 종사자수) 제공 목록 : 서울, 부산, 대구, 인천, 광주, 대전, 울산, 세종, 경기, 강원, 충북, 충남, 전북, 전남, 경북, 경남, 제주",https://data.mafra.go.kr/opendata/data/indexOpenDataDetail.do?data_id=20210930000000001609,농림축산식품부,OpenAPI product
KADX 농식품 공공데이터,농림축산식품부_신기술 인증,"ㅇ 농식품분야 신기술의 발굴 및 우수성 인증을 통해 신기술의 상용화와 기술거래를 촉진하고 신기술 적용제품의 초기시장 진출기반 조성 - 국내기업, 연구기관 등에서 개발한 농식품분야 우수기술을 조기에 발굴, 지원하여 시장 진출기반을 조성할 필요성 증대 제공 목록 : 인증번호, 업체명, 기술명, 유효기간, 기간, 비고",https://data.mafra.go.kr/opendata/data/indexOpenDataDetail.do?data_id=20210930000000001602,농림축산식품부,OpenAPI product
KADX 농식품 공공데이터,미주 유럽 수출 실적,"2020년 미주 유럽에 수출한 농식품 실적에 대한 데이터로 수출 중량 및 금액, 전년대비 증감율 등을 제공합니다.",https://data.mafra.go.kr/opendata/data/indexOpenDataDetail.do?data_id=20210930000000001604,농림축산식품부,OpenAPI product
KADX 농식품 공공데이터,스마트축산 한우분야 등급판정정보,농림수산식품교육문화정보원 스마트팜코리아에서 제공하는 스마트축산 한우분야 예상유전전달능력(EPD) 정보입니다.,https://data.mafra.go.kr/opendata/data/indexOpenDataDetail.do?data_id=20210929000000001584,농림수산식품교육문화정보원,OpenAPI product
KADX 농식품 공공데이터,스마트축산 양돈분야 포유모돈 정보,농림수산식품교육문화정보원 스마트팜코리아에서 제공하는 스마트축산 양돈분야 포유모돈 정보입니다.,https://data.mafra.go.kr/opendata/data/indexOpenDataDetail.do?data_id=20210929000000001581,농림수산식품교육문화정보원,OpenAPI product
KADX 농식품 공공데이터,"FTA체결, 발효 국가별 농축산물 교역현황","우리나라와 FTA 체결, 발효국과의연도별 농축산물 교역현황",https://data.mafra.go.kr/opendata/data/indexOpenDataDetail.do?data_id=20210930000000001618,농림축산식품부,OpenAPI product
KADX 농식품 공공데이터,스마트축산 한우분야 예상유전전달능력(EPD) 정보,농림수산식품교육문화정보원 스마트팜코리아에서 제공하는 스마트축산 한우분야 예상유전전달능력(EPD) 정보입니다.,https://data.mafra.go.kr/opendata/data/indexOpenDataDetail.do?data_id=20210929000000001583,농림수산식품교육문화정보원,OpenAPI product
KADX 농식품 공공데이터,스마트축산 양계분야 일일생산 정보,농림수산식품교육문화정보원 스마트팜코리아에서 스마트축산 양계분야 일일생산 정보입니다.,https://data.mafra.go.kr/opendata/data/indexOpenDataDetail.do?data_id=20210929000000001580,농림수산식품교육문화정보원,OpenAPI product
KADX 농식품 공공데이터,스마트축산 낙농분야 유성분검사성적서 정보,농림수산식품교육문화정보원 스마트팜코리아에서 제공하는 스마트축산 낙농분야 ICT로봇착유기 수집정보입니다.,https://data.mafra.go.kr/opendata/data/indexOpenDataDetail.do?data_id=20210929000000001579,농림수산식품교육문화정보원,OpenAPI product
KADX 농식품 공공데이터,스마트축산 낙농분야 ICT로봇착유기 수집정보,농림수산식품교육문화정보원 스마트팜코리아에서 제공하는 스마트축산 낙농분야 ICT로봇착유기 수집정보입니다.,https://data.mafra.go.kr/opendata/data/indexOpenDataDetail.do?data_id=20210929000000001578,농림수산식품교육문화정보원,OpenAPI product
KADX 농식품 공공데이터,지역별 파프리카 스마트팜(시설원예) ICT생육 융복합 정보,"농림수산식품교육문화정보원 스마트팜코리아에서 제공하는 환경정보, 제어정보, 생육정보, 경영정보가 포함된 지역별 방울토마토 스마트팜(시설원예) ICT생육 융복합 정보입니다.",https://data.mafra.go.kr/opendata/data/indexOpenDataDetail.do?data_id=20210928000000001577,농림수산식품교육문화정보원,OpenAPI product
KADX 농식품 공공데이터,지역별 오이 스마트팜(시설원예) ICT생육 융복합 정보,"농림수산식품교육문화정보원 스마트팜코리아에서 제공하는 환경정보, 제어정보, 생육정보, 경영정보가 포함된 지역별 방울토마토 스마트팜(시설원예) ICT생육 융복합 정보입니다.",https://data.mafra.go.kr/opendata/data/indexOpenDataDetail.do?data_id=20210928000000001575,농림수산식품교육문화정보원,OpenAPI product
KADX 농식품 공공데이터,지역별 방울토마토 스마트팜(시설원예) ICT생육 융복합 정보,"농림수산식품교육문화정보원 스마트팜코리아에서 제공하는 환경정보, 제어정보, 생육정보, 경영정보가 포함된 지역별 방울토마토 스마트팜(시설원예) ICT생육 융복합 정보입니다.",https://data.mafra.go.kr/opendata/data/indexOpenDataDetail.do?data_id=20210928000000001574,농림수산식품교육문화정보원,OpenAPI product
KADX 농식품 공공데이터,지역별 토마토 스마트팜(시설원예) ICT생육 융복합 정보,"농림수산식품교육문화정보원 스마트팜코리아에서 제공하는 환경정보, 제어정보, 생육정보, 경영정보가 포함된 지역별 방울토마토 스마트팜(시설원예) ICT생육 융복합 정보입니다.",https://data.mafra.go.kr/opendata/data/indexOpenDataDetail.do?data_id=20210928000000001576,농림수산식품교육문화정보원,OpenAPI product
KADX 농식품 공공데이터,아프리카돼지열병(ASF) 발생현황,아프리카돼지열병(ASF) 발생현황,https://data.mafra.go.kr/opendata/data/indexOpenDataDetail.do?data_id=20210929000000001585,농림축산식품부,OpenAPI product
KADX 농식품 공공데이터,지역별 딸기 스마트팜(시설원예) ICT생육 융복합 정보,"농림수산식품교육문화정보원 스마트팜코리아에서 제공하는 환경정보, 제어정보, 생육정보, 경영정보가 포함된 지역별 딸기 스마트팜(시설원예) ICT생육 융복합 정보입니다.",https://data.mafra.go.kr/opendata/data/indexOpenDataDetail.do?data_id=20210928000000001573,농림수산식품교육문화정보원,OpenAPI product
KADX 농식품 공공데이터,농림축산식품부_구제역 긴급행동지침(2021),구제역 긴급행동지침 (SOP) 최신 데이터,https://data.mafra.go.kr/opendata/data/indexOpenDataDetail.do?data_id=20191010000000001111,농림축산식품부,OpenAPI product
KADX 농식품 공공데이터,구제역 발생현황,구제역 발생 현황,https://data.mafra.go.kr/opendata/data/indexOpenDataDetail.do?data_id=20210929000000001587,농림축산식품부,OpenAPI product
KADX 농식품 공공데이터,농림축산식품부 행정규제 목록,"농림축산식품부 행정규제 목록 데이터 - 규제사무명, 법령명, 조문번호, 조문내용",https://data.mafra.go.kr/opendata/data/indexOpenDataDetail.do?data_id=20210927000000001571,농림축산식품부,OpenAPI product
KADX 농식품 공공데이터,축산관계시설등록통계,축산관계시설등록통계 조회,https://data.mafra.go.kr/opendata/data/indexOpenDataDetail.do?data_id=20220622000000002112,농림축산검역본부,OpenAPI product
KADX 농식품 공공데이터,축산차량 방문정보,축산차량이 농장 및 시설을 방문정보를 조회,https://data.mafra.go.kr/opendata/data/indexOpenDataDetail.do?data_id=20210926000000001565,농림축산검역본부,OpenAPI product
KADX 농식품 공공데이터,질병발생 통계,월별 질병발생 통계 조회,https://data.mafra.go.kr/opendata/data/indexOpenDataDetail.do?data_id=20220621000000002111,농림축산검역본부,OpenAPI product
KADX 농식품 공공데이터,거점소독시설,거점소독시설 및 장소를 조회,https://data.mafra.go.kr/opendata/data/indexOpenDataDetail.do?data_id=20220622000000002114,농림축산식품부,OpenAPI product
KADX 농식품 공공데이터,통제초소,통제초소 및 장소 조회,https://data.mafra.go.kr/opendata/data/indexOpenDataDetail.do?data_id=20220622000000002115,농림축산식품부,OpenAPI product
KADX 농식품 공공데이터,축산차량통계,축산차량통계 조회,https://data.mafra.go.kr/opendata/data/indexOpenDataDetail.do?data_id=20220622000000002113,농림축산검역본부,OpenAPI product
KADX 농식품 공공데이터,농림축산식품 공공데이터 포털 개방데이터 목록,농림축산식품 공공데이터 포털 개방데이터 목록,https://data.mafra.go.kr/opendata/data/indexOpenDataDetail.do?data_id=20210906000000001563,농림축산식품부,OpenAPI product
KADX 농식품 공공데이터,2023 화훼재배현황,"상업적 목적으로 재배하는 화훼재배농가대상 농가수, 면적, 판매량, 판매액 제공",https://data.mafra.go.kr/opendata/data/indexOpenDataDetail.do?data_id=20210819000000001556,농림축산식품부,OpenAPI product
KADX 농식품 공공데이터,종자저장고 입고 정보,"농림축산식품부 국립종자원 종자저장고 입고 정보내역으로 입고번호, 품종관리번호, 작물명, 품종명, 입고일 등의 정보를 제공합니다. ※ 법정종자의 보관기간(품종보호등록품종: 20년, 국가목록등재품종: 10년, 생산판매신고품종: 유통기간)동안 안전하게 관리하여 종자분쟁이나 침해 사건 발생시 표준시료로 사용하고, 품종 육성가의 권리 보호 및 국내 유통종자 질서 확립을 위해 법정종자를 보관관리 하고 있는 시설물 입니다.",https://data.mafra.go.kr/opendata/data/indexOpenDataDetail.do?data_id=20210812000000001536,국립종자원,OpenAPI product
KADX 농식품 공공데이터,정부보급종 생산계획 현황,"정부보급종 생산계획 현황으로 년산,지원명,시도,작물명,품종명,면적(ha),종자량(kg),생산목표(톤) 등의 정보를 제공합니다.",https://data.mafra.go.kr/opendata/data/indexOpenDataDetail.do?data_id=20210812000000001534,국립종자원,OpenAPI product
KADX 농식품 공공데이터,종자저장고 출고 정보,"농림축산식품부 국립종자원 종자저장고 입고 정보내역으로 입고번호, 품종관리번호, 작물명, 품종명, 입고일 등의 정보를 제공합니다. ※ 법정종자의 보관기간(품종보호등록품종: 20년, 국가목록등재품종: 10년, 생산판매신고품종: 유통기간)동안 안전하게 관리하여 종자분쟁이나 침해 사건 발생시 표준시료로 사용하고, 품종 육성가의 권리 보호 및 국내 유통종자 질서 확립을 위해 법정종자를 보관관리 하고 있는 시설물 입니다.",https://data.mafra.go.kr/opendata/data/indexOpenDataDetail.do?data_id=20210812000000001537,국립종자원,OpenAPI product
KADX 농식품 공공데이터,정부보급종 원종배부 내역,"정부보급종 원종배부 내역으로 생산년도,지원명,단지명,작물명,품종명,배부일자,배부량,산지 등의 정보를 제공합니다.",https://data.mafra.go.kr/opendata/data/indexOpenDataDetail.do?data_id=20210812000000001539,국립종자원,OpenAPI product
KADX 농식품 공공데이터,정부보급종 대략정선 현황,"년산,지원명,부서명,작물명,품종명,작업일자,작업구분,투입량,제품량,부산물_상품청소물,부산물_중품아랫체,부산물_하품윗체,부산물_하품아랫체,부산물_하품휀,부산물_하품집진기,부산물_감모,윗체,아랫체,제망기(RPM),건조회차,순번,건조일자,건조후물량,건조전물량,건조후수분비,건조전수분비,건조온도/상 등의 정보를 제공합니다.",https://data.mafra.go.kr/opendata/data/indexOpenDataDetail.do?data_id=20210812000000001547,국립종자원,OpenAPI product
KADX 농식품 공공데이터,정부보급종 파종 실적,"정부보급종 파종 실적으로 년산,지원명,기관명,작물명,품종명,시작일,종료일,파종이앙실적(a) 등의 정보가 제공됩니다.",https://data.mafra.go.kr/opendata/data/indexOpenDataDetail.do?data_id=20210812000000001548,국립종자원,OpenAPI product
KADX 농식품 공공데이터,정부보급종 원종수매 수송 내역,"년산,지원명,작물명,품종명,인수구분,수송구분,수송차수,수송시작일,수송종료일,시퀀스명,기관명,발지_지원명,발지_시도,발지_시군구,발지_읍면동,발지,착지_지원명,착지_시도,착지_시군구,착지,수송거리,수송계획량,단량,포대종류,살수송량포대개수,실수송량중량,일자,수송방법,작업임,작업임-발지,작업임-착지,지체사유,지체여부 등의 정보를 제공합니다.",https://data.mafra.go.kr/opendata/data/indexOpenDataDetail.do?data_id=20210812000000001551,국립종자원,OpenAPI product
KADX 농식품 공공데이터,정부보급종 원종 생산 계획 현황,"정부보급종 원종 생산 계획 현황으로 년산,지원명,시도,작물명,품종명,면적(ha),종자량(톤),생산목표(kg) 등의 정보를 제공합니다.",https://data.mafra.go.kr/opendata/data/indexOpenDataDetail.do?data_id=20210812000000001552,국립종자원,OpenAPI product
KADX 농식품 공공데이터,정부보급종 품종별 수매계획,"년산,지원명,기관명,작물명,품종명,신청차수,시작일,종료일,시퀀스값,발지,착지,양,포대종류,포대수,수송량,수송일자,수송방법,작업임,지체사유,지체여부,비고,수송거리,수송계획량 등의 항목을 제공합니다.",https://data.mafra.go.kr/opendata/data/indexOpenDataDetail.do?data_id=20230825000000002403,국립종자원,OpenAPI product
KADX 농식품 공공데이터,정부보급종 수매 수송 내역,"년산,지원명,기관명,작물명,품종명,신청차수,시작일,종료일,시퀀스값,발지,착지,양,포대종류,포대수,수송량,수송일자,수송방법,작업임,지체사유,지체여부,비고,수송거리,수송계획량 등의 항목을 제공합니다.",https://data.mafra.go.kr/opendata/data/indexOpenDataDetail.do?data_id=20210812000000001554,국립종자원,OpenAPI product
KADX 농식품 공공데이터,정부보급종 수매 현황,"년산,지원명,기관명,작물명,품종명,신청차수,시작일,종료일,시퀀스값,발지,착지,양,포대종류,포대수,수송량,수송일자,수송방법,작업임,지체사유,지체여부,비고,수송거리,수송계획량 등의 항목을 제공합니다.",https://data.mafra.go.kr/opendata/data/indexOpenDataDetail.do?data_id=20210812000000001553,국립종자원,OpenAPI product
KADX 농식품 공공데이터,정부보급종 수매가격 내역,"년산,지원명,기관명,작물명,품종명,신청차수,시작일,종료일,시퀀스값,발지,착지,양,포대종류,포대수,수송량,수송일자,수송방법,작업임,지체사유,지체여부,비고,수송거리,수송계획량 등의 항목을 제공합니다.",https://data.mafra.go.kr/opendata/data/indexOpenDataDetail.do?data_id=20210812000000001535,국립종자원,OpenAPI product
KADX 농식품 공공데이터,동물등록 현황,"동물등록 지역별,등록방식별,축종별,품종별,출생연도별 현황",https://data.mafra.go.kr/opendata/data/indexOpenDataDetail.do?data_id=20210806000000001532,농림축산검역본부,OpenAPI product
KADX 농식품 공공데이터,국립종자원 품종심사 수수료,품종심사 시스템에 사용되는 수수료 금액정보,https://data.mafra.go.kr/opendata/data/indexOpenDataDetail.do?data_id=20210812000000001541,국립종자원,OpenAPI product
KADX 농식품 공공데이터,국립종자원_pvp 국유 품종 처분 현황,"품종보호권 국유 품종 도유 품종 실시권 처분현황에 대한 데이터로 품종보호권자,품종명,주소,출원번호,작물명,처분권리,처분연도,육성기관,실시만료일,실시계약일,계약기간,실시권자,실시수량,등록번호 등의 항목을 제공합니다.",https://data.mafra.go.kr/opendata/data/indexOpenDataDetail.do?data_id=20210812000000001544,국립종자원,OpenAPI product
KADX 농식품 공공데이터,정부보급종 검사 병 이름 기준정보,국립종자원 정부보급종 검사 병 이름 기준 정보,https://data.mafra.go.kr/opendata/data/indexOpenDataDetail.do?data_id=20210806000000001531,국립종자원,OpenAPI product
KADX 농식품 공공데이터,정부보급종 공급 계통출고 내역,"국립종자원 정부보급종 공급 계통출고 내역에 대한 데이터로 년산,작물명,품종명,지원명,출고번호,출고차수,시도,시군구,읍면동,단위,출고전체량,미소독물량,출고일자,확인일자 등의 항목을 제공합니다.",https://data.mafra.go.kr/opendata/data/indexOpenDataDetail.do?data_id=20210805000000001512,국립종자원,OpenAPI product
KADX 농식품 공공데이터,정부보급종 공급 개별출고 내역,"국립종자원 정부보급종 공급 계통출고 내역에 대한 데이터로 년산,작물명,품종명,지원명,출고번호,출고차수,시도,시군구,읍면동,단위,출고전체량,미소독물량,출고일자,확인일자 등의 항목을 제공합니다.",https://data.mafra.go.kr/opendata/data/indexOpenDataDetail.do?data_id=20210805000000001513,국립종자원,OpenAPI product
KADX 농식품 공공데이터,정부보급종 공급 공매 내역,"국립종자원 정부보급종 공급 계통출고 내역에 대한 데이터로 년산,작물명,품종명,지원명,출고번호,출고차수,시도,시군구,읍면동,단위,출고전체량,미소독물량,출고일자,확인일자 등의 항목을 제공합니다.",https://data.mafra.go.kr/opendata/data/indexOpenDataDetail.do?data_id=20210805000000001518,국립종자원,OpenAPI product
KADX 농식품 공공데이터,정부보급종 공급 대금징수 내역,"국립종자원 정부보급종 공급 계통출고 내역에 대한 데이터로 년산,작물명,품종명,지원명,출고번호,출고차수,시도,시군구,읍면동,단위,출고전체량,미소독물량,출고일자,확인일자 등의 항목을 제공합니다.",https://data.mafra.go.kr/opendata/data/indexOpenDataDetail.do?data_id=20210805000000001520,국립종자원,OpenAPI product
KADX 농식품 공공데이터,정부보급종 공급 통합채종 내역,"국립종자원 정부보급종 공급 계통출고 내역에 대한 데이터로 년산,작물명,품종명,지원명,출고번호,출고차수,시도,시군구,읍면동,단위,출고전체량,미소독물량,출고일자,확인일자 등의 항목을 제공합니다.",https://data.mafra.go.kr/opendata/data/indexOpenDataDetail.do?data_id=20210805000000001521,국립종자원,OpenAPI product
KADX 농식품 공공데이터,정부보급종 공급가격 내역,"국립종자원 정부보급종 공급 계통출고 내역에 대한 데이터로 년산,작물명,품종명,지원명,출고번호,출고차수,시도,시군구,읍면동,단위,출고전체량,미소독물량,출고일자,확인일자 등의 항목을 제공합니다.",https://data.mafra.go.kr/opendata/data/indexOpenDataDetail.do?data_id=20210806000000001522,국립종자원,OpenAPI product
KADX 농식품 공공데이터,정부보급종 포장검사 현황,"국립종자원 정부보급종 포장검사 현황에 대한 데이터로 년산,지원명,작물명,차수,검사면적,합격면적,합격비율,불합격(계),불합격(종자원),불합격(자체),진척율,보고서날짜,보고완료여부,검사일자 등의 항목을 제공합니다.",https://data.mafra.go.kr/opendata/data/indexOpenDataDetail.do?data_id=20210805000000001514,국립종자원,OpenAPI product
KADX 농식품 공공데이터,국가보증 포장검사 신청 현황,"국립종자원 정부보급종 포장검사 현황에 대한 데이터로 년산,지원명,작물명,차수,검사면적,합격면적,합격비율,불합격(계),불합격(종자원),불합격(자체),진척율,보고서날짜,보고완료여부,검사일자 등의 항목을 제공합니다.",https://data.mafra.go.kr/opendata/data/indexOpenDataDetail.do?data_id=20230825000000002404,국립종자원,OpenAPI product
KADX 농식품 공공데이터,정부보급종 신청기간 내역,"국립종자원 정부보급종 신청기간 내역에 대한 데이터로 년산,지원명,작물명,기간설명,시작일,종료일 등의 항목을 제공합니다. ※보급종 신청 및 공급요령(국립종자원예규 제 194호)에 따라 작물별 신청할 수 있는 기간 혹은 시기(우선, 일반, 개별 등)를 의미합니다. 각 작물의 신청기간은 국립종자원에서 정합니다.",https://data.mafra.go.kr/opendata/data/indexOpenDataDetail.do?data_id=20210805000000001515,국립종자원,OpenAPI product
KADX 농식품 공공데이터,정부보급종 생산대행계약 현황,"국립종자원 정부보급종 생산대행계약 현황에 대한 데이터로 년산,지원명,작물명,면적,생산목표,생산계획면적,종자량,농가수,단지수,필지수,발송완료여부,작성일자 등의 항목을 제공합니다.",https://data.mafra.go.kr/opendata/data/indexOpenDataDetail.do?data_id=20210805000000001516,국립종자원,OpenAPI product
KADX 농식품 공공데이터,정부보급종 못자리점검 현황,"국립종자원 정부보급종 못자리점검 현황에 대한 데이터로 년산,지원명,작물명,품종명,단지명,파종일,파종(모판수),키다리병발생(모판수),폐기(모판수),이앙가능(모판수),점검월일 등의 항목을 제공합니다",https://data.mafra.go.kr/opendata/data/indexOpenDataDetail.do?data_id=20210805000000001517,국립종자원,OpenAPI product
KADX 농식품 공공데이터,정부보급종 개별신청 내역,"국립종자원 정부보급종 개별신청 내역에 대한 데이터로 년산, 지원명, 작물, 품종명, 춘추기, 추가공급잔량, 공급계획량_1, 공급계획량_2, 개별신청량_기본1, 개별신청량_기본2, 구분 등의 항목을 제공합니다. ※계통신청(우선, 일반신청) 후 남은 공급잔량에 대해 농가가 국립종자원 종자민원서비스를 통해 신청 하거나 전화주문(콜센터 등 활용)을 통한 신청을 의미합니다.",https://data.mafra.go.kr/opendata/data/indexOpenDataDetail.do?data_id=20210805000000001519,국립종자원,OpenAPI product
KADX 농식품 공공데이터,정부보급종 비축종자 현황,"국립종자원 정부보급종 비축종자 현황에 대한 데이터로 년산,고유번호,원종구분,보관지원,생산지원,작물명,품종명,비축량,사용량 등의 항목을 제공합니다. ※ 이상기후(자연재해) 및 기타 사유(병해충 발생 등)에 따른 종자 검사 불합격을 대비해 보관해 놓은 종자를 의미합니다. ※ 정부보급종은 종자산업법 제22조에 따라 정부가 생산·공급하고 있는 종자로 벼, 콩, 팥, 보리, 밀, 호밀 작물이 해당된다.",https://data.mafra.go.kr/opendata/data/indexOpenDataDetail.do?data_id=20210806000000001523,국립종자원,OpenAPI product
KADX 농식품 공공데이터,정부보급종 예비종자 현황,"국립종자원 정부보급종 예비종자 현황에 대한 데이터로 년산,지원명,작물명,품종명,원종구분,예비종자량,사용량 등의 항목을 제공합니다. ※ 종자 공급 후 민원발생(파종실패, 종자결함 등) 시, 민원 대응에 활용하기 위해 보관하는 종자를 의미합니다. ※ 정부보급종은 종자산업법 제22조에 따라 정부가 생산·공급하고 있는 종자로 벼, 콩, 팥, 보리, 밀, 호밀 작물이 해당된다.",https://data.mafra.go.kr/opendata/data/indexOpenDataDetail.do?data_id=20210806000000001524,국립종자원,OpenAPI product
KADX 농식품 공공데이터,정부보급종 우선공급 내역,"국립종자원 정부보급종 우선공급 내역에 대한 데이터로 년산,지원명,사업체명,사업체종류,시도,시군구,품종명,소계_신청량,사전_신청량,우선_신청량,소계_배정량,사전_배정량,우선_배정량,소계_농가량,사전_농가량,우선_농가량,소계_농가잔량,사전_농가잔량,우선_농가잔량 등의 항목을 제공합니다. ※ 농림축산식품부가 선정한 우선공급업체(들녘경영체, 정부지원RPC, 그 외 시,군 농업기술센터장이 위의 업체에 준하는 것으로 추천한 업체 등)에 일반신청 보다 사전에 신청을 받아 이들에게 보급종을 우선제공하는 것입니다.",https://data.mafra.go.kr/opendata/data/indexOpenDataDetail.do?data_id=20210806000000001525,국립종자원,OpenAPI product
KADX 농식품 공공데이터,정부보급종 출고내역,"국립종자원 정부보급종 시도별 품종별 출고 내역에 대한 데이터로 년산,지원명,시도명,작물명,품종명,수송차수,신청량 등의 항목을 제공합니다. ※ 정부보급종은 종자산업법 제22조에 따라 정부가 생산·공급하고 있는 종자로 벼, 콩, 팥, 보리, 밀, 호밀 작물이 해당된다. ※ 출고내역이란 농가의 신청에 따라 국립종자원에서 종자가 외부(기관, 농가 등)에 공급된 기록(출고일자, 수량, 착지 등)을 의미합니다.",https://data.mafra.go.kr/opendata/data/indexOpenDataDetail.do?data_id=20210806000000001526,국립종자원,OpenAPI product
KADX 농식품 공공데이터,정부보급종 검사 시료 입출고 현황,"국립종자원 정부보급종 검사시료 입출고 등록 현황에 대한 데이터로 년산,채종단계,담당지원,생산지원,작물명,종자무게,소독여부,처분일자,입고량,출고량 등의 항목을 제공합니다.",https://data.mafra.go.kr/opendata/data/indexOpenDataDetail.do?data_id=20210806000000001527,국립종자원,OpenAPI product
KADX 농식품 공공데이터,정부보급종 정밀정선 현황,"국립종자원 정부보급종 정밀정선 현황에 대한 데이터로 정선일자, 소집단량, 투입량, 작업량, 소독할량, 미소독할량 용도 등의 항목을 제공합니다.",https://data.mafra.go.kr/opendata/data/indexOpenDataDetail.do?data_id=20210806000000001528,국립종자원,OpenAPI product
KADX 농식품 공공데이터,정부보급종 정선 곡온 현황,"국립종자원 정부보급종 정밀정선 현황에 대한 데이터로 정선일자, 소집단량, 투입량, 작업량, 소독할량, 미소독할량 용도 등의 항목을 제공합니다.",https://data.mafra.go.kr/opendata/data/indexOpenDataDetail.do?data_id=20210806000000001530,국립종자원,OpenAPI product
KADX 농식품 공공데이터,정부보급종 정선 입고종자 종자규격 내역,"국립종자원 정부보급종 정밀정선 현황에 대한 데이터로 정선일자, 소집단량, 투입량, 작업량, 소독할량, 미소독할량 용도 등의 항목을 제공합니다.",https://data.mafra.go.kr/opendata/data/indexOpenDataDetail.do?data_id=20210812000000001533,국립종자원,OpenAPI product
KADX 농식품 공공데이터,정부보급종 정선 포장재 수불 현황,"국립종자원 정부보급종 정밀정선 현황에 대한 데이터로 정선일자, 소집단량, 투입량, 작업량, 소독할량, 미소독할량 용도 등의 항목을 제공합니다.",https://data.mafra.go.kr/opendata/data/indexOpenDataDetail.do?data_id=20210812000000001538,국립종자원,OpenAPI product
KADX 농식품 공공데이터,정부보급종 정선 종자품위 현황,"국립종자원 정부보급종 정밀정선 현황에 대한 데이터로 정선일자, 소집단량, 투입량, 작업량, 소독할량, 미소독할량 용도 등의 항목을 제공합니다.",https://data.mafra.go.kr/opendata/data/indexOpenDataDetail.do?data_id=20210812000000001540,국립종자원,OpenAPI product
KADX 농식품 공공데이터,정부보급종 정선 입고종자 품위조사 내역,"국립종자원 정부보급종 정밀정선 현황에 대한 데이터로 정선일자, 소집단량, 투입량, 작업량, 소독할량, 미소독할량 용도 등의 항목을 제공합니다.",https://data.mafra.go.kr/opendata/data/indexOpenDataDetail.do?data_id=20210812000000001542,국립종자원,OpenAPI product
KADX 농식품 공공데이터,정부보급종 정밀정선 마감등록 현황,"국립종자원 정부보급종 정밀정선 현황에 대한 데이터로 정선일자, 소집단량, 투입량, 작업량, 소독할량, 미소독할량 용도 등의 항목을 제공합니다.",https://data.mafra.go.kr/opendata/data/indexOpenDataDetail.do?data_id=20210812000000001543,국립종자원,OpenAPI product
KADX 농식품 공공데이터,정부보급종 원종정선 현황,"국립종자원 정부보급종 정밀정선 현황에 대한 데이터로 정선일자, 소집단량, 투입량, 작업량, 소독할량, 미소독할량 용도 등의 항목을 제공합니다.",https://data.mafra.go.kr/opendata/data/indexOpenDataDetail.do?data_id=20210812000000001545,국립종자원,OpenAPI product
KADX 농식품 공공데이터,정부보급종 정선 소독 현황,"국립종자원 정부보급종 정밀정선 현황에 대한 데이터로 정선일자, 소집단량, 투입량, 작업량, 소독할량, 미소독할량 용도 등의 항목을 제공합니다.",https://data.mafra.go.kr/opendata/data/indexOpenDataDetail.do?data_id=20210812000000001546,국립종자원,OpenAPI product
KADX 농식품 공공데이터,정부보급종 정선 저장빈 현황,"국립종자원 정부보급종 정밀정선 현황에 대한 데이터로 정선일자, 소집단량, 투입량, 작업량, 소독할량, 미소독할량 용도 등의 항목을 제공합니다.",https://data.mafra.go.kr/opendata/data/indexOpenDataDetail.do?data_id=20210812000000001549,국립종자원,OpenAPI product
KADX 농식품 공공데이터,정부보급종 원종인수 현황,"국립종자원 정부보급종 정밀정선 현황에 대한 데이터로 정선일자, 소집단량, 투입량, 작업량, 소독할량, 미소독할량 용도 등의 항목을 제공합니다.",https://data.mafra.go.kr/opendata/data/indexOpenDataDetail.do?data_id=20210812000000001550,국립종자원,OpenAPI product
KADX 농식품 공공데이터,정부보급종 검사 기준,"국립종자원 정부보급종 검사 기준에 대한 데이터로 년산,작물,품목,구분,채종단계,포장_품종순도,포장_이종종자수,포장_특정해초,포장_기타해초,포장_특정병,포장_기타병,포장_작황,포장_자연교잡종,포장_변형주,종자_발아율,종자_정립_이품종,종자_정립_피해립,종자_정립_계,종자_이종종자,종자_이물,종자_특정잡초,종자_기타잡초,종자_잡초_계,종자_병해립_특정,종자_병해립_기타,종자_메벼출현율,종자_수분,종자_미숙립률 등의 항목을 제공합니다.",https://data.mafra.go.kr/opendata/data/indexOpenDataDetail.do?data_id=20210806000000001529,국립종자원,OpenAPI product
KADX 농식품 공공데이터,품종보호 거절이유별 거절 및 취하 현황,"조사기준일까지 신품종 출원된 품종 중에서 품종보호가 거절된 품종에 대하여 거절이유별(무효처분, 취하, 포기, 신규성, 구별성, 균일성, 안정성, 군일성 및 안정성, 신규성 및 구별성, 균일성 및 구별성, 무권리자, 기타)로 거절 및 취하된 현황 요약표",https://data.mafra.go.kr/opendata/data/indexOpenDataDetail.do?data_id=20210802000000001497,국립종자원,OpenAPI product
KADX 농식품 공공데이터,품종육성주체별품종보호출원및등록현황,"품종육성주체별(국내개인, 국내종자업계, 국내지자체, 국내국가기관, 국내기타,외국개인, 외국종자업계, 외국기타)로 품종보호 출원 및 등록 현황에 관해 정리한 표",https://data.mafra.go.kr/opendata/data/indexOpenDataDetail.do?data_id=20210803000000001511,국립종자원,OpenAPI product
KADX 농식품 공공데이터,품종보호 작물 지정 내역,"조사기준일까지 신품종 출원된 품종 중에서 품종보호가 거절된 품종에 대하여 거절이유별(무효처분, 취하, 포기, 신규성, 구별성, 균일성, 안정성, 군일성 및 안정성, 신규성 및 구별성, 균일성 및 구별성, 무권리자, 기타)로 거절 및 취하된 현황 요약표",https://data.mafra.go.kr/opendata/data/indexOpenDataDetail.do?data_id=20210802000000001498,국립종자원,OpenAPI product
KADX 농식품 공공데이터,연도별 종자 수출입 물량 및 국내외 채소종자 생산량 현황,"연도별 종자 수출량 및 수입량 현황, 채소종자의 생산량 및 해외채종 비율 등을 파악하기위해 만든 통계 데이터로 종자 수출입, 채소종자 생산량 등을 파악 가능하다",https://data.mafra.go.kr/opendata/data/indexOpenDataDetail.do?data_id=20220620000000002109,국립종자원,OpenAPI product
KADX 농식품 공공데이터,우수품종상 시상내역,"우수품종상 수상업체 정보(년도, 작물, 품종, 출품기관, 육종가(부분공개), 수상명), 작물별 우수품종의 정보를 볼수 있고 활용을 통해 개인육종가의 수상률 또는 기관별(업체) 수상률을 알아볼수 있다.",https://data.mafra.go.kr/opendata/data/indexOpenDataDetail.do?data_id=20210802000000001492,국립종자원,OpenAPI product
KADX 농식품 공공데이터,곤충산업 현황 실태조사,곤충산업 현황 실태조사(지자체 행정조사를 통해 집계),https://data.mafra.go.kr/opendata/data/indexOpenDataDetail.do?data_id=20210727000000001441,농림축산식품부,OpenAPI product
KADX 농식품 공공데이터,2023년 농식품공무원교육원 교육훈련 계획,2021년 농식품공무원교육원 교육훈련 계획입니다.,https://data.mafra.go.kr/opendata/data/indexOpenDataDetail.do?data_id=20230615000000002366,농식품공무원교육원,OpenAPI product
KADX 농식품 공공데이터,2022년 농식품공무원교육원 교육훈련 계획,2021년 농식품공무원교육원 교육훈련 계획입니다.,https://data.mafra.go.kr/opendata/data/indexOpenDataDetail.do?data_id=20220728000000002299,농식품공무원교육원,OpenAPI product
KADX 농식품 공공데이터,2021년 농식품 교육훈련 계획,2021년 농식품공무원교육원 교육훈련 계획입니다.,https://data.mafra.go.kr/opendata/data/indexOpenDataDetail.do?data_id=20210603000000001433,농식품공무원교육원,OpenAPI product
KADX 농식품 공공데이터,2024년 농식품공무원교육원 교육훈련 계획,2021년 농식품공무원교육원 교육훈련 계획입니다.,https://data.mafra.go.kr/opendata/data/indexOpenDataDetail.do?data_id=20240715000000002583,농식품공무원교육원,OpenAPI product
KADX 농식품 공공데이터,2025년 농식품공무원교육원 교육훈련 계획,2021년 농식품공무원교육원 교육훈련 계획입니다.,https://data.mafra.go.kr/opendata/data/indexOpenDataDetail.do?data_id=20250722000000002691,농식품공무원교육원,OpenAPI product
KADX 농식품 공공데이터,2020년 농식품공무원교육원 교육훈련 통계자료,농식품공무원교육원 교육훈련 통계자료입니다.,https://data.mafra.go.kr/opendata/data/indexOpenDataDetail.do?data_id=20210603000000001434,농식품공무원교육원,OpenAPI product
KADX 농식품 공공데이터,축산물이력제 빅데이터 개방시스템,"소의 시도, 시군, 소의종류, 성별, 도축개월령, 도축년월, 육질등급, 도체중량별 두수",https://data.mafra.go.kr/opendata/data/indexOpenDataDetail.do?data_id=20210507000000001419,축산물품질평가원,OpenAPI product
KADX 농식품 공공데이터,농업경영체 농지 소재지별 농업인 현황,"농업경영체 지역별, 소재지별, 품목별 현황 등을 제공",https://data.mafra.go.kr/opendata/data/indexOpenDataDetail.do?data_id=20201030000000001398,농림수산식품교육문화정보원,OpenAPI product
KADX 농식품 공공데이터,농업경영체 농지 소재지별 농가 현황,"농업경영체 지역별, 소재지별, 품목별 현황 등을 제공",https://data.mafra.go.kr/opendata/data/indexOpenDataDetail.do?data_id=20201030000000001397,농림수산식품교육문화정보원,OpenAPI product
KADX 농식품 공공데이터,농업경영체 지역별 법인 현황,"농업경영체 지역별, 소재지별, 품목별 현황 등을 제공",https://data.mafra.go.kr/opendata/data/indexOpenDataDetail.do?data_id=20201030000000001399,농림수산식품교육문화정보원,OpenAPI product
KADX 농식품 공공데이터,농작물 재배 지역별 면적별 현황,"농업경영체 지역별, 소재지별, 품목별 현황 등을 제공",https://data.mafra.go.kr/opendata/data/indexOpenDataDetail.do?data_id=20201030000000001400,농림수산식품교육문화정보원,OpenAPI product
KADX 농식품 공공데이터,농작물 재배 지역별 시설별 면적현황,"농업경영체 지역별, 소재지별, 품목별 현황 등을 제공",https://data.mafra.go.kr/opendata/data/indexOpenDataDetail.do?data_id=20201030000000001401,농림수산식품교육문화정보원,OpenAPI product
KADX 농식품 공공데이터,농작물 재배 품목별 현황,"농업경영체 지역별, 소재지별, 품목별 현황 등을 제공",https://data.mafra.go.kr/opendata/data/indexOpenDataDetail.do?data_id=20201030000000001402,농림수산식품교육문화정보원,OpenAPI product
KADX 농식품 공공데이터,농작물 재배 지역별 품목별 현황,"농업경영체 지역별, 소재지별, 품목별 현황 등을 제공",https://data.mafra.go.kr/opendata/data/indexOpenDataDetail.do?data_id=20201030000000001403,농림수산식품교육문화정보원,OpenAPI product
KADX 농식품 공공데이터,농업경영체 지역별 농가 현황,"농업경영체 지역별, 소재지별, 품목별 현황 등을 제공",https://data.mafra.go.kr/opendata/data/indexOpenDataDetail.do?data_id=20201030000000001395,농림수산식품교육문화정보원,OpenAPI product
KADX 농식품 공공데이터,농업경영체 지역별 농업인 현황,"농업경영체 지역별, 소재지별, 품목별 현황 등을 제공",https://data.mafra.go.kr/opendata/data/indexOpenDataDetail.do?data_id=20201030000000001396,농림수산식품교육문화정보원,OpenAPI product
KADX 농식품 공공데이터,국가농식품통계,"농림업생산지수, 농업기계보유현황, 특용작물생산실적, 시설채소온실현황및생산실적, 과실류가공현황, 화훼재배현황, 기능성양잠산업현황, 도축검사보고, 여성농업인실태조사 농식품통계서비스",https://data.mafra.go.kr/opendata/data/indexOpenDataDetail.do?data_id=20201005000000001393,농림수산식품교육문화정보원,OpenAPI product
KADX 농식품 공공데이터,안심식당 정보,3가지 방역수칙을 준수하여 안심식당으로 선정된 식당 리스트 ①덜어먹기 가능한 도구 비치·제공 ②위생적인 수저 관리 ③종사자 마스크 착용 여부,https://data.mafra.go.kr/opendata/data/indexOpenDataDetail.do?data_id=20200713000000001391,농림축산식품부,OpenAPI product
KADX 농식품 공공데이터,국립종자원 작물코드,"국립종자원의 종자유통시스템, 품종보호시스템. 재배시험 시스템 등 시스템에 쓰이는 코드 정보를 제공합니다.",https://data.mafra.go.kr/opendata/data/indexOpenDataDetail.do?data_id=20200113000000001389,국립종자원,OpenAPI product
KADX 농식품 공공데이터,국립종자원 품종코드,"국립종자원의 종자유통시스템, 품종보호시스템. 재배시험 시스템 등 시스템에 쓰이는 코드 정보를 제공합니다.",https://data.mafra.go.kr/opendata/data/indexOpenDataDetail.do?data_id=20200113000000001390,국립종자원,OpenAPI product
KADX 농식품 공공데이터,국가품종목록 등재품종 목록,"· 농업 생산의 안정상 중요한 작물(벼, 보리, 콩, 옥수수, 감자)의 종자에 대한 품종성능을 관리하여 위하여 국가품종목록에 등재한 품종 현황 - 목록등재 작물명, 품종명, 육성자, 등재번호, 등재유효기간 등",https://data.mafra.go.kr/opendata/data/indexOpenDataDetail.do?data_id=20200113000000001388,국립종자원,OpenAPI product
KADX 농식품 공공데이터,제주도 지역에서 채집된 나무이의 검역적 활용을 위한 분류동정 연구,"제주도 지역에서 채집된 나무이의 검역적 활용을 위한 분류동정 연구에 관련된 내용입니다 (나무이표본제작 및 유전자 분석법, 나무이 검색표, 나무이 참고문헌)",https://data.mafra.go.kr/opendata/data/indexOpenDataDetail.do?data_id=20191219000000001387,농림축산검역본부,OpenAPI product
KADX 농식품 공공데이터,한국농어촌공사_계절테마여행세부코스정보_20240520,"한국농어촌공사에서 관리하는 계절, 테마별 여행정보(주제, 태그, 요약, 코스정보 등)",https://data.mafra.go.kr/opendata/data/indexOpenDataDetail.do?data_id=20191017000000001372,한국농어촌공사,OpenAPI product
KADX 농식품 공공데이터,한국농어촌공사_계절테마여행정보_20240520,"한국농어촌공사에서 관리하는 계절, 테마별 여행정보(주제, 태그, 요약, 코스정보 등)",https://data.mafra.go.kr/opendata/data/indexOpenDataDetail.do?data_id=20191017000000001371,한국농어촌공사,OpenAPI product
KADX 농식품 공공데이터,한국농어촌공사 지하수관측소정보,"한국농어촌공사에서 운영,관리하는 지하수관측소 정보 (농어촌 지하수의 개발,이용 및 보전,관리를 위한 관측망 운영)",https://data.mafra.go.kr/opendata/data/indexOpenDataDetail.do?data_id=20191014000000001272,한국농어촌공사,OpenAPI product
KADX 농식품 공공데이터,고객의소리 처리정보_20241231,한국농어촌공사 홈페이지 고객의소리(문의) 게시판을 통해 접수된 고객의소리 처리 정보,https://data.mafra.go.kr/opendata/data/indexOpenDataDetail.do?data_id=20191014000000001270,한국농어촌공사,OpenAPI product
KADX 농식품 공공데이터,시설인허가(하천점용허가)_2022,한국농어촌공사에서 관리하는 농업생산기반시설의 인허가 정보입니다.,https://data.mafra.go.kr/opendata/data/indexOpenDataDetail.do?data_id=20230823000000002397,한국농어촌공사,OpenAPI product
KADX 농식품 공공데이터,한국농어촌공사_농업생산기반정비통계연보,농업생산기반정비 실적을 기록 및 보존하여 농업생산기반시설물의 효율적인 유지관리와 농정시책 수립자료로 사업성과 기록정리 및 홍보자료로 활용하고자 함,https://data.mafra.go.kr/opendata/data/indexOpenDataDetail.do?data_id=20191014000000001281,한국농어촌공사,OpenAPI product
KADX 농식품 공공데이터,한국농어촌공사_농업용저수지 수질정보_공사조사수질(2018년),"한국농어촌공사가 관리하는 농업용수로 사용되는 저수지의 주소,담당관리기관,조사일자, 수질정보 등",https://data.mafra.go.kr/opendata/data/indexOpenDataDetail.do?data_id=20191014000000001276,한국농어촌공사,OpenAPI product
KADX 농식품 공공데이터,한국농어촌공사_농업용저수지 수질정보_공사조사수질(2017년),"한국농어촌공사가 관리하는 농업용수로 사용되는 저수지의 주소,담당관리기관,조사일자, 수질정보 등",https://data.mafra.go.kr/opendata/data/indexOpenDataDetail.do?data_id=20191014000000001275,한국농어촌공사,OpenAPI product
KADX 농식품 공공데이터,한국농어촌공사_농업용저수지 수질정보_공사조사수질(2016년),"한국농어촌공사가 관리하는 농업용수로 사용되는 저수지의 주소,담당관리기관,조사일자, 수질정보 등",https://data.mafra.go.kr/opendata/data/indexOpenDataDetail.do?data_id=20191014000000001274,한국농어촌공사,OpenAPI product
KADX 농식품 공공데이터,한국농어촌공사_농업용저수지 수질정보_공사조사수질(2015년),"한국농어촌공사가 관리하는 농업용수로 사용되는 저수지의 주소,담당관리기관,조사일자, 수질정보 등",https://data.mafra.go.kr/opendata/data/indexOpenDataDetail.do?data_id=20191014000000001273,한국농어촌공사,OpenAPI product
KADX 농식품 공공데이터,한식 현지화를 위한 중국시장분석과 마케팅 전략개발(2014),한식 현지화를 위한 중국시장분석과 마케팅 전략개발 = China market analysis and marketing strategy development for Korean food localization / 농림축산식품부 외식산업진흥과 ; (주)이티앤제우스 [공편],https://data.mafra.go.kr/opendata/data/indexOpenDataDetail.do?data_id=20191011000000001202,농림축산식품부,OpenAPI product
KADX 농식품 공공데이터,CCTV 관리현황,"국립농산물품질관리원 CCTV관리현황(관리기관명, 소재지도로명주소, 소재지지번주소, 설치목적구분, 카메라대수, 관리기관전화번호, 위도, 경도, 데이터기준일자)",https://data.mafra.go.kr/opendata/data/indexOpenDataDetail.do?data_id=20191011000000001210,국립농산물품질관리원,OpenAPI product
KADX 농식품 공공데이터,농림축산식품부_푸드플랜 지원정책 매뉴얼 (2019),지역 먹거리 선순환체계 구축(푸드플랜)과 관련된 연계 사업 중 국가 및 각 지자체에서 시행중인 사업들을 한데모아 이를 공유함으로써 지역 푸드플랜을 추진 중이거나 준비 중인 지자체에 도움을 주기 위함,https://data.mafra.go.kr/opendata/data/indexOpenDataDetail.do?data_id=20220729000000002301,농림축산식품부,OpenAPI product
KADX 농식품 공공데이터,LMO수입승인현황,"LMO(면실류, 옥수수, 대두 등) 수입현황 관리정보",https://data.mafra.go.kr/opendata/data/indexOpenDataDetail.do?data_id=20191011000000001212,국립농산물품질관리원,OpenAPI product
KADX 농식품 공공데이터,농림축산식품부_6차산업 창업매뉴얼,"농산물을 생산하는 1차 또는 2,3차산업에 종사하고 있는 농업인들에게 창업정보를 제공하기 위해 <6차산업 창업매뉴얼>을 만들어 제공",https://data.mafra.go.kr/opendata/data/indexOpenDataDetail.do?data_id=20191010000000001098,농림축산식품부,OpenAPI product
KADX 농식품 공공데이터,농림축산식품부_6차산업성과점검및평가를통한향후정책방안연구(2017),농림축산식품부에서 발행한 연구자료(6차산업 성과점검 및 평가를 통한 향후 정책방안 연구)입니다.,https://data.mafra.go.kr/opendata/data/indexOpenDataDetail.do?data_id=20191010000000001101,농림축산식품부,OpenAPI product
KADX 농식품 공공데이터,6차산업화 활성화를 위한 창업관련 연관사업_2014,"6차 산업의 목적 및 발전방향, 성공사례 및 창업가이드 등 연구 보고서",https://data.mafra.go.kr/opendata/data/indexOpenDataDetail.do?data_id=20191010000000001102,농림축산식품부,OpenAPI product
KADX 농식품 공공데이터,농림축산식품부_꿀벌 질병 방역관리 방안 마련(2017),농림축산식품부에서 발행한 꿀벌 질병(낭충봉아부패병 등) 방역관리방안마련 자료입니다.,https://data.mafra.go.kr/opendata/data/indexOpenDataDetail.do?data_id=20191010000000001114,농림축산식품부,OpenAPI product
KADX 농식품 공공데이터,일반농산어촌개발사업 추진성과분석 및 발전모델 개발,농림축산식품부 지역개발과에서 추진중인 농산어촌개발종합정보 입니다.,https://data.mafra.go.kr/opendata/data/indexOpenDataDetail.do?data_id=20220629000000002126,농림축산식품부,OpenAPI product
KADX 농식품 공공데이터,농수축산물 표준코드(2015),농림축산식품부 정보통계담당관실에서 발간한 농수축산물 표준코드 입니다.,https://data.mafra.go.kr/opendata/data/indexOpenDataDetail.do?data_id=20191010000000001119,농림축산식품부,OpenAPI product
KADX 농식품 공공데이터,반려동물 연관산업 분석 및 발전방향 연구(2016),농림축산식품부에서 발행한 연구용역자료(반려동물연관산업분석및발전방향연구) 입니다.,https://data.mafra.go.kr/opendata/data/indexOpenDataDetail.do?data_id=20191010000000001138,농림축산식품부,OpenAPI product
KADX 농식품 공공데이터,농림축산식품부_법령 제·개정 업무편람(2015),법제절차 전 과정에 대한 단계별 등록 진행절차 설명서입니다,https://data.mafra.go.kr/opendata/data/indexOpenDataDetail.do?data_id=20191010000000001139,농림축산식품부,OpenAPI product
KADX 농식품 공공데이터,농림축산식품부_법령 제·개정 업무편람(2020),법제절차 전 과정에 대한 단계별 등록 진행절차 설명서입니다,https://data.mafra.go.kr/opendata/data/indexOpenDataDetail.do?data_id=20230809000000002387,농림축산식품부,OpenAPI product
KADX 농식품 공공데이터,식물검역통계연보_2017,"수출 입식물검역 등의 검역실적을 검역지별, 유형별 및 품목별로 정리하여 수록하였고, 병해충 검출실적, 수입 금지품의 수입허가사항 및 격리재배검역 실적 등도 수록",https://data.mafra.go.kr/opendata/data/indexOpenDataDetail.do?data_id=20191010000000001154,농림축산식품부,OpenAPI product
KADX 농식품 공공데이터,농림축산식품부_농업재해대책업무편람 정보(2019),농어업재해대책법 및 농어업재해보험법 등에 따른 농업재해에 대한 기준 및 처리요령에 대한 정보입니다.,https://data.mafra.go.kr/opendata/data/indexOpenDataDetail.do?data_id=20220705000000002140,농림축산식품부,OpenAPI product
KADX 농식품 공공데이터,농림축산식품부_도시농업통계,도시농업 현황(통계) 자료입니다.,https://data.mafra.go.kr/opendata/data/indexOpenDataDetail.do?data_id=20191010000000001132,농림축산식품부,OpenAPI product
KADX 농식품 공공데이터,농림축산식품부_도축장 현황,"전국 도축장, 집유장, 작업장 현황",https://data.mafra.go.kr/opendata/data/indexOpenDataDetail.do?data_id=20191010000000001133,농림축산검역본부,OpenAPI product
KADX 농식품 공공데이터,농림축산식품부_농식품 기술사업화 디렉토리북(2014),농산업 종사자와 농산업에 진입하길 희망하는 국민들이 농식품 분야의 기술정보와 사업화 정책을 알 수 있도록 안내하는 정부정책 길라잡이입니다.,https://data.mafra.go.kr/opendata/data/indexOpenDataDetail.do?data_id=20220628000000002123,농림축산식품부,OpenAPI product
KADX 농식품 공공데이터,농림축산식품부_유전자변형생물체 관련 법령_2019,유전자변형생물체의 개발ㆍ생산ㆍ수입ㆍ수출ㆍ유통 등에 관한 안전성의 확보를 위하여 필요한 사항을 법령으로 정함,https://data.mafra.go.kr/opendata/data/indexOpenDataDetail.do?data_id=20191010000000001190,농림축산식품부,OpenAPI product
KADX 농식품 공공데이터,농림축산식품부_쌀.밭.조건불리직불제사업시행지침서(2018),쌀.밭.조건불리직불제사업에 대한 사업시행지침서,https://data.mafra.go.kr/opendata/data/indexOpenDataDetail.do?data_id=20191010000000001162,농림축산식품부,OpenAPI product
KADX 농식품 공공데이터,식품통계(국내편),"농림축산식품부 식품산업정책과에서 발간한 식품통계(국내편, 해외편)입니다.",https://data.mafra.go.kr/opendata/data/indexOpenDataDetail.do?data_id=20220705000000002139,농림축산식품부,OpenAPI product
KADX 농식품 공공데이터,식품통계(해외편),"농림축산식품부 식품산업정책과에서 발간한 식품통계(국내편, 해외편)입니다.",https://data.mafra.go.kr/opendata/data/indexOpenDataDetail.do?data_id=20220705000000002138,농림축산식품부,OpenAPI product
KADX 농식품 공공데이터,"팜맵기반의 기상, 토양, 병해충발생 정보","을 반영한 농경지 전자지도인 팜맵을 기반으로 농업기상, 토양, 병해충발생정보를 융.복합하여 개방데이터 제공",https://data.mafra.go.kr/opendata/data/indexOpenDataDetail.do?data_id=20190710000000001094,농림수산식품교육문화정보원,OpenAPI product
KADX 농식품 공공데이터,농촌에서 즐기는 100세 인생 100가지 선물(2016),농림축산식품부 농촌복지여성과에서 제작한 2016 농촌 복지 가이드북 입니다.,https://data.mafra.go.kr/opendata/data/indexOpenDataDetail.do?data_id=20220705000000002136,농림축산식품부,OpenAPI product
KADX 농식품 공공데이터,농림축산식품 주요통계,농림축산식품부 정보통계담당관실에서 발간한 농림축산식품 주요통계입니다.,https://data.mafra.go.kr/opendata/data/indexOpenDataDetail.do?data_id=20220718000000002278,농림축산식품부,OpenAPI product
KADX 농식품 공공데이터,농림축산식품부_한국의 자연유산 곤충자원(2013),농림축산식품부 종자생명산업과에서 제작한 한국의 자연유산 곤충자원입니다.,https://data.mafra.go.kr/opendata/data/indexOpenDataDetail.do?data_id=20220719000000002284,농림축산식품부,OpenAPI product
KADX 농식품 공공데이터,연도별 저온저장고 지원내역,저온저장고 지원 현황 자료,https://data.mafra.go.kr/opendata/data/indexOpenDataDetail.do?data_id=20191010000000001178,농림축산식품부,OpenAPI product
KADX 농식품 공공데이터,농림축산식품부_영양만점 식용곤충요리(2017),농림축산식품부에서 발행한 발간물(영양만점 식용곤충요리) 자료입니다.,https://data.mafra.go.kr/opendata/data/indexOpenDataDetail.do?data_id=20191010000000001166,농림축산식품부,OpenAPI product
KADX 농식품 공공데이터,2026 농업인을 위한 한손에 잡히는 세금이야기,농림축산식품부 농업경영정책과에서 발간한 농업인을 위한 세제 특례 등 세금 관련 설명 자료입니다.,https://data.mafra.go.kr/opendata/data/indexOpenDataDetail.do?data_id=20220705000000002145,농림축산식품부,OpenAPI product
KADX 농식품 공공데이터,샴페인 방식을 이용한 거품막걸리(2015),샴페인 방식을 이용한 거품막걸리 = Rice wine with bubble of champane method / 농림축산식품부 과학기술정책과 ; 농업회사법인 이가수불(주) [공편],https://data.mafra.go.kr/opendata/data/indexOpenDataDetail.do?data_id=20220629000000002128,농림축산식품부,OpenAPI product
KADX 농식품 공공데이터,농림축산식품부_조류인플루엔자 긴급행동지침,조류인플루엔자 발생시 각 기관별 역할을 정의한 조류인플루엔자 긴급행동지침입니다.,https://data.mafra.go.kr/opendata/data/indexOpenDataDetail.do?data_id=20191010000000001188,농림축산식품부,OpenAPI product
KADX 농식품 공공데이터,한우 6차 산업화 활성화 방안(2016),농림축산식품부 축산정책과에서 발간한 한우 6차 산업화 활성화 방안입니다.,https://data.mafra.go.kr/opendata/data/indexOpenDataDetail.do?data_id=20220705000000002144,농림축산식품부,OpenAPI product
KADX 농식품 공공데이터,농림축산식품부_무허가 축사 적법화 상담 사례집(2016),농림축산식품부의 무허가 가축사 적법화 상담사례집 자료입니다.,https://data.mafra.go.kr/opendata/data/indexOpenDataDetail.do?data_id=20220705000000002143,농림축산식품부,OpenAPI product
KADX 농식품 공공데이터,농림축산식품부_가축재해보험 실무매뉴얼(2014),가축재해보험 실무매뉴얼 / 농림축산식품부 재해보험팀 ; NH농협손해보험 ; LIG손해보험 [공편],https://data.mafra.go.kr/opendata/data/indexOpenDataDetail.do?data_id=20191010000000001109,농림축산식품부,OpenAPI product
KADX 농식품 공공데이터,농림축산식품부_미래신성장동력 곤충산업(2017),농림축산식품부에서 발행한 발간물(미래신성장동력 곤충산업) 자료입니다.,https://data.mafra.go.kr/opendata/data/indexOpenDataDetail.do?data_id=20191010000000001137,농림축산식품부,OpenAPI product
KADX 농식품 공공데이터,농림축산식품부_국내 치즈품목별 소비량(2018),연도별 국내 치즈품목별 소비량 통계입니다.,https://data.mafra.go.kr/opendata/data/indexOpenDataDetail.do?data_id=20191010000000001112,농림축산식품부,OpenAPI product
KADX 농식품 공공데이터,특용작물 생산실적,농림축산식품부 원예산업과에서 발간한 특용작물생산실적 입니다.,https://data.mafra.go.kr/opendata/data/indexOpenDataDetail.do?data_id=20241231000000002649,농림축산식품부,OpenAPI product
KADX 농식품 공공데이터,양곡수급자료,"농림축산식품부에서 발행한 식량정책자료입니다. 쌀, 보리, 밀, 옥수수, 콩, 서류 등에 대한 연도별 양곡수급 상황을 보여주는 자료입니다.",https://data.mafra.go.kr/opendata/data/indexOpenDataDetail.do?data_id=20220629000000002125,농림축산식품부,OpenAPI product
KADX 농식품 공공데이터,오리닭등품목별현국가예찰및방역시스템개선방안연구,농림축산식품부의 정책연구용역자료(살처분이동통제범위등에대한오리닭등품목별현국가예찰및방역시스템의평가와개선방안연구) 입니다.,https://data.mafra.go.kr/opendata/data/indexOpenDataDetail.do?data_id=20191010000000001140,농림축산식품부,OpenAPI product
KADX 농식품 공공데이터,GAP 제도 확산을 위한 인증체계 개선방안 연구보고서(2016),GAP 제도 확산을 위한 인증체계 개선방안 연구보고서 / 농림축산식품부 식생활소비정책과 ; 지역농업네트워크 협동조합 [공편],https://data.mafra.go.kr/opendata/data/indexOpenDataDetail.do?data_id=20220705000000002141,농림축산식품부,OpenAPI product
KADX 농식품 공공데이터,농림축산식품부_농어촌인성학교 안전관리 매뉴얼(2014),농어촌인성학교 안전관리 매뉴얼 / 농림축산식품부 지역개발과 ; 교육부 [공편],https://data.mafra.go.kr/opendata/data/indexOpenDataDetail.do?data_id=20191010000000001123,농림축산식품부,OpenAPI product
KADX 농식품 공공데이터,농림축산식품부_농어촌인성학교(2018),농어촌인성학교 안전관리 매뉴얼 / 농림축산식품부 지역개발과 ; 교육부 [공편],https://data.mafra.go.kr/opendata/data/indexOpenDataDetail.do?data_id=20191010000000001124,농림축산식품부,OpenAPI product
KADX 농식품 공공데이터,농림축산식품부_농어촌공동체회사(2010),농촌을 살리는 대안경제로 추진중인 농촌공동체회사 관련 정보입니다.,https://data.mafra.go.kr/opendata/data/indexOpenDataDetail.do?data_id=20220705000000002149,농림축산식품부,OpenAPI product
KADX 농식품 공공데이터,농림축산식품부_유형별 스마트 팜 선도사례,농림축산식품부에서 스마트팜 확산을 위해 발행한 유형별 스마트팜 선도사례집입니다.,https://data.mafra.go.kr/opendata/data/indexOpenDataDetail.do?data_id=20191010000000001171,농림축산식품부,OpenAPI product
KADX 농식품 공공데이터,외식산업 지식재산권 현황조사 및 가이드북 제작(2012),외식산업 지식재산권 현황조사 및 가이드북 제작 / 농림수산식품부 외식산업진흥과 ; 한식재단 [공편],https://data.mafra.go.kr/opendata/data/indexOpenDataDetail.do?data_id=20191010000000001169,농림축산식품부,OpenAPI product
KADX 농식품 공공데이터,문화콘텐츠를 활용한 한식 홍보 마스터플랜 수립(2013),문화콘텐츠를 활용한 한식 홍보 마스터플랜 수립 = Establish korean food promotion master plan using culture contents / 농림축산식품부 외식산업진흥과 ; (주)식품외식산업,https://data.mafra.go.kr/opendata/data/indexOpenDataDetail.do?data_id=20191010000000001136,농림축산식품부,OpenAPI product
KADX 농식품 공공데이터,스마트 팜 맴을 활용한 기후변화 대응연구(2015),농림축산식품부 정보통계담당관실에서 발간한 스마트 팜 맴을 활용한 기후변화 대응연구 입니다.,https://data.mafra.go.kr/opendata/data/indexOpenDataDetail.do?data_id=20220706000000002150,농림축산식품부,OpenAPI product
KADX 농식품 공공데이터,농림축산식품 통계연보,농림축산식품부에서 실시한 통계조사와 산하관서의 보고 및 관계기관의 통계 자료 중 중요한 사항을 편집 수록한 정보입니다.,https://data.mafra.go.kr/opendata/data/indexOpenDataDetail.do?data_id=20220718000000002279,농림축산식품부,OpenAPI product
KADX 농식품 공공데이터,일본의 농정개혁 개요(1999),일본의 농정개혁 개요 : 일본 농림수산성 농정개혁 프로그램 / 농림부 국제농업국 [편],https://data.mafra.go.kr/opendata/data/indexOpenDataDetail.do?data_id=20191010000000001174,농림축산식품부,OpenAPI product
KADX 농식품 공공데이터,바이오매스 에너지화 추진전략 개발(2014년),농림축산식품부 창조농식품정책과에서 의뢰하고 한국능률협회컨설팅에서 작성한 바이오매스 에너지화추진전략개발 연구보고서입니다.,https://data.mafra.go.kr/opendata/data/indexOpenDataDetail.do?data_id=20220629000000002127,농림축산식품부,OpenAPI product
KADX 농식품 공공데이터,농림축산식품부_우리 엄마의 한국어교재(2007),농림축산식품부에서 발행한 다문화가정을 위한 한국어교재(우리업마의한국어초급교재)입니다.,https://data.mafra.go.kr/opendata/data/indexOpenDataDetail.do?data_id=20220705000000002147,농림축산식품부,OpenAPI product
KADX 농식품 공공데이터,농림축산식품부_AI백서(2014/15년),농림축산식품부에서 발행한 고병원성조류인플루엔자(AI) 발생에 따른 백서입니다.,https://data.mafra.go.kr/opendata/data/indexOpenDataDetail.do?data_id=20191010000000001104,농림축산식품부,OpenAPI product
KADX 농식품 공공데이터,농림축산식품부_농식품 제품개발 정보,"태극삼, 흑삼, 인삼지상부를 이용한 수출국 맞춤형 연구를 통한 고부가가치 제품개발 / 농림축산식품부 과학기술정책과 ; (주)지에프씨 [공편] 수출전략기술개발사업 최종보고서입니다.",https://data.mafra.go.kr/opendata/data/indexOpenDataDetail.do?data_id=20220629000000002129,농림축산식품부,OpenAPI product
KADX 농식품 공공데이터,ICT 융합기반 행복한 농촌만들기 프로젝트 최종보고서(2016),농림축산식품부에서 발행한 정책연구용역(ICT융합기반행복한농촌만들기프로젝트) 최종보고서입니다.,https://data.mafra.go.kr/opendata/data/indexOpenDataDetail.do?data_id=20220705000000002142,농림축산식품부,OpenAPI product
KADX 농식품 공공데이터,외식기업 해외진출실태조사 보고서,농림축산식품부에서 발행한 발간물(외식기업 해외진출 실태조사) 자료입니다.,https://data.mafra.go.kr/opendata/data/indexOpenDataDetail.do?data_id=20210929000000001591,농림축산식품부,OpenAPI product
KADX 농식품 공공데이터,저수율지도 정보,저수율지도 데이터(일자 기준의 가뭄위기경보 수준 단계별 저수율 기준 정보 제공),https://data.mafra.go.kr/opendata/data/indexOpenDataDetail.do?data_id=20190710000000001095,한국농어촌공사,OpenAPI product
KADX 농식품 공공데이터,한국농어촌공사_농업기반시설 안전진단 정보,한국농어촌공사에서 관리하는 농업생산기반시설에 대해 내외부 전문가가 정밀안전진단을 실시한 결과 데이터,https://data.mafra.go.kr/opendata/data/indexOpenDataDetail.do?data_id=20191014000000001282,한국농어촌공사,OpenAPI product
KADX 농식품 공공데이터,유기농업자재 공시현황,환경보전 및 유기농업 실천농가의 자재 선택 편의를 위한 유기농업자재 현황정보,https://data.mafra.go.kr/opendata/data/indexOpenDataDetail.do?data_id=20200929000000001392,국립농산물품질관리원,OpenAPI product
KADX 농식품 공공데이터,유기농업자재현황,환경보전 및 유기농업 실천농가의 자재 선택 편의를 위한 유기농업자재 현황정보,https://data.mafra.go.kr/opendata/data/indexOpenDataDetail.do?data_id=20191011000000001208,국립농산물품질관리원,OpenAPI product
KADX 농식품 공공데이터,인삼류 검사업체 지정 정보,"인삼류(홍삼, 태극삼, 백삼, 흑삼)를 시중에 유통 및 판매하기 위해 품질검사를 실시하는 검사업체 정보",https://data.mafra.go.kr/opendata/data/indexOpenDataDetail.do?data_id=20191011000000001209,국립농산물품질관리원,OpenAPI product
KADX 농식품 공공데이터,유기농업자재 시험연구기관 지정 현황,환경보전 및 유기농업 실천농가의 자재 선택 편의를 위한 유기농업자재 현황정보,https://data.mafra.go.kr/opendata/data/indexOpenDataDetail.do?data_id=20191011000000001207,국립농산물품질관리원,OpenAPI product
KADX 농식품 공공데이터,농림축산검역본부_격리재배검역 처분 현황,"농림축산검역본부_격리재배검역 처분 현황(식물명,격리재배,합격,폐기)",https://data.mafra.go.kr/opendata/data/indexOpenDataDetail.do?data_id=20181019000000000967,농림축산검역본부,OpenAPI product
KADX 농식품 공공데이터,품종명칭등록정보,식물의 품종명으로 출원하고 그 심사결과로 등록된 현황. (품종명은 품종명칭으로 등록되어야만 사용할 수 있음),https://data.mafra.go.kr/opendata/data/indexOpenDataDetail.do?data_id=20210803000000001504,국립종자원,OpenAPI product
KADX 농식품 공공데이터,정선 시설 규모,"국립종자원이 보유하고 있는 종자정선센터의 시설, 규모 등 현황자료",https://data.mafra.go.kr/opendata/data/indexOpenDataDetail.do?data_id=20210803000000001502,국립종자원,OpenAPI product
KADX 농식품 공공데이터,채소종자 해외 채종 현황,"채소종자의 국내, 해외 채종 비율",https://data.mafra.go.kr/opendata/data/indexOpenDataDetail.do?data_id=20210803000000001503,국립종자원,OpenAPI product
KADX 농식품 공공데이터,한국농수산대학 도서관 자료 소장정보,우리 대학은 대한민국 농수산업의 특성화 대학으로서 농림축산부 소속 직속기관이며 국내외의 다양한 농수축산업 자료를 보유하고 있는 바 이에 대한 전문도서 목록과 정보를 공개하여 국민의 알 권리 충족에 기여하고자 함,https://data.mafra.go.kr/opendata/data/indexOpenDataDetail.do?data_id=20181018000000000966,한국농수산대학,OpenAPI product
KADX 농식품 공공데이터,한국농수산대학 도서관 자료 소장정보,우리 대학은 대한민국 농수산업의 특성화 대학으로서 농림축산부 소속 직속기관이며 국내외의 다양한 농수축산업 자료를 보유하고 있는 바 이에 대한 전문도서 목록과 정보를 공개하여 국민의 알 권리 충족에 기여하고자 함,https://data.mafra.go.kr/opendata/data/indexOpenDataDetail.do?data_id=20220214000000001882,한국농수산대학,OpenAPI product
KADX 농식품 공공데이터,한국농수산대학 교육정보,우리 대학은 대한민국 농수산업의 특성화 대학으로서 교양과목 및 작목별 전문기술과 농수산업 경영에 필요한 전문지식 까지의 교육과정을 목록과 정보를 공개하여 국민의 알 권리 충족에 기여하고자 함,https://data.mafra.go.kr/opendata/data/indexOpenDataDetail.do?data_id=20181016000000000939,한국농수산대학,OpenAPI product
KADX 농식품 공공데이터,축산관계자 출국신고 현황,"축산관계자 출국신고를 통해 해외로 출국한 축산관계자의 출입국일, 신고방법, 이용항만 등의 현황 제공",https://data.mafra.go.kr/opendata/data/indexOpenDataDetail.do?data_id=20211015000000001647,농림축산검역본부,OpenAPI product
KADX 농식품 공공데이터,농림축산검역본부 e-book 자료관 목록,농림축산검역본부의 발간자료에 대한 e-book 전체 목록을 보실 수 있습니다.,https://data.mafra.go.kr/opendata/data/indexOpenDataDetail.do?data_id=20250212000000002654,농림축산검역본부,OpenAPI product
KADX 농식품 공공데이터,텃밭 분양 상세정보,"전국 지자체, 개인, 민간단체가 분양하고 있는 텃밭 정보",https://data.mafra.go.kr/opendata/data/indexOpenDataDetail.do?data_id=20171122000000000916,농림수산식품교육문화정보원,OpenAPI product
KADX 농식품 공공데이터,열처리업체 소독처리물량,전국 수출입목재열처리업체에서 수행된 물량정보 제공,https://data.mafra.go.kr/opendata/data/indexOpenDataDetail.do?data_id=20220214000000001866,농림축산검역본부,OpenAPI product
KADX 농식품 공공데이터,스타팜 정보,"농산물우수관리(GAP), 친환경인증, 유기가공식품 인증, 전통식품 인증, 술 품질인증, 지리적표시등록 등 농식품 국가인증제도의 참여를 통해 안전한 농식품을 생산하는 농장 중 타의 모범이 되는 대표적인 농장으로 선정된 업체 정보(농장명, 주소, 생산품목, 농장체험행사 등)",https://data.mafra.go.kr/opendata/data/indexOpenDataDetail.do?data_id=20171020000000000891,국립농산물품질관리원,OpenAPI product
KADX 농식품 공공데이터,농식품공무원교육원 소장 도서목록,"농식품공무원교육원에서 소장하고 있는 도서 목록(도서명, 저자명, 출판사, 출판년도)",https://data.mafra.go.kr/opendata/data/indexOpenDataDetail.do?data_id=20170928000000000854,농식품공무원교육원,OpenAPI product
KADX 농식품 공공데이터,농식품공무원교육원 농정지식(농업경영체 등록제도 이해하기),농식품공무원교육원에서 농업관련 지식을 짧은 시간에 이해할 수 있도록 제작한 영상물,https://data.mafra.go.kr/opendata/data/indexOpenDataDetail.do?data_id=20220215000000001938,농식품공무원교육원,OpenAPI product
KADX 농식품 공공데이터,농식품공무원교육원 소장 도서목록,"농식품공무원교육원에서 소장하고 있는 도서 목록(도서명, 저자명, 출판사, 출판년도)",https://data.mafra.go.kr/opendata/data/indexOpenDataDetail.do?data_id=20220215000000001942,농식품공무원교육원,OpenAPI product
KADX 농식품 공공데이터,새만금유역 수위계측정보(2016년),"새만금유역 수위계측정보(가력도, 신시도,동진대교 수위정보-일별/분단위/최대/최소/평균/표준편차 등)",https://data.mafra.go.kr/opendata/data/indexOpenDataDetail.do?data_id=20170918000000000846,한국농어촌공사,OpenAPI product
KADX 농식품 공공데이터,새만금유역 수위계측정보(2017년),"새만금유역 수위계측정보(가력도, 신시도,동진대교 수위정보-일별/분단위/최대/최소/평균/표준편차 등)",https://data.mafra.go.kr/opendata/data/indexOpenDataDetail.do?data_id=20190212000000001047,한국농어촌공사,OpenAPI product
KADX 농식품 공공데이터,24년 가축질병 병성감정 종합실적,가축질병 병성감정 실적 통계,https://data.mafra.go.kr/opendata/data/indexOpenDataDetail.do?data_id=20240724000000002596,농림축산검역본부,OpenAPI product
KADX 농식품 공공데이터,유묘평가 매뉴얼,- 식량작물 종자 발아묘에 대한 다양한 사례가 수록 - 정상묘와 비정상묘 대한 기준과 유묘의 구조를 사진으로 확인하여 평가가능하도록 정보제공,https://data.mafra.go.kr/opendata/data/indexOpenDataDetail.do?data_id=20220617000000002106,국립종자원,OpenAPI product
KADX 농식품 공공데이터,농산물이력관리정보조회서비스,"농산물이력추적제에 등록 된 농가의 상품정보, 생산출하정보, 재배정보, 유통 입고정보, 수확후 관리정보, 유통 출고정보, 판매 입고정보, 판매 출고정보를 팜투테이블 업무시스템에 등록, 수정, 삭제할 수 있다.",https://data.mafra.go.kr/opendata/data/indexOpenDataDetail.do?data_id=20170912000000000789,국립농산물품질관리원,OpenAPI product
KADX 농식품 공공데이터,농산물이력관리정보연계서비스,"농산물이력추적제에 등록 된 농가의 상품정보, 생산출하정보, 재배정보, 유통 입고정보, 수확후 관리정보, 유통 출고정보, 판매 입고정보, 판매 출고정보를 팜투테이블 업무시스템에 등록, 수정, 삭제할 수 있다.",https://data.mafra.go.kr/opendata/data/indexOpenDataDetail.do?data_id=20170912000000000788,국립농산물품질관리원,OpenAPI product
KADX 농식품 공공데이터,부류표준품목코드조회,"농수산식품부 OpenAPI 서비스에 사용되는 코드 정보를 조회하기 위한 서비스로 가락시장품목코드, 가락시장단위코드, 도매시장코드, 도매시장법인코드, 등급코드, 단위코드, 부류표준품목코드, 품목표준코드, 품종표준코드, 산지코드등의 정보를 조회할 수 있다.",https://data.mafra.go.kr/opendata/data/indexOpenDataDetail.do?data_id=20220823000000002320,농림수산식품교육문화정보원,OpenAPI product
KADX 농식품 공공데이터,농수축산물 HSK품목매핑목록,도매시장에서 실거래가 발생하는 농축수산물 표준 품목 코드 499개를 사전 선정하였으며 499개의 농축수산물 표준 품목코드를 기준으로 동일한 국제표준코드를 나타낸 정보,https://data.mafra.go.kr/opendata/data/indexOpenDataDetail.do?data_id=20191011000000001254,농림수산식품교육문화정보원,OpenAPI product
KADX 농식품 공공데이터,산지코드조회,"농수산식품부 OpenAPI 서비스에 사용되는 코드 정보를 조회하기 위한 서비스로 가락시장품목코드, 가락시장단위코드, 도매시장코드, 도매시장법인코드, 등급코드, 단위코드, 부류표준품목코드, 품목표준코드, 품종표준코드, 산지코드등의 정보를 조회할 수 있다.",https://data.mafra.go.kr/opendata/data/indexOpenDataDetail.do?data_id=20220823000000002321,농림수산식품교육문화정보원,OpenAPI product
KADX 농식품 공공데이터,농수축산물 GPC품목매핑목록,도매시장에서 실거래가 발생하는 농축수산물 표준 품목 코드 499개를 사전 선정하였으며 499개의 농축수산물 표준 품목코드를 기준으로 동일한 국제표준코드를 나타낸 정보,https://data.mafra.go.kr/opendata/data/indexOpenDataDetail.do?data_id=20191011000000001255,농림수산식품교육문화정보원,OpenAPI product
KADX 농식품 공공데이터,가락시장품목코드조회,"농수산식품부 OpenAPI 서비스에 사용되는 코드 정보를 조회하기 위한 서비스로 가락시장품목코드, 가락시장단위코드, 도매시장코드, 도매시장법인코드, 등급코드, 단위코드, 부류표준품목코드, 품목표준코드, 품종표준코드, 산지코드등의 정보를 조회할 수 있다.",https://data.mafra.go.kr/opendata/data/indexOpenDataDetail.do?data_id=20220823000000002319,농림수산식품교육문화정보원,OpenAPI product
KADX 농식품 공공데이터,과실출하약정 사업실적 현황(요약),"산지조합에서 생산하는 과실류의 수급안정을 위해 출하량, 출하금액, 출하시기등의 정보 (전국 산지 사과, 배, 단감, 감귤 및 출하 농협과 생산자간 출하약정한 시설채소의 출하량, 출하금액, 출하대금)",https://data.mafra.go.kr/opendata/data/indexOpenDataDetail.do?data_id=20170111000000000743,농림축산식품부,OpenAPI product
KADX 농식품 공공데이터,농수축산물 유통단계별 가격 정보조회 (2011-01-01 ~ 2016-12-31),"농수축산물에 대한 유통단계별(산지, 도매, 소매) 품목별 가격 정보를 동일기준으로 재가공한 유통통합 정보",https://data.mafra.go.kr/opendata/data/indexOpenDataDetail.do?data_id=20221205000000002352,농림수산식품교육문화정보원,OpenAPI product
KADX 농식품 공공데이터,농수축산물 유통단계별 변환 규칙 정보조회,"농수축산물에 대한 유통단계별(산지, 도매, 소매) 품목별 가격 정보를 동일기준으로 재가공한 유통통합 정보",https://data.mafra.go.kr/opendata/data/indexOpenDataDetail.do?data_id=20221205000000002353,농림수산식품교육문화정보원,OpenAPI product
KADX 농식품 공공데이터,농수축산물 전문가 시황 정보조회 (2013-09-16 ~ 2016-12-16),"농수축산물에 대한 유통단계별(산지, 도매, 소매) 품목별 가격 정보를 동일기준으로 재가공한 유통통합 정보",https://data.mafra.go.kr/opendata/data/indexOpenDataDetail.do?data_id=20221205000000002354,농림수산식품교육문화정보원,OpenAPI product
KADX 농식품 공공데이터,농수축산물 거래단량 매핑 정보조회,"농수축산물에 대한 유통단계별(산지, 도매, 소매) 품목별 가격 정보를 동일기준으로 재가공한 유통통합 정보",https://data.mafra.go.kr/opendata/data/indexOpenDataDetail.do?data_id=20221205000000002355,농림수산식품교육문화정보원,OpenAPI product
KADX 농식품 공공데이터,과수거점산지유통센터건립지원사업 상세정보,과수 주산지역에 규모화？현대화 된 산지유통시설(APC)을 지원함으로써 소규모 유통시설 계열화의 중심축(Hub)으로 육성하는 지원 사업에 대한 정보,https://data.mafra.go.kr/opendata/data/indexOpenDataDetail.do?data_id=20220215000000001908,농림축산식품부,OpenAPI product
KADX 농식품 공공데이터,2021년 과수거점산지유통센터건립,과수 주산지역에 규모화？현대화 된 산지유통시설(APC)을 지원함으로써 소규모 유통시설 계열화의 중심축(Hub)으로 육성하는 지원 사업에 대한 정보,https://data.mafra.go.kr/opendata/data/indexOpenDataDetail.do?data_id=20210930000000001622,농림축산식품부,OpenAPI product
KADX 농식품 공공데이터,과수거점산지유통센터건립지원사업 상세정보,과수 주산지역에 규모화？현대화 된 산지유통시설(APC)을 지원함으로써 소규모 유통시설 계열화의 중심축(Hub)으로 육성하는 지원 사업에 대한 정보,https://data.mafra.go.kr/opendata/data/indexOpenDataDetail.do?data_id=20170111000000000752,농림축산식품부,OpenAPI product
KADX 농식품 공공데이터,2020년 과실전문생산단지조성사업 결과,"과수주산지를 대상으로 용수공급, 배수로 및 경작로 등 생산기반을 구축하여 과수수출단지 정비 및 대형유통업체 출하 등을 통한 과실전문생산단지 육성 지원 사업에 대한 정보",https://data.mafra.go.kr/opendata/data/indexOpenDataDetail.do?data_id=20210930000000001619,농림축산식품부,OpenAPI product
KADX 농식품 공공데이터,과실전문생산단지기반조성사업 결과,"과수주산지를 대상으로 용수공급, 배수로 및 경작로 등 생산기반을 구축하여 과수수출단지 정비 및 대형유통업체 출하 등을 통한 과실전문생산단지 육성 지원 사업에 대한 정보",https://data.mafra.go.kr/opendata/data/indexOpenDataDetail.do?data_id=20170111000000000750,농림축산식품부,OpenAPI product
KADX 농식품 공공데이터,지역별 과수시설현대화 지원실적 현황,고품질ㆍ안전과실 생산과 생산비절감 및 생산성향상 기반구축 지원을 하는 사업에 대한 정보,https://data.mafra.go.kr/opendata/data/indexOpenDataDetail.do?data_id=20220215000000001910,농림축산식품부,OpenAPI product
KADX 농식품 공공데이터,지역별 과수시설현대화 지원실적 현황,고품질ㆍ안전과실 생산과 생산비절감 및 생산성향상 기반구축 지원을 하는 사업에 대한 정보,https://data.mafra.go.kr/opendata/data/indexOpenDataDetail.do?data_id=20170111000000000749,농림축산식품부,OpenAPI product
KADX 농식품 공공데이터,후계농업 경영인 선정 현황,"예비 농업인 및 우수 농업경영인을 발굴하여 일정기간 동안 교육, 컨설팅, 영농자금 등 종합적인 지원하는 사업에 대한 정보",https://data.mafra.go.kr/opendata/data/indexOpenDataDetail.do?data_id=20220216000000001952,농림축산식품부,OpenAPI product
KADX 농식품 공공데이터,후계농업 경영인 선정 현황,"예비 농업인 및 우수 농업경영인을 발굴하여 일정기간 동안 교육, 컨설팅, 영농자금 등 종합적인 지원하는 사업에 대한 정보",https://data.mafra.go.kr/opendata/data/indexOpenDataDetail.do?data_id=20170111000000000748,농림축산식품부,OpenAPI product
KADX 농식품 공공데이터,과실출하약정 사업실적 현황(요약),"산지조합에서 생산하는 과실류의 수급안정을 위해 출하량, 출하금액, 출하시기등의 정보 (전국 산지 사과, 배, 단감, 감귤 및 출하 농협과 생산자간 출하약정한 시설채소의 출하량, 출하금액, 출하대금)",https://data.mafra.go.kr/opendata/data/indexOpenDataDetail.do?data_id=20220215000000001921,농림축산식품부,OpenAPI product
KADX 농식품 공공데이터,녹비작물 종자 지역별 공급 현황,녹비작물 종자 지역별 공급 현황정보,https://data.mafra.go.kr/opendata/data/indexOpenDataDetail.do?data_id=20240830000000002630,농림축산식품부,OpenAPI product
KADX 농식품 공공데이터,녹비작물 종자 지역별 공급 현황,녹비작물 종자 지역별 공급 현황정보,https://data.mafra.go.kr/opendata/data/indexOpenDataDetail.do?data_id=20220216000000001997,농림축산식품부,OpenAPI product
KADX 농식품 공공데이터,녹비작물 종자 지역별 공급 현황,녹비작물 종자 지역별 공급 현황정보,https://data.mafra.go.kr/opendata/data/indexOpenDataDetail.do?data_id=20170104000000000740,농림축산식품부,OpenAPI product
KADX 농식품 공공데이터,농촌체험휴양마을 으뜸촌 현황,"농촌체험휴양마을 으뜸촌 현황(경관 및 서비스, 체험, 숙박, 음식 4개분야 모두 1등급 마을)",https://data.mafra.go.kr/opendata/data/indexOpenDataDetail.do?data_id=20220217000000002075,농림축산식품부,OpenAPI product
KADX 농식품 공공데이터,농촌체험휴양마을 으뜸촌 현황,"농촌체험휴양마을 으뜸촌 현황(경관 및 서비스, 체험, 숙박, 음식 4개분야 모두 1등급 마을)",https://data.mafra.go.kr/opendata/data/indexOpenDataDetail.do?data_id=20170110000000000741,농림축산식품부,OpenAPI product
KADX 농식품 공공데이터,지자체 농수축산물 물가조사가격 정보조회 (1998-01-03 ~ 2022-12-30),"전국 주요 광역시도 지자체의 물가조사 정보 중 농수축산물 관련 품목에 대한 대형마트, 전통시장의 물가조사 정보를 농수축산물 표준코드로 변환하여 제공",https://data.mafra.go.kr/opendata/data/indexOpenDataDetail.do?data_id=20221205000000002360,농림수산식품교육문화정보원,OpenAPI product
KADX 농식품 공공데이터,식품산업일자리(채용)정보,식품산업 관련 일자리(채용정보) 정보 제공,https://data.mafra.go.kr/opendata/data/indexOpenDataDetail.do?data_id=20161223000000000731,농림수산식품교육문화정보원,OpenAPI product
KADX 농식품 공공데이터,수입농산물가격조회 (2001-02-27 ~ 2023-02-16),"가락시장에서 거래된 해외농산물가격정보를 조회하기 위한 서비스로서 수입농산물의 품목별 평균가, 최고가, 최저가등의 가격정보를 조회할 수 있다.",https://data.mafra.go.kr/opendata/data/indexOpenDataDetail.do?data_id=20161207000000000643,농림수산식품교육문화정보원,OpenAPI product
KADX 농식품 공공데이터,실시간경매속보서비스 ( ~ 2023-12-30),"실시간 경매 속보 정보를 조회하기 위한 서비스로서 품목과 도매시장 별로 조회할 수 있으며 품목 분류 체계항목, 도매시장항목,도매법인 항목에 따라 조회할 수 있다.",https://data.mafra.go.kr/opendata/data/indexOpenDataDetail.do?data_id=20161208000000000644,농림수산식품교육문화정보원,OpenAPI product
KADX 농식품 공공데이터,농산물 방사능 검사현황,농식품 안전성에 대한 분석결과 및 안정성 검사기관 지정현황,https://data.mafra.go.kr/opendata/data/indexOpenDataDetail.do?data_id=20220204000000001682,국립농산물품질관리원,OpenAPI product
KADX 농식품 공공데이터,가공용쌀 단속 현황,"농산물 유통 관련하여 가공용쌀 공급업에 대해 지정용도외 사용, 원산지표시, 관리대장 비치 등 단속정보",https://data.mafra.go.kr/opendata/data/indexOpenDataDetail.do?data_id=20170912000000000790,국립농산물품질관리원,OpenAPI product
KADX 농식품 공공데이터,농산물 잔류농약 분석결과,"생산 및 유통/판매 단계의 농산물에 대하여 생산자(유통/판매자)로 부터 시료를 수거하여 잔류농약, 중금속, 독소류 등 유해물질 잔류여부에 대한 분석결과",https://data.mafra.go.kr/opendata/data/indexOpenDataDetail.do?data_id=20161206000000000639,국립농산물품질관리원,OpenAPI product
KADX 농식품 공공데이터,농산물 잔류농약 분석결과,"생산 및 유통/판매 단계의 농산물에 대하여 생산자(유통/판매자)로 부터 시료를 수거하여 잔류농약, 중금속, 독소류 등 유해물질 잔류여부에 대한 분석결과",https://data.mafra.go.kr/opendata/data/indexOpenDataDetail.do?data_id=20170912000000000791,국립농산물품질관리원,OpenAPI product
KADX 농식품 공공데이터,선박 AGM 검사 현황 및 통계정보,"미국, 캐나다, 칠레 및 뉴질랜드로 출항하는 선박을 대상으로 아시아매미나방(이하 &#34;AGM&#34;이라 한다) 검사를 실시하고 AGM 무감염증명서를 발급하여 원활한 통관 및 해운？물류 산업을 지원하는 서비스 현황에 대한 정보",https://data.mafra.go.kr/opendata/data/indexOpenDataDetail.do?data_id=20220714000000002161,국제식물검역인증원,OpenAPI product
KADX 농식품 공공데이터,한국농어촌공사_농지전용현황도,"전국 지자체 농지전용현황에 대한 자료로 시군구별 농지전용건수(건), 면적(㎡)에 대한 정보",https://data.mafra.go.kr/opendata/data/indexOpenDataDetail.do?data_id=20220211000000001839,한국농어촌공사,OpenAPI product
KADX 농식품 공공데이터,수입재식용식물 검역장소 관리 현황 및 통계정보,우리나라로 수입되는 식물검역대상물품(재식용식물)의 입고 시 병해충 비산방지 등의 조치를 취하기 위해 국제식물검역인증원과 약정을 체결하고 관리 업무를 수행하는 검역장소에 대한 정보,https://data.mafra.go.kr/opendata/data/indexOpenDataDetail.do?data_id=20220714000000002162,국제식물검역인증원,OpenAPI product
KADX 농식품 공공데이터,농산물 방사능 검사현황,농식품 안전성에 대한 분석결과 및 안정성 검사기관 지정현황,https://data.mafra.go.kr/opendata/data/indexOpenDataDetail.do?data_id=20161206000000000642,국립농산물품질관리원,OpenAPI product
KADX 농식품 공공데이터,가공용쌀 단속현황,"농산물 유통 관련하여 가공용쌀 공급업에 대해 지정용도외 사용, 원산지표시, 관리대장 비치 등 단속정보",https://data.mafra.go.kr/opendata/data/indexOpenDataDetail.do?data_id=20161206000000000638,국립농산물품질관리원,OpenAPI product
KADX 농식품 공공데이터,축종별 생체중량,도축장에서 실시한 도축검사 실적,https://data.mafra.go.kr/opendata/data/indexOpenDataDetail.do?data_id=20161216000000000677,농림축산검역본부,OpenAPI product
KADX 농식품 공공데이터,국가재난병 감귤황룡병 방제 약제 등록 현황,현재 제주 지역에서 발견되어 감귤산업에 경제적 피해를 주고 있는 감귤황룡병 방제 등록 약제정보를 국민에게 제공하여 농가에서 손쉽게 사전에 방제할수 있도록 하는 등 농민의 자산 및 자연환경 보호에 활용하고자 함,https://data.mafra.go.kr/opendata/data/indexOpenDataDetail.do?data_id=20220214000000001863,농림축산검역본부,OpenAPI product
KADX 농식품 공공데이터,식물검역연구장비 보유 현황,"농림축산검역본부 식물검역연구센터에서 관리 중인 검역 장비에 대한 정보를 공유함으로써 국가기관, 대학 및 연구소 간 과학기술연구 기초자료 제공 및 협업에 활용하고자 함",https://data.mafra.go.kr/opendata/data/indexOpenDataDetail.do?data_id=20220214000000001889,농림축산검역본부,OpenAPI product
KADX 농식품 공공데이터,수출입식물 품목별 농약 등록 현황,수출입식물 품목별 등록된 검역용 소독 약제 정보를 수출입 관련 민간인에게 제공하여 고가치 창출에 기여하고자 함,https://data.mafra.go.kr/opendata/data/indexOpenDataDetail.do?data_id=20220214000000001886,농림축산검역본부,OpenAPI product
KADX 농식품 공공데이터,농림축산검역본부 식물병해충 소장 표본 현황,국내외 최초로 검역관련 한국의 식물병해충 소장 표본 목록을 제공함으로써 국민의 알권리와 교육 자료로 활용하게 함으로써 해외에서 유입되는 외래 병해충의 국내유입을 미리 예방하여 국내 자연과 환경을 보호하고자 함,https://data.mafra.go.kr/opendata/data/indexOpenDataDetail.do?data_id=20220214000000001865,농림축산검역본부,OpenAPI product
KADX 농식품 공공데이터,식물 신품종 품종보호권의 소멸공고 현황,품종보호권이 있는 식물 신품종 중 그 권한이 소멸되는 시기를 공고한 현황자료,https://data.mafra.go.kr/opendata/data/indexOpenDataDetail.do?data_id=20210730000000001486,국립종자원,OpenAPI product
KADX 농식품 공공데이터,수입적응성시험현황,수입적응성 시험(처음 수입되는 식물 품종의 경우 수입적응성 시험을 통과해야만 수입할 수 있도록 되어있음)신청 및 운영시험 결과,https://data.mafra.go.kr/opendata/data/indexOpenDataDetail.do?data_id=20210728000000001445,국립종자원,OpenAPI product
KADX 농식품 공공데이터,종자관리사 현황,종자업 등록과 종자보증을 수행하는 종자관리사의 현황(종자관리사 등록번호 등),https://data.mafra.go.kr/opendata/data/indexOpenDataDetail.do?data_id=20210803000000001500,국립종자원,OpenAPI product
KADX 농식품 공공데이터,외국육성품종의 품종보호등록 내역,해외 육성자가 육성한 신품종이 우리나라에 품종보호 출원되어 등록된 품종수를 작물(식물)별로 연도별로 정리한 내역,https://data.mafra.go.kr/opendata/data/indexOpenDataDetail.do?data_id=20210803000000001510,국립종자원,OpenAPI product
KADX 농식품 공공데이터,농지보전부담금 통계자료,"농지보전부담금 도별, (실부과 건수,금액),(수납액 건수,금액),(부담금 건수,금액),(가산금 건수,금액),(환급액 건수,금액) 등 통계자료 제공",https://data.mafra.go.kr/opendata/data/indexOpenDataDetail.do?data_id=20220211000000001854,한국농어촌공사,OpenAPI product
KADX 농식품 공공데이터,한국농어촌공사_조성토지관리 통계정보,"조성토지 구획정보 지구명, 공구, 소재지, 필지수, 면적의 통계자료 제공",https://data.mafra.go.kr/opendata/data/indexOpenDataDetail.do?data_id=20220211000000001833,한국농어촌공사,OpenAPI product
KADX 농식품 공공데이터,농업진흥지역도,"농업진흥지역도[시도별, 용도구역구분(농업진흥지역, 농업보호지역), 공간정보(SHape) 등]",https://data.mafra.go.kr/opendata/data/indexOpenDataDetail.do?data_id=20161027000000000593,한국농어촌공사,OpenAPI product
KADX 농식품 공공데이터,농작물 보험금지급현황,"농작물재해보험 품목별·월별·지역별 가입금액, 보험료, 가입률 등 가입현황 정보",https://data.mafra.go.kr/opendata/data/indexOpenDataDetail.do?data_id=20161026000000000592,농업정책보험금융원,OpenAPI product
KADX 농식품 공공데이터,농식품공무원교육원 시설 대여 신청 정보,농식품공무원교육원의 시설을 일반인에게 대여하고 있는 신청 정보,https://data.mafra.go.kr/opendata/data/indexOpenDataDetail.do?data_id=20161205000000000627,농식품공무원교육원,OpenAPI product
KADX 농식품 공공데이터,농식품공무원교육원 시설 대여 신청 정보,농식품공무원교육원의 시설을 일반인에게 대여하고 있는 신청 정보,https://data.mafra.go.kr/opendata/data/indexOpenDataDetail.do?data_id=20220215000000001940,농식품공무원교육원,OpenAPI product
KADX 농식품 공공데이터,품종보호담당기관별소관식물,"품종보호기관(국립종자원, 국립산림품종관리센터, 국립수산과학원수신식물품종관리센터)별 품종보호 담당식물에 대한 목록자료",https://data.mafra.go.kr/opendata/data/indexOpenDataDetail.do?data_id=20210730000000001487,국립종자원,OpenAPI product
KADX 농식품 공공데이터,농업용저수지 수위자료,"농촌용수 저수지수위정보[시설명, 면적(유역,홍수,만수,수혜), 총저수량, 유효저수량, 사수량, 홍수위, 만수위, 사수위 등]",https://data.mafra.go.kr/opendata/data/indexOpenDataDetail.do?data_id=20161121000000000611,한국농어촌공사,OpenAPI product
KADX 농식품 공공데이터,농업마이스터대학 현황,농촌마이스터대학 정보,https://data.mafra.go.kr/opendata/data/indexOpenDataDetail.do?data_id=20160201000000000580,농림수산식품교육문화정보원,OpenAPI product
KADX 농식품 공공데이터,우리말 농업용어,"농림축산식품부에서 제공하고 있는 농업 농촌 분야의 용어 관련 정보로 한글에 대한 자부심을 높이고, 도시농업인, 귀농·귀촌인 등 누구나 쉽게 사용할 수 있도록 농업분야의 어려운 용어를 우리말로 순화한 109개의 순우리말 농업용어목록 정보 등으로 구성",https://data.mafra.go.kr/opendata/data/indexOpenDataDetail.do?data_id=20220216000000001961,농림축산식품부,OpenAPI product
KADX 농식품 공공데이터,우리말 농업용어,"농림축산식품부에서 제공하고 있는 농업 농촌 분야의 용어 관련 정보로 한글에 대한 자부심을 높이고, 도시농업인, 귀농·귀촌인 등 누구나 쉽게 사용할 수 있도록 농업분야의 어려운 용어를 우리말로 순화한 109개의 순우리말 농업용어목록 정보 등으로 구성",https://data.mafra.go.kr/opendata/data/indexOpenDataDetail.do?data_id=20151230000000000575,농림축산식품부,OpenAPI product
KADX 농식품 공공데이터,농촌마을별 자원 및 조직정보,"전국 행정리 기준 2,600여개 농촌마을의 마을명, 마을유래 등 기본정보와 귀농현황, 인구현황, 주택현황 등 농촌마을 현황정보로 매2년 마다 갱신 예정",https://data.mafra.go.kr/opendata/data/indexOpenDataDetail.do?data_id=20170216000000000774,농림수산식품교육문화정보원,OpenAPI product
KADX 농식품 공공데이터,전원마을 분양 공고정보,일반농산어촌지역개발사업의 신규마을 조성사업으로 추진된 전원마을의 분양정보 정보,https://data.mafra.go.kr/opendata/data/indexOpenDataDetail.do?data_id=20151210000000000572,농림수산식품교육문화정보원,OpenAPI product
KADX 농식품 공공데이터,학교급식전자조달시스템 계약정보,"학교가 급식재료 구매를 위한 공급사를 선정, 계약하는 전자조달시스템의 계약정보",https://data.mafra.go.kr/opendata/data/indexOpenDataDetail.do?data_id=20220214000000001876,한국농수산식품유통공사,OpenAPI product
KADX 농식품 공공데이터,학교급식전자조달시스템 계약정보,"학교가 급식재료 구매를 위한 공급사를 선정, 계약하는 전자조달시스템의 계약정보",https://data.mafra.go.kr/opendata/data/indexOpenDataDetail.do?data_id=20151207000000000566,한국농수산식품유통공사,OpenAPI product
KADX 농식품 공공데이터,가축 질병 발생 정보,가축전염병정보제공,https://data.mafra.go.kr/opendata/data/indexOpenDataDetail.do?data_id=20151204000000000563,농림축산검역본부,OpenAPI product
KADX 농식품 공공데이터,수의생명자원 정보,수의생명자원정보 / Korea Veterinary Culture Collection,https://data.mafra.go.kr/opendata/data/indexOpenDataDetail.do?data_id=20240627000000002481,농림축산검역본부,OpenAPI product
KADX 농식품 공공데이터,동물 질병 정보(2015),동물질병정보제공,https://data.mafra.go.kr/opendata/data/indexOpenDataDetail.do?data_id=20220214000000001884,농림축산검역본부,OpenAPI product
KADX 농식품 공공데이터,HSK품목매핑목록조회 (2015-12-03 ~ 2015-12-03),"2015년 제·개정된 농축수산물 표준코드와 동일한 의미를 가지는 조사가격,GPC,HSK 코드 매핑 정보",https://data.mafra.go.kr/opendata/data/indexOpenDataDetail.do?data_id=20151117000000000551,농림수산식품교육문화정보원,OpenAPI product
KADX 농식품 공공데이터,원천조사가격목록조회 (1998-01-03 ~ 2022-12-30),"전국에서 거래되는 농산물, 수산물, 축산물 중 국민들의 삶에 영향을 미치는 주요 품목들에 대하여 한국농수산식품유통공사, 농업협동조합중앙회, 수산업협동조합중앙회 및 축산물품질평가원에 소속된 조사원들이 조사한 가격 정보와 거래되는 상품들의 상세 정보",https://data.mafra.go.kr/opendata/data/indexOpenDataDetail.do?data_id=20151117000000000534,농림수산식품교육문화정보원,OpenAPI product
KADX 농식품 공공데이터,원천산지위판장가격목록조회 (1999-01-01 ~ 2016-01-19),수협 산지 위판장에서 거래되는 수산물들의 경매낙찰가격과 거래되는 상품들에 대한 거래 상세 정보,https://data.mafra.go.kr/opendata/data/indexOpenDataDetail.do?data_id=20151117000000000535,농림수산식품교육문화정보원,OpenAPI product
KADX 농식품 공공데이터,산지공판장 경락가격정보 서비스,농협 산지 공판장에서 거래되는 농산물들의 경매낙찰가격과 거래되는 상품들에 대한 거래 상세 정보,https://data.mafra.go.kr/opendata/data/indexOpenDataDetail.do?data_id=20191011000000001267,농림수산식품교육문화정보원,OpenAPI product
KADX 농식품 공공데이터,원천산지공판장가격목록조회 (2002-11-20 ~ 2020-06-19),농협 산지 공판장에서 거래되는 농산물들의 경매낙찰가격과 거래되는 상품들에 대한 거래 상세 정보,https://data.mafra.go.kr/opendata/data/indexOpenDataDetail.do?data_id=20151117000000000536,농림수산식품교육문화정보원,OpenAPI product
KADX 농식품 공공데이터,표준품목매핑목록조회,"2015년 제·개정된 농축수산물 표준코드와 동일한 의미를 가지는 조사가격,GPC,HSK 코드 매핑 정보",https://data.mafra.go.kr/opendata/data/indexOpenDataDetail.do?data_id=20220210000000001775,농림수산식품교육문화정보원,OpenAPI product
KADX 농식품 공공데이터,표준품목매핑목록조회 (2015-12-08 ~ 2016-07-21),"2015년 제·개정된 농축수산물 표준코드와 동일한 의미를 가지는 조사가격,GPC,HSK 코드 매핑 정보",https://data.mafra.go.kr/opendata/data/indexOpenDataDetail.do?data_id=20151117000000000547,농림수산식품교육문화정보원,OpenAPI product
KADX 농식품 공공데이터,소 브루셀라 검사결과현황,지역별 소-브루셀라 검사결과 현황,https://data.mafra.go.kr/opendata/data/indexOpenDataDetail.do?data_id=20151028000000000496,농림축산식품부,OpenAPI product
KADX 농식품 공공데이터,폐업지원 신청현황,FTA협정 이행으로 인한 폐업지원금 지원 현황,https://data.mafra.go.kr/opendata/data/indexOpenDataDetail.do?data_id=20151028000000000498,농림축산식품부,OpenAPI product
KADX 농식품 공공데이터,축산업허가등록지역별통계현황,"축산업을 허가받거나 등록한 개별 축산농가 현황 자료(축산업: 종축업, 부화업, 정액등처리업, 가축사육업)",https://data.mafra.go.kr/opendata/data/indexOpenDataDetail.do?data_id=20220216000000001971,농림축산식품부,OpenAPI product
KADX 농식품 공공데이터,가축 분뇨 살포 현황,"축산농가 가축분뇨처리 및 자원화에 관한 자료로 축산농가, 액비저장조 관리 현황",https://data.mafra.go.kr/opendata/data/indexOpenDataDetail.do?data_id=20151028000000000494,농림축산식품부,OpenAPI product
KADX 농식품 공공데이터,농산물검정정보,농산물 거래 및 수출·수입을 원활히 하기 위해서 검정한 자료,https://data.mafra.go.kr/opendata/data/indexOpenDataDetail.do?data_id=20220204000000001680,국립농산물품질관리원,OpenAPI product
KADX 농식품 공공데이터,농산물검정정보,농산물 거래 및 수출·수입을 원활히 하기 위해서 검정한 자료,https://data.mafra.go.kr/opendata/data/indexOpenDataDetail.do?data_id=20151027000000000490,국립농산물품질관리원,OpenAPI product
KADX 농식품 공공데이터,품종보호권 출원 내역,식물 신품종 보호권이 등록된 작물의 품종별 세부 특성 정보,https://data.mafra.go.kr/opendata/data/indexOpenDataDetail.do?data_id=20210803000000001509,국립종자원,OpenAPI product
KADX 농식품 공공데이터,품종보호권 등록 내역,식물 신품종 보호권이 등록된 작물의 품종별 세부 특성 정보,https://data.mafra.go.kr/opendata/data/indexOpenDataDetail.do?data_id=20210803000000001507,국립종자원,OpenAPI product
KADX 농식품 공공데이터,농업기반시설 시설제원-저수지,농업기반 시설제원 관리,https://data.mafra.go.kr/opendata/data/indexOpenDataDetail.do?data_id=20220214000000001858,한국농어촌공사,OpenAPI product
KADX 농식품 공공데이터,국가동물보호정보시스템 유기동물 조회 서비스,국가동물보호정보시스템의 유기동물 정보를 조회할 수 있다.,https://data.mafra.go.kr/opendata/data/indexOpenDataDetail.do?data_id=20150909000000000470,농림축산검역본부,OpenAPI product
KADX 농식품 공공데이터,환지정보(2014),"환지정보 통계자료(도별, 지구수, 종전면적, 종전필지수, 환지면적, 환지필지수)",https://data.mafra.go.kr/opendata/data/indexOpenDataDetail.do?data_id=20220211000000001823,한국농어촌공사,OpenAPI product
KADX 농식품 공공데이터,환지정보(2015),"환지정보 통계자료(도별, 지구수, 종전면적, 종전필지수, 환지면적, 환지필지수)",https://data.mafra.go.kr/opendata/data/indexOpenDataDetail.do?data_id=20170915000000000822,한국농어촌공사,OpenAPI product
KADX 농식품 공공데이터,농업기반시설 시설제원-관정,농업기반 시설제원 관리,https://data.mafra.go.kr/opendata/data/indexOpenDataDetail.do?data_id=20220214000000001859,한국농어촌공사,OpenAPI product
KADX 농식품 공공데이터,만화로 보는 농업정책 햇살이네,농업정책을 많은 국민들이 쉽게 이해할 수 있도록 읽기 쉬운 만화 형식으로 제작되어 온/오프라인으로 배포되는 정책자료,https://data.mafra.go.kr/opendata/data/indexOpenDataDetail.do?data_id=20150907000000000469,농림축산식품부,OpenAPI product
KADX 농식품 공공데이터,중국농산물 가격정보 (2007-01-04 ~ 2019-12-23),"중국 주요 농수축산물 도매시장의 품목별 등급별 거래가격(최저가, 평균가, 최고가) 및 거래량 정보를 일별로 제공",https://data.mafra.go.kr/opendata/data/indexOpenDataDetail.do?data_id=20150827000000000463,농림수산식품교육문화정보원,OpenAPI product
KADX 농식품 공공데이터,레시피 재료정보,"우리 농산물을 이용해서 만드는 요리정보로 요리기본정보, 레시피, 주요 재료 정보로 구성되어 있어 다양한 요리레시피 정보를 체계적으로 제공",https://data.mafra.go.kr/opendata/data/indexOpenDataDetail.do?data_id=20150827000000000465,농림수산식품교육문화정보원,OpenAPI product
KADX 농식품 공공데이터,레시피 과정정보,"우리 농산물을 이용해서 만드는 요리정보로 요리기본정보, 레시피, 주요 재료 정보로 구성되어 있어 다양한 요리레시피 정보를 체계적으로 제공",https://data.mafra.go.kr/opendata/data/indexOpenDataDetail.do?data_id=20150827000000000466,농림수산식품교육문화정보원,OpenAPI product
KADX 농식품 공공데이터,레시피 기본정보,"우리 농산물을 이용해서 만드는 요리정보로 요리기본정보, 레시피, 주요 재료 정보로 구성되어 있어 다양한 요리레시피 정보를 체계적으로 제공",https://data.mafra.go.kr/opendata/data/indexOpenDataDetail.do?data_id=20150827000000000464,농림수산식품교육문화정보원,OpenAPI product
KADX 농식품 공공데이터,농식품공무원교육원 현장교육지 현황,농식품공무원교육원 직무교육과정 운영 내실화를 위해 전국 주요 농식품산업현장을 방문하여 교육생의 학습효과 증대에 기여하고 있는 주요 현장학습 교육지 공개,https://data.mafra.go.kr/opendata/data/indexOpenDataDetail.do?data_id=20220215000000001935,농식품공무원교육원,OpenAPI product
KADX 농식품 공공데이터,농식품공무원교육원 현장교육지 현황,농식품공무원교육원 직무교육과정 운영 내실화를 위해 전국 주요 농식품산업현장을 방문하여 교육생의 학습효과 증대에 기여하고 있는 주요 현장학습 교육지 공개,https://data.mafra.go.kr/opendata/data/indexOpenDataDetail.do?data_id=20151019000000000478,농식품공무원교육원,OpenAPI product
KADX 농식품 공공데이터,낙농체험 목장 정보,"생명산업인 낙농산업의 특성을 살려 학생들에게 농업, 노동, 생명, 음식에 대한 교육적 기능을 제공함으로써 우유생산, 유통, 소비 이르는 전 과정에 대한 이해와 직접적 경험을 할 수 있는 학교 교육과 연계된 교육프로그램을 실시할 수 있는 목장 정보",https://data.mafra.go.kr/opendata/data/indexOpenDataDetail.do?data_id=20220216000000001955,농림축산식품부,OpenAPI product
KADX 농식품 공공데이터,네덜란드 푸드밸리 현황,"세계적 식품클러스터로 성공한 푸드밸리의 발전과정 및 혁신체제, 지원기관, 연구기관 등의 현황 조사 결과",https://data.mafra.go.kr/opendata/data/indexOpenDataDetail.do?data_id=20150210000000000422,농림축산식품부,OpenAPI product
KADX 농식품 공공데이터,농산물 안전성 검정기관 현황,농식품부에서 지정한 농산물 안전성 검정기관 현황,https://data.mafra.go.kr/opendata/data/indexOpenDataDetail.do?data_id=20150108000000000416,농림축산식품부,OpenAPI product
KADX 농식품 공공데이터,축산물 HACCP 컨설팅 등록업체 현황,축산물 HACCP 컨설팅 사업 수행을 위한 농식품부 등록업체 현황,https://data.mafra.go.kr/opendata/data/indexOpenDataDetail.do?data_id=20150108000000000413,농림축산식품부,OpenAPI product
KADX 농식품 공공데이터,농림축산식품부_식생활 교육기관 현황,국민건강증진 및 식생활개선을 위한 식생활체험 기회를 다양화하기 위해 지정한 전문 농어촌우수체험공간 현황,https://data.mafra.go.kr/opendata/data/indexOpenDataDetail.do?data_id=20150108000000000415,농림축산식품부,OpenAPI product
KADX 농식품 공공데이터,농림축산식품부_식생활 교육 기본계획 백서(2016),국민건강증진 및 식생활개선을 위한 식생활체험 기회를 다양화하기 위해 지정한 전문 농어촌우수체험공간 현황,https://data.mafra.go.kr/opendata/data/indexOpenDataDetail.do?data_id=20191010000000001156,농림축산식품부,OpenAPI product
KADX 농식품 공공데이터,농림축산식품부_식생활교육 우수농어촌체험공간 현황,국민건강증진 및 식생활개선을 위한 식생활체험 기회를 다양화하기 위해 지정한 전문 농어촌우수체험공간 현황,https://data.mafra.go.kr/opendata/data/indexOpenDataDetail.do?data_id=20220217000000002039,농림축산식품부,OpenAPI product
KADX 농식품 공공데이터,유기가공식품 인증현황,"유기가공식품 인증기관 지정현황, 국각별 인증현황, 연도별 인증현황 등",https://data.mafra.go.kr/opendata/data/indexOpenDataDetail.do?data_id=20150108000000000419,농림축산식품부,OpenAPI product
KADX 농식품 공공데이터,유기가공식품 인증현황,"유기가공식품 인증기관 지정현황, 국각별 인증현황, 연도별 인증현황 등",https://data.mafra.go.kr/opendata/data/indexOpenDataDetail.do?data_id=20220216000000001998,농림축산식품부,OpenAPI product
KADX 농식품 공공데이터,6차산업 인증 사업자 현황,"6차산업 우수 경영체를 인증하여 자금, 컨설팅, 마케팅 등 맞춤형 지원을 통해 경쟁력있는 6차산업 주체로 육성하기 위한 인증 현황",https://data.mafra.go.kr/opendata/data/indexOpenDataDetail.do?data_id=20141127000000000363,농림축산식품부,OpenAPI product
KADX 농식품 공공데이터,농업기계 보유현황,"트랙터, 콤바인, 이앙기 등 8종의 농기계 보유대수 자료",https://data.mafra.go.kr/opendata/data/indexOpenDataDetail.do?data_id=20141120000000000358,농림축산식품부,OpenAPI product
KADX 농식품 공공데이터,농업기계 보유현황,"트랙터, 콤바인, 이앙기 등 8종의 농기계 보유대수 자료",https://data.mafra.go.kr/opendata/data/indexOpenDataDetail.do?data_id=20220216000000001958,농림축산식품부,OpenAPI product
KADX 농식품 공공데이터,농림축산식품부 대한민국식품명인 현황,"우수한 우리 식품의 계승발전을 위해 지정한 식품제조, 가공, 조리 등의 분야의 식품명인 현황정보",https://data.mafra.go.kr/opendata/data/indexOpenDataDetail.do?data_id=20220216000000002028,농림축산식품부,OpenAPI product
KADX 농식품 공공데이터,정부지원 미곡종합처리장(RPC) 현황(2022.07월),"정부지원 미곡종합처리장(RPC) 현황(RPC명, 주소, 연락처)",https://data.mafra.go.kr/opendata/data/indexOpenDataDetail.do?data_id=20220216000000001992,농림축산식품부,OpenAPI product
KADX 농식품 공공데이터,정부지원 미곡종합처리장(RPC) 현황(2018.01월),"정부지원 미곡종합처리장(RPC) 현황(RPC명, 주소, 연락처)",https://data.mafra.go.kr/opendata/data/indexOpenDataDetail.do?data_id=20141125000000000359,농림축산식품부,OpenAPI product
KADX 농식품 공공데이터,로컬 푸드 직매장 현황,전국의 로컬푸드 직매장 현황,https://data.mafra.go.kr/opendata/data/indexOpenDataDetail.do?data_id=20220217000000002055,농림축산식품부,OpenAPI product
KADX 농식품 공공데이터,로컬 푸드 직매장 현황,전국의 로컬푸드 직매장 현황,https://data.mafra.go.kr/opendata/data/indexOpenDataDetail.do?data_id=20141029000000000342,농림축산식품부,OpenAPI product
KADX 농식품 공공데이터,농산물 도매시장현황,"도매시장 일반현황(유통종사자, 법인, 중도매인 등), 거래동향(거래실적, 주요 품목별 거래실적 등) 등 현황자료",https://data.mafra.go.kr/opendata/data/indexOpenDataDetail.do?data_id=20141125000000000362,농림축산식품부,OpenAPI product
KADX 농식품 공공데이터,고품질브랜드쌀현황,"매년 시도 추천 브랜드 쌀 중 서류현장 평가, 품위.품질, 식미평가 등을 통해 우수브랜드 선정",https://data.mafra.go.kr/opendata/data/indexOpenDataDetail.do?data_id=20220215000000001905,농림축산식품부,OpenAPI product
KADX 농식품 공공데이터,고품질브랜드쌀현황,"매년 시도 추천 브랜드 쌀 중 서류현장 평가, 품위.품질, 식미평가 등을 통해 우수브랜드 선정",https://data.mafra.go.kr/opendata/data/indexOpenDataDetail.do?data_id=20141125000000000361,농림축산식품부,OpenAPI product
KADX 농식품 공공데이터,시설채소 생산실적,지역별 품목별 시설채소 생산실적,https://data.mafra.go.kr/opendata/data/indexOpenDataDetail.do?data_id=20220217000000002033,농림축산식품부,OpenAPI product
KADX 농식품 공공데이터,시설채소 생산실적,지역별 품목별 시설채소 생산실적,https://data.mafra.go.kr/opendata/data/indexOpenDataDetail.do?data_id=20141020000000000321,농림축산식품부,OpenAPI product
KADX 농식품 공공데이터,계약재배(노지채소) 현황,기상 여건 등에 따라 수급이 불안한 노지채소 품목에 대하여 수급과 가격 안정 유도하기 위해 농협과 농가가 계약재배한 현황자료,https://data.mafra.go.kr/opendata/data/indexOpenDataDetail.do?data_id=20210930000000001623,농림축산식품부,OpenAPI product
KADX 농식품 공공데이터,가축인공 수정사 면허취득 현황,지역별 가축인공수정사 면허취득현황 통계자료 및 인공수정소 현황,https://data.mafra.go.kr/opendata/data/indexOpenDataDetail.do?data_id=20220215000000001898,농림축산식품부,OpenAPI product
KADX 농식품 공공데이터,가축인공 수정사 면허취득 현황,지역별 가축인공수정사 면허취득현황 통계자료 및 인공수정소 현황,https://data.mafra.go.kr/opendata/data/indexOpenDataDetail.do?data_id=20141015000000000215,농림축산식품부,OpenAPI product
KADX 농식품 공공데이터,인삼 통계 자료,"인삼재배, 생산 및 수출현황, 인삼류 검사 및 사후관리 실적 등 통계자료",https://data.mafra.go.kr/opendata/data/indexOpenDataDetail.do?data_id=20141015000000000213,농림축산식품부,OpenAPI product
KADX 농식품 공공데이터,비영리법인현황,농림축산식품부장관이 허가한 비영리 사단법인 및 재단법인 현황,https://data.mafra.go.kr/opendata/data/indexOpenDataDetail.do?data_id=20220217000000002037,농림축산식품부,OpenAPI product
KADX 농식품 공공데이터,비영리법인현황,농림축산식품부장관이 허가한 비영리 사단법인 및 재단법인 현황,https://data.mafra.go.kr/opendata/data/indexOpenDataDetail.do?data_id=20141014000000000030,농림축산식품부,OpenAPI product
KADX 농식품 공공데이터,토양개량제지원 현황,"토양개량제(규산, 석회질비료) 지원 현황",https://data.mafra.go.kr/opendata/data/indexOpenDataDetail.do?data_id=20220216000000001966,농림축산식품부,OpenAPI product
KADX 농식품 공공데이터,토양개량제지원 현황,"토양개량제(규산, 석회질비료) 지원 현황",https://data.mafra.go.kr/opendata/data/indexOpenDataDetail.do?data_id=20141014000000000028,농림축산식품부,OpenAPI product
KADX 농식품 공공데이터,조건불리지역 직접지불제 지원현황,"지역별 조건불리지역직불금 지급 농가통계, 지급현황 자료",https://data.mafra.go.kr/opendata/data/indexOpenDataDetail.do?data_id=20220216000000001988,농림축산식품부,OpenAPI product
KADX 농식품 공공데이터,쌀소득등보전직불제 지급현황_변동,쌀소득등보전직불제(변동직불) 지급현황,https://data.mafra.go.kr/opendata/data/indexOpenDataDetail.do?data_id=20240724000000002592,농림축산식품부,OpenAPI product
KADX 농식품 공공데이터,밭 농업 직불제,밭작물 재배농가의 소득보전 및 식량작물 자급률 제고를 위한 지원 정보,https://data.mafra.go.kr/opendata/data/indexOpenDataDetail.do?data_id=20220217000000002040,농림축산식품부,OpenAPI product
KADX 농식품 공공데이터,밭 농업 직불제,밭작물 재배농가의 소득보전 및 식량작물 자급률 제고를 위한 지원 정보,https://data.mafra.go.kr/opendata/data/indexOpenDataDetail.do?data_id=20141014000000000021,농림축산식품부,OpenAPI product
KADX 농식품 공공데이터,경관보전직불 사업지구,마을별 경관작물 재배에 따른 경관보전직불 관련 정보,https://data.mafra.go.kr/opendata/data/indexOpenDataDetail.do?data_id=20220215000000001902,농림축산식품부,OpenAPI product
KADX 농식품 공공데이터,경관보전직불 사업지구,마을별 경관작물 재배에 따른 경관보전직불 관련 정보,https://data.mafra.go.kr/opendata/data/indexOpenDataDetail.do?data_id=20141014000000000018,농림축산식품부,OpenAPI product
KADX 농식품 공공데이터,채소류 생산실적,"농산물 생산 및 수급대책 수립, 학술연구, 농업정책 등에 필요한 기초자료",https://data.mafra.go.kr/opendata/data/indexOpenDataDetail.do?data_id=20220216000000001975,농림축산식품부,OpenAPI product
KADX 농식품 공공데이터,종자 수입 생산 판매 신고 정보,"종자를 수입,생산,판매하기 위해 국립종자원에 신고된 신고 내역",https://data.mafra.go.kr/opendata/data/indexOpenDataDetail.do?data_id=20210803000000001501,국립종자원,OpenAPI product
KADX 농식품 공공데이터,정부 보급종 공급 현황,"국립종자원에서 생산한 식량종자(벼, 보리, 콩)의 연도별, 지역별, 품종별 공급 현황",https://data.mafra.go.kr/opendata/data/indexOpenDataDetail.do?data_id=20210730000000001489,국립종자원,OpenAPI product
KADX 농식품 공공데이터,정부 보급종 생산 공급 및 보증검사 통계,"국립종자원에서 생산한 식량종자(벼, 보리, 콩)의 연도별, 지역별, 품종별 공급 현황",https://data.mafra.go.kr/opendata/data/indexOpenDataDetail.do?data_id=20220620000000002107,국립종자원,OpenAPI product
KADX 농식품 공공데이터,정부보급종 벼 생산 현황,"국립종자원에서 생산한 식량종자(벼, 보리, 콩)의 연도별, 지역별, 품종별 공급 현황",https://data.mafra.go.kr/opendata/data/indexOpenDataDetail.do?data_id=20220725000000002290,국립종자원,OpenAPI product
KADX 농식품 공공데이터,정부보급종 콩 생산 현황,"국립종자원에서 생산한 식량종자(벼, 보리, 콩)의 연도별, 지역별, 품종별 공급 현황",https://data.mafra.go.kr/opendata/data/indexOpenDataDetail.do?data_id=20230720000000002372,국립종자원,OpenAPI product
KADX 농식품 공공데이터,정부보급종 맥류 생산현황,"국립종자원에서 생산한 식량종자(벼, 보리, 콩)의 연도별, 지역별, 품종별 공급 현황",https://data.mafra.go.kr/opendata/data/indexOpenDataDetail.do?data_id=20240807000000002616,국립종자원,OpenAPI product
KADX 농식품 공공데이터,연도별 종자 유통조사 통계 및 종자업 등록 현황,"연도별 종자 유통조사 현황, 연도별 위반내용 및 처리현황, 종자업 등록현황, 종자분쟁조정 현황 등에 대한 데이터를 확인가능하다",https://data.mafra.go.kr/opendata/data/indexOpenDataDetail.do?data_id=20220620000000002108,국립종자원,OpenAPI product
KADX 농식품 공공데이터,종자 수출입 동향,"작물별(식량작물, 사료작물, 화훼, 채소, 기타) 종자 수출입 물량 및 수출입액 현황 제공하는 데이터로 작물코드, 작물분류, 품목, 수출입, 물량, 금액등을 확인 가능한 자료이다",https://data.mafra.go.kr/opendata/data/indexOpenDataDetail.do?data_id=20210802000000001493,국립종자원,OpenAPI product
KADX 농식품 공공데이터,정부 보급종 품종별 생산대행 현황,"정부에서 품질을 보증하여 공급하는 벼, 보리, 콩 등의 품종별 특징 설명",https://data.mafra.go.kr/opendata/data/indexOpenDataDetail.do?data_id=20210730000000001488,국립종자원,OpenAPI product
KADX 농식품 공공데이터,국립종자원_정부 보급종 품종 현황,"정부에서 품질을 보증하여 공급하는 벼, 보리, 콩 등의 품종별 특징 설명",https://data.mafra.go.kr/opendata/data/indexOpenDataDetail.do?data_id=20220617000000002105,국립종자원,OpenAPI product
KADX 농식품 공공데이터,품종보호출원등록현황,국립종자원에 식물신품종으로 출원 및 등록된 품종에 대한 통계 현황 표,https://data.mafra.go.kr/opendata/data/indexOpenDataDetail.do?data_id=20210802000000001496,국립종자원,OpenAPI product
KADX 농식품 공공데이터,오이 품종보호등록 주요 품종 사진,국립종자원에 식물신품종으로 출원 및 등록된 품종에 대한 통계 현황 표,https://data.mafra.go.kr/opendata/data/indexOpenDataDetail.do?data_id=20240812000000002617,국립종자원,OpenAPI product
KADX 농식품 공공데이터,농림축산식품부 국립종자원_감귤 품종보호등록 목록 및 사진,국립종자원에 식물신품종으로 출원 및 등록된 품종에 대한 통계 현황 표,https://data.mafra.go.kr/opendata/data/indexOpenDataDetail.do?data_id=20250807000000002694,국립종자원,OpenAPI product
KADX 농식품 공공데이터,농지 실거래가 동향분석결과,"공인중개사의 업무 및 부동산 거래신고에 관한 법률 제27조에 의해 신고된 농지(논,밭,과수원)의 실거래 가격 정보(읍.면.동별 평균, 최저,최고가)",https://data.mafra.go.kr/opendata/data/indexOpenDataDetail.do?data_id=20220217000000002080,농림축산식품부,OpenAPI product
KADX 농식품 공공데이터,지리적표시관리정보,농수산물 또는 농수산 가공품의 명성·품질 기타 특징이 본질적으로 특정지역의 지리적 특성에 기인하는 경우 그 특정지역에서 생산된 특산품임을 표시,https://data.mafra.go.kr/opendata/data/indexOpenDataDetail.do?data_id=20220204000000001691,국립농산물품질관리원,OpenAPI product
KADX 농식품 공공데이터,지리적표시 등록정보,농수산물 또는 농수산 가공품의 명성·품질 기타 특징이 본질적으로 특정지역의 지리적 특성에 기인하는 경우 그 특정지역에서 생산된 특산품임을 표시,https://data.mafra.go.kr/opendata/data/indexOpenDataDetail.do?data_id=20141224000000000399,국립농산물품질관리원,OpenAPI product
KADX 농식품 공공데이터,하추곡검사실적,"국립농산물품질관리원에서 관리하는 하추곡검사사실적 정보(구분명, 년도, 품목, 행정구역, 업무구분, 수량단위, 수량)",https://data.mafra.go.kr/opendata/data/indexOpenDataDetail.do?data_id=20220204000000001693,국립농산물품질관리원,OpenAPI product
KADX 농식품 공공데이터,하추곡검사실적,"국립농산물품질관리원에서 관리하는 하추곡검사사실적 정보(구분명, 년도, 품목, 행정구역, 업무구분, 수량단위, 수량)",https://data.mafra.go.kr/opendata/data/indexOpenDataDetail.do?data_id=20141015000000000221,국립농산물품질관리원,OpenAPI product
KADX 농식품 공공데이터,술품질인증정보,"탁주, 약주, 청주, 과실주 등의 술 품질인증 관리 정보",https://data.mafra.go.kr/opendata/data/indexOpenDataDetail.do?data_id=20220204000000001687,국립농산물품질관리원,OpenAPI product
KADX 농식품 공공데이터,술품질인증 업체정보,"탁주, 약주, 청주, 과실주 등의 술 품질인증 관리 정보",https://data.mafra.go.kr/opendata/data/indexOpenDataDetail.do?data_id=20141015000000000219,국립농산물품질관리원,OpenAPI product
KADX 농식품 공공데이터,GAP인증기관 부사무소 정보,"GAP인증농가, 민간인증기관, 관리시설 정보서비스",https://data.mafra.go.kr/opendata/data/indexOpenDataDetail.do?data_id=20220614000000002103,국립농산물품질관리원,OpenAPI product
KADX 농식품 공공데이터,농산물우수관리(GAP) 인증기관 정보,"GAP인증농가, 민간인증기관, 관리시설 정보서비스",https://data.mafra.go.kr/opendata/data/indexOpenDataDetail.do?data_id=20181019000000000971,국립농산물품질관리원,OpenAPI product
KADX 농식품 공공데이터,농산물우수관리(GAP) 인증기관정보,"GAP인증농가, 민간인증기관, 관리시설 정보서비스",https://data.mafra.go.kr/opendata/data/indexOpenDataDetail.do?data_id=20141015000000000217,국립농산물품질관리원,OpenAPI product
KADX 농식품 공공데이터,전통식품 품질 인증정보,"가공식품산업표준 KS인증식품, 전통식품, 유기가공식품에 관련된 우수식품 인증정보",https://data.mafra.go.kr/opendata/data/indexOpenDataDetail.do?data_id=20250513000000002678,국립농산물품질관리원,OpenAPI product
KADX 농식품 공공데이터,우수식품인증정보,"가공식품산업표준 KS인증식품, 전통식품, 유기가공식품에 관련된 우수식품 인증정보",https://data.mafra.go.kr/opendata/data/indexOpenDataDetail.do?data_id=20220204000000001688,국립농산물품질관리원,OpenAPI product
KADX 농식품 공공데이터,우수식품 인증정보,"가공식품산업표준 KS인증식품, 전통식품, 유기가공식품에 관련된 우수식품 인증정보",https://data.mafra.go.kr/opendata/data/indexOpenDataDetail.do?data_id=20141014000000000095,국립농산물품질관리원,OpenAPI product
KADX 농식품 공공데이터,표준규격관리정보,"연도별 관할지원별 농산물 표준규격품에 대한 사후관리 통계자료(조사건수, 조사수량, 부적격건수 등)",https://data.mafra.go.kr/opendata/data/indexOpenDataDetail.do?data_id=20220204000000001692,국립농산물품질관리원,OpenAPI product
KADX 농식품 공공데이터,표준규격조사정보,"연도별 관할지원별 농산물 표준규격품에 대한 사후관리 통계자료(조사건수, 조사수량, 부적격건수 등)",https://data.mafra.go.kr/opendata/data/indexOpenDataDetail.do?data_id=20141014000000000098,국립농산물품질관리원,OpenAPI product
KADX 농식품 공공데이터,친환경 인증정보,"유기농,무농약 등 친환경농산물에 대한 인증정보",https://data.mafra.go.kr/opendata/data/indexOpenDataDetail.do?data_id=20250513000000002681,국립농산물품질관리원,OpenAPI product
KADX 농식품 공공데이터,무항생제 인증정보,"유기농,무농약 등 친환경농산물에 대한 인증정보",https://data.mafra.go.kr/opendata/data/indexOpenDataDetail.do?data_id=20250513000000002680,국립농산물품질관리원,OpenAPI product
KADX 농식품 공공데이터,친환경인증 시도별통계(축산물),"유기농,무농약 등 친환경농산물에 대한 인증정보",https://data.mafra.go.kr/opendata/data/indexOpenDataDetail.do?data_id=20240724000000002595,국립농산물품질관리원,OpenAPI product
KADX 농식품 공공데이터,친환경인증 시도별통계(농산물),"유기농,무농약 등 친환경농산물에 대한 인증정보",https://data.mafra.go.kr/opendata/data/indexOpenDataDetail.do?data_id=20230808000000002385,국립농산물품질관리원,OpenAPI product
KADX 농식품 공공데이터,무항생제축산물 인증정보,"유기농,무농약 등 친환경농산물에 대한 인증정보",https://data.mafra.go.kr/opendata/data/indexOpenDataDetail.do?data_id=20220711000000002154,국립농산물품질관리원,OpenAPI product
KADX 농식품 공공데이터,친환경·무항생제 인증기관 지정현황,"유기농,무농약 등 친환경농산물에 대한 인증정보",https://data.mafra.go.kr/opendata/data/indexOpenDataDetail.do?data_id=20220711000000002153,국립농산물품질관리원,OpenAPI product
KADX 농식품 공공데이터,친환경 인증 품목별 현황,"유기농,무농약 등 친환경농산물에 대한 인증정보",https://data.mafra.go.kr/opendata/data/indexOpenDataDetail.do?data_id=20220204000000001679,국립농산물품질관리원,OpenAPI product
KADX 농식품 공공데이터,친환경인증정보,"유기농,무농약 등 친환경농산물에 대한 인증정보",https://data.mafra.go.kr/opendata/data/indexOpenDataDetail.do?data_id=20181019000000000977,국립농산물품질관리원,OpenAPI product
KADX 농식품 공공데이터,친환경 인증 품목별 현황,"유기농,무농약 등 친환경농산물에 대한 인증정보",https://data.mafra.go.kr/opendata/data/indexOpenDataDetail.do?data_id=20151027000000000492,국립농산물품질관리원,OpenAPI product
KADX 농식품 공공데이터,친환경인증정보,"유기농,무농약 등 친환경농산물에 대한 인증정보",https://data.mafra.go.kr/opendata/data/indexOpenDataDetail.do?data_id=20141225000000000400,국립농산물품질관리원,OpenAPI product
KADX 농식품 공공데이터,정곡검사정보,"쌀 등 정곡에 대한 연도별, 시도별 검사 실적 통계",https://data.mafra.go.kr/opendata/data/indexOpenDataDetail.do?data_id=20220204000000001690,국립농산물품질관리원,OpenAPI product
KADX 농식품 공공데이터,정곡검사정보,"쌀 등 정곡에 대한 연도별, 시도별 검사 실적 통계",https://data.mafra.go.kr/opendata/data/indexOpenDataDetail.do?data_id=20141014000000000096,국립농산물품질관리원,OpenAPI product
KADX 농식품 공공데이터,수입농산물검사정보,"수입농산물에 대한 품목,원산지,검사수량,규격합치수량 등 정보 제공",https://data.mafra.go.kr/opendata/data/indexOpenDataDetail.do?data_id=20220204000000001685,국립농산물품질관리원,OpenAPI product
KADX 농식품 공공데이터,수입농산물검사정보,"수입농산물에 대한 품목,원산지,검사수량,규격합치수량 등 정보 제공",https://data.mafra.go.kr/opendata/data/indexOpenDataDetail.do?data_id=20161206000000000637,국립농산물품질관리원,OpenAPI product
KADX 농식품 공공데이터,농산물이력추적등록정보,농산물이력추적등록단체 정보서비스,https://data.mafra.go.kr/opendata/data/indexOpenDataDetail.do?data_id=20220204000000001681,국립농산물품질관리원,OpenAPI product
KADX 농식품 공공데이터,농산물이력추적등록정보,농산물이력추적등록단체 정보서비스,https://data.mafra.go.kr/opendata/data/indexOpenDataDetail.do?data_id=20141014000000000093,국립농산물품질관리원,OpenAPI product
KADX 농식품 공공데이터,연도별 가공업체 현황,"과종품별 과실류 가공실적 자료, 가공업체 현황",https://data.mafra.go.kr/opendata/data/indexOpenDataDetail.do?data_id=20141014000000000013,농림축산식품부,OpenAPI product
KADX 농식품 공공데이터,재배시험추진현황,"국립종자원에서 품종보호 출원품종, 국가품종목록 등재품종, 기존품종 특성조사, 유지의무확인시험, 침해분쟁에 따른 비교시험, 국제협력 대한민국우수품종상 등에 따라 재배시험한 품종수 현황 통계자료",https://data.mafra.go.kr/opendata/data/indexOpenDataDetail.do?data_id=20210802000000001495,국립종자원,OpenAPI product
KADX 농식품 공공데이터,농림축산검역검사기술개발 연구성과 정보,"수행년도, 사업구분, 과제분류, 과제명, 성과명, 연구책임자 등",https://data.mafra.go.kr/opendata/data/indexOpenDataDetail.do?data_id=20220214000000001864,농림축산검역본부,OpenAPI product
KADX 농식품 공공데이터,동축산물 검역실적,"수출·입 동물 및 축산물 검역실적, 불합격 정보를 제공하는 서비스",https://data.mafra.go.kr/opendata/data/indexOpenDataDetail.do?data_id=20181019000000000968,농림축산검역본부,OpenAPI product
KADX 농식품 공공데이터,동물의약품 허가결과정보,동물용의품 허가(신고) 신청에 따른 허가(신고) 결과 정보 제공,https://data.mafra.go.kr/opendata/data/indexOpenDataDetail.do?data_id=20220214000000001883,농림축산검역본부,OpenAPI product
KADX 농식품 공공데이터,동물의약품 허가결과정보(2013~2019),동물용의품 허가(신고) 신청에 따른 허가(신고) 결과 정보 제공,https://data.mafra.go.kr/opendata/data/indexOpenDataDetail.do?data_id=20240712000000002582,농림축산검역본부,OpenAPI product
KADX 농식품 공공데이터,반려동물 등록대행업체 조회,반려동물 등록대행업체 조회 정보를 조회,https://data.mafra.go.kr/opendata/data/indexOpenDataDetail.do?data_id=20240628000000002485,농림축산검역본부,OpenAPI product
KADX 농식품 공공데이터,수입축산물이력정보,"수입축산물(쇠고기 및 돼지고기)이력정보 :유통식별번호, 선하증권번호, 품목명, 원산지국가, 도축시작 및 종료일자, 도축장명, 가공시작 및 종료일자, 가공장명, 수출 및 수입업체명 등",https://data.mafra.go.kr/opendata/data/indexOpenDataDetail.do?data_id=20141020000000000330,농림축산검역본부,OpenAPI product
KADX 농식품 공공데이터,수입축산물이력정보,"수입축산물(쇠고기 및 돼지고기)이력정보 :유통식별번호, 선하증권번호, 품목명, 원산지국가, 도축시작 및 종료일자, 도축장명, 가공시작 및 종료일자, 가공장명, 수출 및 수입업체명 등",https://data.mafra.go.kr/opendata/data/indexOpenDataDetail.do?data_id=20220214000000001871,농림축산검역본부,OpenAPI product
KADX 농식품 공공데이터,식물검역정보,식물의 수입 및 수출 검역통계 정보,https://data.mafra.go.kr/opendata/data/indexOpenDataDetail.do?data_id=20181019000000000969,농림축산검역본부,OpenAPI product
KADX 농식품 공공데이터,열처리 업체 운영 정보,열처리업체 운영정보,https://data.mafra.go.kr/opendata/data/indexOpenDataDetail.do?data_id=20220215000000001895,농림축산검역본부,OpenAPI product
KADX 농식품 공공데이터,수출입식물 방제업체운영정보,수출입 식물방제업체 운영정보,https://data.mafra.go.kr/opendata/data/indexOpenDataDetail.do?data_id=20220214000000001887,농림축산검역본부,OpenAPI product
KADX 농식품 공공데이터,식물검역 병해충 정보,식물검역 관련 규제병해충 종정보(금지병해충 및 관리병해충),https://data.mafra.go.kr/opendata/data/indexOpenDataDetail.do?data_id=20220214000000001888,농림축산검역본부,OpenAPI product
KADX 농식품 공공데이터,관리병해충,식물검역 관련 규제병해충 종정보(금지병해충 및 관리병해충),https://data.mafra.go.kr/opendata/data/indexOpenDataDetail.do?data_id=20240708000000002580,농림축산검역본부,OpenAPI product
KADX 농식품 공공데이터,한국농수산대학 졸업생 영농정착 현황 분석,"한국농수산대학 졸업생 영농종사현황 정보(일반현황, 후계농자금 이용현황, 농업인 단체 활동, 영농 종사율, 영농정착 우수사례) 이용을 통해 농업분야에 대한 청장년 젊은 계층의 인식 전환, 영농창업 유발 확산, 농촌지역 활력 증진",https://data.mafra.go.kr/opendata/data/indexOpenDataDetail.do?data_id=20220711000000002155,한국농수산대학,OpenAPI product
KADX 농식품 공공데이터,농식품공무원교육원 동영상 강의자료(약초의 효능),약용하는 식물의 효능에 대한 동영상 강의자료,https://data.mafra.go.kr/opendata/data/indexOpenDataDetail.do?data_id=20141016000000000307,농식품공무원교육원,OpenAPI product
KADX 농식품 공공데이터,농수축산물 도매가격,"농수축산물 도소매가격을 정보수요자에게 제공하여 시장출하 및 매매에 관한 의사결정, 원활한 수급조절 유도 및 가격안정대책 추진을 위한 기초자료",https://data.mafra.go.kr/opendata/data/indexOpenDataDetail.do?data_id=20141016000000000288,한국농수산식품유통공사,OpenAPI product
KADX 농식품 공공데이터,농수축산물 도매가격,"농수축산물 도소매가격을 정보수요자에게 제공하여 시장출하 및 매매에 관한 의사결정, 원활한 수급조절 유도 및 가격안정대책 추진을 위한 기초자료",https://data.mafra.go.kr/opendata/data/indexOpenDataDetail.do?data_id=20220214000000001881,한국농수산식품유통공사,OpenAPI product
KADX 농식품 공공데이터,화훼류 시세현황,"화훼류(절화, 난, 관엽, 춘란) 경락정보",https://data.mafra.go.kr/opendata/data/indexOpenDataDetail.do?data_id=20141016000000000291,한국농수산식품유통공사,OpenAPI product
KADX 농식품 공공데이터,화훼류 시세현황,"화훼류(절화, 난, 관엽, 춘란) 경락정보",https://data.mafra.go.kr/opendata/data/indexOpenDataDetail.do?data_id=20220214000000001868,한국농수산식품유통공사,OpenAPI product
KADX 농식품 공공데이터,축산물이력정보조회,"① 소·돼지 이력번호, 묶음번호를 통해 사육(출생일자, 소의 품종, 성별), 이동(농장, 이동구분, 사육지), 도축(도축장, 도축일자, 도축검사정보, 등급), 유통정보(포장처리일자, 업소명, 판매장) 등을 조회는 ②축산물통합이력정보 제공 기능",https://data.mafra.go.kr/opendata/data/indexOpenDataDetail.do?data_id=20171023000000000895,축산물품질평가원,OpenAPI product
KADX 농식품 공공데이터,농업경영체 등록현황,농업경영체 등록 현황 정보,https://data.mafra.go.kr/opendata/data/indexOpenDataDetail.do?data_id=20220707000000002151,농림수산식품교육문화정보원,OpenAPI product
KADX 농식품 공공데이터,농업 수입지출 통계정보(총괄통계),농업인 및 농업경영체의 생산정보 및 수입 지출관련 회계정보,https://data.mafra.go.kr/opendata/data/indexOpenDataDetail.do?data_id=20141014000000000071,농림수산식품교육문화정보원,OpenAPI product
KADX 농식품 공공데이터,농산물도매법인별경락가격조회 (2000-01-03 ~ 2023-12-31),"농수축산물 경락가격정보를 조회하기 위한 서비스로서 농산물, 축산물, 수산물, 화훼류에 대한 도매시장, 산지공판장, 종합유통센터 별로 농수축산물 경락가격 제공",https://data.mafra.go.kr/opendata/data/indexOpenDataDetail.do?data_id=20220817000000002312,농림수산식품교육문화정보원,OpenAPI product
KADX 농식품 공공데이터,수산물품목별도매경락가격조회 (2000-01-04 ~ 2023-12-31),"농수축산물 경락가격정보를 조회하기 위한 서비스로서 농산물, 축산물, 수산물, 화훼류에 대한 도매시장, 산지공판장, 종합유통센터 별로 농수축산물 경락가격 제공",https://data.mafra.go.kr/opendata/data/indexOpenDataDetail.do?data_id=20220818000000002315,농림수산식품교육문화정보원,OpenAPI product
KADX 농식품 공공데이터,수산물도매시장별도매경락가격조회 (2000-01-04 ~ 2023-12-31),"농수축산물 경락가격정보를 조회하기 위한 서비스로서 농산물, 축산물, 수산물, 화훼류에 대한 도매시장, 산지공판장, 종합유통센터 별로 농수축산물 경락가격 제공",https://data.mafra.go.kr/opendata/data/indexOpenDataDetail.do?data_id=20221205000000002347,농림수산식품교육문화정보원,OpenAPI product
KADX 농식품 공공데이터,화훼류농협공판장별경락가격조회 (2002-11-20 ~ 2020-06-08),"농수축산물 경락가격정보를 조회하기 위한 서비스로서 농산물, 축산물, 수산물, 화훼류에 대한 도매시장, 산지공판장, 종합유통센터 별로 농수축산물 경락가격 제공",https://data.mafra.go.kr/opendata/data/indexOpenDataDetail.do?data_id=20221205000000002348,농림수산식품교육문화정보원,OpenAPI product
KADX 농식품 공공데이터,산지공판장품목별경락가격조회 (2002-11-20 ~ 2020-06-19),"농수축산물 경락가격정보를 조회하기 위한 서비스로서 농산물, 축산물, 수산물, 화훼류에 대한 도매시장, 산지공판장, 종합유통센터 별로 농수축산물 경락가격 제공",https://data.mafra.go.kr/opendata/data/indexOpenDataDetail.do?data_id=20221205000000002349,농림수산식품교육문화정보원,OpenAPI product
KADX 농식품 공공데이터,종합유통센터품목별경락가격조회 (2001-09-17 ~ 2020-06-17),"농수축산물 경락가격정보를 조회하기 위한 서비스로서 농산물, 축산물, 수산물, 화훼류에 대한 도매시장, 산지공판장, 종합유통센터 별로 농수축산물 경락가격 제공",https://data.mafra.go.kr/opendata/data/indexOpenDataDetail.do?data_id=20221205000000002351,농림수산식품교육문화정보원,OpenAPI product
KADX 농식품 공공데이터,농수축산물지역별가격조회 (2000-03-17 ~ 2022-09-30),"품목의 가격정보를 조회하기 위한 서비스로서 가락 도매시장과 강서 도매시장의 가격정보와 농수축산물의 품목, 지역, 유통센터별 가격정보, 임산물의 품목, 지역별 가격정보를 제공",https://data.mafra.go.kr/opendata/data/indexOpenDataDetail.do?data_id=20220823000000002322,농림수산식품교육문화정보원,OpenAPI product
KADX 농식품 공공데이터,임산물품목별가격조회 (2000-05-03 ~ 2016-02-24),"품목의 가격정보를 조회하기 위한 서비스로서 가락 도매시장과 강서 도매시장의 가격정보와 농수축산물의 품목, 지역, 유통센터별 가격정보, 임산물의 품목, 지역별 가격정보를 제공",https://data.mafra.go.kr/opendata/data/indexOpenDataDetail.do?data_id=20220823000000002323,농림수산식품교육문화정보원,OpenAPI product
KADX 농식품 공공데이터,농식품백과사전,"농업관련 가공/유통/경영, 관광/휴양/레저, 농림일반, 산림지원,생물자원,작물농업,축산/사육, 해외/북한농업 관련 백과정보 제공",https://data.mafra.go.kr/opendata/data/indexOpenDataDetail.do?data_id=20141016000000000245,농림수산식품교육문화정보원,OpenAPI product
KADX 농식품 공공데이터,웰빙도시농업 정보,도시생활 및 일상생활에서 필요한 웰빙도시농업 정보,https://data.mafra.go.kr/opendata/data/indexOpenDataDetail.do?data_id=20141016000000000248,농림수산식품교육문화정보원,OpenAPI product
KADX 농식품 공공데이터,채소류 생산실적,"농산물 생산 및 수급대책 수립, 학술연구, 농업정책 등에 필요한 기초자료",https://data.mafra.go.kr/opendata/data/indexOpenDataDetail.do?data_id=20141015000000000203,농림축산식품부,OpenAPI product
KADX 농식품 공공데이터,2018 여성 농업인 실태 조사,여성시급해결과제,https://data.mafra.go.kr/opendata/data/indexOpenDataDetail.do?data_id=20141015000000000177,농림축산식품부,OpenAPI product
KADX 농식품 공공데이터,배합 사료 생산 실적,축종별 배합사료 생산실적 통계,https://data.mafra.go.kr/opendata/data/indexOpenDataDetail.do?data_id=20220217000000002038,농림축산식품부,OpenAPI product
KADX 농식품 공공데이터,배합 사료 생산 실적,축종별 배합사료 생산실적 통계,https://data.mafra.go.kr/opendata/data/indexOpenDataDetail.do?data_id=20141014000000000014,농림축산식품부,OpenAPI product
KADX 농식품 공공데이터,농림업 생산지수·생산액,"년도별 품목, 평균생산량, 생산지수 조회서비스",https://data.mafra.go.kr/opendata/data/indexOpenDataDetail.do?data_id=20220216000000001960,농림축산식품부,OpenAPI product
KADX 농식품 공공데이터,기타 가축통계(개/마필),"시도별 기타가축(마필, 산양, 면양, 사슴, 토끼, 개, 오리, 칠면조 등) 사육농가 및 사육마릿수 자료",https://data.mafra.go.kr/opendata/data/indexOpenDataDetail.do?data_id=20220216000000001953,농림축산식품부,OpenAPI product
KADX 농식품 공공데이터,기타 가축통계(메추리),"시도별 기타가축(마필, 산양, 면양, 사슴, 토끼, 개, 오리, 칠면조 등) 사육농가 및 사육마릿수 자료",https://data.mafra.go.kr/opendata/data/indexOpenDataDetail.do?data_id=20220216000000001951,농림축산식품부,OpenAPI product
KADX 농식품 공공데이터,기타 가축통계(면양),"시도별 기타가축(마필, 산양, 면양, 사슴, 토끼, 개, 오리, 칠면조 등) 사육농가 및 사육마릿수 자료",https://data.mafra.go.kr/opendata/data/indexOpenDataDetail.do?data_id=20220216000000001950,농림축산식품부,OpenAPI product
KADX 농식품 공공데이터,기타 가축통계(산양),"시도별 기타가축(마필, 산양, 면양, 사슴, 토끼, 개, 오리, 칠면조 등) 사육농가 및 사육마릿수 자료",https://data.mafra.go.kr/opendata/data/indexOpenDataDetail.do?data_id=20220216000000001949,농림축산식품부,OpenAPI product
KADX 농식품 공공데이터,기타 가축통계(꿀벌),"시도별 기타가축(마필, 산양, 면양, 사슴, 토끼, 개, 오리, 칠면조 등) 사육농가 및 사육마릿수 자료",https://data.mafra.go.kr/opendata/data/indexOpenDataDetail.do?data_id=20220216000000001948,농림축산식품부,OpenAPI product
KADX 농식품 공공데이터,기타 가축통계(토끼),"시도별 기타가축(마필, 산양, 면양, 사슴, 토끼, 개, 오리, 칠면조 등) 사육농가 및 사육마릿수 자료",https://data.mafra.go.kr/opendata/data/indexOpenDataDetail.do?data_id=20220216000000001947,농림축산식품부,OpenAPI product
KADX 농식품 공공데이터,기타 가축통계(거위/사슴/칠면조),"시도별 기타가축(마필, 산양, 면양, 사슴, 토끼, 개, 오리, 칠면조 등) 사육농가 및 사육마릿수 자료",https://data.mafra.go.kr/opendata/data/indexOpenDataDetail.do?data_id=20220216000000001946,농림축산식품부,OpenAPI product
KADX 농식품 공공데이터,기타 가축통계,"시도별 기타가축(마필, 산양, 면양, 사슴, 토끼, 개, 오리, 칠면조 등) 사육농가 및 사육마릿수 자료",https://data.mafra.go.kr/opendata/data/indexOpenDataDetail.do?data_id=20141015000000000107,농림축산식품부,OpenAPI product
KADX 농식품 공공데이터,농림축산분야녹색인증현황,농림축산분야 녹색인증 인증 현황,https://data.mafra.go.kr/opendata/data/indexOpenDataDetail.do?data_id=20141125000000000360,농림축산식품부,OpenAPI product
KADX 농식품 공공데이터,김치산업 실태조사 결과,"2012년 김치산업 실태조사(주요생산품목, 김치생산비중, 연간생산량, 매출액 추정치 등) 결과자료",https://data.mafra.go.kr/opendata/data/indexOpenDataDetail.do?data_id=20181023000000000994,농림축산식품부,OpenAPI product
data.go.kr 농림축산식품 키워드,식품의약품안전처_조리식품의 레시피 DB,"조리식품의 레시피를 이미지와 만드는 방법, 열량과 영양성분에 대한 속성정보를 제공하고 있습니다.",https://www.data.go.kr/data/15060073/openapi.do,식품의약품안전처,OpenAPI search result
data.go.kr 농림축산식품 키워드,한국농수산식품유통공사_국내 식품시장규모,연간 국내 식품시장규모 데이터를 제공합니다.,https://www.data.go.kr/data/15109103/openapi.do,한국농수산식품유통공사,OpenAPI search result
data.go.kr 농림축산식품 키워드,식품의약품안전처_건강기능식품 기능성 원료인정 현황,식품의약품안전처에서 관리하는 건강기능식품에 관한 법류에 따른 건강기능식품 기능성 원료 인정 현황을 제공합니다.,https://www.data.go.kr/data/15058359/openapi.do,식품의약품안전처,OpenAPI search result
data.go.kr 농림축산식품 키워드,식품의약품안전처_건강기능식품 영양DB,"건강기능식품에 쓰이는 원료에 대한 정보 DB로 각 원료의 원료명, 대분류명, 중분류명, 소분류 명 등의 정보를 제공합니다.",https://www.data.go.kr/data/15085712/openapi.do,식품의약품안전처,OpenAPI search result
data.go.kr 농림축산식품 키워드,식품의약품안전처_건강기능식품 개별인정형 정보,"건강기능식품의 원료인정번호, 1일 섭취량 상한선, 1일 섭취량 하한선, 중량 단위, 원재료 명, 섭취시 주의 사항 내용, 주된 기능성 등 정보를 제공합니다.",https://www.data.go.kr/data/15074311/openapi.do,식품의약품안전처,OpenAPI search result
data.go.kr 농림축산식품 키워드,식품의약품안전처_식품.식품첨가물 생산실적 보고 현황,"식품과 식품첨가물의 생산실적 보고 현황 자료로, 인허가번호 , 업소명 , 주소 , 보고년도 , 품목제조보고번호 , 품목유형 , 품목명 , 연간생산능력(KG), 생산량(KG) 등의 정보를",https://www.data.go.kr/data/15096590/openapi.do,식품의약품안전처,OpenAPI search result
data.go.kr 농림축산식품 키워드,식품의약품안전처_식품(첨가물)품목제조보고(원재료),식품의약품안전처에서 제공하는 식품(첨가물)의 품목제조보고 정보(원재료 포함)데이터입니다.,https://www.data.go.kr/data/15062098/openapi.do,식품의약품안전처,OpenAPI search result
data.go.kr 농림축산식품 키워드,식품의약품안전처_식품영양성분DB정보,"식품 영양성분 정보에 대한 데이터로 식품명, 식품분류, 식품코드, 영양성분 함량 기준량, 에너지, 탄수화물, 단백질, 지방 등 영양성분 정보, 출처, 1회섭취 참고량, 식품중량, 품목제조보고번호",https://www.data.go.kr/data/15127578/openapi.do,식품의약품안전처,OpenAPI search result
data.go.kr 농림축산식품 키워드,식품의약품안전처_식품첨가물공전,식품의약품안전처에서 관리하는 식품위생법에 따른 식품첨가물공전(식품첨가물의 기준 및 규격) 자료입니다.,https://www.data.go.kr/data/15059069/openapi.do,식품의약품안전처,OpenAPI search result
data.go.kr 농림축산식품 키워드,식품의약품안전처_건강기능식품 품목분류정보,건강기능식품에 관한 법류에 따른 건강기능식품 제조업에서 만든 건강기능식품 품목분류 정보에 관한 자료입니다.,https://www.data.go.kr/data/15059798/openapi.do,식품의약품안전처,OpenAPI search result
data.go.kr 농림축산식품 키워드,농촌진흥청_축산용어사전,"축산업 종사자와 관련 전공 학생들을 위한 필수 서비스, 축산용어 사전 서비스를 만나보세요.",https://www.data.go.kr/data/15064084/openapi.do,농촌진흥청,OpenAPI search result
data.go.kr 농림축산식품 키워드,식품의약품안전처_식품(첨가물)품목제조보고,식품위생법에 따른 식품(첨가물) 제조가공업소에서 보고한 식품(첨가물) 품목 제조보고 관련 정보 자료입니다.,https://www.data.go.kr/data/15064909/openapi.do,식품의약품안전처,OpenAPI search result
data.go.kr 농림축산식품 키워드,식품의약품안전처_건강기능식품 품목제조신고(원재료),건강기능식품에 관한 법률에 따른 건강기능식품의 품목제조신고 정보 - 원재료 포함(세부 하위 원재료 및 배합비 제외)를 제공합니다.,https://www.data.go.kr/data/15061756/openapi.do,식품의약품안전처,OpenAPI search result
data.go.kr 농림축산식품 키워드,식품의약품안전처_건강기능식품 품목제조 신고사항 현황,식품의약품안전처에서 관리하는 건강기능식품에 관한 법률에 따른 건강기능식품 품목제조 신고사항 현황 자료입니다.,https://www.data.go.kr/data/15058865/openapi.do,식품의약품안전처,OpenAPI search result
data.go.kr 농림축산식품 키워드,식품의약품안전처_식품품목유형코드 정보,"또한 식품안전 분야의 정보 투명성 제고, 식품산업 발전 지원, 데이터에 기반한 식품안전정책 수립, 맞춤형 서비스 개발 기반 제공으로 국민 편의성을 향상 시킬 수 있습니다.",https://www.data.go.kr/data/15074331/openapi.do,식품의약품안전처,OpenAPI search result
data.go.kr 농림축산식품 키워드,식품의약품안전처_식품제조가공업정보,식품위생법에 따라 영업을 등록한 식품 제조 가공업 관련 정보입니다.,https://www.data.go.kr/data/15064855/openapi.do,식품의약품안전처,OpenAPI search result
data.go.kr 농림축산식품 키워드,경기도_우제류 축산 농가 현황,"이 데이터는 경기도 내 우제류 축산 농가의 사육 현황을 보여주는 자료로, 농장별 사육 축종, 사육두수, 농장명, 도로명주소 및 지번주소, 위도와 경도 등의 항목으로 구성되어 있습니다",https://www.data.go.kr/data/15059024/openapi.do,경기도,OpenAPI search result
data.go.kr 농림축산식품 키워드,식품의약품안전처_식품 검사 개별기준규격,이 자료는 식품의약품안전처에서 관리하는 식품 검사에서 적용되는 식품 개별 기준 및 규격에 관한 자료입니다.,https://www.data.go.kr/data/15056847/openapi.do,식품의약품안전처,OpenAPI search result
data.go.kr 농림축산식품 키워드,농촌진흥청_축산분뇨 처리시설업체,"농가의 번거로움을 줄여주는 농사로 축산분뇨 처리업체 정보 서비스! 업체의 규모, 처리 능력, 평가일 등 핵심 정보를 한눈에 확인할 수 있어 신뢰도 높은 선택이 가능합니다.",https://www.data.go.kr/data/15041703/openapi.do,농촌진흥청,OpenAPI search result
data.go.kr 농림축산식품 키워드,경기도_축산가공업 현황,"이 데이터는 경기도 내 축산가공업 인허가 사업장의 현황을 보여주는 자료로, 시군명, 사업장명, 인허가일자 및 취소일자, 영업상태, 폐업일자, 소재지 주소(도로명 및 지번), 우편번호",https://www.data.go.kr/data/15058511/openapi.do,경기도,OpenAPI search result
data.go.kr 농림축산식품 키워드,식품의약품안전처_식품모범음식점,식품의약품안전처에서 제공하는 식품모범음식점 관련 정보 자료입니다.,https://www.data.go.kr/data/15064964/openapi.do,식품의약품안전처,OpenAPI search result
data.go.kr 농림축산식품 키워드,식품의약품안전처_건강기능식품정보,식품의약품안전처 「건강기능식품정보」 OpenAPI는 국내 건강기능식품의 제품별 정보를 조회할 수 있는 공공데이터입니다.,https://www.data.go.kr/data/15056760/openapi.do,식품의약품안전처,OpenAPI search result
data.go.kr 농림축산식품 키워드,식품의약품안전처_행정처분결과(식품접객업),식품의약품안전처_행정처분결과(식품접객업) 자료입니다. 식품위생법 등 위반으로 행정처분을 받은 식품접객업에 대한 속성정보를 제공합니다.,https://www.data.go.kr/data/15058429/openapi.do,식품의약품안전처,OpenAPI search result
data.go.kr 농림축산식품 키워드,식품의약품안전처_건강기능식품판매업,건강기능식품에 관한 법률에 따른 건강기능식품 판매업 관련 정보입니다. *“건강기능식품”이란 인체에 유용한 기능성을 가진 원료나 성분을 사용하여 제조(가공을 포함한다.,https://www.data.go.kr/data/15064849/openapi.do,식품의약품안전처,OpenAPI search result
data.go.kr 농림축산식품 키워드,식품의약품안전처_식품접객업소 위생등급 지정현황,식품위생법에 따른 식품접객업소 위생등급 지정현황 자료입니다.,https://www.data.go.kr/data/15060883/openapi.do,식품의약품안전처,OpenAPI search result
data.go.kr 농림축산식품 키워드,식품의약품안전처_건강기능식품 생산실적보고 품목 정보,"건강기능식품 생산실적보고 대상 업소명, 품목명, 품목구분, 품목유형, 인허가번호, 보고년도, 품목제조보고번호, 연간생산능력(KG), 생산량(KG) 등 정보를 제공합니다.",https://www.data.go.kr/data/15074315/openapi.do,식품의약품안전처,OpenAPI search result
data.go.kr 농림축산식품 키워드,식품의약품안전처_식품의 회수 및 판매중지 정보,"제품명, 회수사유, 제조업체명, 업체주소, 전화번호, 바코드번호, 포장단위, 제조일자, 회수방법, 유통기한, 식품분류, 제품사진 URL, 품목코드, 등록일, 회수.판매중지 일련번호,",https://www.data.go.kr/data/15074318/openapi.do,식품의약품안전처,OpenAPI search result
data.go.kr 농림축산식품 키워드,식품의약품안전처_식품별 농약잔류허용기준 정보,"식품한글명, 식품영문명, 농약명, 일일섭취량, 잠정기준적용여부, 대분류, 중분류, 소분류, 시행시점, 단계, MRL값, 기타여부, 폐기여부 등의 항목을 제공합니다.",https://www.data.go.kr/data/15074324/openapi.do,식품의약품안전처,OpenAPI search result
data.go.kr 농림축산식품 키워드,식품의약품안전처_건강기능식품의 기준 및 규격 정보,"건강기능식품의 품목코드, 품목한글명, 시험항목코드, 시험항목 한글명, 세부항목명, 기준규격값, 기준규격값 요약, 유효개시일자, 유효종료일자, 출처, 최대값, 최소값, 위해여부, 단위명",https://www.data.go.kr/data/15074321/openapi.do,식품의약품안전처,OpenAPI search result
data.go.kr 농림축산식품 키워드,농림축산식품부_비영리법인현황(사단법인),"이를 통해 농림축산식품 분야에서 공익적 목적을 가지고 활동하는 법인의 설립 배경과 운영 목적을 명확히 확인할 수 있으며, 각 법인이 어느 지역을 기반으로 활동하는지도 파악할 수 있습니다",https://www.data.go.kr/data/15054967/openapi.do,농림축산식품부,OpenAPI search result
data.go.kr 농림축산식품 키워드,식품의약품안전처_식품수거검사 계획 및 실적 정보,식품의약품안전처에서 제공하는 식품수거검사 계획 및 실적 정보 자료입니다.,https://www.data.go.kr/data/15074317/openapi.do,식품의약품안전처,OpenAPI search result
data.go.kr 농림축산식품 키워드,국토교통부_농림지역,"건폐율·용적률·높이 등을 제한함으로써 토지를 경제적·효율적으로 이용하고 공공복리의 증진을 도모하기 위하여 서로 중복되지 않게 도시관리계획으로 결정하는 지역으로 도시지역, 관리지역, 농림지역",https://www.data.go.kr/data/15059255/openapi.do,국토교통부,OpenAPI search result
data.go.kr 농림축산식품 키워드,충청남도_충남넷_축산알림,"충청남도 충남넷 축산알림의 데이터를 제공합니다, 데이터는 게시물 제목, 내용, 담당부서, 담당자 및 관련 첨부파일 등을 제공합니다.",https://www.data.go.kr/data/15096607/openapi.do,충청남도,OpenAPI search result
data.go.kr 농림축산식품 키워드,식품의약품안전처_식품접객업정보,"식품위생법에 따른 식품접객업 영업 관련 정보입니다. 식품접객업에는: 휴게음식점,일반음식점, 제과점영업, 위탁급식영업 등이 있습니다.",https://www.data.go.kr/data/15064859/openapi.do,식품의약품안전처,OpenAPI search result
data.go.kr 농림축산식품 키워드,식품의약품안전처_식품 원재료 정보,식품의약품안전처 「식품 원재료 정보」 OpenAPI는 식품에 사용되는 원재료의 기본 정보를 제공합니다.,https://www.data.go.kr/data/15058665/openapi.do,식품의약품안전처,OpenAPI search result
data.go.kr 농림축산식품 키워드,경기도_식품제조가공업(기타) 현황,"이 데이터는 경기도 내 기타 식품제조가공업에 대한 인허가 현황을 담고 있으며, 도시락, PB(Private Brand) 제품 등을 제조 및 가공하는 사업체 정보를 포함합니다.",https://www.data.go.kr/data/15056958/openapi.do,경기도,OpenAPI search result
data.go.kr 농림축산식품 키워드,경기도_식품냉동냉장업 현황,"이 데이터는 경기도 내 식품냉동냉장업체의 인허가 및 영업 현황을 담고 있으며, 각 사업장의 명칭, 위치, 인허가 일자, 영업상태, 위생업태, 종업원 수 등의 정보를 제공합니다.",https://www.data.go.kr/data/15058238/openapi.do,경기도,OpenAPI search result
data.go.kr 농림축산식품 키워드,식품의약품안전처_식품 유해물질 기준규격 정보,해당 데이터는 식품 내 유해물질에 대한 기준 및 규격 정보를 제공합니다.,https://www.data.go.kr/data/15058838/openapi.do,식품의약품안전처,OpenAPI search result
data.go.kr 농림축산식품 키워드,식품의약품안전처_식품위생등급평가관리내역,식품위생등급평가관리에 대한 속성정보를 제공합니다.,https://www.data.go.kr/data/15064969/openapi.do,식품의약품안전처,OpenAPI search result
data.go.kr 농림축산식품 키워드,식품의약품안전처_식품위생검사기관 지정 현황,식품의약품안전처에서 지정하는 식품ㆍ의약품분야 시험ㆍ검사 등에 관한 법률에 따른 식품위생 검사기관 지정 현황 관련 자료입니다.,https://www.data.go.kr/data/15064939/openapi.do,식품의약품안전처,OpenAPI search result
data.go.kr 농림축산식품 키워드,서울특별시 서대문구_건강기능식품 유통판매업 현황,건강기능식품 유통전문 판매업소의 신고 등록 현황입니다.,https://www.data.go.kr/data/15059305/openapi.do,서울특별시 서대문구,OpenAPI search result
data.go.kr 농림축산식품 키워드,공정거래위원회_식품 리콜정보,공정거래위원회가 마련한 전 부처 리콜 공통 가이드라인에 따라 각 부처에서 리콜 시행 중인 상품에 관한 정보임,https://www.data.go.kr/data/15056914/openapi.do,공정거래위원회,OpenAPI search result
data.go.kr 농림축산식품 키워드,식품의약품안전처_주류제조.면허자 식품제조.가공영업 등록 현황,주류제조.면허자 식품제조.가공영업 등록 현황 관련 정보로 주류제조·면허자 식품제조·가공영업으로 등록된 업체에 대한 속성정보를 제공합니다.,https://www.data.go.kr/data/15064916/openapi.do,식품의약품안전처,OpenAPI search result
data.go.kr 농림축산식품 키워드,식품의약품안전처_식품위생교육내역,"식품위생법에 따라 식품제조가공업, 첨가물제조업 등 관련 영업자에 대한 식품위생교육내역 관련 정보입니다.",https://www.data.go.kr/data/15064910/openapi.do,식품의약품안전처,OpenAPI search result
data.go.kr 농림축산식품 키워드,농촌진흥청_축산분뇨 자원화 업체,축산분뇨를 효율적으로 처리하고 자원으로 활용할 수 있도록 돕는 통합 정보 서비스입니다.,https://www.data.go.kr/data/15041772/openapi.do,농촌진흥청,OpenAPI search result
data.go.kr 농림축산식품 키워드,식품의약품안전처_식품첨가물제조업,식품위생법에 따른 식품첨가물 제조업 관련 정보입니다.,https://www.data.go.kr/data/15064853/openapi.do,식품의약품안전처,OpenAPI search result
data.go.kr 농림축산식품 키워드,식품의약품안전처_식품 이력 정보,"「식품 이력 정보」 OpenAPI는 식품의약품안전처에서 관리하는 식품(식품이력,식품행정,식품원재료 등)과 관련된 정보를 조회하는 공공데이터입니다.",https://www.data.go.kr/data/15058187/openapi.do,식품의약품안전처,OpenAPI search result
data.go.kr 농림축산식품 키워드,식품의약품안전처_해외직구 위해식품 차단정보,"다이어트·성기능개선·근육강화를 표방하는 해외직구 식품 등에서 부정물질, 오·남용 우려 의약품 성분이 함유된 것으로 확인되었거나 국내외 위해정보에 따라 안전성 우려가 있는 제품에 대해서는",https://www.data.go.kr/data/15057831/openapi.do,식품의약품안전처,OpenAPI search result
data.go.kr 농림축산식품 키워드,식품의약품안전처_식품첨가물 정보,"식품첨가물명, 구조식, 화학식, 정의, 성분 규격, 확인 시험, 순도 시험, 정량법 등의 식품첨가물 정보를 목록으로 조회하는 서비스",https://www.data.go.kr/data/15058807/openapi.do,식품의약품안전처,OpenAPI search result
data.go.kr 농림축산식품 키워드,식품의약품안전처_건강기능식품 대상별 정보,"식품의약품안전처에서 관리하는 식품(식품이력,식품행정,식품원재료 등) 관련 정보 조회",https://www.data.go.kr/data/15058360/openapi.do,식품의약품안전처,OpenAPI search result
data.go.kr 농림축산식품 키워드,경상남도_축산농가,"경상남도내 축산농가에 대한 관리기관, 농가 대표자명, 사업자명, 사업장주소, 축산업종류, 축종, 면적, 허가 등록여부, 허가 등록일, 영업상태, 위도, 경도 등의 정보를 제공하는 서비스",https://www.data.go.kr/data/15062920/openapi.do,경상남도,OpenAPI search result
data.go.kr 농림축산식품 키워드,식품의약품안전처_수입식품 허가 정보,-식품의약품안전처에서 관리하는 수입식품의 허가 정보는 수입식품의 신고 현황을 연도별·국가별·품목별로 세분화하여 제공합니다.,https://www.data.go.kr/data/15058273/openapi.do,식품의약품안전처,OpenAPI search result
data.go.kr 농림축산식품 키워드,경기도_부적합 식품 현황,"이 데이터는 경기도 내에서 식품 위생기준을 충족하지 못한 부적합 식품에 대한 현황을 제공하며, 반기 단위로 갱신됩니다.",https://www.data.go.kr/data/15058239/openapi.do,경기도,OpenAPI search result
data.go.kr 농림축산식품 키워드,식품의약품안전처_식품 검사 공통기준규격,이 자료는 식품의약품안전처에서 관리하는 식품 검사에서 적용되는 식품 공통 기준 및 규격에 관한 자료입니다.,https://www.data.go.kr/data/15057328/openapi.do,식품의약품안전처,OpenAPI search result
data.go.kr 농림축산식품 키워드,식품의약품안전처_시약(식품첨가물) 정보,"식품의약품안전처에서 관리하는 시약(식품첨가물) 정보입니다. 시약 명, 회사 명, 시도별 지방청, 상태, 순도, 유효기간 자료를 제공합니다.",https://www.data.go.kr/data/15074325/openapi.do,식품의약품안전처,OpenAPI search result
data.go.kr 농림축산식품 키워드,식품의약품안전처_건강기능식품 전문.벤처제조업인허가 현황,건강기능식품에 관한 법률에 의거한 건강기능식품 전문.벤처제조업 인허가 현황 관련 정보를 제공합니다.,https://www.data.go.kr/data/15064863/openapi.do,식품의약품안전처,OpenAPI search result
data.go.kr 농림축산식품 키워드,식품의약품안전처_식품이력추적관리 등록 현황,식품이력 추적관리 등록 현황 관련 정보를 제공합니다.,https://www.data.go.kr/data/15064905/openapi.do,식품의약품안전처,OpenAPI search result
data.go.kr 농림축산식품 키워드,식품의약품안전처_식품판매업 폐업정보,"식품판매업 폐업에 대한 속성정보를 제공합니다. 속성정보로는 인허가번호 , 업소명 , 대표자명 , 업종 , 허가일자 , 폐업일자 , 페업상태 , 주소 , 기관명이 있습니다.",https://www.data.go.kr/data/15077647/openapi.do,식품의약품안전처,OpenAPI search result
data.go.kr 농림축산식품 키워드,행정안전부_식품_축산가공업 조회서비스,"식품_축산가공업 데이터는 식육, 알, 원유 등을 가공하여 소시지, 전란분, 우유 등으로 판매하는 업소정보 데이터로 인허가일자, 영업상태, 사업장명, 소재지주소 등의 데이터를 제공합니다",https://www.data.go.kr/data/15154842/openapi.do,행정안전부,OpenAPI search result
data.go.kr 농림축산식품 키워드,행정안전부_식품_축산판매업 조회서비스,"식품_축산판매업 데이터는 달걀, 유제품, 내장 또는 소고기, 돼지고기와 같은 축산물을 판매하는 업소정보 데이터로 인허가일자, 영업상태, 사업장명, 소재지주소 등의 데이터를 제공합니다",https://www.data.go.kr/data/15154871/openapi.do,행정안전부,OpenAPI search result
data.go.kr 농림축산식품 키워드,농림축산식품부 농림축산검역본부_축산차량통계,"지자체에서 농가 등 축산관계시설에 출입하는 축산 차량을 등록하고, 등록된 축산 차량유형 별 통계를 조회 할 수 있도록 API 서비스를 제공합니다.",https://www.data.go.kr/data/15102820/openapi.do,농림축산식품부 농림축산검역본부,OpenAPI search result
data.go.kr 농림축산식품 키워드,식품의약품안전처_식품첨가물의 한시적 기준 및 규격 인정 현황,식품의약품안전처에서 관리하는식품위생법에 따른 식품첨가물 관련 한시적 기준규격 인정 현황 정보 자료입니다.,https://www.data.go.kr/data/15058631/openapi.do,식품의약품안전처,OpenAPI search result
data.go.kr 농림축산식품 키워드,기후에너지환경부_맞춤형 물환경정보(축산계 오염원 분포현황),"물환경보전법 제23조 및 같은법 시행규칙 제32조에 의해 매년 시도지사는 관할구역의 오염원 종류, 수질오염원 발생량 등을 조사하며, 생활계, 축산계, 산업계, 양식계, 토지계, 매립계",https://www.data.go.kr/data/15111641/openapi.do,기후에너지환경부,OpenAPI search result
data.go.kr 농림축산식품 키워드,식품의약품안전처_어린이 기호식품 품질 인증대장,식품의약품안전처에서 관리하는 어린이 식생활안전관리 특별법에 따른 어린이 기호식품 품질 인증대장 자료입니다.,https://www.data.go.kr/data/15057728/openapi.do,식품의약품안전처,OpenAPI search result
data.go.kr 농림축산식품 키워드,농림축산식품부_스마트팜 데이터 마트 축산 빅데이터 제공 서비스,"또한 낙농 활동 전반에 대한 품질 개선 및 효율성 평가를 지원하며, 축산 현장 의사결정 자료로 활용할 수 있습니다.",https://www.data.go.kr/data/15121328/openapi.do,농림축산식품부,OpenAPI search result
data.go.kr 농림축산식품 키워드,식품의약품안전처_어린이 식품안전보호구역 관리 현황,어린이 식품안전보호구역 관리 현황 관련 정보입니다.,https://www.data.go.kr/data/15064913/openapi.do,식품의약품안전처,OpenAPI search result
data.go.kr 농림축산식품 키워드,경기도_식품판매업 현황,"이 데이터는 식품 위생법 시행령에 따라 경기도 내 식품판매업(식용얼음판매업, 유통전문판매업, 기타식품판매업)을 통합하여 제공하는 인허가 현황 데이터입니다.",https://www.data.go.kr/data/15056514/openapi.do,경기도,OpenAPI search result
data.go.kr 농림축산식품 키워드,농촌진흥청_축산환경자가진단,"돼지, 젖소·한우, 닭 등 주요 축종별로 필요한 축산환경 심사 기준을 한눈에 확인하고, 누구나 쉽게 참여할 수 있는 자가진단 서비스를 제공합니다.",https://www.data.go.kr/data/15086484/openapi.do,농촌진흥청,OpenAPI search result
data.go.kr 농림축산식품 키워드,식품의약품안전처_건강기능식품,식품의약품안전처 「건강기능식품 정보」 OpenAPI는 국내에서 보고·허가된 건강기능식품(먹는 콜라겐)의 기본 현황을 조회할 수 있는 공공데이터입니다.,https://www.data.go.kr/data/15043011/openapi.do,식품의약품안전처,OpenAPI search result
data.go.kr 농림축산식품 키워드,식품의약품안전처_해외 위해식품 회수정보,"해외 국가기관에서 발표한 위해식품 회수정보에 대한 속성정보로 제공하고 있으며 본문내용에는 해당국가, 기관, 정보출처, 국내수입여부 등의 정보들이 포함되어 있습니다.",https://www.data.go.kr/data/15077772/openapi.do,식품의약품안전처,OpenAPI search result
data.go.kr 농림축산식품 키워드,경기도_식품소분업 현황,"이 데이터는 경기도 내 31개 시군에 등록된 식품소분업체의 인허가 현황으로, 완제품 식품을 소단위로 분할하여 별도로 포장하는 업체 정보를 포함합니다.",https://www.data.go.kr/data/15058196/openapi.do,경기도,OpenAPI search result
data.go.kr 농림축산식품 키워드,한국농수산식품유통공사_식품 원료별 사용량(총/국산/수입),"국내 식품제조업체에서 사용하는 식품 원료(농산물, 식품소재)별 사용량 및 국산, 수입원료 사용량 데이터를 제공합니다.",https://www.data.go.kr/data/15109105/openapi.do,한국농수산식품유통공사,OpenAPI search result
data.go.kr 농림축산식품 키워드,식품의약품안전처_바코드연계제품정보,"품목보고(신고)번호 , 보고(신고일) , 생산중단일 , 제품명 , 소비기한 , 식품 유형 , 제조사명 , 업종 , 주소 , 폐업일자 , 유통바코드의 속성정보를 제공합니다.",https://www.data.go.kr/data/15060549/openapi.do,식품의약품안전처,OpenAPI search result
data.go.kr 농림축산식품 키워드,식품의약품안전처_검사 부적합 식품정보,식품의약품안전처의 「검사 부적합 식품정보」 OpenAPI는 검사 기준에 부적합 판정을 받은 식품의 상세 정보를 제공합니다.,https://www.data.go.kr/data/15056516/openapi.do,식품의약품안전처,OpenAPI search result
data.go.kr 농림축산식품 키워드,한국식품연구원_전통식품정보 서비스,"전통식품의 명칭(이명, 영문명 등), 출전문헌, 식재료 및 배합량, 조리법 등의 상세정보와 한의학적 병증에 따라 전통식품이 처방으로 활용된 기록, 한의학 고문헌이나 학술논문 속에서",https://www.data.go.kr/data/15047798/openapi.do,한국식품연구원,OpenAPI search result
data.go.kr 농림축산식품 키워드,행정안전부_식품_일반음식점 조회서비스,"식품_일반음식점 데이터는 한식, 중식, 일식 등 음식류를 조리 및 판매하며, 식사와 함께 음주행위가 허용되는 업소정보 데이터로 인허가일자, 영업상태(영업/정상), 사업장명(업소명),",https://www.data.go.kr/data/15154916/openapi.do,행정안전부,OpenAPI search result
data.go.kr 농림축산식품 키워드,경기도_식품접객업소 현황,"이 데이터는 경기도 내 31개 시군에 소재한 식품접객업소의 현황을 나타내며, 행정안전부에서 수시로 제공하는 인허가 기반 공공데이터입니다.",https://www.data.go.kr/data/15058548/openapi.do,경기도,OpenAPI search result
data.go.kr 농림축산식품 키워드,식품의약품안전처_방사선조사식품 품목인정 정보,"또한 식품안전 분야의 정보 투명성 제고, 식품산업 발전 지원, 데이터에 기반한 식품안전정책 수립, 맞춤형 서비스 개발 기반 제공으로 국민 편의성을 향상 시킬 수 있습니다.",https://www.data.go.kr/data/15074322/openapi.do,식품의약품안전처,OpenAPI search result
data.go.kr 농림축산식품 키워드,농림축산식품부 농림축산검역본부_축산관계시설등록통계,"축산농장, 도축장, 사료공장 등 축산관계시설로 등록된 시설의 통계정보를 시도별로 조회할 수 있도록 API 서비스를 제공합니다.",https://www.data.go.kr/data/15102819/openapi.do,농림축산식품부 농림축산검역본부,OpenAPI search result
data.go.kr 농림축산식품 키워드,경기도_식품첨가물제조업 현황,"이 데이터는 경기도 31개 시군의 식품첨가물 제조업체에 대한 인허가 현황을 제공하며, 식품의 기호성 향상 또는 영양가치 증진을 위한 첨가물을 제조하는 사업체에 대한 정보를 담고 있습니다",https://www.data.go.kr/data/15059032/openapi.do,경기도,OpenAPI search result
data.go.kr 농림축산식품 키워드,식품의약품안전처_식품제조가공업 폐업정보,"식품제조가공업의 폐업정보로, 인허가번호, 업소명, 대표자명, 업종, 허가일자, 폐업일자, 페업상태, 주소, 관할기관명 등의 항목을 제공합니다.",https://www.data.go.kr/data/15089289/openapi.do,식품의약품안전처,OpenAPI search result
data.go.kr 농림축산식품 키워드,농촌진흥청_축산실용기술모음,"축산농가의 경쟁력 향상을 위한 필수 정보, 이제 한 곳에서 편리하게 만나보세요.",https://www.data.go.kr/data/15041765/openapi.do,농촌진흥청,OpenAPI search result
data.go.kr 농림축산식품 키워드,기후에너지환경부 국립환경과학원_축산계 정보제공서비스,"물환경보전법 제23조 및 동법 시행규칙 제32조에 의해 매년 시도지사는 관할구역의 오염원 종류, 수질오염원 발생량 등을 조사하며, 생활계, 축산계, 산업계, 양식계, 토지계, 매립계",https://www.data.go.kr/data/15057699/openapi.do,기후에너지환경부 국립환경과학원,OpenAPI search result
data.go.kr 농림축산식품 키워드,서울특별시 서대문구_건강기능식품 일반판매업 현황,건강기능식품 유통전문 판매업소의 신고 등록 현황입니다.,https://www.data.go.kr/data/15057509/openapi.do,서울특별시 서대문구,OpenAPI search result
data.go.kr 농림축산식품 키워드,서울특별시 동작구 식품위생업소 행정처분내역 현황,"서울시 동작구 식품위생업소 행정처분내역 현황(업소명, 행정처분상태, 행정처분명)",https://www.data.go.kr/data/15038284/openapi.do,서울특별시 동작구,OpenAPI search result
data.go.kr 농림축산식품 키워드,식품의약품안전처_식품별 동물용의약품 잔류허용기준 정보,식품의약품안전처에서 관리하는 식품별 동물용의약품 잔류허용기준 정보 자료입니다.,https://www.data.go.kr/data/15074328/openapi.do,식품의약품안전처,OpenAPI search result
data.go.kr 농림축산식품 키워드,행정안전부_식품_휴게음식점 조회서비스,"식품_휴게음식점 데이터는 고속도로에 위치한 음식점 음주행위가 허용되지 아니하는 업소로 간단한 조리음식과 음료를 즐길 수 있는 업소 데이터로 인허가일자, 영업상태, 사업장명, 소재지주소",https://www.data.go.kr/data/15154921/openapi.do,행정안전부,OpenAPI search result
data.go.kr 농림축산식품 키워드,경기도_식품운반업 현황,"이 데이터는 경기도 내 31개 시군에서 식품위생법에 따라 인허가된 식품운반업체의 정보를 수록한 자료로, 부패나 변질이 쉬운 유산균 음료, 어류 및 가공품 등의 위생적 운반을 담당하는",https://www.data.go.kr/data/15058668/openapi.do,경기도,OpenAPI search result
data.go.kr 농림축산식품 키워드,식품의약품안전처_식품 원재료 정보 조회,식품의약품안전처 「식품 원재료 정보 조회」 OpenAPI는 식품 원재료의 표준화된 정보를 제공하는 공공데이터입니다.,https://www.data.go.kr/data/15111913/openapi.do,식품의약품안전처,OpenAPI search result
data.go.kr 농림축산식품 키워드,식품의약품안전처_식품소분업 폐업정보,식품위생법에 따른 식품소분업소의 폐업 정보입니다.,https://www.data.go.kr/data/15077539/openapi.do,식품의약품안전처,OpenAPI search result
data.go.kr 농림축산식품 키워드,경기도_가축 전염병 발생 현황,"본 데이터는 축산농가에서 발생한 법정 가축전염병의 현황을 기록한 자료로, 가축전염병명, 농장소재지, 축종명, 감염두수, 진단일자, 병성감정기관명, 시군명 및 시군코드 등의 항목으로",https://www.data.go.kr/data/15056737/openapi.do,경기도,OpenAPI search result
data.go.kr 농림축산식품 키워드,경기도_식품판매업(기타) 현황,"이 데이터는 경기도 31개 시군의 식품판매업 중 제과점, 즉석판매제조가공업, 유통판매업에 해당하지 않는 기타 식품판매업체의 인허가 현황을 포함합니다.",https://www.data.go.kr/data/15059027/openapi.do,경기도,OpenAPI search result
data.go.kr 농림축산식품 키워드,식품의약품안전처_식품조사처리업 인허가 현황,식품위생법에 따른 식품조사처리업 인허가 현황 관련 정보입니다.,https://www.data.go.kr/data/15064865/openapi.do,식품의약품안전처,OpenAPI search result
data.go.kr 농림축산식품 키워드,농림축산식품부 국립농산물품질관리원_우수식품 인증정보 OpenAPI,"국립농산물품질관리원에서 관리하는 우수식품 인증정보(인증구분, 인증번호, 인증기관명, 인증업체, 주소, 제품명)",https://www.data.go.kr/data/15080598/openapi.do,농림축산식품부 국립농산물품질관리원,OpenAPI search result
data.go.kr 농림축산식품 키워드,식품의약품안전처_수입식품 제품DB 정보,"-제공 자료는 식품의약품안전처가 관리하는 수입식품 제품DB 정보로, 각 수입식품의 신고제품구분(예: 농산물, 수산물, 축산물, 가공식품 등), 제조국가, 제품명, 육류품목, 품목정보를",https://www.data.go.kr/data/15073949/openapi.do,식품의약품안전처,OpenAPI search result
data.go.kr 농림축산식품 키워드,지식재산처_한국전통 식품정보,"세부 정보 내용 식품정보: 전통식품 관련 고문헌으로부터 전통음식, 식재료와 관련된 부분을 선별·발췌하여 원문 이미지 및 텍스트를 확보하고, 쉽게 알아볼 수 있도록 한자, 옛한글로",https://www.data.go.kr/data/15002149/openapi.do,지식재산처,OpenAPI search result
data.go.kr 농림축산식품 키워드,식품의약품안전처_잔류동물의약품 식품별 잔류허용 기준,"해당 데이터는 잔류동물의약품별 식품(식품한글명, 식품영문명, 일일섭취량, 잠정기준적용여부, 대분류, 중분류, 소분류 정보 등)에 대한 잔류량 허용 기준 정보를 제공하고 있습니다.",https://www.data.go.kr/data/15084267/openapi.do,식품의약품안전처,OpenAPI search result
data.go.kr 농림축산식품 키워드,농림수산식품교육문화정보원_식품산업 일자리 정보,농림수산식품교육문화정보원에서 제공하는 식품산업 관련 구인구직 정보와 각종 교육과정에 대한 정보입니다.,https://www.data.go.kr/data/15015146/openapi.do,농림수산식품교육문화정보원,OpenAPI search result
data.go.kr 농림축산식품 키워드,행정안전부_식품_제과점영업 조회서비스,"식품_제과점영업 데이터는 빵, 베이커리와 같은 빵류, 제과류 등을 만들어 판매하는 업소정보 데이터로 인허가일자, 영업상태, 사업장명, 소재지주소 등의 데이터를 제공합니다.",https://www.data.go.kr/data/15155252/openapi.do,행정안전부,OpenAPI search result
data.go.kr 농림축산식품 키워드,식품의약품안전처_수입식품 해외제조업소 정보,-해외제조업소의 식품 수출입 관리 및 안전성 확보를 위해 필요한 다양한 정보를 포함하고 있습니다.,https://www.data.go.kr/data/15073967/openapi.do,식품의약품안전처,OpenAPI search result
data.go.kr 농림축산식품 키워드,농촌진흥청 국립축산과학원_축산 가격 동향,"본 자료는 축산물 가격 변동에 대한 정보를 제공하는 축산 가격동향 공공데이터로, 사용자가 원하는 검색 기간을 입력하면 해당 기간에 등록된 축산 가격 관련 정보를 확인할 수 있도록 구성되어",https://www.data.go.kr/data/15102029/openapi.do,농촌진흥청 국립축산과학원,OpenAPI search result
data.go.kr 농림축산식품 키워드,경기도_건강기능식품유통전문판매업 현황,"이 데이터는 건강기능식품에 관한 법률 시행령 제3항에 따른 건강기능식품 유통 전문판매업체의 인허가 현황을 담고 있으며, 경기도 31개 시군을 기준으로 주간 단위로 갱신됩니다.",https://www.data.go.kr/data/15056957/openapi.do,경기도,OpenAPI search result
data.go.kr 농림축산식품 키워드,행정안전부_식품_식품제조가공업 조회서비스,"식품_식품제조가공업 데이터는 PB제품, 도시락 등 식품을 제공 및 가공하는 업소정보 데이터로 인허가일자, 영업상태, 사업장명, 소재지주소 등의 데이터를 제공합니다.",https://www.data.go.kr/data/15155150/openapi.do,행정안전부,OpenAPI search result
data.go.kr 농림축산식품 키워드,경기도_건강기능식품판매업 현황,"이 데이터는 경기도 내 건강기능식품판매업의 현황을 수시로 갱신하여 제공하며, 인허가된 사업장의 상세 정보를 포함합니다.",https://www.data.go.kr/data/15056907/openapi.do,경기도,OpenAPI search result
data.go.kr 농림축산식품 키워드,식품의약품안전처_수입식품 방사능 검사현황,식품의약품안전처 「수입식품 방사능 검사현황」 OpenAPI는 수입된 식품에 대해 방사능 검사를 실시한 결과를 국가·연도·품목 구분별로 제공하는 공공데이터입니다.,https://www.data.go.kr/data/15095398/openapi.do,식품의약품안전처,OpenAPI search result
data.go.kr 농림축산식품 키워드,농촌진흥청_축산분뇨 농가활용프로그램,농사로에서는 축산분뇨를 농가에서 보다 효율적이고 안전하게 활용할 수 있도록 다양한 지원 프로그램을 제공하고 있습니다.,https://www.data.go.kr/data/15101389/openapi.do,농촌진흥청,OpenAPI search result
data.go.kr 농림축산식품 키워드,식품의약품안전처_식품운반업 폐업정보,식품의약품안전처에서 관리하는 식품운반업 폐업정보 자료입니다.,https://www.data.go.kr/data/15080688/openapi.do,식품의약품안전처,OpenAPI search result
data.go.kr 농림축산식품 키워드,행정안전부_식품_식품판매업(기타) 조회서비스,"식품_식품판매업(기타) 데이터는 제과점, 즉석판매제조가공업, 유통판매업 등에 속하지 않고 마트와 같은 일정 규모 이상의 영업장에서 식품을 판매하는 업소정보 데이터로 인허가일자, 영업상태",https://www.data.go.kr/data/15155170/openapi.do,행정안전부,OpenAPI search result
data.go.kr 농림축산식품 키워드,경상북도 구미시_축산 농가 현황,"경상북도 구미시의 축산 농가 현황에 대한 데이터는 관내에서 축산업에 종사하는 각 사업장의 기본 정보를 포함하고 있는 자료로, 축산 행정과 정책 수립을 위한 중요한 기초자료입니다.",https://www.data.go.kr/data/15097245/openapi.do,경상북도 구미시,OpenAPI search result
data.go.kr 농림축산식품 키워드,세종특별자치시_세종특별자치시 축산농가,"세종특별자치시 축산농가 상호 명칭, 축산농가 사육업종 정보, 축산농가 소재지 주소, 축산농가 소재 행정동 명칭, 축산농가 소재 행정리 명칭 정보를 제공합니다.",https://www.data.go.kr/data/15098510/openapi.do,세종특별자치시,OpenAPI search result
data.go.kr 농림축산식품 키워드,행정안전부_식품_식품자동판매기업 조회서비스,"식품_식품자동판매기업 데이터는 자동판매기를 이용하여 식품을 판매하는 업소정보 데이터로 인허가일자, 영업상태, 사업장명, 소재지주소 등의 데이터를 제공합니다.",https://www.data.go.kr/data/15155144/openapi.do,행정안전부,OpenAPI search result
data.go.kr 농림축산식품 키워드,행정안전부_식품_집단급식소식품판매업 조회서비스,"집단급식소를 대상으로 식품을 판매하는 업소정보 데이터로 인허가일자, 영업상태, 사업장명, 소재지주소 등의 데이터를 제공합니다.",https://www.data.go.kr/data/15154784/openapi.do,행정안전부,OpenAPI search result
data.go.kr 농림축산식품 키워드,식품의약품안전처_수입식품 제품별 한글표시사항,-「수입식품안전관리 특별법 시행규칙」개정('22. 11. 25. 시행) 이후 구조화된 한글표시사항 정보를 텍스트로 변환하여 제품 정보와 함께 소비자에게 제공합니다.,https://www.data.go.kr/data/15110214/openapi.do,식품의약품안전처,OpenAPI search result
data.go.kr 농림축산식품 키워드,행정안전부_식품_식품소분업 조회서비스,"식품_식품소분업 데이터는 완제품 형태의 식품을 별도로 소분하여 포장하는 업소정보 데이터로 인허가일자, 영업상태, 사업장명, 소재지주소 등의 데이터를 제공합니다.",https://www.data.go.kr/data/15155126/openapi.do,행정안전부,OpenAPI search result
data.go.kr 농림축산식품 키워드,서울특별시 동작구_식품판매업(기타) 인허가 정보,"서울특별시 동작구 식품판매업(기타) 인허가 정보(인허가일자, 주소, 전화번호 등)",https://www.data.go.kr/data/15038289/openapi.do,서울특별시 동작구,OpenAPI search result
data.go.kr 농림축산식품 키워드,한국식품안전관리인증원_식품 제조가공 HACCP업체 정보 서비스,"(식품 제조가공 HACCP 업체 상세정보 제공 서비스) 전국의 식품 제조가공업체 중 HACCP 인증을 받은 업체의 인증번호, 회사명, 업종, 품목, 대표자명, 주소, 인증기간 등 현황",https://www.data.go.kr/data/15065475/openapi.do,한국식품안전관리인증원,OpenAPI search result
data.go.kr 농림축산식품 키워드,행정안전부_식품_식품첨가물제조업 조회서비스,"식품_식품첨가물제조업 데이터는 식품을 제조 또는 가공할 때 기호가치를 향상시키거나 영양가치를 높일목적의 식품첨가물을 제조하는 업소정보 데이터로 인허가일자, 영업상태, 사업장명, 소재지주소",https://www.data.go.kr/data/15155162/openapi.do,행정안전부,OpenAPI search result
data.go.kr 농림축산식품 키워드,행정안전부_식품_식품운반업 조회서비스,"식품_식품운반업 데이터는 유산균 음료, 어류, 조개류와 같이 부패 또는 변질되기 쉬운 식품을 위생적으로 운반하는 업소정보 데이터로 인허가일자, 영업상태, 사업장명, 소재지주소 등의",https://www.data.go.kr/data/15155133/openapi.do,행정안전부,OpenAPI search result
data.go.kr 농림축산식품 키워드,식품의약품안전처_수입식품 국가별 수입 현황,식품의약품안전처 「수입식품 국가별 수입 현황」 OpenAPI는 특정 국가에서 수입되는 식품의 중량을 확인할 수 있는 공공데이터입니다.,https://www.data.go.kr/data/15095376/openapi.do,식품의약품안전처,OpenAPI search result
data.go.kr 농림축산식품 키워드,행정안전부_식품_집단급식소 조회서비스,"식품_집단급식소 데이터는 병원,학교,어린이집 등 집단급식소를 운영하는 업소 및 기관 데이터로 인허가일자, 영업상태, 사업장명, 소재지주소 등의 데이터를 제공합니다.",https://www.data.go.kr/data/15155168/openapi.do,행정안전부,OpenAPI search result
data.go.kr 농림축산식품 키워드,부산광역시 식품 방사능 검사결과 정보,생활수준이 높아지고 안전한 먹거리에 대한 관심이 많아지고 있고 또 방사능 오염에 대한 관심이 높아져 시중에 판매되는 400여개 이상의 식품에 대한 방사능 검사 결과 정보 데이터를 개방합니다,https://www.data.go.kr/data/3076513/openapi.do,부산광역시,OpenAPI search result
data.go.kr 농림축산식품 키워드,식품의약품안전처_수입식품 월별 품목 수입량,-제공 자료는 수입식품의 월별 품목 수입량에 관한 통계 데이터를 담고 있습니다.,https://www.data.go.kr/data/15139324/openapi.do,식품의약품안전처,OpenAPI search result
data.go.kr 농림축산식품 키워드,식품의약품안전처_수입식품 수입신고 접수품목,-본 자료는 「수입식품안전관리 특별법」에 따라 수입신고된 식품의 정보 제공하고 있습니다.,https://www.data.go.kr/data/15073922/openapi.do,식품의약품안전처,OpenAPI search result
data.go.kr 농림축산식품 키워드,행정안전부_식품_식품냉동냉장업 조회서비스,"식품_식품냉동냉장업 데이터는 냉동식품, 냉동업 등 식품을 얼리거나 차갑게 보존하는 업소정보 데이터로 인허가일자, 영업상태, 사업장명, 소재지주소 등의 데이터를 제공합니다.",https://www.data.go.kr/data/15155164/openapi.do,행정안전부,OpenAPI search result
data.go.kr 농림축산식품 키워드,식품의약품안전처_수입식품 성분코드 정보,식품의약품안전처 「수입식품 성분코드 정보」 OpenAPI는 수입식품의 성분 코드와 그 속성 정보를 목록 조회할 수 있는 공공데이터입니다.,https://www.data.go.kr/data/15094202/openapi.do,식품의약품안전처,OpenAPI search result
data.go.kr 농림축산식품 키워드,행정안전부_식품_건강기능식품일반판매업 조회서비스,"식품_건강기능식품일반판매업 데이터는 건강기능식품을 판매하는 업소정보(건강기능식품유통전문판매업에 해당되는 업소 제외) 데이터로 인허가일자, 영업상태, 사업장명, 소재지주소 등의 데이터를",https://www.data.go.kr/data/15155221/openapi.do,행정안전부,OpenAPI search result
data.go.kr 농림축산식품 키워드,행정안전부_식품_유흥주점영업 조회서비스,"식품_유흥주점영업 데이터는 스텐드바, 룸살롱, 노래클럽 등 주로 주류와 함께 음식류를 조리 및 판매하는 곳으로 유흥종사자를 두거나 유흥시설을 설치하여 운영하는 업소정보 데이터로 인허가일자",https://www.data.go.kr/data/15154890/openapi.do,행정안전부,OpenAPI search result
data.go.kr 농림축산식품 키워드,행정안전부_식품_관광식당 조회서비스,"식품_관광식당 데이터는 일반음식점영업의 허가를 받은자가 관광객의 이용에 적합한 음식제공시설을 갖추고 관광객에게 특정한 국가의 음식을 전문적으로 제공하는 업소 데이터로 인허가일자, 영업상태",https://www.data.go.kr/data/15154897/openapi.do,행정안전부,OpenAPI search result
data.go.kr 농림축산식품 키워드,농촌진흥청 국립축산과학원_축산 100문100답(한우),"주요 내용은 실무적으로 필요한 주제들로 구성되어 있으며, 초보 축산인부터 전문 종사자까지 다양한 계층이 활용할 수 있도록 쉽게 설명되어 있습니다.",https://www.data.go.kr/data/15115476/openapi.do,농촌진흥청 국립축산과학원,OpenAPI search result
data.go.kr 농림축산식품 키워드,식품의약품안전처_건강기능식품 GMP 지정현황 조회,"식품의약품안전처에서 관리하는 식품GMP인증업체현황서비스에 대한 인허가번호,업소명,업종,대표자,소재지,인허가기관,영업상태,비고,GMP지정일,GMP지정번호,의무적용일자,지정취소일,지정취소사유",https://www.data.go.kr/data/15111987/openapi.do,식품의약품안전처,OpenAPI search result
data.go.kr 농림축산식품 키워드,행정안전부_식품_단란주점영업 조회서비스,"식품_단란주점영업 데이터는 주로 주류와 함께 음식류를 조리 및 판매하는 곳으로 손님이 노래를 부르는 행위가 허용되는 업소정보 데이터로 인허가일자, 영업상태, 사업장명, 소재지주소 등의",https://www.data.go.kr/data/15154883/openapi.do,행정안전부,OpenAPI search result
data.go.kr 농림축산식품 키워드,경기도_시중유통식품안전성검사 현황,"이 데이터는 경기도 관내 유통 중인 식품에 대한 연도별 안전성 검사 현황을 제공하는 자료로, 각 제품에 대해 실시된 검사항목과 수거검사의뢰일 등을 포함합니다.",https://www.data.go.kr/data/15056748/openapi.do,경기도,OpenAPI search result
data.go.kr 농림축산식품 키워드,행정안전부_식품_건강기능식품유통전문판매업 조회서비스,"식품_건강기능식품유통전문판매업 데이터는 건강기능식품전문제조업자에게 의뢰하여 제조한 건강기능식품을 자신의 상표로 유통 및 판매하는 업소정보 데이터로 인허가일자, 영업상태, 사업장명,",https://www.data.go.kr/data/15155173/openapi.do,행정안전부,OpenAPI search result
data.go.kr 농림축산식품 키워드,식품의약품안전처_식품이력추적 관리품목 등록정보 조회,"식품의약품안전처에서는 안전한 식품선택을 위한 소비자의 알 권리를 보장하고, 식품의 안전성 확보를 위한 신속한 유통차단과 회수조치를 위해 제조·가공단계부터 판매단계까지 각 단계별로",https://www.data.go.kr/data/15111975/openapi.do,식품의약품안전처,OpenAPI search result
data.go.kr 농림축산식품 키워드,행정안전부_식품_위탁급식영업 조회서비스,"식품_위탁급식영업 데이터는 집단급식소를 설치 및 운영하는 업체와 계약에 따라 해당 집단급식소에서 음식류를 조리하여 제공하는 업소정보 데이터로 인허가일자, 영업상태, 사업장명, 소재지주소",https://www.data.go.kr/data/15155159/openapi.do,행정안전부,OpenAPI search result
data.go.kr 농림축산식품 키워드,서울특별시 동작구_축산가공업 인허가 정보,"동작구에 등록된 축산물가공업 정보로 사업장 명칭, 행정동명, 소재지주소, 소재지전화 등의 정보를 제공합니다.",https://www.data.go.kr/data/15038287/openapi.do,서울특별시 동작구,OpenAPI search result
data.go.kr 농림축산식품 키워드,식품의약품안전처_수입식품 회수판매중지 제품 정보,식품의약품안전처 「수입식품 회수판매중지 제품 정보」 OpenAPI는 국내에 수입된 식품 중 회수 또는 판매 중지 조치된 제품의 상세 정보를 제공합니다.,https://www.data.go.kr/data/15095378/openapi.do,식품의약품안전처,OpenAPI search result
data.go.kr 농림축산식품 키워드,식품의약품안전처_수입식품 수입신고 접수 업체,-제공 자료는 수입식품 수입신고가 접수된 건별로 해외제조업소와 수출업소의 주요 정보를 목록 형태로 포함하고 있습니다.,https://www.data.go.kr/data/15073921/openapi.do,식품의약품안전처,OpenAPI search result
data.go.kr 농림축산식품 키워드,행정안전부_식품_즉석판매제조가공업 조회서비스,"식품_즉석판매제조가공업 데이터는 즉석으로 음식을 제조 및 가공하여 판매하는 업소정보 데이터로 인허가일자, 영업상태, 사업장명, 소재지주소 등의 데이터를 제공합니다.",https://www.data.go.kr/data/15155245/openapi.do,행정안전부,OpenAPI search result
data.go.kr 농림축산식품 키워드,경기도_건강기능식품수입업 현황,"이 데이터는 경기도 내 건강기능식품 수입업체의 인허가 현황을 주간 단위로 제공하며, 총 24개 항목으로 구성되어 있습니다.",https://www.data.go.kr/data/15057704/openapi.do,경기도,OpenAPI search result
data.go.kr 농림축산식품 키워드,한국식품안전관리인증원_식품 스마트HACCP 인증업체 정보 서비스,"HACCP 인증을 받은 식품업체 중 스마트 HACCP을 등록한 업체의 업체명, 인증번호, 스마트HACCP 등록번호, 대표자명, 주소, 중요관리점, 품목 등 현황 정보를 제공합니다.(2018년 12월 이후 데이터)",https://www.data.go.kr/data/15118080/openapi.do,한국식품안전관리인증원,OpenAPI search result
data.go.kr 농림축산식품 키워드,식품의약품안전처_수입식품 수입신고별 한글표시사항,-「수입식품안전관리 특별법 시행규칙」 개정('22. 11. 25. 시행) 이전 텍스트 형태의 한글표시사항 정보를 제품 정보와 함께 소비자에게 제공하고 있습니다.,https://www.data.go.kr/data/15110213/openapi.do,식품의약품안전처,OpenAPI search result
data.go.kr 농림축산식품 키워드,식품의약품안전처_식품원재료코드,"또한 식품안전 분야의 정보 투명성 제고, 식품산업 발전 지원, 데이터에 기반한 식품안전정책 수립으로 국민 편의성을 향상 시킬 수 있습니다.",https://www.data.go.kr/data/15064780/openapi.do,식품의약품안전처,OpenAPI search result
data.go.kr 농림축산식품 키워드,행정안전부_식품_집유업 조회서비스,"식품_집유업 데이터는 원유(젖소, 양 등)를 수집 및 여과하여 냉각 또는 저장하는 업소정보 데이터로 인허가일자, 영업상태, 사업장명, 소재지주소 등의 데이터를 제공합니다.",https://www.data.go.kr/data/15154803/openapi.do,행정안전부,OpenAPI search result
data.go.kr 농림축산식품 키워드,식품의약품안전처_수입식품 원료정보,-수입식품 원료 정보 자료는 수입 식품에 사용되는 원재료의 상세 속성을 체계적으로 제공합니다.,https://www.data.go.kr/data/15111777/openapi.do,식품의약품안전처,OpenAPI search result
data.go.kr 농림축산식품 키워드,농림축산식품부_지역별 농장 통계 데이터 제공,"본 정보는 축산물품질평가원의 축산물이력정보(소, 돼지)와 가축위생방역지원본부(닭, 오리 등 기타 축종)의 축산농장 방역정보를 기반으로 구축된 전국 축산농장에 대한 농장별 현황 정보입니다",https://www.data.go.kr/data/15109070/openapi.do,농림축산식품부,OpenAPI search result
data.go.kr 농림축산식품 키워드,행정안전부_식품_관광유흥음식점업 조회서비스,"식품_관광유흥음식점업 데이터는 유흥주점영업의허가를 받은자가 관광객의 이용에 적합한 한국전통분위기의 시설을 갖추어 그시설을 이용하는자에게 음식을 제공하고 노래, 춤을 감상하게 하거나",https://www.data.go.kr/data/15154903/openapi.do,행정안전부,OpenAPI search result
data.go.kr 농림축산식품 키워드,식품의약품안전처_식품별 유해오염물질 검출량 정보,"식품의약품안전처에서 관리하는 식품의 구분,식품유형,식품명,조사년도,다이옥신 조사값,PCBs 조사값,벤조피렌 조사값,3-MCPD 조사값,총 아플라톡신 조사값,아플라톡신B1 조사값,오크라톡신",https://www.data.go.kr/data/15102278/openapi.do,식품의약품안전처,OpenAPI search result
data.go.kr 농림축산식품 키워드,농촌진흥청 국립축산과학원_축산 큐레이션,"본 자료는 국립축산과학원에서 제작한 ‘축산 큐레이션’ 콘텐츠로, 축산 분야의 시기별 이슈나 계절적 특성을 반영하여 매월 1~2건씩 정기적으로 제작되는 비정형 공공데이터입니다.",https://www.data.go.kr/data/15102034/openapi.do,농촌진흥청 국립축산과학원,OpenAPI search result
data.go.kr 농림축산식품 키워드,식품의약품안전처_HACCP 적용업소 지정 현황,"또한 식품안전 분야의 정보 투명성 제고, 식품산업 발전 지원, 데이터에 기반한 식품안전정책 수립, 맞춤형 서비스 개발 기반 제공으로 국민 편의성을 향상 시킬 수 있습니다.",https://www.data.go.kr/data/15098712/openapi.do,식품의약품안전처,OpenAPI search result
data.go.kr 농림축산식품 키워드,경상남도_식품방사능 검사,"유형, 품명, 건수, 검사결과, 판정 등을 조회하는 경상남도 식품방사능 검사 현황 서비스",https://www.data.go.kr/data/15062814/openapi.do,경상남도,OpenAPI search result
data.go.kr 농림축산식품 키워드,행정안전부_식품_유통전문판매업 조회서비스,"식품_유통전문판매업 데이터는 직접 제조하지 않고 식가공류 제공을 위해 판매업소에 유통하는 업소정보 데이터로 인허가일자, 영업상태, 사업장명, 소재지주소 등의 데이터를 제공합니다.",https://www.data.go.kr/data/15155251/openapi.do,행정안전부,OpenAPI search result
data.go.kr 농림축산식품 키워드,대전광역시 서구_축산현황 및 가금류 사육현황,대전광역시 서구 관내에서 운영 중인 축산·가금류 관련 사업장의 현황을 체계적으로 정리한 데이터이다.,https://www.data.go.kr/data/15128301/openapi.do,대전광역시 서구,OpenAPI search result
data.go.kr 농림축산식품 키워드,행정안전부_식품_옹기류제조업 조회서비스,"식품_옹기류제조업 데이터는 식품을 제조, 조리, 저장 할 목적으로 항아리, 뚝배기 등과 같은 옹기류를 제작 및 판매하는 업소정보 데이터로 인허가일자, 영업상태, 사업장명, 소재지주소",https://www.data.go.kr/data/15155237/openapi.do,행정안전부,OpenAPI search result
data.go.kr 농림축산식품 키워드,행정안전부_식품_축산물보관업 조회서비스,"식품_축산물보관업 데이터는 축산물(식육,원유,식육가공품 등)을 냉동 또는 냉장으로 보관하는 업소정보 데이터로 인허가일자, 영업상태, 사업장명, 소재지주소 등의 데이터를 제공합니다.",https://www.data.go.kr/data/15154851/openapi.do,행정안전부,OpenAPI search result
data.go.kr 농림축산식품 키워드,행정안전부_식품_축산물운반업 조회서비스,"식품_축산물운반업 데이터는 축산물(식육,원유,식육가공품 등)을 전문적으로 운반하는 업소 데이터로 인허가번호, 일허가일자, 영업상태, 소재지주소, 권리주체일련번호 등의 데이터를 제공합니다",https://www.data.go.kr/data/15154861/openapi.do,행정안전부,OpenAPI search result
data.go.kr 농림축산식품 키워드,식품의약품안전처_수입식품 고유제품 상세정보,-식품의약품안전처에서 관리하는 수입식품에 관한 상세 정보들을 제공하고 있습니다.,https://www.data.go.kr/data/15098132/openapi.do,식품의약품안전처,OpenAPI search result
data.go.kr 농림축산식품 키워드,식품의약품안전처_행정처분결과(식품제조가공업),"식품의약품안전처에서 관리하는 식품제조가공업(주류포함) 행정처분결과에 대한 업체정보, 처분내용, 위반일자 등에 대한 속성정보를 제공합니다.",https://www.data.go.kr/data/15124560/openapi.do,식품의약품안전처,OpenAPI search result
data.go.kr 농림축산식품 키워드,농촌진흥청 국립축산과학원_축산교육컨설팅 일정,국립축산과학원에서 제공하는 축산교육컨설팅 일정 데이터는 축산 농가와 종사자를 대상으로 한 실질적인 기술 교육과 현장 맞춤형 컨설팅 정보를 포함하는 공공데이터입니다.,https://www.data.go.kr/data/15104779/openapi.do,농촌진흥청 국립축산과학원,OpenAPI search result
data.go.kr 농림축산식품 키워드,행정안전부_식품_식육포장처리업 조회서비스,"식품_식육포장처리업 데이터는 소고기, 돼지고기 등 판매를 목적으로 식육을 절단하여 포장하는 업소정보 데이터로 인허가일자, 영업상태, 사업장명, 소재지주소 등의 데이터를 제공합니다.",https://www.data.go.kr/data/15155169/openapi.do,행정안전부,OpenAPI search result
data.go.kr 농림축산식품 키워드,행정안전부_식품_식용얼음판매업 조회서비스,"식품_식용얼음판매업 데이터는 식용얼음을 전문적으로 판매하는 업소정보 데이터로 인허가일자, 영업상태, 사업장명, 소재지주소 등의 데이터를 제공합니다.",https://www.data.go.kr/data/15155226/openapi.do,행정안전부,OpenAPI search result
data.go.kr 농림축산식품 키워드,행정안전부_식품_용기및포장지제조업 조회서비스,"식품_용기및포장지제조업 데이터는 식품 또는 식품첨가물을 넣거나 싸기 위해 직접 접촉되는 용기또는 포장지를 제조하는 업소정보 데이터로 인허가일자, 영업상태, 사업장명, 소재지주소 등의",https://www.data.go.kr/data/15155262/openapi.do,행정안전부,OpenAPI search result
data.go.kr 농림축산식품 키워드,식품의약품안전처_식품판매업 인허가 대장 조회,"또한 식품판매업 분야 정보 제공, 식품산업 발전 지원, 데이터에 기반한 식품안전정책 수립, 맞춤형 서비스 개발 기반 제공으로 국민 편의성을 향상 시킬 수 있습니다.",https://www.data.go.kr/data/15107373/openapi.do,식품의약품안전처,OpenAPI search result
data.go.kr 농림축산식품 키워드,행정안전부_식품_외국인전용유흥음식점업 조회서비스,식품_외국인전용유흥음식점업 데이터는 유흥주점영업의 허가를 받은 자가 외국인의 이용에 적합한 시설을 갖추어 그 시설을 이용하는 자에게 주류나 그 밖의 음식을 제공하고 노래와 춤을 감상하게,https://www.data.go.kr/data/15154910/openapi.do,행정안전부,OpenAPI search result
data.go.kr 농림축산식품 키워드,농촌진흥청 국립축산과학원_축산시험연구연보,"본 자료는 국립축산과학원에서 매년 발간하는 '축산시험연구연보'에 대한 정보로, 국립축산과학원에서 수행한 축산 관련 연구 성과를 종합적으로 정리한 공공데이터입니다.",https://www.data.go.kr/data/15101679/openapi.do,농촌진흥청 국립축산과학원,OpenAPI search result
data.go.kr 농림축산식품 키워드,행정안전부_건강기능식품공전,- 해당 데이터는 식품의약품안전처에서 제공하고 있는 건강기능식품 관련 정보입니다.,https://www.data.go.kr/data/15150281/openapi.do,행정안전부,OpenAPI search result
data.go.kr 농림축산식품 키워드,경기도 광명시_식품접객업 지하수 수질검사 결과 현황,"광명시 식품접객업 지하수 수질검사 결과 현황입니다. 업소명, 소재지 주소, 검사종류, 검사일자 항목이 있습니다.",https://www.data.go.kr/data/15032809/openapi.do,경기도 광명시,OpenAPI search result
data.go.kr 농림축산식품 키워드,행정안전부_식품_용기냉동기특정설비 조회서비스,"식품_용기냉동기특정설비 데이터는 용기·냉동기와 같은 특정설비를 제조 및 수리하는 업소정보 데이터로 인허가일자, 영업상태, 사업장명, 소재지주소 등의 데이터를 제공합니다.",https://www.data.go.kr/data/15155257/openapi.do,행정안전부,OpenAPI search result
data.go.kr 농림축산식품 키워드,식품의약품안전처_식품첨가물의 기준 및 규격 현황,"식품의약품안전처에서 관리하는 식품첨가물의 기준규격에 대한 데이터로, 품목한글명, 품목분류코드, 시험항목 한글명, 세부항목명, 품목항목속성 한글명, 기준규격값, 기준규격값 요약, 유효개시일자",https://www.data.go.kr/data/15116583/openapi.do,식품의약품안전처,OpenAPI search result
data.go.kr 농림축산식품 키워드,식품의약품안전처_수입식품 해외수출업소대장 정보,식품의약품안전처 「수입식품 해외수출업소대장 정보」 OpenAPI는 국내 수입식품업체 중 해외로 수출하는 업소의 정보를 제공합니다.,https://www.data.go.kr/data/15073938/openapi.do,식품의약품안전처,OpenAPI search result
data.go.kr 농림축산식품 키워드,경기도_식품 안전보호 구역정보 집계 현황,"이 데이터는 경기도 내 식품안전 보호구역에 대한 집계 현황을 제공하는 자료로, 식품안전과 직결된 교육기관 주변의 안전 관리 체계를 파악할 수 있도록 구성되어 있습니다.",https://www.data.go.kr/data/15059299/openapi.do,경기도,OpenAPI search result
data.go.kr 농림축산식품 키워드,식품의약품안전처_수입식품 해외제조업소중단정보,-제공 자료는 수입식품의 해외제조업소 중단과 관련된 상세 정보를 포함합니다.,https://www.data.go.kr/data/15073972/openapi.do,식품의약품안전처,OpenAPI search result
data.go.kr 농림축산식품 키워드,농촌진흥청 국립식량과학원_농식품 국가표준식품성분정보 조회 서비스,"국가표준식품성분10.0(코드, 일반, 아미노산, 지방산, 무기질, 비타민 등)정보를 제공하며, 식품군, 국가표준식품성분코드로 조회 - 제공항목(국가표준식품성분 코드 정보 조회, 국가표준식품",https://www.data.go.kr/data/15143598/openapi.do,농촌진흥청 국립식량과학원,OpenAPI search result
data.go.kr 농림축산식품 키워드,식품의약품안전처_행정처분결과(식품판매업),"식품의약품안전처에서 관리하는 식품판매업(식용얼음판매업, 식품자동판매기영업, 유통전문판매업, 집단급식소 식품판매업, 기타식품판매업) 행정처분결과에 대한 업체정보, 처분내용, 위반일자",https://www.data.go.kr/data/15124559/openapi.do,식품의약품안전처,OpenAPI search result
data.go.kr 농림축산식품 키워드,식품의약품안전처_수입식품 보세창고 정보,식품의약품안전처 「수입식품 보세창고 정보」 OpenAPI는 수입식품을 보관하는 보세창고의 위치 및 역할 정보를 제공하는 공공데이터입니다.,https://www.data.go.kr/data/15095368/openapi.do,식품의약품안전처,OpenAPI search result
data.go.kr 농림축산식품 키워드,대구광역시_음식골목,"그리고 대구10미, 대빵(대구명품빵), 대구우수식품 등 대구의 대표 음식 브랜드 및 대구밀키트, 대구의 먹거리골목과 먹거리골목에 있는 음식점 등에 대한 내용들을 확인할 수 있어 이",https://www.data.go.kr/data/15057020/openapi.do,대구광역시,OpenAPI search result
data.go.kr 농림축산식품 키워드,농촌진흥청 국립축산과학원_축산경영 및 최신 동향분석,"본 자료는 국립축산과학원에서 제공하는 축산 경영 및 최신 동향 분석에 관한 공공데이터로, 축산업 산업 동향을 체계적으로 분석한 정보를 포함하고 있습니다.",https://www.data.go.kr/data/15102078/openapi.do,농촌진흥청 국립축산과학원,OpenAPI search result
data.go.kr 농림축산식품 키워드,식품의약품안전처_수입식품 해외작업장 품목 및 중단정보,-제공 자료는 수입식품의 해외작업장 품목 및 중단 정보에 관한 주요 항목들을 담고 있습니다.,https://www.data.go.kr/data/15073923/openapi.do,식품의약품안전처,OpenAPI search result
data.go.kr 농림축산식품 키워드,식품의약품안전처_국가별 수입식품 품목정보,"국가별 수입식품에 대한 품목정보에 대한 데이토로 수입품목관리번호, 국가코드 (명), 품목코드(명) , 국가별 수입품목 관리코드(명) 등의 항목을 제공합니다",https://www.data.go.kr/data/15095361/openapi.do,식품의약품안전처,OpenAPI search result
data.go.kr 농림축산식품 키워드,식품의약품안전처_수입식품기준규격정보,"수입식품 기준규격정보에 대한 데이터로 시험항목코드(명), 기준규격값, 기준규격값요약, 유효시작일시, 유효종료일시, 출처, 유효자리수, 판정형식코드(명), 최대값, 최대값구분코드(명)",https://www.data.go.kr/data/15095371/openapi.do,식품의약품안전처,OpenAPI search result
data.go.kr 농림축산식품 키워드,서울특별시 관악구 모범음식점 조회서비스,"서울특별시 관악구 관내 식품위생업소(모범음식점,집단급식소 등) 관련 정보 제공 본 데이터는 관악구 모범음식점과 관련된 신청·취소·지정 현황을 조회할 수 있는 API 서비스에 대한 정보입니다",https://www.data.go.kr/data/15052324/openapi.do,서울특별시 관악구,OpenAPI search result
data.go.kr 농림축산식품 키워드,식품의약품안전처_수입식품 안전정보 연도별 통계,"수입식품에 대한 안전정보 데이터를 연도,식품수입건수,수산물수입건수, 축산물수입건수, 식품수입중량, 수산물수입중량, 축산물수입중량, 식품수입금액, 수산물수입금액, 축산물수입금액등의 항목을",https://www.data.go.kr/data/15095362/openapi.do,식품의약품안전처,OpenAPI search result
data.go.kr 농림축산식품 키워드,대전광역시 서구_식품유통관련업 현황정보,대전광역시 서구 관내에서 운영 중인 식품유통관련업의 현황 정보를 정리한 데이터입니다.,https://www.data.go.kr/data/15128494/openapi.do,대전광역시 서구,OpenAPI search result
data.go.kr 농림축산식품 키워드,세종특별자치시_세종특별자치시 식품제조업,"세종특별자치시 식품제조업 업종 정보, 인허가 일자, 상호명, 소재 도로명 주소, 소재 지번 주소, 전화번호 정보를 제공합니다.",https://www.data.go.kr/data/15098430/openapi.do,세종특별자치시,OpenAPI search result
data.go.kr 농림축산식품 키워드,식품의약품안전처_수입식품 이상치 자료 현황,식품의약품안전처 “수입식품 이상치 자료 현황” OpenAPI는 수입식품의 이상치 데이터를 제공하는 공공데이터입니다.,https://www.data.go.kr/data/15095364/openapi.do,식품의약품안전처,OpenAPI search result
data.go.kr 농림축산식품 키워드,식품의약품안전처_식품소분업 인허가 대장,"식품의약품안전처에서 관리하는 식품소분업 업종에 대한 허가일자, 주소, 기관명, 대표자명, 인허가번호, 업소명 정보를 제공합니다.",https://www.data.go.kr/data/15105492/openapi.do,식품의약품안전처,OpenAPI search result
data.go.kr 농림축산식품 키워드,농림축산식품부_축종별 농장 통계 데이터 제공,"본 정보는 축산물품질평가원의 축산물이력정보(소, 돼지)와 가축위생방역지원본부(닭, 오리 등 기타 축종)의 축산농장 방역정보를 기반으로 구축된 전국 축산농장에 대한 가축 종류별 현황정보입니다",https://www.data.go.kr/data/15109072/openapi.do,농림축산식품부,OpenAPI search result
data.go.kr 농림축산식품 키워드,식품의약품안전처_식품접객업 폐업정보 조회,"또한 식품접객업 분야의 정보 제공, 식품산업 발전 지원, 데이터에 기반한 식품안전정책 수립, 맞춤형 서비스 개발 기반 제공으로 국민 편의성을 향상 시킬 수 있습니다.",https://www.data.go.kr/data/15107371/openapi.do,식품의약품안전처,OpenAPI search result
data.go.kr 농림축산식품 키워드,농림축산식품부_사육규모별 농장 통계 데이터 제공,"본 정보는 축산물품질평가원의 축산물이력정보(소, 돼지)와 가축위생방역지원본부(닭, 오리 등 기타 축종)의 축산농장 방역정보를 기반으로 구축된 전국 축산농장에 대한 사육규모별 현황입니다",https://www.data.go.kr/data/15109074/openapi.do,농림축산식품부,OpenAPI search result
data.go.kr 농림축산식품 키워드,식품의약품안전처_수입식품 품목별 규격정보,-식품의약품안전처에서 관리하는 수입식품 품목별 규격정보 자료는 각 수입식품의 안전성 확보와 품질관리를 위해 필수적으로 제공되는 속성 정보를 포함합니다.,https://www.data.go.kr/data/15111776/openapi.do,식품의약품안전처,OpenAPI search result
data.go.kr 농림축산식품 키워드,농촌진흥청 국립축산과학원_축산 100문100답(젖소),"주요 내용은 실무적으로 필요한 주제들로 구성되어 있으며, 초보 축산인부터 전문 종사자까지 다양한 계층이 활용할 수 있도록 쉽게 설명되어 있습니다.",https://www.data.go.kr/data/15130776/openapi.do,농촌진흥청 국립축산과학원,OpenAPI search result
data.go.kr 농림축산식품 키워드,식품의약품안전처_식품 이력추적제품 수입식품 이력 정보 조회,"식품의약품안전처에서는 안전한 식품선택을 위한 소비자의 알 권리를 보장하고, 식품의 안전성 확보를 위한 신속한 유통차단과 회수조치를 위해 제조·가공단계부터 판매단계까지 각 단계별로",https://www.data.go.kr/data/15111980/openapi.do,식품의약품안전처,OpenAPI search result
data.go.kr 농림축산식품 키워드,경상남도_위해식품 등 긴급회수정보,"경상남도 위해식품 등 긴급회수내역의 명칭, 내용, 작성자 등을 조회하는 경상남도 위해식품 등 긴급회수정보 조회 서비스",https://www.data.go.kr/data/15063391/openapi.do,경상남도,OpenAPI search result
data.go.kr 농림축산식품 키워드,식품의약품안전처_식품제조 이력추적제품 생산정보 조회,"식품의약품안전처에서는 안전한 식품선택을 위한 소비자의 알 권리를 보장하고, 식품의 안전성 확보를 위한 신속한 유통차단과 회수조치를 위해 제조·가공단계부터 판매단계까지 각 단계별로",https://www.data.go.kr/data/15111977/openapi.do,식품의약품안전처,OpenAPI search result
data.go.kr 농림축산식품 키워드,행정안전부_식품공전,"- 해당 데이터는 식품의약품안전처에서 제공하는 식품공전에 대한 관련 정보입니다.""",https://www.data.go.kr/data/15153215/openapi.do,행정안전부,OpenAPI search result
data.go.kr 농림축산식품 키워드,식품의약품안전처_수입식품 해외제조업소 중단품목 정보,-본 자료는 수입식품 해외제조업소의 중단품목 정보를 상세하게 포함하고 있습니다.,https://www.data.go.kr/data/15073977/openapi.do,식품의약품안전처,OpenAPI search result
data.go.kr 농림축산식품 키워드,식품의약품안전처_어린이기호식품 우수판매업소 지정현황 조회,"식품의약품안전처에서 관리하는 어린이기호식품우수판매업소지정현황에 대한 업체명,영업인허가종류,인허가번호,전화번호,소재지,업태,위생등급인증지정일자,위생등급지정번호,위생등급,관할기관에 대한",https://www.data.go.kr/data/15111988/openapi.do,식품의약품안전처,OpenAPI search result
data.go.kr 농림축산식품 키워드,충청북도_식품 접객업소(제조업제) 위생등급 평가결과,"충청북도 식의약안전과에서 관리하는 식품 접객업소(제조업제)의 위생등급 평가결과를 업소 명, 시도·시군구, 주소, 주요 생산품목, 평가 점수, 평가 등급 기준으로 조회할 수 있는 Open",https://www.data.go.kr/data/15078785/openapi.do,충청북도,OpenAPI search result
data.go.kr 농림축산식품 키워드,식품의약품안전처_해외직구식품 국내 반입차단 대상 원료성분 서비스,"-본 자료는 식품의약품안전처에서 관리하는 해외직구식품 국내 반입차단 대상 원료 및 성분에 대한 정보를 제공하며, 원료·성분명(한글/영문), 기타명칭, 지정 또는 해제 일자, 지정·해제",https://www.data.go.kr/data/15132686/openapi.do,식품의약품안전처,OpenAPI search result
data.go.kr 농림축산식품 키워드,식품의약품안전처_HACCP 교육훈련기관 지정 현황,"또한 식품안전 분야의 정보 투명성 제고, 식품산업 발전 지원, 데이터에 기반한 식품안전정책 수립, 맞춤형 서비스 개발 기반 제공으로 국민 편의성을 향상 시킬 수 있습니다.",https://www.data.go.kr/data/15094984/openapi.do,식품의약품안전처,OpenAPI search result
data.go.kr 농림축산식품 키워드,식품의약품안전처_건강기능식품 폐업정보,"식품의약품안전처에서 관리하는 건강기능식품 업소에 대한 인허가번호, 업소명, 대표자명, 업종, 허가일자, 폐업일자, 페업상태, 주소, 기관명 정보를 제공합니다.",https://www.data.go.kr/data/15105551/openapi.do,식품의약품안전처,OpenAPI search result
data.go.kr 농림축산식품 키워드,식품의약품안전처_수입식품시험항목정보,"수입식품의 시험항목에 대한 데이터로 시험항목코드, 시험명(한글), 시험명(영문), 시험항목대분류번호, 시험항목중분류번호, 약어, 이명, 대분류구분코드(명), 중분류구분코드(명), 속성코드",https://www.data.go.kr/data/15095367/openapi.do,식품의약품안전처,OpenAPI search result
data.go.kr 농림축산식품 키워드,한국식품안전관리인증원_HACCP 제품이미지 및 포장지표기정보,"(HACCP 제품이미지 및 포장지표기정보) 제품이미지 및 포장지표기정보(품목보고번호, 축산/식품구분, 제품명, 원재료, 알레르기유발물질, 영양성분, 바코드, 유형명, 유형의상태, 제조원",https://www.data.go.kr/data/15033307/openapi.do,한국식품안전관리인증원,OpenAPI search result
data.go.kr 농림축산식품 키워드,식품의약품안전처_식품원료의 한시적 기준 및 규격 인정 현황,식품의약품안전처에서 관리하는 식품위생법에 따른 식품원료의 한시적 기준 및 규격 인정 현황 자료입니다.,https://www.data.go.kr/data/15058469/openapi.do,식품의약품안전처,OpenAPI search result
data.go.kr 농림축산식품 키워드,서울특별시 관악구_공중위생업소 현황,"본 데이터는 관악구 관내 위생처리업·공중위생업소의 신고 및 영업 현황을 체계적으로 기록한 행정 기반 데이터입니다. 업종코드, 신고일자, 영업자 정보, 업소명, 영업장면적, 허가(신고)번호, 영업자·소재지 시작일, 폐업일자, 행정동명, 국적 구분 등 다양한 세부 항목으로 구성되어 있습니다. 이를 통해 업종별 영업 실태 파악, 위생관리 수준 점검, 민원 대응, 위생업 발전 추세 분석 등 행정 의사결정에 활용할 수 있으며, 장기적으로는 업소 변동 추이 분석, 정책 대상 선정, 지도·감독 계획 수립 등 공중위생 관리 전반의 근거자료로 활용되는 데이터입니다.",https://www.data.go.kr/data/15007009/openapi.do,서울특별시 관악구,OpenAPI search result
data.go.kr 농림축산식품 키워드,식품의약품안전처_식품 이력추적제품 수입이력 정보 조회,"식품의약품안전처에서는 안전한 식품선택을 위한 소비자의 알 권리를 보장하고, 식품의 안전성 확보를 위한 신속한 유통차단과 회수조치를 위해 제조·가공단계부터 판매단계까지 각 단계별로",https://www.data.go.kr/data/15111972/openapi.do,식품의약품안전처,OpenAPI search result
data.go.kr 농림축산식품 키워드,"식품의약품안전처_건강기능식품제조업 ,건강기능식품판매업 지도단속계획 및 실적현황 조회","또한 건강기능식품안전 분야의 정보 투명성 제고, 식품산업 발전 지원, 데이터에 기반한 식품안전정책 수립, 맞춤형 서비스 개발 기반 제공으로 국민 편의성을 향상 시킬 수 있습니다.",https://www.data.go.kr/data/15107357/openapi.do,식품의약품안전처,OpenAPI search result
data.go.kr 농림축산식품 키워드,식품의약품안전처_식품운반업 인허가 대장 조회,"식품의약품안전처에서 관리하는 식품운반업 인허가 대장에 대한 인허가번호, 업소명, 대표자명, 업종, 허가일자, 주소, 기관명에 대한 속성정보 제공합니다.",https://www.data.go.kr/data/15111986/openapi.do,식품의약품안전처,OpenAPI search result
data.go.kr 농림축산식품 키워드,농촌진흥청 국립축산과학원_축산 100문100답(닭),"주요 내용은 실무적으로 필요한 주제들로 구성되어 있으며, 초보 축산인부터 전문 종사자까지 다양한 계층이 활용할 수 있도록 쉽게 설명되어 있습니다.",https://www.data.go.kr/data/15147276/openapi.do,농촌진흥청 국립축산과학원,OpenAPI search result
data.go.kr 농림축산식품 키워드,식품의약품안전처_식품첨가물제조업 폐업정보,"또한 식품첨가물 제조업 분야의 정보 제공, 식품산업 발전 지원, 데이터에 기반한 식품안전정책 수립, 맞춤형 서비스 개발 기반 제공으로 국민 편의성을 향상 시킬 수 있습니다.",https://www.data.go.kr/data/15105514/openapi.do,식품의약품안전처,OpenAPI search result
data.go.kr 농림축산식품 키워드,식품의약품안전처_식품냉동.냉장업 인허가 대장 조회,"또한 식품안전 분야의 정보 투명성 제고, 식품산업 발전 지원, 데이터에 기반한 식품안전정책 수립, 맞춤형 서비스 개발 기반 제공으로 국민 편의성을 향상 시킬 수 있습니다.",https://www.data.go.kr/data/15107368/openapi.do,식품의약품안전처,OpenAPI search result
data.go.kr 농림축산식품 키워드,식품의약품안전처_유통바코드,"또한 식품안전 분야의 정보 투명성 제고, 식품산업 발전 지원, 데이터에 기반한 식품안전정책 수립으로 국민 편의성을 향상 시킬 수 있습니다.",https://www.data.go.kr/data/15064775/openapi.do,식품의약품안전처,OpenAPI search result
data.go.kr 농림축산식품 키워드,경상남도 남해군_축산농장정보 데이터 조회 서비스,해당 데이터는 경상남도 남해군 축산농장정보 데이터 조회 서비스는 군 관내 축산 농가의 현행 및 주요 정보를 제공합니다.,https://www.data.go.kr/data/15109845/openapi.do,경상남도 남해군,OpenAPI search result
data.go.kr 농림축산식품 키워드,식품의약품안전처_식품보존업 폐업정보,"또한 식품보존업 분야의 정보 투명성 제고, 식품산업 발전 지원, 데이터에 기반한 식품안전정책 수립, 맞춤형 서비스 개발 기반 제공으로 국민 편의성을 향상 시킬 수 있습니다.",https://www.data.go.kr/data/15105508/openapi.do,식품의약품안전처,OpenAPI search result
data.go.kr 농림축산식품 키워드,농촌진흥청 국립축산과학원_축산 100문100답(돼지),"주요 내용은 실무적으로 필요한 주제들로 구성되어 있으며, 초보 축산인부터 전문 종사자까지 다양한 계층이 활용할 수 있도록 쉽게 설명되어 있습니다.",https://www.data.go.kr/data/15147275/openapi.do,농촌진흥청 국립축산과학원,OpenAPI search result
data.go.kr 농림축산식품 키워드,식품의약품안전처_식품등수입판매업정보,식품의약품안전처에서 제공하는 식품 등 수입판매업 관련 정보 자료입니다.,https://www.data.go.kr/data/15064783/openapi.do,식품의약품안전처,OpenAPI search result
data.go.kr 농림축산식품 키워드,식품의약품안전처_식품검사기관별 시험항목정보조회,"식품의약품안전처에서 관리하는 식품검사기관별 시험항목정보에 대한 분야,관할기관,검사기관,소재지,전화번호,대분류,중분류,시험항목명,비고에 대한 속성정보를 제공합니다.",https://www.data.go.kr/data/15111983/openapi.do,식품의약품안전처,OpenAPI search result
data.go.kr 농림축산식품 키워드,식품의약품안전처_식약처 관련 법령코드,"또한 식품산업 발전 지원, 데이터에 기반한 식품안전정책 수립, 맞춤형 서비스 개발 기반 제공으로 국민 편의성을 향상 시킬 수 있습니다.",https://www.data.go.kr/data/15056532/openapi.do,식품의약품안전처,OpenAPI search result
data.go.kr 농림축산식품 키워드,농림축산식품부_업종별 농장 통계 데이터 제공,"본 정보는 축산물품질평가원의 축산물이력정보(소, 돼지)와 가축위생방역지원본부(닭, 오리 등 기타 축종)의 축산농장 방역정보를 기반으로 구축된 전국 축산농장에 대한 업종별 현황 정보입니다",https://www.data.go.kr/data/15109071/openapi.do,농림축산식품부,OpenAPI search result
data.go.kr 농림축산식품 키워드,행정안전부_유전자재조합식품의안전성평가심사결과현황,"- 해당 데이터는 식품의약품안전처에서 제공하는 유전자재조합식품 안전성평가심사결과 현황 정보입니다.""",https://www.data.go.kr/data/15153258/openapi.do,행정안전부,OpenAPI search result
data.go.kr 농림축산식품 키워드,행정안전부_식품첨가물생산실적보고현황,"- 해당 데이터는 식품의약품안전처에서 제공하는 식품첨가물생산실적보고현황 정보입니다.""",https://www.data.go.kr/data/15153217/openapi.do,행정안전부,OpenAPI search result
data.go.kr 농림축산식품 키워드,농촌진흥청_가축분뇨 통합자료 게시판,"가축분뇨, 제대로 관리하면 환경을 지키는 소중한 자원이 됩니다. 농사로는 축사 설계부터 분뇨의 효율적인 처리와 재활용 방법, 위생적인 세정 관리까지 한눈에 확인할 수 있도록 체계적인 정보를 제공합니다. 잘못된 처리로 인한 수질·토양 오염을 예방하고, 자원으로서의 가치를 높일 수 있도록 실질적인 해결책을 제시합니다. 초보 농가부터 숙련 농업인까지 누구나 쉽게 이해하고 활용할 수 있는 맞춤형 안내로, 지속 가능한 농업 환경을 만들어보세요. 농사로와 함께라면 가축분뇨 관리가 더 쉽고 안전해집니다.",https://www.data.go.kr/data/15064109/openapi.do,농촌진흥청,OpenAPI search result
data.go.kr 농림축산식품 키워드,농림축산식품부_가축 거래 상인 등록 현황,"축산업을 허가받거나 등록한 개별 축산농가 현황 자료(축산업: 종축업, 부화업, 정액등처리업, 가축사육업)",https://www.data.go.kr/data/15058314/openapi.do,농림축산식품부,OpenAPI search result
data.go.kr 농림축산식품 키워드,식품의약품안전처_식품 이력추적제품 농축산물 이력정보 조회,"식품의약품안전처에서는 안전한 식품선택을 위한 소비자의 알 권리를 보장하고, 식품의 안전성 확보를 위한 신속한 유통차단과 회수조치를 위해 제조·가공단계부터 판매단계까지 각 단계별로",https://www.data.go.kr/data/15111981/openapi.do,식품의약품안전처,OpenAPI search result
data.go.kr 농림축산식품 키워드,농림축산식품부 국립농산물품질관리원_전통식품 품질 인증정보,"국내산 농수산물로 제조․가공․조리되어 우리 고유의 맛을 내는 우수한 전통식품으로 품질을 보증받은 인증내용으로 인증번호, 인증제품명, 포장재질, 포장단량, 인증기관 등에 대한 정보 제공합니다",https://www.data.go.kr/data/15141771/openapi.do,농림축산식품부 국립농산물품질관리원,OpenAPI search result
data.go.kr 농림축산식품 키워드,농림축산식품부_대상질병별 농장 통계 데이터 제공,"본 정보는 축산물품질평가원의 축산물이력정보(소, 돼지)와 가축위생방역지원본부(닭, 오리 등 기타 축종)의 축산농장 방역정보를 기반으로 구축된 전국 축산농장에 대한 질병별 통계 현황입니다",https://www.data.go.kr/data/15109075/openapi.do,농림축산식품부,OpenAPI search result
data.go.kr 농림축산식품 키워드,행정안전부_행정처분결과_식품판매업,- 해당 데이터는 식품의약품안전처에서 제공하는 행정처분결과(식품판매업) 정보입니다.,https://www.data.go.kr/data/15150629/openapi.do,행정안전부,OpenAPI search result
data.go.kr 농림축산식품 키워드,세종특별자치시_세종특별자치시 식품유통판매업체 현황,"세종특별자치시에 등록된 식품유통판매업체 업종정보, 명칭, 도로명 주소, 지번 주소, 전화번호, 우편번호 정보를 제공합니다.",https://www.data.go.kr/data/15098429/openapi.do,세종특별자치시,OpenAPI search result
data.go.kr 농림축산식품 키워드,농촌진흥청_농기계 안전용품,"농기계 사용 시 안전은 선택이 아닌 필수입니다. 농사로는 작업 중 발생할 수 있는 사고를 예방하고 피해를 최소화하기 위해 다양한 안전용품 정보를 제공합니다. 안면보호구, 반사조끼, 안전표지판, 장갑 등 필수 장비의 규격과 올바른 선택 기준은 물론, 신뢰할 수 있는 업체 정보까지 한눈에 확인할 수 있습니다. 초보 농업인도 쉽게 이해할 수 있도록 구성되어 있어 누구나 실천 가능한 안전관리를 돕습니다. 농사로와 함께라면 작은 준비로 큰 사고를 예방할 수 있습니다. 안전한 농작업, 지금 바로 시작하세요.",https://www.data.go.kr/data/15064141/openapi.do,농촌진흥청,OpenAPI search result
data.go.kr 농림축산식품 키워드,대구광역시 서구_어린이기호식품 우수판매업소 현황,"입력 파라미터를 이용하여 대구광역시 서구_어린이기호식품 우수판매업소 현황의 등록번호, 업소 명, 도로명주소, 연락처 항목을 제공하는 서비스 [법령명] 어린이 식생활안전관리 특별법",https://www.data.go.kr/data/15110522/openapi.do,대구광역시 서구,OpenAPI search result
data.go.kr 농림축산식품 키워드,제주특별자치도_제주축산물 가격동향 정보,"사업장, 가공업 구분, 대표자명 정보 제공",https://www.data.go.kr/data/15045467/openapi.do,제주특별자치도,OpenAPI search result
data.go.kr 농림축산식품 키워드,행정안전부_행정처분결과_식품제조가공업,- 해당 데이터는 식품의약품안전처에서 제공하는 행정처분결과(식품제조가공업) 정보입니다.,https://www.data.go.kr/data/15150625/openapi.do,행정안전부,OpenAPI search result
data.go.kr 농림축산식품 키워드,행정안전부_행정처분결과_식품접객업,- 해당 데이터는 식품의약품안전처에서 제공하는 행정처분결과(식품접객업) 정보입니다.,https://www.data.go.kr/data/15150624/openapi.do,행정안전부,OpenAPI search result
data.go.kr 농림축산식품 키워드,농촌진흥청 국립축산과학원_한우 씨수소 정보,"본 자료는 한우 씨수소의 개체별 이력관리를 위한 공공데이터로, 씨수소 비롯하여 부 및 모의 번호, 출생일, 근교계수(유전적 근친 정도), 생존 여부, 판매 여부 등의 정보를 포함하고 있습니다. 이를 통해 한우 씨수소의 혈통과 유전적 특성을 체계적으로 추적하고 관리할 수 있으며, 씨수소의 개량 성과 분석이나 번식 계획 수립 시 중요한 기준 자료로 활용됩니다. 특히 근교계수와 생존 상태, 유전적 배경 등은 유전적 다양성과 품종의 건전성 유지에 기여하며, 농가나 관계 기관은 이 정보를 바탕으로 우수한 씨수소를 선발하거나 효율적인 번식 전략을 수립할 수 있습니다",https://www.data.go.kr/data/15101999/openapi.do,농촌진흥청 국립축산과학원,OpenAPI search result
data.go.kr 농림축산식품 키워드,식품의약품안전처 식품의약품안전평가원_수입식품 중 농약 잔류허용기준 설정 진행상황 서비스,"잔류허용기준을 설정하는 식품의약품안전처 유해물질기준과에서 관리하는 게시판 형식의 메뉴이며, 수입식품 농약 잔류기준 설정(Imported MRL) 정보를 기준 신청한 농약회사에 보여줍니다",https://www.data.go.kr/data/15133586/openapi.do,식품의약품안전처 식품의약품안전평가원,OpenAPI search result
data.go.kr 농림축산식품 키워드,농림축산식품부_가축 통계 데이터,"본 정보는 축산물품질평가원의 소·돼지 축산물이력정보와 가축위생방역지원본부의 닭, 오리 등 기타 축종 방역정보를 기반으로 구축된 전국 축산농장 현황 정보입니다.",https://www.data.go.kr/data/15109076/openapi.do,농림축산식품부,OpenAPI search result
data.go.kr 농림축산식품 키워드,농림축산식품부_운영상태별 농장 통계 데이터 제공,"본 정보는 축산물품질평가원의 축산물이력정보(소, 돼지)와 가축위생방역지원본부(닭, 오리 등 기타 축종)의 축산농장 방역정보를 기반으로 구축된 전국 축산농장에 대한 운영상태별 현황 정보입니다",https://www.data.go.kr/data/15109073/openapi.do,농림축산식품부,OpenAPI search result
data.go.kr 농림축산식품 키워드,국토교통부_용도지역지구도(WMS/WFS),"건폐율·용적률·높이 등을 제한함으로써 토지를 경제적·효율적으로 이용하고 공공복리의 증진을 도모하기 위하여 서로 중복되지 않게 도시관리계획으로 결정하는 지역으로 도시지역, 관리지역, 농림지역",https://www.data.go.kr/data/15058773/openapi.do,국토교통부,OpenAPI search result
data.go.kr 농림축산식품 키워드,식품의약품안전처_식품용 기구 및 용기포장 공전,식품의약품안전처에서 관리하는 식품위생법에 따른 식품용 기구 및 용기포장 공전 자료입니다.,https://www.data.go.kr/data/15059199/openapi.do,식품의약품안전처,OpenAPI search result
data.go.kr 농림축산식품 키워드,농촌진흥청 국립축산과학원_가축사육기상정보_가축 더위지수,"축종별로 온도와 습도를 반영한 더위지수를 산출하여 가축의 생리적 스트레스 예측에 활용할 수 있으며, 축산농가에서는 이를 바탕으로 사육환경 조절, 냉방 장치 가동 시점 결정 등 폭염",https://www.data.go.kr/data/15102076/openapi.do,농촌진흥청 국립축산과학원,OpenAPI search result
data.go.kr 농림축산식품 키워드,식품의약품안전처_행정처분결과,"식품위생법, 수입식품안전관리 특별법, 식품 등 표시· 광고에 관한 법률 등 위반으로 행정처분을 받은 식품 관련 업체에 대한 속성정보를 제공합니다.",https://www.data.go.kr/data/15059500/openapi.do,식품의약품안전처,OpenAPI search result
data.go.kr 농림축산식품 키워드,대구광역시_맛집,"그리고 대구10미, 대빵(대구명품빵), 대구우수식품 등 대구의 대표 음식 브랜드 및 대구밀키트, 대구의 먹거리골목과 먹거리골목에 있는 음식점 등에 대한 내용들을 확인할 수 있어 이",https://www.data.go.kr/data/15057236/openapi.do,대구광역시,OpenAPI search result
data.go.kr 농림축산식품 키워드,한국식품안전관리인증원_HACCP 인증업체정보,"(HACCP 인증업체정보) HACCP 인증을 받은 업체의 HACCP인증번호, 축산/식품 업체 구분, 업체명, 사업자 번호, 대표자명, 주소, 지역1(시도), 지역2(시군구), 업태코드",https://www.data.go.kr/data/15033311/openapi.do,한국식품안전관리인증원,OpenAPI search result
data.go.kr 농림축산식품 키워드,식품의약품안전처_푸드QR 정보 서비스,"푸드QR 목록정보, 푸드QR 품목제조정보, 푸드QR 식품표시정보, 푸드QR 식품표시정보 주의사항, 푸드QR 식품표시정보 보관 및 취급방법, 푸드QR 식품표시정보 용기 및 포장재질,",https://www.data.go.kr/data/15143798/openapi.do,식품의약품안전처,OpenAPI search result
data.go.kr 농림축산식품 키워드,식품의약품안전처_인허가 업소 정보,"식품 관련 업체가 인허가를 받기 위해 제출한 기본 속성정보를 제공합니다. 속성정보로는 인허가번호, 업종, 업소명, 대표자명, 전화번호, 허가일자 등이 있습니다.",https://www.data.go.kr/data/15064977/openapi.do,식품의약품안전처,OpenAPI search result
data.go.kr 농림축산식품 키워드,경기도 광명시_축산물위생관리업체 현황,광명시 축산물위생관리업체 현황입니다,https://www.data.go.kr/data/15033140/openapi.do,경기도 광명시,OpenAPI search result
data.go.kr 농림축산식품 키워드,경기도_맛집 현황,"데이터는 경기도 식품안전과에서 제공하며, 향후 갱신은 이루어지지 않습니다.",https://www.data.go.kr/data/15057234/openapi.do,경기도,OpenAPI search result
data.go.kr 농림축산식품 키워드,행정안전부_동물_가축인공수정소 조회서비스,정리하여 인허가 현황을 일관되게 안내 - 해당 데이터에 대한 추가적인 자료 요청시 지자체 및 소관기관 담당자에게 문의 - 해당 데이터 법령 소관기관 및 문의처 : 농림축산식품부 축산정책과,https://www.data.go.kr/data/15155097/openapi.do,행정안전부,OpenAPI search result
data.go.kr 농림축산식품 키워드,행정안전부_동물_종축업 조회서비스,상세 주소를 비식별 조치하여 제공 - 해당 데이터에 대한 추가적인 자료 요청시 지자체 및 소관기관 담당자에게 문의 - 해당 데이터 법령 소관기관 및 문의처 : 농림축산식품부(축산정책과,https://www.data.go.kr/data/15155118/openapi.do,행정안전부,OpenAPI search result
data.go.kr 농림축산식품 키워드,식품의약품안전처_수산물 수입업체 현황 정보,"또한 식품안전 분야의 정보 투명성 제고, 식품산업 발전 지원, 데이터에 기반한 식품안전정책 수립, 맞춤형 서비스 개발 기반 제공으로 국민 편의성을 향상 시킬 수 있습니다.",https://www.data.go.kr/data/15064972/openapi.do,식품의약품안전처,OpenAPI search result
data.go.kr 농림축산식품 키워드,농림축산식품부_가축 분뇨 살포 현황,"해당 데이터는 축산농가의 가축분뇨 처리 및 자원화 현황을 정리한 자료로, 춘산농가, 액비저장조 등을 제공하고 있습니다.",https://www.data.go.kr/data/15056723/openapi.do,농림축산식품부,OpenAPI search result
data.go.kr 농림축산식품 키워드,행정안전부_어린이기호식품품질인증현황및재심사현황,"- 해당 데이터는 식품의약품안전처에서 제공하는 어린이기호식품품질인증현황 정보입니다.""",https://www.data.go.kr/data/15153232/openapi.do,행정안전부,OpenAPI search result
data.go.kr 농림축산식품 키워드,농림축산식품부_가축분뇨 작물별 액비살포현황,"해당 데이터는 가축분뇨 작물별 액비현황에 관한 자료로, 축산농가의 가축분뇨처리 및 자원화에 관한 정보를 제공하고 있습니다.",https://www.data.go.kr/data/15057104/openapi.do,농림축산식품부,OpenAPI search result
data.go.kr 농림축산식품 키워드,경기도 안양시_즉석판매제조가공업_현황,"이 자료는 시민들이 안전한 식품을 구매할 수 있도록 관련 업소 정보를 투명하게 공개하고, 보건 위생 관리를 강화할 목적으로 수집되었습니다.",https://www.data.go.kr/data/15126522/openapi.do,경기도 안양시,OpenAPI search result
data.go.kr 농림축산식품 키워드,국토교통부_주거환경개선지구도(WMS/WFS),"건폐율·용적률·높이 등을 제한함으로써 토지를 경제적·효율적으로 이용하고 공공복리의 증진을 도모하기 위하여 서로 중복되지 않게 도시관리계획으로 결정하는 지역으로 도시지역, 관리지역, 농림지역",https://www.data.go.kr/data/15059525/openapi.do,국토교통부,OpenAPI search result
data.go.kr 농림축산식품 키워드,한국식품안전관리인증원_HACCP 제품별 인증정보,"(HACCP 제품별 인증 정보제공 서비스) 전국의 HACCP 인증을 받은 식품기업이 생산 중인 HACCP 인증 제품에 대한 품목보고번호, 축산/식품구분, 제품명, 유형코드, 유형명,",https://www.data.go.kr/data/15033303/openapi.do,한국식품안전관리인증원,OpenAPI search result
data.go.kr 농림축산식품 키워드,식품의약품안전처_집단급식소 설치 현황,"또한 식품산업 발전 지원, 데이터에 기반한 식품안전정책 수립, 맞춤형 서비스 개발 기반 제공으로 국민 편의성을 향상 시킬 수 있습니다.",https://www.data.go.kr/data/15064978/openapi.do,식품의약품안전처,OpenAPI search result
data.go.kr 농림축산식품 키워드,국토교통부_도시지역,"건폐율·용적률·높이 등을 제한함으로써 토지를 경제적·효율적으로 이용하고 공공복리의 증진을 도모하기 위하여 서로 중복되지 않게 도시관리계획으로 결정하는 지역으로 도시지역, 관리지역, 농림지역",https://www.data.go.kr/data/15056805/openapi.do,국토교통부,OpenAPI search result
data.go.kr 농림축산식품 키워드,식품의약품안전처_식중독 원인물질별 정보,"또한 식품안전 분야의 정보 투명성 제고, 식품산업 발전 지원, 데이터에 기반한 식품안전정책 수립, 맞춤형 서비스 개발 기반 제공으로 국민 편의성을 향상 시킬 수 있습니다.",https://www.data.go.kr/data/15080799/openapi.do,식품의약품안전처,OpenAPI search result
data.go.kr 농림축산식품 키워드,국토교통부_수질측정망하천수지점,"물환경정보 물환경정보도(수생태계조사지점,수질자동측정망측정지점,수질측정망하천수지점,수질측정망호소수지점,수질측정망농업용수지점,수질측정망공단배수지점,수질측정망도시관류지점,농공단지처리시설,축산폐수공공처리시설",https://www.data.go.kr/data/15056655/openapi.do,국토교통부,OpenAPI search result
data.go.kr 농림축산식품 키워드,식품의약품안전처_기구.용기포장제조업,식품위생법에 따른 기구.용기 포장 제조업 관련 정보입니다.,https://www.data.go.kr/data/15064906/openapi.do,식품의약품안전처,OpenAPI search result
data.go.kr 농림축산식품 키워드,식품의약품안전처_동물용의약품 정보,"또한 식품안전 분야의 정보 투명성 제고, 식품산업 발전 지원, 데이터에 기반한 식품안전정책 수립, 맞춤형 서비스 개발 기반 제공으로 국민 편의성을 향상 시킬 수 있습니다.",https://www.data.go.kr/data/15074326/openapi.do,식품의약품안전처,OpenAPI search result
data.go.kr 농림축산식품 키워드,식품의약품안전처_농약 등록정보,"또한 식품안전 분야의 정보 투명성 제고, 식품산업 발전 지원, 데이터에 기반한 식품안전정책 수립, 맞춤형 서비스 개발 기반 제공으로 국민 편의성을 향상 시킬 수 있습니다.",https://www.data.go.kr/data/15087239/openapi.do,식품의약품안전처,OpenAPI search result
data.go.kr 농림축산식품 키워드,국토교통부_도시자연공원구역,"건폐율·용적률·높이 등을 제한함으로써 토지를 경제적·효율적으로 이용하고 공공복리의 증진을 도모하기 위하여 서로 중복되지 않게 도시관리계획으로 결정하는 지역으로 도시지역, 관리지역, 농림지역",https://www.data.go.kr/data/15059527/openapi.do,국토교통부,OpenAPI search result
data.go.kr 농림축산식품 키워드,식품의약품안전처_검사부적합(국내),"국내식품의 검사결과, 기준·규격 부적합 판정을 받은 제품(제조원, 제조일자, 유통기한이 동일한 제품만 해당)에 대한 속성정보를 제공합니다.",https://www.data.go.kr/data/15063677/openapi.do,식품의약품안전처,OpenAPI search result
data.go.kr 농림축산식품 키워드,식품의약품안전처_식중독 발생지역별 정보,"또한 식품안전 분야의 정보 투명성 제고, 식품산업 발전 지원, 데이터에 기반한 식품안전정책 수립, 맞춤형 서비스 개발 기반 제공으로 국민 편의성을 향상 시킬 수 있습니다.",https://www.data.go.kr/data/15080800/openapi.do,식품의약품안전처,OpenAPI search result
data.go.kr 농림축산식품 키워드,국토교통부_자연환경보전지역,"건폐율·용적률·높이 등을 제한함으로써 토지를 경제적·효율적으로 이용하고 공공복리의 증진을 도모하기 위하여 서로 중복되지 않게 도시관리계획으로 결정하는 지역으로 도시지역, 관리지역, 농림지역",https://www.data.go.kr/data/15057731/openapi.do,국토교통부,OpenAPI search result
data.go.kr 농림축산식품 키워드,식품의약품안전처_위생관리등급별 업소 현황,"또한 식품안전 분야의 정보 투명성 제고, 식품산업 발전 지원, 데이터에 기반한 식품안전정책 수립, 맞춤형 서비스 개발 기반 제공으로 국민 편의성을 향상 시킬 수 있습니다.",https://www.data.go.kr/data/15064937/openapi.do,식품의약품안전처,OpenAPI search result
data.go.kr 농림축산식품 키워드,식품의약품안전처_푸드트럭지정현황조회,"또한 푸드트럭에 대한 정보 제공, 식품산업 발전 지원, 데이터에 기반한 식품안전정책 수립, 맞춤형 서비스 개발 기반 제공으로 국민 편의성을 향상 시킬 수 있습니다.",https://www.data.go.kr/data/15111982/openapi.do,식품의약품안전처,OpenAPI search result
data.go.kr 농림축산식품 키워드,식품의약품안전처_용어사전(기구용기포장∙식의약품용어집),"또한 식품안전 분야의 정보 투명성 제고, 식품산업 발전 지원, 데이터에 기반한 식품안전정책 수립, 맞춤형 서비스 개발 기반 제공으로 국민 편의성을 향상 시킬 수 있습니다.",https://www.data.go.kr/data/15076885/openapi.do,식품의약품안전처,OpenAPI search result
data.go.kr 농림축산식품 키워드,식품의약품안전처_식중독 원인시설별 정보,"또한 식품안전 분야의 정보 투명성 제고, 식품산업 발전 지원, 데이터에 기반한 식품안전정책 수립, 맞춤형 서비스 개발 기반 제공으로 국민 편의성을 향상 시킬 수 있습니다.",https://www.data.go.kr/data/15080782/openapi.do,식품의약품안전처,OpenAPI search result
data.go.kr 농림축산식품 키워드,"식품의약품안전처_식품원재료(식물,동물,미생물,수산물) 정보","식품공전에 등재되어 있는 식물성, 동물성, 미생물, 수산물의 식품원재료에 대한 속성정보를 제공합니다.",https://www.data.go.kr/data/15081274/openapi.do,식품의약품안전처,OpenAPI search result
data.go.kr 농림축산식품 키워드,경기도 이천시_기업현황,"주요 산업은 전자부품, 식품, 화학제품, 물류 등으로 다양하며, 특히 하이닉스 등 대기업의 입지로 인해 제조업 비중이 높은 편입니다.",https://www.data.go.kr/data/15014462/openapi.do,경기도 이천시,OpenAPI search result
data.go.kr 농림축산식품 키워드,농촌진흥청 국립축산과학원_젖소 유전능력 평가결과,"이 데이터는 축산 농가가 우수 개체를 선발하거나 번식 계획을 수립할 때 유용하게 활용될 수 있으며, 육종개선, 유전적 다양성 확보, 생산성 향상 등 다양한 목적에 맞춰 적용이 가능합니다",https://www.data.go.kr/data/15102045/openapi.do,농촌진흥청 국립축산과학원,OpenAPI search result
data.go.kr 농림축산식품 키워드,경상북도 구미시_가축분뇨 배출시설 설치 허가 농가,"또한, 축산 환경 개선 및 지속 가능한 농업 발전을 위한 정책 수립, 행정 지원, 현장 점검 계획 수립 등 다양한 행정 업무에 유용하게 활용됩니다.",https://www.data.go.kr/data/15097251/openapi.do,경상북도 구미시,OpenAPI search result
data.go.kr 농림축산식품 키워드,농촌진흥청 국립식량과학원_벼 품종 이미지 정보 서비스,"벼 품종 이미지 정보를 제공하는 서비스 - 제공항목(벼 품종 이미지 목록 조회) : 인증키, 페이지 번호, 한 페이지 결과 수, 목록 번호, 데이터 상세 번호, 시험년도, 구분코드('A':특성검정, 'B' : 품종정보, 'C' : 육성품종, 'Z' : 기타), 품종구분코드, 품종구분명, 제목, 비고, 사용여부, 등록일자(YYYY-MM-DD), 첨부파일 수량, 품종ID, 품종명, 품종영어명, 데이터 총 개수 - 제공항목(벼 품종 이미지 상세 조회) : 결과코드, 결과메시지, 데이터 상세 번호, 파일번호, 파일제목, 파일경로, 파일명, 원본파일명, 파일용량, 파일사용여부, 등록일자, 파일링크URL",https://www.data.go.kr/data/15065007/openapi.do,농촌진흥청 국립식량과학원,OpenAPI search result
data.go.kr 농림축산식품 키워드,국토교통부_취락지구,"녹지지역·관리지역·농림지역·자연환경보전지역·개발제한구역 또는 도시자연공원구역의 취락을 정비하기 위한 지구 취락지구의 도형, 속성 정보를 조회",https://www.data.go.kr/data/15059282/openapi.do,국토교통부,OpenAPI search result
data.go.kr 농림축산식품 키워드,농림축산식품부 농림축산검역본부_도축장별 축종별 도축실적,"본 데이터를 활용하여 축산물 위생정책 수립,안전관리 강화, 도축시설 관리감독등의 업무에 참조자료로 할용가능 - 축산업게, 연구기관 등에서도 생산,유통 분석, 소비 동향 파악, 식품안전연구등의",https://www.data.go.kr/data/15058568/openapi.do,농림축산식품부 농림축산검역본부,OpenAPI search result
data.go.kr 농림축산식품 키워드,농촌진흥청 국립축산과학원_가축유전체 동결자원(정액),"국립축산과학원 가축유전자원정보시스템에서 제공하는 동결자원 데이터는 가축의 유전적 다양성과 우수 형질을 보존하기 위해 확보된 다양한 형태의 동결자원에 대한 정보를 담고 있습니다. 본 데이터는 동결자원의 명칭, 자원 종류명, 개체명호, 품종 등의 항목으로 구성되어 있으며, 국가 차원의 가축 유전자원 보존 및 활용 정책 수립에 중요한 기초자료로 활용됩니다. 이 정보를 통해 연구자와 축산업 종사자들은 희귀하거나 우수한 유전 형질을 가진 가축 자원의 활용 가능성을 높일 수 있으며, 품종 개선, 복제, 질병 저항성 증진 등의 연구와 실무에 직접적으로 응용할 수 있습니다.",https://www.data.go.kr/data/15102557/openapi.do,농촌진흥청 국립축산과학원,OpenAPI search result
data.go.kr 농림축산식품 키워드,경기도_가축 사육업체 현황,"총 23개 항목으로 구성되어 있으며, 사업장명, 인허가일자, 영업상태, 소재지 면적, 축산업무 및 축산물 가공업 구분, 종업원 수, 위치정보(WGS84 좌표), 축산고유번호 등 세부적인",https://www.data.go.kr/data/15058386/openapi.do,경기도,OpenAPI search result
data.go.kr 농림축산식품 키워드,식품의약품안전처_농약의 잔류허용기준 정보,"또한 식품안전 분야의 정보 투명성 제고, 식품산업 발전 지원, 데이터에 기반한 식품안전정책 수립, 맞춤형 서비스 개발 기반 제공으로 국민 편의성을 향상 시킬 수 있습니다.",https://www.data.go.kr/data/15074323/openapi.do,식품의약품안전처,OpenAPI search result
data.go.kr 농림축산식품 키워드,경기도 가금류 농장 현황,"특히 시군 단위로 데이터를 조회할 수 있어 지역별 가금류 사육 현황을 비교·분석할 수 있으며, 이는 정책 수립이나 축산 자원 관리, 방역 대책 마련에 중요한 기반 자료로 활용될 수",https://www.data.go.kr/data/15057795/openapi.do,경기도,OpenAPI search result
data.go.kr 농림축산식품 키워드,경기도_동물약국 현황,"항목으로는 시군명, 사업장명, 인허가일자, 영업상태, 주소(도로명 및 지번), 전화번호, 총종업원 수, 업태구분명, 위도·경도 좌표, 축산업무 구분명, 축산고유번호 등이 포함됩니다.",https://www.data.go.kr/data/15059138/openapi.do,경기도,OpenAPI search result
data.go.kr 농림축산식품 키워드,식품의약품안전처_위생용품품목제조보고,"또한 식품안전 분야의 정보 투명성 제고, 식품산업 발전 지원, 데이터에 기반한 식품안전정책 수립으로 국민 편의성을 향상 시킬 수 있습니다.",https://www.data.go.kr/data/15059675/openapi.do,식품의약품안전처,OpenAPI search result
data.go.kr 농림축산식품 키워드,식품의약품안전처_급식 학교 위탁급식업체 정보,학교는 집단 급식 형태로 제한된 공간과 정해진 시간에 식품을 제공(섭취)함에 따라 식중독 발생 시 다수의 인원이 동시에 발생되어 대형 식중독으로 확대될 우려가 높고 납품받은 식재료에서,https://www.data.go.kr/data/15117399/openapi.do,식품의약품안전처,OpenAPI search result
data.go.kr 농림축산식품 키워드,경기도_모범음식점 현황,이 데이터는 경기도 내 식품위생과 서비스 수준이 우수하다고 평가되어 모범음식점으로 지정된 업소의 정보를 포함하고 있습니다.,https://www.data.go.kr/data/15057674/openapi.do,경기도,OpenAPI search result
data.go.kr 농림축산식품 키워드,서울특별시농수산식품공사_경매결과,* 서울시농수산식품공사에서 제공중인 경매결과에 대한 API 입니다.,https://www.data.go.kr/data/15076020/openapi.do,서울특별시농수산식품공사,OpenAPI search result
data.go.kr 농림축산식품 키워드,경기도_일반음식점(김밥(도시락)) 현황,"본 데이터는 분식류 관련 외식업 동향 파악, 창업 입지 분석, 식품위생 관리, 정책 수립 등 여러 분야에서 활용할 수 있습니다.",https://www.data.go.kr/data/15056852/openapi.do,경기도,OpenAPI search result
data.go.kr 농림축산식품 키워드,"한국농수산식품유통공사_일별 도,소매 가격정보 조회","한국농수산식품유통공사의 조회 기간 동안 일평균 중도매인 판매가격 및 소매가격 정보 데이터로, 조사일자, 구분코드, 구분명, 부류코드, 부류명, 품목코드, 품목명, 품종코드, 품종명, 등급코드, 등급명, 시군구코드, 시군구명, 단위, 단위크기, 시장코드, 시장명, 조사일가격, 조사일kg환산가격, 원본등록일시를 제공합니다. ★ API명세서 및 관련 코드정보가 첨부되어 있습니다. 기대 활용 분야 - (국민) 농산물유통정보를 활용하여 농산물 판매·구매 계획 수립, 농산물 유통 분야 사업모델 발굴, 유통 과정 부가가치 창출, 개인 및 기관의 연구 목적으로 활용 등 다양한 빅데이터를 활용하여 융복합 기대 - (유통) 농산물유통정보 분석으로 생산성 관리, 재고관리 등 유통 분야 활용 - (농업종사자) 농산물유통정보 가격등락, 추이 정보 등을 활용, 농산물유통정보 데이터 확보를 통한 출하선택·결정권 강화 - (정책담당자) 농산물유통정보 분석을 통해 주요품목 수급안정 및 농산물 가격변동 완화 - (지자체:도매시장 개설자)농산물유통정보를 활용한 재고 및 물류 최적화",https://www.data.go.kr/data/15156057/openapi.do,한국농수산식품유통공사,OpenAPI search result
data.go.kr 농림축산식품 키워드,식품의약품안전처_유전자변형식품등의 안전성 평가 심사 결과 현황,"유전자변형식품 품목명, 상품명, 삽입된 유전자 내용, 업소명, 대표자명, 허가일자, 부여된 특성 내용, 통보번호, 제품종류 정보를 목록으로 제공합니다.",https://www.data.go.kr/data/15074313/openapi.do,식품의약품안전처,OpenAPI search result
data.go.kr 농림축산식품 키워드,기후에너지환경부 한강홍수통제소_용수관련정보,"LPCD, 생산량, 업종별 부과량, 지방상수도 자급률 등 공업용수: 하천수 이용량, 지하수 이용량, 해수 이용량, 산단 이용량 등 농업용수: 논용수 이용량, 밭용수 이용량, 축산용수",https://www.data.go.kr/data/15021448/openapi.do,기후에너지환경부 한강홍수통제소,OpenAPI search result
data.go.kr 농림축산식품 키워드,부산광역시_농산물 잔류농약검사 통계 서비스,잔류농약이란 병충해로부터 농작물을 보호하기 위해 사용한 농약 성분이 농산물이나 이를 원료로 한 식품에 남아 있는 것을 의미합니다.,https://www.data.go.kr/data/15056832/openapi.do,부산광역시,OpenAPI search result
data.go.kr 농림축산식품 키워드,식품의약품안전처_공유주방운영업 인허가 대장,"또한 공유주방운영업 분야의 정보 투명성 제고, 식품산업 발전 지원, 데이터에 기반한 식품안전정책 수립, 맞춤형 서비스 개발 기반 제공으로 국민 편의성을 향상 시킬 수 있습니다.",https://www.data.go.kr/data/15113763/openapi.do,식품의약품안전처,OpenAPI search result
data.go.kr 농림축산식품 키워드,농촌진흥청_표준사료 검색,농업인의 의사결정을 지원하는 실용적인 정보 제공으로 보다 체계적인 축산 관리를 경험해보세요.,https://www.data.go.kr/data/15057808/openapi.do,농촌진흥청,OpenAPI search result
data.go.kr 농림축산식품 키워드,부산광역시_유통 농산물 잔류농약검사 서비스,농산물 잔류농약 이란 병충해로부터 농작물을 지키기 위하여 사용한 농약이 농작물 또는 이를 원료로 사용한 식품 중에 남아있는 것을 말한다.,https://www.data.go.kr/data/15056595/openapi.do,부산광역시,OpenAPI search result
data.go.kr 농림축산식품 키워드,국토교통부_가축사육제한구역,"건폐율·용적률·높이 등을 제한함으로써 토지를 경제적·효율적으로 이용하고 공공복리의 증진을 도모하기 위하여 서로 중복되지 않게 도시관리계획으로 결정하는 지역으로 도시지역, 관리지역, 농림지역",https://www.data.go.kr/data/15056608/openapi.do,국토교통부,OpenAPI search result
data.go.kr 농림축산식품 키워드,국토교통부_물류창고업등록정보,"국토교통부에 등록하는 일반 물류창고업(해양수산부 항만창고 포함) 외에 관세청의 보세창고, 환경부의 유해화학물질 보관창고, 식품의약품안전처의 (식품)냉동냉장창고, (축산)축산물보관창고",https://www.data.go.kr/data/3048029/openapi.do,국토교통부,OpenAPI search result
data.go.kr 농림축산식품 키워드,식품의약품안전처_행정처분결과(수입식품업),"식품의약품안전처에서 관리하는 수입식품업(수입식품수입·판매업, 신고 대행업, 인터넷 구매 대행업, 보관업) 행정처분결과에 대한 업체정보, 처분내용, 위반일자 등에 대한 속성정보를 제공합니다",https://www.data.go.kr/data/15125111/openapi.do,식품의약품안전처,OpenAPI search result
data.go.kr 농림축산식품 키워드,경기도_한우농가 지도관리 현황,"이를 통해 축산 행정의 재정 집행 현황, 지역별 한우 관련 정책의 중점 분야, 스마트축산이나 품질관리 사업의 확산 여부 등을 파악할 수 있으며, 지역 맞춤형 축산 지원 전략 수립에도",https://www.data.go.kr/data/15056696/openapi.do,경기도,OpenAPI search result
data.go.kr 농림축산식품 키워드,경기도_가축분뇨처리시설 현황,"본 데이터는 축산 폐기물의 위생적 처리와 수질오염 방지를 위한 시설 운영 현황을 파악하는 데 활용되며, 환경정책 수립, 가축분뇨 처리 계획 수립, 하천 수질 보호 등의 연구 및 행정에",https://www.data.go.kr/data/15059260/openapi.do,경기도,OpenAPI search result
data.go.kr 농림축산식품 키워드,식품의약품안전처_집단급식소 인허가 대장,"또한 식품안전 분야의 정보 투명성 제고, 식품산업 발전 지원, 데이터에 기반한 식품안전정책 수립, 맞춤형 서비스 개발 기반 제공으로 국민 편의성을 향상 시킬 수 있습니다.",https://www.data.go.kr/data/15096882/openapi.do,식품의약품안전처,OpenAPI search result
data.go.kr 농림축산식품 키워드,식품의약품안전처_축산물품목제조보고(원재료),"식품안전나라에서 기개방중인 축산물품목제조보고(원재료) 정보로 업소명 , 품목제조번호 , 허가일자 , 품목명 , 유형 , 원재료 , 인허가번호 등의 정보를 제공합니다.",https://www.data.go.kr/data/15095544/openapi.do,식품의약품안전처,OpenAPI search result
data.go.kr 농림축산식품 키워드,식품의약품안전처_어린이 급식센터 지원현황,"또한 식품안전 분야의 정보 투명성 제고, 식품산업 발전 지원, 데이터에 기반한 식품안전정책 수립, 맞춤형 서비스 개발 기반 제공으로 국민 편의성을 향상 시킬 수 있습니다.",https://www.data.go.kr/data/15096888/openapi.do,식품의약품안전처,OpenAPI search result
data.go.kr 농림축산식품 키워드,농촌진흥청_음식 기본 정보,음식 관리코드 목록과 농식품 종합정보를 체계적으로 제공하여 다양한 식품 관련 데이터를 효율적으로 활용할 수 있도록 지원합니다.,https://www.data.go.kr/data/15086527/openapi.do,농촌진흥청,OpenAPI search result
data.go.kr 농림축산식품 키워드,식품의약품안전처_축산물 생산실적정보,"또한 식품안전 분야의 정보 투명성 제고, 식품산업 발전 지원, 데이터에 기반한 식품안전정책 수립으로 국민 편의성을 향상 시킬 수 있습니다.",https://www.data.go.kr/data/15083646/openapi.do,식품의약품안전처,OpenAPI search result
data.go.kr 농림축산식품 키워드,식품의약품안전처_LMO 수입승인 정보,"또한 식품안전 분야의 정보 투명성 제고, 식품산업 발전 지원, 데이터에 기반한 식품안전정책 수립, 맞춤형 서비스 개발 기반 제공으로 국민 편의성을 향상 시킬 수 있습니다.",https://www.data.go.kr/data/15074312/openapi.do,식품의약품안전처,OpenAPI search result
data.go.kr 농림축산식품 키워드,농촌진흥청 국립식량과학원_농산물 효능 정보 서비스,"기능성(효능), 식품(농산물), 성분(CAS_NO) 실험(동물시험, 세포시험, 인체시험, 시험관시험 등)에 대한 논문정보(논문명, 저널명, 발행년도 등)제공 - 제공항목 : 발행년도",https://www.data.go.kr/data/15143614/openapi.do,농촌진흥청 국립식량과학원,OpenAPI search result
data.go.kr 농림축산식품 키워드,경기도_일반음식점(까페) 현황,"커피 및 음료와 함께 간단한 음식을 제공하는 업소들이 대상이며, 식품안전 관리, 지역 상권 분석, 관광 기반 자료로 활용할 수 있습니다.",https://www.data.go.kr/data/15058598/openapi.do,경기도,OpenAPI search result
data.go.kr 농림축산식품 키워드,식품의약품안전처_수입쇠고기 유통이력 정보,"또한 식품안전 분야의 정보 투명성 제고, 식품산업 발전 지원, 데이터에 기반한 식품안전정책 수립, 맞춤형 서비스 개발 기반 제공으로 국민 편의성을 향상 시킬 수 있습니다.",https://www.data.go.kr/data/15074332/openapi.do,식품의약품안전처,OpenAPI search result
data.go.kr 농림축산식품 키워드,식품의약품안전처_축산물 품목제조정보,"속성정보로는 인허가번호 , 업소명 , 품목제조번호 , 보고일자 , 제품명 , 유형 , 생산종료여부 , 고열량저영양식품여부 , 어린이기호식품품질인증여부 , 소비기한 , 업종 , 최종수정일자가",https://www.data.go.kr/data/15058685/openapi.do,식품의약품안전처,OpenAPI search result
data.go.kr 농림축산식품 키워드,국토교통부_방재지구,"건폐율·용적률·높이 등을 제한함으로써 토지를 경제적·효율적으로 이용하고 공공복리의 증진을 도모하기 위하여 서로 중복되지 않게 도시관리계획으로 결정하는 지역으로 도시지역, 관리지역, 농림지역",https://www.data.go.kr/data/15057619/openapi.do,국토교통부,OpenAPI search result
data.go.kr 농림축산식품 키워드,국토교통부_수질측정망호소수지점,"물환경정보 물환경정보도(수생태계조사지점,수질자동측정망측정지점,수질측정망하천수지점,수질측정망호소수지점,수질측정망농업용수지점,수질측정망공단배수지점,수질측정망도시관류지점,농공단지처리시설,축산폐수공공처리시설",https://www.data.go.kr/data/15057734/openapi.do,국토교통부,OpenAPI search result
data.go.kr 농림축산식품 키워드,농촌진흥청 국립식량과학원_농식품 기능성 플라보노이드 성분 정보,"기능성 플라보노이드 성분(번호, 식품ID, 식품 명, 시료ID, 성분 함량, 이미지 URL 등)의 정보를 제공하며, 시료ID 값으로 조회 가능 - 제공항목(기능성 플라보노이드 시료ID",https://www.data.go.kr/data/15143914/openapi.do,농촌진흥청 국립식량과학원,OpenAPI search result
data.go.kr 농림축산식품 키워드,세종특별자치시_휴게음식점 정보,"세종특별자치시에 있는 휴게음식점 정보(업종, 업소명, 업태, 전화번호, 도로명 주소, 지번 주소)를 제공합니다.",https://www.data.go.kr/data/15111345/openapi.do,세종특별자치시,OpenAPI search result
data.go.kr 농림축산식품 키워드,경기도_식육포장 처리업체 현황,"인허가일자 및 취소일자, 영업상태, 폐업일자, 총 종업원 수, 소재지 주소(도로명 및 지번), 우편번호, 위경도 좌표(WGS84 기준), 소재지 면적, 축산업무 및 축산물가공업 구분, 축산고유번호",https://www.data.go.kr/data/15057154/openapi.do,경기도,OpenAPI search result
data.go.kr 농림축산식품 키워드,농림축산식품부_축종별 가축보험가입 통계정보,"이 데이터는 축산농가가 자신이 사육하는 축종의 보험 가입 현황을 참고하여 합리적인 가입 결정을 내리는 데 도움이 되며, 정책 담당자에게는 축종별 보험 수요와 리스크 관리 필요성을 반영한",https://www.data.go.kr/data/15059494/openapi.do,농림축산식품부,OpenAPI search result
data.go.kr 농림축산식품 키워드,경기도_집단급식소 현황(기타),"해당 데이터는 어린이집, 학교, 사회복지시설, 기업체 등에서 운영 중인 집단급식소를 포함하며, 식품위생 행정관리, 식중독 예방 정책 수립, 식생활 안전 확보, 식품위생 점검 대상 선정",https://www.data.go.kr/data/15058646/openapi.do,경기도,OpenAPI search result
data.go.kr 농림축산식품 키워드,국토교통부_국토계획구역,"건폐율·용적률·높이 등을 제한함으로써 토지를 경제적·효율적으로 이용하고 공공복리의 증진을 도모하기 위하여 서로 중복되지 않게 도시관리계획으로 결정하는 지역으로 도시지역, 관리지역, 농림지역",https://www.data.go.kr/data/15056802/openapi.do,국토교통부,OpenAPI search result
data.go.kr 농림축산식품 키워드,경기도_푸드뱅크 현황,"이 데이터는 경기도 내 기부식품 제공 사업장에 대한 현황 자료로, 푸드뱅크와 푸드마켓 형태의 운영기관 정보를 포함합니다.",https://www.data.go.kr/data/15059074/openapi.do,경기도,OpenAPI search result
data.go.kr 농림축산식품 키워드,농촌진흥청 국립식량과학원_농식품 식단관리 음식정보 제공,"식단관리(메뉴젠) 음식(음식코드, 대분류, 중분류, 식품명 중량) 정보를 제공하며, 식품분류 코드 및 식품명으로 조회 - 제공 항목(농식품 식단관리 음식정보 제공) : 식품 중량(",https://www.data.go.kr/data/15141900/openapi.do,농촌진흥청 국립식량과학원,OpenAPI search result
data.go.kr 농림축산식품 키워드,식품의약품안전처_즉석판매제조가공업 폐업정보,"또한 식품안전 분야의 정보 투명성 제고, 식품산업 발전 지원, 데이터에 기반한 식품안전정책 수립으로 국민 편의성을 향상 시킬 수 있습니다.",https://www.data.go.kr/data/15077132/openapi.do,식품의약품안전처,OpenAPI search result
data.go.kr 농림축산식품 키워드,한국농수산식품유통공사_전국 산지공판장 거래정보 조회,"한국농수산식품유통공사의 도매시장 밖에 위치하며, 산지의 수집, 분산 기능을 담당하는 전국 산지공판장의 거래정보 데이터로, 정산일자, 공판장코드, 도매시장명, 원표번호, 경매순서, 경매순서2, 경매장구분, 매매구분, 상품대분류코드, 상품대분류명, 상품중분류코드, 상품중분류명, 상품소분류코드, 상품소분류명, 법인상품코드, 법인상품품목명, 법인상품품종명, 단위코드, 단위명, 포장코드, 포장명, 크기코드, 크기명, 등급코드, 등급명, 물량, 낙찰가, 원산지코드, 원산지명, 출하구분, 단위총물량, 총가격, 단위중량, 원본등록일시, 낙찰일시를 제공합니다. ★ API명세서 및 관련 코드정보가 첨부되어 있습니다.",https://www.data.go.kr/data/15156054/openapi.do,한국농수산식품유통공사,OpenAPI search result
data.go.kr 농림축산식품 키워드,부산광역시_위생등급지정업소정보서비스,위생등급은 식품의약품안전처에서 음식점이나 식품 취급 시설의 위생 상태를 평가하여 등급을 부여하는 제도입니다.,https://www.data.go.kr/data/15095251/openapi.do,부산광역시,OpenAPI search result
data.go.kr 농림축산식품 키워드,식품의약품안전처_기구등의 살균소독제 기준규격 정보,"또한 식품안전 분야의 정보 투명성 제고, 식품산업 발전 지원, 데이터에 기반한 식품안전정책 수립, 맞춤형 서비스 개발 기반 제공으로 국민 편의성을 향상 시킬 수 있습니다.",https://www.data.go.kr/data/15074329/openapi.do,식품의약품안전처,OpenAPI search result
data.go.kr 농림축산식품 키워드,"부산광역시_경매전 농산물 잔류농약검사(엄궁, 반여) 서비스","날이 갈수록 음식의 안전성에 대해 관심이 높아지고 또 안전한 먹거리를 찾는 수요도 높아지고 있어서 소비자들이 안전한 농산물을 구매하여 소비할 수 있도록 엄궁, 반여 두 곳의 농산물도매시장에서 출하하여 시중에 유통시키는 농산물, 한약재 등의 중금속 등 농약에 대한 안정성 검사 결과 정보를 제공합니다. 감, 감귤, 딸기, 밀감, 복숭아, 사과, 산딸기, 자두, 키워, 포도 등 과일 12종과 가지, 갓, 고추, 깻잎, 대파, 무, 배추, 부추, 토마토, 시금치, 오이 등 채소 59종에 대한 잔류 농약검사 결과를 제공합니다. 소비자들은 잔류농약 검사결과를 통해서 구매해서 소비하는 농산물이 농약 등 중금속 오염으로부터 안전한지를 확인하고 구매하여 안전하고 건강한 식생활을 할 수 있습니다. -부산광역시_농산물 잔류농약검사 정보(검체명, 품목, 분류, 검출농약, 검출농도 판정 등)",https://www.data.go.kr/data/15057968/openapi.do,부산광역시,OpenAPI search result
data.go.kr 농림축산식품 키워드,식품의약품안전처_축산물HACCP지정 정보,"인허가일자 , 회사명 , 회사주소 , 작업장주소 , 위생검사일자 , 심사결과 , 브랜드명 , 친환경인증여부 , 인증시작일자 , 인증종료일자 *HACCP: 해썹(HACCP) 제도는 식품을",https://www.data.go.kr/data/15074310/openapi.do,식품의약품안전처,OpenAPI search result
data.go.kr 농림축산식품 키워드,한국농수산식품유통공사_가격 등락 정보 조회,"한국농수산식품유통공사의 조회일 기준 전일, 전주, 전월, 전년 대비 등락률 정보 데이터로, 조사일자, 구분코드, 구분명, 부류코드, 부류명, 품목코드, 품목명, 품종코드, 품종명, 등급코드, 등급명, 단위, 단위크기, 조사일평균가격, 조사일kg환산평균가격, 1일전비교등락율, 1주일전비교등락율, 1개월전비교등락율, 1년전비교등락율을 제공합니다. ★ API명세서 및 관련 코드정보가 첨부되어 있습니다. 기대활용분야 - (국민) 농산물유통정보를 활용하여 농산물 판매·구매 계획 수립, 농산물 유통 분야 사업모델 발굴, 유통 과정 부가가치 창출, 개인 및 기관의 연구 목적으로 활용 등 다양한 빅데이터를 활용하여 융복합 기대 - (유통) 농산물유통정보 분석으로 생산성 관리, 재고관리 등 유통 분야 활용 - (농업종사자) 농산물유통정보 가격등락, 추이 정보 등을 활용, 농산물유통정보 데이터 확보를 통한 출하선택·결정권 강화 - (정책담당자) 농산물유통정보 분석을 통해 주요품목 수급안정 및 농산물 가격변동 완화 - (지자체:도매시장 개설자)농산물유통정보를 활용한 재고 및 물류 최적화",https://www.data.go.kr/data/15156070/openapi.do,한국농수산식품유통공사,OpenAPI search result
data.go.kr 농림축산식품 키워드,식품의약품안전처_기구등의 살균소독제 한시적 기준 및 규격 인정 현황,"또한 식품안전 분야의 정보 투명성 제고, 식품산업 발전 지원, 데이터에 기반한 식품안전정책 수립, 맞춤형 서비스 개발 기반 제공으로 국민 편의성을 향상 시킬 수 있습니다.",https://www.data.go.kr/data/15058635/openapi.do,식품의약품안전처,OpenAPI search result
data.go.kr 농림축산식품 키워드,식품의약품안전처_식품업소 인허가 변경 정보,식품위생법에 따른 식품업소의 인허가 변경 사항을 제공합니다.,https://www.data.go.kr/data/15145168/openapi.do,식품의약품안전처,OpenAPI search result
data.go.kr 농림축산식품 키워드,식품의약품안전처_축산물 식육포장처리업영업허가대장,"또한 식품산업 발전 지원, 데이터에 기반한 식품안전정책 수립, 맞춤형 서비스 개발 기반 제공으로 국민 편의성을 향상 시킬 수 있습니다.",https://www.data.go.kr/data/15064840/openapi.do,식품의약품안전처,OpenAPI search result
data.go.kr 농림축산식품 키워드,한국식품안전관리인증원_HACCP 업종공정별 중요관리점 통계정보,"(HACCP 업종공정별 중요관리점 통계정보 제공 서비스) 전국 식품업체 중 HACCP 인증을 받은 업체의 업종공정별 중요관리점 관련 축산/식품구분, 업종명, 유형명, 공정명, 업종(",https://www.data.go.kr/data/15033312/openapi.do,한국식품안전관리인증원,OpenAPI search result
data.go.kr 농림축산식품 키워드,경기도_식중독 발생 현황,"감염병 예방, 식중독 위험 예측 및 대응 체계 수립, 식품안전 관리 정책 개발 등에 유용하게 활용될 수 있습니다.",https://www.data.go.kr/data/15056661/openapi.do,경기도,OpenAPI search result
data.go.kr 농림축산식품 키워드,식품의약품안전처_수산물이력정보-출하정보,"또한 식품안전 분야의 정보 투명성 제고, 식품산업 발전 지원, 데이터에 기반한 식품안전정책 수립, 맞춤형 서비스 개발 기반 제공으로 국민 편의성을 향상 시킬 수 있습니다.",https://www.data.go.kr/data/15064940/openapi.do,식품의약품안전처,OpenAPI search result
data.go.kr 농림축산식품 키워드,식품의약품안전처_과태료부과기준,"식품관련 법령의 과태료 부과기준 관련 정보입니다. 처분기준코드 , 처분기준명 , 레벨 , 근거법령 , 위반유형 , 유효시작일자 , 유효종료일자의 속성정보를 제공합니다.",https://www.data.go.kr/data/15064956/openapi.do,식품의약품안전처,OpenAPI search result
data.go.kr 농림축산식품 키워드,농촌진흥청 국립식량과학원_농식품 우리술 성분 정보,"우리술 성분(일반성분, 유기산, 유리당, 향기성분, 유리아미노산) 정보를 제공하며 주종코드, 년도, 분석항목으로 조회 - 제공항목(우리술 성분 정보 조회) : 분석 상세 코드(cmpr_Dtl_Code), 분석상세 명(cmpr_Dtl_Nm), 분석상세 영문명(cmpr_Dtl_Nm), 특징(sfe), 감미도(prsiundo), 강도(in_Value), 입상주(mouthresdng), 비입상주(ctmouthresdng), 검정통계량(%)(f_Value), 유의확률(%)(p_Value), 측정년도(measure_Year), 주종 코드(achl_Kind_Code), 주종 명(achl_Kind_Nm), 시료 수(sample_Cnt), 시료 비고(sample_Rm), 분석항목 목록(cmpr_Item_List)",https://www.data.go.kr/data/15141892/openapi.do,농촌진흥청 국립식량과학원,OpenAPI search result
data.go.kr 농림축산식품 키워드,대구광역시_먹거리골목별 음식점,"그리고 대구10미, 대빵(대구명품빵), 대구우수식품 등 대구의 대표 음식 브랜드 및 대구밀키트, 대구의 먹거리골목과 먹거리골목에 있는 음식점 등에 대한 내용들을 확인할 수 있어 이",https://www.data.go.kr/data/15086132/openapi.do,대구광역시,OpenAPI search result
data.go.kr 농림축산식품 키워드,식품의약품안전처_수입쇠고기 냉동전환 정보,"또한 식품안전 분야의 정보 투명성 제고, 식품산업 발전 지원, 데이터에 기반한 식품안전정책 수립, 맞춤형 서비스 개발 기반 제공으로 국민 편의성을 향상 시킬 수 있습니다.",https://www.data.go.kr/data/15097884/openapi.do,식품의약품안전처,OpenAPI search result
data.go.kr 농림축산식품 키워드,식품의약품안전처_기구 및 용기.포장의 한시적 기준 및 규격 인정 현황,식품의약품안전처에서 관리하는 식품위생법에 따른 기구 및 용기.포장의 한시적 기준 및 규격 인정 현황 자료입니다.,https://www.data.go.kr/data/15057488/openapi.do,식품의약품안전처,OpenAPI search result
data.go.kr 농림축산식품 키워드,한국농수산식품유통공사_가격 추이 정보 조회,"한국농수산식품유통공사의 조회일 기준 평균가격, 1~4주전 평균가격 추이 제공 데이터로, 조사일자, 구분코드, 구분명, 부류코드, 부류명, 품목코드, 품목명, 품종코드, 품종명, 등급코드, 등급명, 단위, 단위크기, 조사일평균가격, 조사일kg환산평균가격, 1주일전평균가격, 1주일전kg환산평균가격, 2주일전평균가격, 2주일전kg환산평균가격, 3주일전평균가격, 3주일전kg환산평균가격, 4주일전평균가격, 4주일전kg환산평균가격을 제공합니다. ★ API명세서 및 관련 코드정보가 첨부되어 있습니다. 기대활용분야 - (국민) 농산물유통정보를 활용하여 농산물 판매·구매 계획 수립, 농산물 유통 분야 사업모델 발굴, 유통 과정 부가가치 창출, 개인 및 기관의 연구 목적으로 활용 등 다양한 빅데이터를 활용하여 융복합 기대 - (유통) 농산물유통정보 분석으로 생산성 관리, 재고관리 등 유통 분야 활용 - (농업종사자) 농산물유통정보 가격등락, 추이 정보 등을 활용, 농산물유통정보 데이터 확보를 통한 출하선택·결정권 강화 - (정책담당자) 농산물유통정보 분석을 통해 주요품목 수급안정 및 농산물 가격변동 완화 - (지자체:도매시장 개설자)농산물유통정보를 활용한 재고 및 물류 최적화",https://www.data.go.kr/data/15156069/openapi.do,한국농수산식품유통공사,OpenAPI search result
data.go.kr 농림축산식품 키워드,경상남도 진주시_음식점,"본 데이터는 시민과 관광객이 음식점을 선택할 때 참고 자료로 활용할 수 있을 뿐만 아니라, 지역 외식업 분포 분석, 상권 변화 추세 파악, 식품 위생 관리 지원 등 행정적 활용에도",https://www.data.go.kr/data/15068868/openapi.do,경상남도 진주시,OpenAPI search result
data.go.kr 농림축산식품 키워드,식품의약품안전처_수입식품등영업신고대장,이 자료는 수입식품안전관리 특별법에 따른 수입식품등 수입판매업 등 영업에 대한 신고대장 자료입니다.,https://www.data.go.kr/data/15062902/openapi.do,식품의약품안전처,OpenAPI search result
data.go.kr 농림축산식품 키워드,"한국농수산식품유통공사_연월별 도,소매가격정보 조회","한국농수산식품유통공사의 조회 기간(연월) 동안 중도매인 판매가격 및 소매가격 정보 데이터로, 조사연월, 시군구코드, 시군구명, 구분코드, 구분명, 부류코드, 부류명, 품목코드, 품목명, 품종코드, 품종명, 등급코드, 등급명, 단위, 단위크기, 월별평균가, 월별최고가, 월별최저가, 월별표준편차, 월별변동계수, 월별진폭계수, 연별평균가, 연별최고가, 연별최저가, 연별표준편차, 연별변동계수, 연별진폭계수, 원본등록일시를 제공합니다. ★ API명세서 및 관련 코드정보가 첨부되어 있습니다. 기대 활용 분야 - (국민) 농산물유통정보를 활용하여 농산물 판매·구매 계획 수립, 농산물 유통 분야 사업모델 발굴, 유통 과정 부가가치 창출, 개인 및 기관의 연구 목적으로 활용 등 다양한 빅데이터를 활용하여 융복합 기대 - (유통) 농산물유통정보 분석으로 생산성 관리, 재고관리 등 유통 분야 활용 - (농업종사자) 농산물유통정보 가격등락, 추이 정보 등을 활용, 농산물유통정보 데이터 확보를 통한 출하선택·결정권 강화 - (정책담당자) 농산물유통정보 분석을 통해 주요품목 수급안정 및 농산물 가격변동 완화 - (지자체:도매시장 개설자)농산물유통정보를 활용한 재고 및 물류 최적화",https://www.data.go.kr/data/15156060/openapi.do,한국농수산식품유통공사,OpenAPI search result
data.go.kr 농림축산식품 키워드,"한국농수산식품유통공사_지역별 품목별 도,소매 가격정보 조회","한국농수산식품유통공사의 조회기간 기준 지역별, 품목별 중도매인 판매가격 및 소매가격 정보 데이터로, 조사일자, 구분코드, 구분명, 부류코드, 부류명, 품목코드, 품목명, 품종코드, 품종명, 등급코드, 등급명, 시군구코드, 시군구명, 단위, 단위크기, 조사일최저가격, 조사일환산최저가격, 조사일평균가격, 조사일환산평균가격, 조사일최고가격, 조사일환산최고가격을 제공합니다. ★ API명세서 및 관련 코드정보가 첨부되어 있습니다. 기대활용분야 - (국민) 농산물유통정보를 활용하여 농산물 판매·구매 계획 수립, 농산물 유통 분야 사업모델 발굴, 유통 과정 부가가치 창출, 개인 및 기관의 연구 목적으로 활용 등 다양한 빅데이터를 활용하여 융복합 기대 - (유통) 농산물유통정보 분석으로 생산성 관리, 재고관리 등 유통 분야 활용 - (농업종사자) 농산물유통정보 가격등락, 추이 정보 등을 활용, 농산물유통정보 데이터 확보를 통한 출하선택·결정권 강화 - (정책담당자) 농산물유통정보 분석을 통해 주요품목 수급안정 및 농산물 가격변동 완화 - (지자체:도매시장 개설자)농산물유통정보를 활용한 재고 및 물류 최적화",https://www.data.go.kr/data/15156062/openapi.do,한국농수산식품유통공사,OpenAPI search result
data.go.kr 농림축산식품 키워드,"한국농수산식품유통공사_최근일자 도,소매가격정보 조회","한국농수산식품유통공사의 조회일 기준 1일, 1주일, 1개월, 1년 전 평균 중도매인 판매가격 및 소매가격 정보 데이터로, 조사일자, 구분코드, 구분명, 부류코드, 부류명, 품목코드, 품목명, 품종코드, 품종명, 등급코드, 등급명, 단위, 단위크기, 조사일평균가격, 조사일kg환산평균가격, 1일전가격, 1일전kg환산가격, 1주일전가격, 1주일전kg환산가격, 1개월전가격, 1개월전kg환산가격, 1년전가격, 1년전kg환산가격을 제공합니다. ★ API명세서 및 관련 코드정보가 첨부되어 있습니다. 기대활용분야 - (국민) 농산물유통정보를 활용하여 농산물 판매·구매 계획 수립, 농산물 유통 분야 사업모델 발굴, 유통 과정 부가가치 창출, 개인 및 기관의 연구 목적으로 활용 등 다양한 빅데이터를 활용하여 융복합 기대 - (유통) 농산물유통정보 분석으로 생산성 관리, 재고관리 등 유통 분야 활용 - (농업종사자) 농산물유통정보 가격등락, 추이 정보 등을 활용, 농산물유통정보 데이터 확보를 통한 출하선택·결정권 강화 - (정책담당자) 농산물유통정보 분석을 통해 주요품목 수급안정 및 농산물 가격변동 완화 - (지자체:도매시장 개설자)농산물유통정보를 활용한 재고 및 물류 최적화",https://www.data.go.kr/data/15156063/openapi.do,한국농수산식품유통공사,OpenAPI search result
data.go.kr 농림축산식품 키워드,한국농수산식품유통공사_출하량 추이 정보 조회,"한국농수산식품유통공사의 조회일 기준 1~4주전 농산물 평균출하수량 및 평균출하량 추이 제공 데이터로, 출하일자, 도매시장코드, 도매시장명, 법인코드, 법인명, 상품대분류코드, 상품대분류명, 상품중분류코드, 상품중분류명, 상품소분류코드, 상품소분류명, 단위코드, 단위명, 단위물량, 평균출하수량, 평균출하량, 1주일전평균출하수량, 1주일전평균출하량, 2주일전평균출하수량, 2주일전평균출하량, 3주일전평균출하수량, 3주일전평균출하량, 4주일전평균출하수량, 4주일전평균출하량을 제공합니다. ★ API명세서 및 관련 코드정보가 첨부되어 있습니다. 기대활용분야 - (국민) 농산물유통정보를 활용하여 농산물 판매·구매 계획 수립, 농산물 유통 분야 사업모델 발굴, 유통 과정 부가가치 창출, 개인 및 기관의 연구 목적으로 활용 등 다양한 빅데이터를 활용하여 융복합 기대 - (유통) 농산물유통정보 분석으로 생산성 관리, 재고관리 등 유통 분야 활용 - (농업종사자) 농산물유통정보 가격등락, 추이 정보 등을 활용, 농산물유통정보 데이터 확보를 통한 출하선택·결정권 강화 - (정책담당자) 농산물유통정보 분석을 통해 주요품목 수급안정 및 농산물 가격변동 완화 - (지자체:도매시장 개설자)농산물유통정보를 활용한 재고 및 물류 최적화",https://www.data.go.kr/data/15156075/openapi.do,한국농수산식품유통공사,OpenAPI search result
data.go.kr 농림축산식품 키워드,국토교통부_고도지구,"건폐율·용적률·높이 등을 제한함으로써 토지를 경제적·효율적으로 이용하고 공공복리의 증진을 도모하기 위하여 서로 중복되지 않게 도시관리계획으로 결정하는 지역으로 도시지역, 관리지역, 농림지역",https://www.data.go.kr/data/15057944/openapi.do,국토교통부,OpenAPI search result
data.go.kr 농림축산식품 키워드,농림축산식품부 국립농산물품질관리원_친환경 인증정보,"인증기관으로부터 환경을 오염하지 않고 농산물 및 유기식품에 대하여 재배, 수확, 유통함을 인증 받은 단체 및 개인의 인증번호, 인증 시작일 및 인증 종료일, 인증 품목명, 인증 단체명",https://www.data.go.kr/data/15141827/openapi.do,농림축산식품부 국립농산물품질관리원,OpenAPI search result
data.go.kr 농림축산식품 키워드,한국농수산식품유통공사_친환경농산물 가격정보 조회,"한국농수산식품유통공사의 조회 기간 동안 친환경농산물의 소매 가격정보 데이터로, 조사일자, 구분코드, 구분명, 부류코드, 부류명, 품목코드, 품목명, 품종코드, 품종명, 등급코드, 등급명, 시군구코드, 시군구명, 단위, 단위크기, 시장코드, 시장명, 조사일가격, 조사일kg환산가격, 원본등록일시를 제공합니다. ★ API 명세서 및 API 활용에 필요한 코드정보가 첨부되어 있습니다. 기대활용분야 - (국민) 농산물유통정보를 활용하여 농산물 판매·구매 계획 수립, 농산물 유통 분야 사업모델 발굴, 유통 과정 부가가치 창출, 개인 및 기관의 연구 목적으로 활용 등 다양한 빅데이터를 활용하여 융복합 기대 - (유통) 농산물유통정보 분석으로 생산성 관리, 재고관리 등 유통 분야 활용 - (농업종사자) 농산물유통정보 가격등락, 추이 정보 등을 활용, 농산물유통정보 데이터 확보를 통한 출하선택·결정권 강화 - (정책담당자) 농산물유통정보 분석을 통해 주요품목 수급안정 및 농산물 가격변동 완화 - (지자체:도매시장 개설자)농산물유통정보를 활용한 재고 및 물류 최적화",https://www.data.go.kr/data/15156073/openapi.do,한국농수산식품유통공사,OpenAPI search result
data.go.kr 농림축산식품 키워드,식품의약품안전처_축산물 가공업허가정보,"또한 식품산업 발전 지원, 데이터에 기반한 식품안전정책 수립, 맞춤형 서비스 개발 기반 제공으로 국민 편의성을 향상 시킬 수 있습니다.",https://www.data.go.kr/data/15064844/openapi.do,식품의약품안전처,OpenAPI search result
data.go.kr 농림축산식품 키워드,식품의약품안전처 식품의약품안전평가원_통합위해성평가 오염도 자료,"""제1차 위해성평가 기본계획('23~'27)에 따라 '24년 공개한 프탈레이트 7종의 통합위해성평가 결과 중 식품 분야의 오염도 평균값 - 사람이 섭취·투여·접촉·흡입 등을 함으로써",https://www.data.go.kr/data/15140143/openapi.do,식품의약품안전처 식품의약품안전평가원,OpenAPI search result
data.go.kr 농림축산식품 키워드,행정안전부_어린이식품안전보호구역관리현황,"- 해당 데이터는 식품의약품안전처에서 제공하는 어린이식품안전보호구역관리현황 정보입니다.""",https://www.data.go.kr/data/15153234/openapi.do,행정안전부,OpenAPI search result
data.go.kr 농림축산식품 키워드,경기도_일반음식점(이동조리) 현황,"이 데이터는 유동식 외식업 분석, 지역 이동형 상권 파악, 식품위생 및 영업환경 정책 수립 등에 활용될 수 있으며, 경기도 31개 시군의 데이터를 포함하고 Open API를 통해 실시간",https://www.data.go.kr/data/15059324/openapi.do,경기도,OpenAPI search result
data.go.kr 농림축산식품 키워드,국토교통부_관리지역,"건폐율·용적률·높이 등을 제한함으로써 토지를 경제적·효율적으로 이용하고 공공복리의 증진을 도모하기 위하여 서로 중복되지 않게 도시관리계획으로 결정하는 지역으로 도시지역, 관리지역, 농림지역",https://www.data.go.kr/data/15059409/openapi.do,국토교통부,OpenAPI search result
data.go.kr 농림축산식품 키워드,농림축산식품부_시도별 사고원인 가축보험금지급 통계정보,"축산농가 입장에서는 지역·사고별 리스크를 이해하고 사전 대비책을 마련하는 참고자료가 되며, 정책 담당자에게는 가축재해보험 제도의 운영 성과를 점검하고 보완 방향을 마련하는 기초자료로",https://www.data.go.kr/data/15057886/openapi.do,농림축산식품부,OpenAPI search result
data.go.kr 농림축산식품 키워드,식품의약품안전처_국외시험검사기관 지정 정보,"식품ㆍ의약품분야 시험ㆍ검사 등에 관한 법률에 따른 국외시험검사기관 인정번호, 기관명, 대표자, 지정일자, 검사항목, 전화번호, 주소 등을 제공합니다.",https://www.data.go.kr/data/15074320/openapi.do,식품의약품안전처,OpenAPI search result
data.go.kr 농림축산식품 키워드,경기도_관광농원 지정 현황,"관광농원은 농어촌의 자연자원과 농림수산 생산기반을 이용하여 지역특산물 판매시설, 영농 체험시설, 체육시설, 휴양시설, 숙박시설, 음식 또는 용역을 제공하거나 그 밖에 이에 딸린 시설을",https://www.data.go.kr/data/15058797/openapi.do,경기도,OpenAPI search result
data.go.kr 농림축산식품 키워드,경기도_가축 분뇨 수집 운반업체 현황,"주요 활용 분야로는 지역 축산환경 관리 정책 수립, 분뇨처리 기반시설 분석, 환경영업 종사자 관리, 위생관리 시스템 개선, 지속가능한 축산업 기반 조성 등이 있습니다.",https://www.data.go.kr/data/15059478/openapi.do,경기도,OpenAPI search result
data.go.kr 농림축산식품 키워드,한국농촌경제연구원_연구보고서,"농림업 및 식품산업 정책, 농촌 지역발전, 삶의 질 향상, 농림업·농촌 환경보전, 자원관리, 국민 먹거리 공급체계, 농식품 수급 안정, 농림식품 분야 통상, 국제 농업협력 등 농림경제",https://www.data.go.kr/data/15144214/openapi.do,한국농촌경제연구원,OpenAPI search result
data.go.kr 농림축산식품 키워드,식품의약품안전처_과징금부과기준,식품위생법 등 관련 법령의 .과징금 부과기준 관련 정보입니다.,https://www.data.go.kr/data/15064959/openapi.do,식품의약품안전처,OpenAPI search result
data.go.kr 농림축산식품 키워드,기후에너지환경부 국립환경과학원_시군구 통계 서비스,"조사항목은 생활계, 축산계, 산업계, 토지계(국토부자료), 양식계, 매립계, 환경기초시설, 기타수질오염원 8개 항목에 대하여 조사하며, 각 오염원별 시군구별 통계자료 제공",https://www.data.go.kr/data/15058984/openapi.do,기후에너지환경부 국립환경과학원,OpenAPI search result
data.go.kr 농림축산식품 키워드,식품의약품안전처_쇠고기(국내)이력추적 정보,"또한 식품안전 분야의 정보 투명성 제고, 식품산업 발전 지원, 데이터에 기반한 식품안전정책 수립, 맞춤형 서비스 개발 기반 제공으로 국민 편의성을 향상 시킬 수 있습니다.",https://www.data.go.kr/data/15078191/openapi.do,식품의약품안전처,OpenAPI search result
data.go.kr 농림축산식품 키워드,한국농어촌공사_농산어촌지역개발 농촌마을현황,"마을의 경제자원 - 농림축수산물, 음식 및 식품, 특산물자원, 농업관련시설, 관광 및 휴양시설, 산업시설",https://www.data.go.kr/data/15104291/openapi.do,한국농어촌공사,OpenAPI search result
data.go.kr 농림축산식품 키워드,경상북도 영천시_동물약국현황,해당 데이터와 관련하여 궁금하신 사항 있으실 경우 영천시 축산과로 연락주시기 바랍니다.,https://www.data.go.kr/data/15157821/openapi.do,경상북도 영천시,OpenAPI search result
data.go.kr 농림축산식품 키워드,국토교통부_수질측정망농업용수지점,"물환경정보 물환경정보도(수생태계조사지점,수질자동측정망측정지점,수질측정망하천수지점,수질측정망호소수지점,수질측정망농업용수지점,수질측정망공단배수지점,수질측정망도시관류지점,농공단지처리시설,축산폐수공공처리시설",https://www.data.go.kr/data/15058706/openapi.do,국토교통부,OpenAPI search result
data.go.kr 농림축산식품 키워드,경기도_일반음식점(중국식) 현황,"해당 데이터는 중식 외식업 시장 분석, 중화요리 전문점 분포 파악, 상권 개발, 식품위생 정책 수립 등에 활용될 수 있습니다.",https://www.data.go.kr/data/15058071/openapi.do,경기도,OpenAPI search result
data.go.kr 농림축산식품 키워드,경기도_집단급식소 위탁운영 현황,위치정보와 결합하면 GIS 기반의 집단급식소 분포 분석 및 식품 안전관리 정책 수립에도 활용될 수 있습니다.,https://www.data.go.kr/data/15058973/openapi.do,경기도,OpenAPI search result
data.go.kr 농림축산식품 키워드,서울특별시농수산식품공사_농수산물 가격정보 자동응답서비스(ARS) 품목코드 API,양곡/청과/수산/축산으로 구분하며 5자리의 품목코드 및 품목명을 포함하고 있습니다.,https://www.data.go.kr/data/15121567/openapi.do,서울특별시농수산식품공사,OpenAPI search result
data.go.kr 농림축산식품 키워드,식품의약품안전처_도축업 인허가 대장,"또한 축산물 안전 분야의 정보 투명성 제고, 산업 발전 지원, 데이터에 기반한 식품안전정책 수립, 맞춤형 서비스 개발 기반 제공으로 국민 편의성을 향상 시킬 수 있습니다.",https://www.data.go.kr/data/15128096/openapi.do,식품의약품안전처,OpenAPI search result
data.go.kr 농림축산식품 키워드,해양수산부 국립수산물품질관리원_수산물 방사능 생산 지역별 안전 현황,"본 데이터는 수산물의 방사능 안전성에 대한 연구, 식품 안전 관리 정책 수립, 소비자에게 안전한 수산물 정보를 제공하는 데 활용될 수 있습니다.",https://www.data.go.kr/data/15115752/openapi.do,해양수산부 국립수산물품질관리원,OpenAPI search result
data.go.kr 농림축산식품 키워드,농림축산식품부_소 브루셀라 검사결과현황,"나아가 축산 농가에는 질병 예방의 중요성을 인식시키고 사육 관리 개선을 유도함으로써, 궁극적으로는 축산물 안전성 확보와 공중보건 향상에 기여하는 의미 있는 데이터라 할 수 있습니다.",https://www.data.go.kr/data/15058595/openapi.do,농림축산식품부,OpenAPI search result
data.go.kr 농림축산식품 키워드,식품의약품안전처_수입수산물 검사통계 정보 서비스,- 수입식품 중 수산물의 검사결과를 통계적으로 정리한 정보를 제공하고 있습니다.,https://www.data.go.kr/data/15132779/openapi.do,식품의약품안전처,OpenAPI search result
data.go.kr 농림축산식품 키워드,식품의약품안전처_HACCP 지정현황,식품의약품안전처 「HACCP 지정현황」 OpenAPI는 식품 안전관리인증기준(HACCP)을 받은 업체의 지정 현황 정보를 제공합니다.,https://www.data.go.kr/data/15058303/openapi.do,식품의약품안전처,OpenAPI search result
data.go.kr 농림축산식품 키워드,국토교통부_습지보호지역,"건폐율·용적률·높이 등을 제한함으로써 토지를 경제적·효율적으로 이용하고 공공복리의 증진을 도모하기 위하여 서로 중복되지 않게 도시관리계획으로 결정하는 지역으로 도시지역, 관리지역, 농림지역",https://www.data.go.kr/data/15056787/openapi.do,국토교통부,OpenAPI search result
data.go.kr 농림축산식품 키워드,서울특별시농수산식품공사_가락시장 반입물량(경매전),* 서울시농수산식품공사에서 제공중인 가락시장 반입물량(경매전)에 대한 API 입니다.,https://www.data.go.kr/data/15076022/openapi.do,서울특별시농수산식품공사,OpenAPI search result
data.go.kr 농림축산식품 키워드,기후에너지환경부 국립환경과학원_토지계 정보제공서비스,"물환경보전법 제23조 및 동법 시행규칙 제32조에 의해 매년 시도지사는 관할구역의 오염원 종류, 수질오염원 발생량 등을 조사하며, 생활계, 축산계, 산업계, 양식계, 토지계, 매립계",https://www.data.go.kr/data/15059460/openapi.do,기후에너지환경부 국립환경과학원,OpenAPI search result
data.go.kr 농림축산식품 키워드,국토교통부_방화지구,"건폐율·용적률·높이 등을 제한함으로써 토지를 경제적·효율적으로 이용하고 공공복리의 증진을 도모하기 위하여 서로 중복되지 않게 도시관리계획으로 결정하는 지역으로 도시지역, 관리지역, 농림지역",https://www.data.go.kr/data/15058542/openapi.do,국토교통부,OpenAPI search result
data.go.kr 농림축산식품 키워드,경기도_식육부산물전문판매업 현황,"식육 부산물은 내장(간, 심장, 위장, 비장, 창자, 콩팥 등), 머리, 다리, 꼬리, 뼈, 혈액 등을 포함하며, 식용 가능한 축산 부산물의 유통과 관련된 업소를 전문적으로 관리하기",https://www.data.go.kr/data/15056622/openapi.do,경기도,OpenAPI search result
data.go.kr 농림축산식품 키워드,경기도_일반음식점(일식) 현황,"이 데이터는 일식 외식산업 현황 분석, 소비 트렌드 파악, 지역 상권 개발, 식품위생 관리 정책 수립 등에 활용될 수 있으며, 경기도 31개 시군을 대상으로 수집되어 Open API를",https://www.data.go.kr/data/15059274/openapi.do,경기도,OpenAPI search result
data.go.kr 농림축산식품 키워드,서울특별시농수산식품공사_품목별등급별가격(시장도매인거래),* 서울시농수산식품공사에서 제공중인 품목별등급별가격(시장도매인거래)에 대한 API 입니다.,https://www.data.go.kr/data/15076054/openapi.do,서울특별시농수산식품공사,OpenAPI search result
data.go.kr 농림축산식품 키워드,기후에너지환경부 국립환경과학원_생활계 물사용량 정보제공서비스,"물환경보전법 제23조 및 동법 시행규칙 제32조에 의해 매년 시도지사는 관할구역의 오염원 종류, 수질오염원 발생량 등을 조사하며, 생활계, 축산계, 산업계, 양식계, 토지계, 매립계",https://www.data.go.kr/data/15056633/openapi.do,기후에너지환경부 국립환경과학원,OpenAPI search result
data.go.kr 농림축산식품 키워드,식품의약품안전처_위생용품영업정보,"또한 식품안전 분야의 정보 투명성 제고, 식품산업 발전 지원, 데이터에 기반한 식품안전정책 수립, 맞춤형 서비스 개발 기반 제공으로 국민 편의성을 향상 시킬 수 있습니다.",https://www.data.go.kr/data/15057717/openapi.do,식품의약품안전처,OpenAPI search result
data.go.kr 농림축산식품 키워드,식품의약품안전처_시험항목코드,"행정표준코드에 의한 식품안전시험항목 코드에 대한 시험항목코드 , 한글명 , 영문명 , 약어 , 이명 , 시험항목명 , 시험항목대분류시퀀스 , 시험항목대분류코드 , 대분류한글명 , 시험항목중분류시퀀스",https://www.data.go.kr/data/15064779/openapi.do,식품의약품안전처,OpenAPI search result
data.go.kr 농림축산식품 키워드,국토교통부_개발진흥지구,"건폐율·용적률·높이 등을 제한함으로써 토지를 경제적·효율적으로 이용하고 공공복리의 증진을 도모하기 위하여 서로 중복되지 않게 도시관리계획으로 결정하는 지역으로 도시지역, 관리지역, 농림지역",https://www.data.go.kr/data/15058035/openapi.do,국토교통부,OpenAPI search result
data.go.kr 농림축산식품 키워드,농림축산식품부 농림축산검역본부_축종별 생체중량,"., 지역별,, 축종(품종)별 , 도축장별 검사실적 등 다양한 자료를 통해 체계적인 분석이 가능 - 정부와 지자체는 본 데이터를 활용하여 축산물 수급 조절, 도축장 관리감독, 축산정책",https://www.data.go.kr/data/15058538/openapi.do,농림축산식품부 농림축산검역본부,OpenAPI search result
data.go.kr 농림축산식품 키워드,국토교통부_경관지구,"건폐율·용적률·높이 등을 제한함으로써 토지를 경제적·효율적으로 이용하고 공공복리의 증진을 도모하기 위하여 서로 중복되지 않게 도시관리계획으로 결정하는 지역으로 도시지역, 관리지역, 농림지역",https://www.data.go.kr/data/15057554/openapi.do,국토교통부,OpenAPI search result
data.go.kr 농림축산식품 키워드,기후에너지환경부 국립환경과학원_생활계 인구현황 정보제공서비스,"물환경보전법 제23조 및 동법 시행규칙 제32조에 의해 매년 시도지사는 관할구역의 오염원 종류, 수질오염원 발생량 등을 조사하며, 생활계, 축산계, 산업계, 양식계, 토지계, 매립계",https://www.data.go.kr/data/15058230/openapi.do,기후에너지환경부 국립환경과학원,OpenAPI search result
data.go.kr 농림축산식품 키워드,식품의약품안전처_집단급식소 폐업 정보,"또한 식품안전 분야의 정보 투명성 제고, 식품산업 발전 지원, 데이터에 기반한 식품안전정책 수립, 맞춤형 서비스 개발 기반 제공으로 국민 편의성을 향상 시킬 수 있습니다.",https://www.data.go.kr/data/15096884/openapi.do,식품의약품안전처,OpenAPI search result
data.go.kr 농림축산식품 키워드,경기도_일반음식점(탕류) 현황,"이 데이터는 위생 및 식품안전 관리, 지역별 음식점 분포 분석, 외식 산업 연구, 상권 분석 등에 활용될 수 있습니다.",https://www.data.go.kr/data/15059096/openapi.do,경기도,OpenAPI search result
data.go.kr 농림축산식품 키워드,경기도_휴게음식점(푸드트럭) 현황,"본 데이터는 푸드트럭 운영 실태 파악, 식품 위생 관리, 창업 입지 분석, 지역 상권 지원 정책 수립 등에 활용될 수 있으며, 주간 단위로 갱신됩니다.",https://www.data.go.kr/data/15058884/openapi.do,경기도,OpenAPI search result
data.go.kr 농림축산식품 키워드,서울특별시 동작구 식품등 수입판매업 현황,"서울특별시 동작구 식품등 수입판매업 식품위생업소 현황(식품접객업소 및 제조,판매업소 업소별 신고현황)",https://www.data.go.kr/data/15038281/openapi.do,서울특별시 동작구,OpenAPI search result
data.go.kr 농림축산식품 키워드,식품의약품안전처_동물의약품별 잔류허용 기준,"동물의약품별 식품에 대한 잔류량 허용 기준 정보로 시행시점, 단계, 잔류허용(MRL) 정보 등의 항목을 제공합니다.",https://www.data.go.kr/data/15083970/openapi.do,식품의약품안전처,OpenAPI search result
data.go.kr 농림축산식품 키워드,기후에너지환경부 국립환경과학원_시도 통계 서비스,"조사항목은 생활계, 축산계, 산업계, 토지계(국토부자료), 양식계, 매립계, 환경기초시설, 기타수질오염원 8개 항목에 대하여 조사하고, 전국 시도별 통계자료로 제공",https://www.data.go.kr/data/15057780/openapi.do,기후에너지환경부 국립환경과학원,OpenAPI search result
data.go.kr 농림축산식품 키워드,식품의약품안전처_축산물 보관업영업허가대장,"또한 식품산업 발전 지원, 데이터에 기반한 식품안전정책 수립, 맞춤형 서비스 개발 기반 제공으로 국민 편의성을 향상 시킬 수 있습니다.",https://www.data.go.kr/data/15064831/openapi.do,식품의약품안전처,OpenAPI search result
data.go.kr 농림축산식품 키워드,서울특별시농수산식품공사_품목별등급별가격(도매시장법인거래),* 서울시농수산식품공사에서 제공중인 품목별등급별가격(도매시장법인거래)에 대한 API 입니다.,https://www.data.go.kr/data/15076053/openapi.do,서울특별시농수산식품공사,OpenAPI search result
data.go.kr 농림축산식품 키워드,기후에너지환경부 국립환경과학원_환경기초시설 정보제공서비스,"물환경보전법 제23조 및 동법 시행규칙 제32조에 의해 매년 시도지사는 관할구역의 오염원 종류, 수질오염원 발생량 등을 조사하며, 생활계, 축산계, 산업계, 양식계, 토지계, 매립계",https://www.data.go.kr/data/15058316/openapi.do,기후에너지환경부 국립환경과학원,OpenAPI search result
data.go.kr 농림축산식품 키워드,식품의약품안전처_수입위생용품영업신고대장,"또한 식품안전 분야의 정보 투명성 제고, 식품산업 발전 지원, 데이터에 기반한 식품안전정책 수립, 맞춤형 서비스 개발 기반 제공으로 국민 편의성을 향상 시킬 수 있습니다.",https://www.data.go.kr/data/15057534/openapi.do,식품의약품안전처,OpenAPI search result
data.go.kr 농림축산식품 키워드,식품의약품안전처_축산물 판매업영업신고대장,"또한 식품산업 발전 지원, 데이터에 기반한 식품안전정책 수립, 맞춤형 서비스 개발 기반 제공으로 국민 편의성을 향상 시킬 수 있습니다.",https://www.data.go.kr/data/15064786/openapi.do,식품의약품안전처,OpenAPI search result
data.go.kr 농림축산식품 키워드,식품의약품안전처_신고대상분류기준,식품 관련 법 위반에 대한 신고대상 분류에 대한 속성정보를 제공합니다.,https://www.data.go.kr/data/15064962/openapi.do,식품의약품안전처,OpenAPI search result
data.go.kr 농림축산식품 키워드,경기도_휴게음식점(아이스크림) 현황,"이 데이터는 여름철 식품안전 모니터링, 디저트 전문 매장 분포 분석, 프랜차이즈 입점전략 수립, 관광지 주변 휴게음식점 현황 파악 등에 활용될 수 있으며, Open API 형식으로",https://www.data.go.kr/data/15057630/openapi.do,경기도,OpenAPI search result
data.go.kr 농림축산식품 키워드,기후에너지환경부 국립환경과학원_권역별 통계 서비스,"조사항목은 생활계, 축산계, 산업계, 토지계(국토부자료), 양식계, 매립계, 환경기초시설, 기타수질오염원 8개 항목에 대하여 조사",https://www.data.go.kr/data/15058048/openapi.do,기후에너지환경부 국립환경과학원,OpenAPI search result
data.go.kr 농림축산식품 키워드,한국농수산식품유통공사_기간별 소매가격 정보 조회,"한국농수산식품유통공사의 조회 기간 동안 소매 가격 정보 데이터로, 조사일자, 구분코드, 구분명, 부류코드, 부류명, 품목코드, 품목명, 품종코드, 품종명, 등급코드, 등급명, 시군구코드, 시군구명, 단위, 단위크기, 시장코드, 시장명, 조사일가격, 조사일kg환산가격, 원본등록일시 를 제공합니다. 기대활용분야 - (국민) 농산물유통정보를 활용하여 농산물 판매·구매 계획 수립, 농산물 유통 분야 사업모델 발굴, 유통 과정 부가가치 창출, 개인 및 기관의 연구 목적으로 활용 등 다양한 빅데이터를 활용하여 융복합 기대 - (유통) 농산물유통정보 분석으로 생산성 관리, 재고관리 등 유통 분야 활용 - (농업종사자) 농산물유통정보 가격등락, 추이 정보 등을 활용, 농산물유통정보 데이터 확보를 통한 출하선택·결정권 강화 - (정책담당자) 농산물유통정보 분석을 통해 주요품목 수급안정 및 농산물 가격변동 완화 - (지자체:도매시장 개설자)농산물유통정보를 활용한 재고 및 물류 최적화",https://www.data.go.kr/data/15156065/openapi.do,한국농수산식품유통공사,OpenAPI search result
data.go.kr 농림축산식품 키워드,식품의약품안전처_우수수입업소 등록 현황,우수수입업소 등록제도는 수입식품 등 수입자가 해외제조업소의 위생관리 상태를 사전 점검하고 현지실사 등을 통해 기준 적합 여부를 확인 후 등록하는 제도입니다.,https://www.data.go.kr/data/15064914/openapi.do,식품의약품안전처,OpenAPI search result
data.go.kr 농림축산식품 키워드,경기도_축산물 수입 판매업체 현황,"본 자료는 수입 축산물 유통 현황 파악, 식품 안전 관리, 유통 경로 분석 및 정책 수립 등에 활용될 수 있으며, Open API를 통해 접근 가능하고 주간 단위로 갱신됩니다.",https://www.data.go.kr/data/15056668/openapi.do,경기도,OpenAPI search result
data.go.kr 농림축산식품 키워드,식품의약품안전처_위생공통교육기관내역,"또한 식품안전 분야의 정보 투명성 제고, 식품산업 발전 지원, 데이터에 기반한 식품안전정책 수립으로 국민 편의성을 향상 시킬 수 있습니다.",https://www.data.go.kr/data/15064968/openapi.do,식품의약품안전처,OpenAPI search result
data.go.kr 농림축산식품 키워드,경기도_폐사가축 처리장비 지원 집계 현황,"이를 통해 시군별 장비 지원 규모와 비용 분담 구조를 파악할 수 있으며, 축산 분야 재난 대응 정책, 가축 질병 발생 시 긴급 지원 체계 마련, 예산 집행 관리 등에 유용합니다.",https://www.data.go.kr/data/15057383/openapi.do,경기도,OpenAPI search result
data.go.kr 농림축산식품 키워드,기후에너지환경부 국립환경과학원_유역별 통계 서비스,"조사항목은 생활계, 축산계, 산업계, 토지계(국토부자료), 양식계, 매립계, 환경기초시설, 기타수질오염원 8개 항목에 대하여 조사하며, 각 오염원별 4대강 수계권역(한강, 낙동강,",https://www.data.go.kr/data/15059088/openapi.do,기후에너지환경부 국립환경과학원,OpenAPI search result
data.go.kr 농림축산식품 키워드,경기도_유통전문판매업 현황,"식품 유통산업 실태 조사, 유통 안전관리 정책 수립, 지역 유통구조 파악 등에 유용하며, Open API로 연계 가능합니다.",https://www.data.go.kr/data/15058063/openapi.do,경기도,OpenAPI search result
data.go.kr 농림축산식품 키워드,농촌진흥청_농기계 안전이용 지침,"콤바인, 트랙터, 이앙기, 경운기, 관리기부터 도로주행 농기계와 축산용 농기계, 방제기, 동력예취기까지 다양한 농기계의 안전 이용 지침을 한눈에 확인할 수 있습니다.",https://www.data.go.kr/data/15086459/openapi.do,농촌진흥청,OpenAPI search result
data.go.kr 농림축산식품 키워드,해양수산부 국립수산물품질관리원_국내소금검사통계,본 데이터는 식품 제조업체가 원료 소금의 품질을 확인하여 제품 안전성을 확보하는 데 활용될 수 있습니다.,https://www.data.go.kr/data/15059071/openapi.do,해양수산부 국립수산물품질관리원,OpenAPI search result
data.go.kr 농림축산식품 키워드,경기도_동물용 의료용구 판매업체 현황,"항목에는 시군명, 사업장명, 인허가일자, 영업상태, 주소(도로명 및 지번), 전화번호, 업태구분, 소재지면적, 종업원 수, 좌표(WGS84), 축산업무구분명, 축산물가공업구분명, 축산고유번호",https://www.data.go.kr/data/15058268/openapi.do,경기도,OpenAPI search result
data.go.kr 농림축산식품 키워드,서울특별시농수산식품공사_판매결과,* 서울시농수산식품공사에서 제공중인 판매결과에 대한 API 입니다.,https://www.data.go.kr/data/15076051/openapi.do,서울특별시농수산식품공사,OpenAPI search result
data.go.kr 농림축산식품 키워드,서울특별시 동작구_통신판매업 인허가 정보,"이 데이터는 서울특별시 동작구의 TV홈쇼핑, 인터넷, 카탈로그, 신문잡지, 기타의 방법으로 가구, 가전, 식품, 의류 등을 판매하는 업소정보를 포함하고 있습니다.",https://www.data.go.kr/data/15094618/openapi.do,서울특별시 동작구,OpenAPI search result
data.go.kr 농림축산식품 키워드,한국농수산식품유통공사_기간별 중도매인 가격정보 조회,"한국농수산식품유통공사의 조회 기간 동안 중도매인 판매가격 정보 데이터로, 조사일자, 구분코드, 구분명, 부류코드, 부류명, 품목코드, 품목명, 품종코드, 품종명, 등급코드, 등급명, 시군구코드, 시군구명, 단위, 단위크기, 시장코드, 시장명, 조사일가격, 조사일kg환산가격, 원본등록일시를 제공합니다. ★ API명세서 및 관련 코드정보가 첨부되어 있습니다. 기대활용분야 - (국민) 농산물유통정보를 활용하여 농산물 판매·구매 계획 수립, 농산물 유통 분야 사업모델 발굴, 유통 과정 부가가치 창출, 개인 및 기관의 연구 목적으로 활용 등 다양한 빅데이터를 활용하여 융복합 기대 - (유통) 농산물유통정보 분석으로 생산성 관리, 재고관리 등 유통 분야 활용 - (농업종사자) 농산물유통정보 가격등락, 추이 정보 등을 활용, 농산물유통정보 데이터 확보를 통한 출하선택·결정권 강화 - (정책담당자) 농산물유통정보 분석을 통해 주요품목 수급안정 및 농산물 가격변동 완화 - (지자체:도매시장 개설자)농산물유통정보를 활용한 재고 및 물류 최적화",https://www.data.go.kr/data/15156064/openapi.do,한국농수산식품유통공사,OpenAPI search result
data.go.kr 농림축산식품 키워드,농촌진흥청_첨단농업기술,"농업환경, 안정성, 특용작물, 축산, 곤충, 농기계 등 다양한 분야의 기술 정보를 분류별로 제공하여 필요한 자료를 쉽고 빠르게 찾을 수 있습니다.",https://www.data.go.kr/data/15083591/openapi.do,농촌진흥청,OpenAPI search result
data.go.kr 농림축산식품 키워드,경기도_축산물 유통전문 판매업체 현황,"해당 데이터는 축산물 유통 흐름 분석, 브랜드 유통경로 파악, 식품 안전관리 체계 수립, 지역 유통산업 정책 설계 등에 활용될 수 있으며, Open API 형식으로 접근 가능합니다.",https://www.data.go.kr/data/15058473/openapi.do,경기도,OpenAPI search result
data.go.kr 농림축산식품 키워드,기후에너지환경부 국립환경과학원_하천별 통계 서비스,"조사항목은 생활계, 축산계, 산업계, 토지계(국토부자료), 양식계, 매립계, 환경기초시설, 기타수질오염원 8개 항목에 대하여 조사하며, 국가하천 및 지방하천 등 전국 하천별 오염원",https://www.data.go.kr/data/15057131/openapi.do,기후에너지환경부 국립환경과학원,OpenAPI search result
data.go.kr 농림축산식품 키워드,서울특별시농수산식품공사_경매품목 산지별 가격,* 서울시농수산식품공사에서 제공중인 경매품목 산지별 가격입니다.,https://www.data.go.kr/data/15075999/openapi.do,서울특별시농수산식품공사,OpenAPI search result
data.go.kr 농림축산식품 키워드,농림축산식품부_축종별 가축보험금지급 통계정보,"본 데이터는 정책 담당자에게는 가축재해보험의 성과 평가와 제도 개선 방향 설정의 기초 자료가 되고, 농업인과 축산농가에게는 축종별 보장 수준을 이해하고 보험 가입 여부를 결정하는 데",https://www.data.go.kr/data/15057879/openapi.do,농림축산식품부,OpenAPI search result
data.go.kr 농림축산식품 키워드,식품의약품안전처_영업소재지 GIS 코드,"또한 식품안전 분야의 정보 투명성 제고, 식품산업 발전 지원, 데이터에 기반한 식품안전정책 수립, 맞춤형 서비스 개발 기반 제공으로 국민 편의성을 향상 시킬 수 있습니다.",https://www.data.go.kr/data/15064777/openapi.do,식품의약품안전처,OpenAPI search result
data.go.kr 농림축산식품 키워드,식품의약품안전처_생산중단제품정보,"또한 식품안전 분야의 정보 투명성 제고, 식품산업 발전 지원, 데이터에 기반한 식품안전정책 수립, 맞춤형 서비스 개발 기반 제공으로 국민 편의성을 향상 시킬 수 있습니다.",https://www.data.go.kr/data/15092275/openapi.do,식품의약품안전처,OpenAPI search result
data.go.kr 농림축산식품 키워드,농림축산식품부_소 브루셀라 이동제한 정보,"축산 농가에는 이동 제한 지침을 명확히 안내하여 현장에서 불필요한 혼란을 줄이고, 예방적 차원의 대응을 강화하는 효과가 있습니다.",https://www.data.go.kr/data/15059491/openapi.do,농림축산식품부,OpenAPI search result
data.go.kr 농림축산식품 키워드,국토교통부_급경사재해예방지역(WMS/WFS),"건폐율·용적률·높이 등을 제한함으로써 토지를 경제적·효율적으로 이용하고 공공복리의 증진을 도모하기 위하여 서로 중복되지 않게 도시관리계획으로 결정하는 지역으로 도시지역, 관리지역, 농림지역",https://www.data.go.kr/data/15058475/openapi.do,국토교통부,OpenAPI search result
data.go.kr 농림축산식품 키워드,국토교통부_유통단지,"건폐율·용적률·높이 등을 제한함으로써 토지를 경제적·효율적으로 이용하고 공공복리의 증진을 도모하기 위하여 서로 중복되지 않게 도시관리계획으로 결정하는 지역으로 도시지역, 관리지역, 농림지역",https://www.data.go.kr/data/15058055/openapi.do,국토교통부,OpenAPI search result
data.go.kr 농림축산식품 키워드,대전광역시 문화관광(모범음식점),"모범음식점 지정은 시민들에게 신뢰할 수 있는 외식 문화를 제공하고, 식품 위생 관리 및 음식문화 개선에 기여합니다.",https://www.data.go.kr/data/15000863/openapi.do,대전광역시,OpenAPI search result
data.go.kr 농림축산식품 키워드,농림수산식품교육문화정보원_산지공판장별경락가격조회,"이 서비스는 특히 농림수산업 관련 기업이나 공공기관, 연구기관 등에서 정책 결정이나 시장 조사 목적으로 활용되며, 효율적인 정보 접근을 통해 농산물 거래의 투명성을 높이는 데 기여하고",https://www.data.go.kr/data/15109052/openapi.do,농림수산식품교육문화정보원,OpenAPI search result
data.go.kr 농림축산식품 키워드,농촌진흥청_창업을 위한 식용 곤충요리,"또한 식품, 외식, 가공산업 등 다양한 분야에서 활용할 수 있는 아이디어를 함께 제공해 관련 산업 활성화에도 기여하고 있습니다.",https://www.data.go.kr/data/15040895/openapi.do,농촌진흥청,OpenAPI search result
data.go.kr 농림축산식품 키워드,기후에너지환경부 국립환경과학원_매립계 정보제공서비스,"물환경보전법 제23조 및 동법 시행규칙 제32조에 의해 매년 시도지사는 관할구역의 오염원 종류, 수질오염원 발생량 등을 조사하며, 생활계, 축산계, 산업계, 양식계, 토지계, 매립계",https://www.data.go.kr/data/15058301/openapi.do,기후에너지환경부 국립환경과학원,OpenAPI search result
data.go.kr 농림축산식품 키워드,경기도_식용란수집판매업 현황,"식용란수집판매업은 달걀을 농장 또는 중간 유통업체로부터 수집·처리하여 소매업소나 소비자에게 공급하는 업종으로, 식품 안전과 위생 관리에 중요한 역할을 합니다.",https://www.data.go.kr/data/15058388/openapi.do,경기도,OpenAPI search result
data.go.kr 농림축산식품 키워드,기후에너지환경부 국립환경과학원_산업계 정보제공서비스,"물환경보전법 제23조 및 동법 시행규칙 제32조에 의해 매년 시도지사는 관할구역의 오염원 종류, 수질오염원 발생량 등을 조사하며, 생활계, 축산계, 산업계, 양식계, 토지계, 매립계",https://www.data.go.kr/data/15057129/openapi.do,기후에너지환경부 국립환경과학원,OpenAPI search result
data.go.kr 농림축산식품 키워드,국토교통부_수질측정망공단배수지점,"물환경정보 물환경정보도(수생태계조사지점,수질자동측정망측정지점,수질측정망하천수지점,수질측정망호소수지점,수질측정망농업용수지점,수질측정망공단배수지점,수질측정망도시관류지점,농공단지처리시설,축산폐수공공처리시설",https://www.data.go.kr/data/15057635/openapi.do,국토교통부,OpenAPI search result
data.go.kr 농림축산식품 키워드,기후에너지환경부 국립환경과학원_양식계 정보제공서비스,"물환경보전법 제23조 및 동법 시행규칙 제32조에 의해 매년 시도지사는 관할구역의 오염원 종류, 수질오염원 발생량 등을 조사하며, 생활계, 축산계, 산업계, 양식계, 토지계, 매립계",https://www.data.go.kr/data/15056550/openapi.do,기후에너지환경부 국립환경과학원,OpenAPI search result
data.go.kr 농림축산식품 키워드,서울특별시농수산식품공사_가락시장 반입물량(경매후),* 서울시농수산식품공사에서 제공중인 가락시장 반입물량(경매후)에 대한 API 입니다.,https://www.data.go.kr/data/15076023/openapi.do,서울특별시농수산식품공사,OpenAPI search result
data.go.kr 농림축산식품 키워드,국토교통부_특정용도제한지구,"건폐율·용적률·높이 등을 제한함으로써 토지를 경제적·효율적으로 이용하고 공공복리의 증진을 도모하기 위하여 서로 중복되지 않게 도시관리계획으로 결정하는 지역으로 도시지역, 관리지역, 농림지역",https://www.data.go.kr/data/15059308/openapi.do,국토교통부,OpenAPI search result
data.go.kr 농림축산식품 키워드,경기도_가축 인공 수정소업체 현황,"구성되며, 사업장명, 인허가일자, 영업상태, 폐업일자, 소재지 주소, 위치정보(WGS84 위도·경도 및 좌표값), 총 종업원 수, 축산업무구분명, 축산물가공업구분명, 업태구분명, 축산고유번호",https://www.data.go.kr/data/15059276/openapi.do,경기도,OpenAPI search result
data.go.kr 농림축산식품 키워드,경기도_용기·포장지제조업 현황,"식품 산업, 포장재 산업, 공정안전 분야의 현황 분석 및 제조업체의 위치 기반 데이터 수요에 활용될 수 있으며, Open API를 통해 접근 가능합니다.",https://www.data.go.kr/data/15058961/openapi.do,경기도,OpenAPI search result
data.go.kr 농림축산식품 키워드,관세청_세관장확인대상물품( GW),"외국환거래법」해당물품 등이 있으며, 세관장확인대상 수입물품에는 (1)「약사법」해당물품 중 의약품(첨단바이오의약품 포함) 및 한약재, (2)「마약류 관리에 관한 법률」 해당물품, (3)「수입식품안전관리",https://www.data.go.kr/data/15101589/openapi.do,관세청,OpenAPI search result
data.go.kr 농림축산식품 키워드,식품의약품안전처_공통기준종류,"또한 식품안전 분야의 정보 투명성 제고, 식품산업 발전 지원, 데이터에 기반한 식품안전정책 수립, 맞춤형 서비스 개발 기반 제공으로 국민 편의성을 향상 시킬 수 있습니다.",https://www.data.go.kr/data/15064768/openapi.do,식품의약품안전처,OpenAPI search result
data.go.kr 농림축산식품 키워드,농림수산식품교육문화정보원_부류표준품목코드조회,"이 데이터는 농산물 거래 및 유통의 효율성을 높이고, 농수산식품 관련 연구와 정책 개발에 활용될 수 있습니다.",https://www.data.go.kr/data/15109056/openapi.do,농림수산식품교육문화정보원,OpenAPI search result
data.go.kr 농림축산식품 키워드,식품의약품안전처_축산물위생검사기관 지정 정보,"또한 식품안전 분야의 정보 투명성 제고, 식품산업 발전 지원, 데이터에 기반한 식품안전정책 수립, 맞춤형 서비스 개발 기반 제공으로 국민 편의성을 향상 시킬 수 있습니다.",https://www.data.go.kr/data/15074319/openapi.do,식품의약품안전처,OpenAPI search result
data.go.kr 농림축산식품 키워드,한국도로공사_휴게소별/영업소별 인근지역 식중독지수,식중독지수는 고온다습한 환경에서 식품 섭취 시 발생할 수 있는 위해 가능성을 수치화한 지표이다.,https://www.data.go.kr/data/15076651/openapi.do,한국도로공사,OpenAPI search result
data.go.kr 농림축산식품 키워드,농림축산식품부 국립농산물품질관리원_무항생제 인증정보,"항생제가 포함되지 않은 사료로 가축을 사육, 유통함을 인증한 인증내용으로 인증번호, 인증시작일 및 인증종료일, 대표품목명, 단체명, 인증기관명 등에 대한 정보 제공 합니다.",https://www.data.go.kr/data/15141806/openapi.do,농림축산식품부 국립농산물품질관리원,OpenAPI search result
data.go.kr 농림축산식품 키워드,경기도_종계업 현황,"축산시설 분포 파악, 번식용 가축 관리 현황 분석, 지역 축산정책 수립에 활용될 수 있으며, 데이터는 행정안전부가 제공하며 Open API 형태로 접근 가능합니다.",https://www.data.go.kr/data/15057529/openapi.do,경기도,OpenAPI search result
data.go.kr 농림축산식품 키워드,경상북도 영천시_위생관리등급평가 결과,해당 데이터는 경상북도 영천시 소재 식품 제조 및 가공업체의 위생 관리 등급 평가 결과 현황을 나타내는 자료입니다.,https://www.data.go.kr/data/15157815/openapi.do,경상북도 영천시,OpenAPI search result
data.go.kr 농림축산식품 키워드,국토교통부_백두대간보호지역(WMS/WFS),"건폐율·용적률·높이 등을 제한함으로써 토지를 경제적·효율적으로 이용하고 공공복리의 증진을 도모하기 위하여 서로 중복되지 않게 도시관리계획으로 결정하는 지역으로 도시지역, 관리지역, 농림지역",https://www.data.go.kr/data/15058405/openapi.do,국토교통부,OpenAPI search result
data.go.kr 농림축산식품 키워드,경기도_종돈업 현황,"본 데이터는 돼지 번식 산업의 구조 분석, 방역 관리, 축산업 등록업체 모니터링, 정책 수립 등 다양한 축산 관련 행정 및 연구에 활용될 수 있습니다.",https://www.data.go.kr/data/15056594/openapi.do,경기도,OpenAPI search result
data.go.kr 농림축산식품 키워드,경기도_휴게음식점(키즈카페) 현황,"데이터는 어린이 대상의 식품판매업소 운영 실태 분석, 위생관리 및 안전대책 수립, 키즈카페 이용자 보호 정책 등에 활용될 수 있습니다.",https://www.data.go.kr/data/15057362/openapi.do,경기도,OpenAPI search result
data.go.kr 농림축산식품 키워드,서울특별시농수산식품공사_유통인 정보,* 서울시농수산식품공사에서 제공중인 유통인정보 API 입니다.,https://www.data.go.kr/data/15076056/openapi.do,서울특별시농수산식품공사,OpenAPI search result
data.go.kr 농림축산식품 키워드,기후에너지환경부 국립환경과학원_기타수질오염원 정보제공서비스,"물환경보전법 제23조 및 동법 시행규칙 제32조에 의해 매년 시도지사는 관할구역의 오염원 종류, 수질오염원 발생량 등을 조사하며, 생활계, 축산계, 산업계, 양식계, 토지계, 매립계",https://www.data.go.kr/data/15057469/openapi.do,기후에너지환경부 국립환경과학원,OpenAPI search result
data.go.kr 농림축산식품 키워드,서울특별시농수산식품공사_가락시장 반입물량(정산후),* 서울시농수산식품공사에서 제공중인 가락시장 반입물량(정산후)에 대한 API 입니다.,https://www.data.go.kr/data/15076025/openapi.do,서울특별시농수산식품공사,OpenAPI search result
data.go.kr 농림축산식품 키워드,경기도_다단계판매(도매업유통) 현황,"이 데이터는 경기도 내 다단계판매(도매업·유통) 업종의 현황을 정리한 자료로, 건강기능식품 일반판매업을 중심으로 한 사업장 인허가 및 운영 정보를 제공합니다.",https://www.data.go.kr/data/15057423/openapi.do,경기도,OpenAPI search result
data.go.kr 농림축산식품 키워드,경기도_일반음식점(생선회) 현황,"해당 데이터는 지역 내 수산물 기반 외식업 동향 파악, 식품위생 관리 정책 수립, 해산물 전문 상권 개발, 안전 관리체계 구축 등에 활용될 수 있습니다.",https://www.data.go.kr/data/15056669/openapi.do,경기도,OpenAPI search result
data.go.kr 농림축산식품 키워드,서울특별시농수산식품공사_품목별 최근 5개년 가격,* 서울시농수산식품공사에서 제공하는 품목별 최근 5개년 가격입니다.,https://www.data.go.kr/data/15075998/openapi.do,서울특별시농수산식품공사,OpenAPI search result
data.go.kr 농림축산식품 키워드,국토교통부_보호지구,"건폐율·용적률·높이 등을 제한함으로써 토지를 경제적·효율적으로 이용하고 공공복리의 증진을 도모하기 위하여 서로 중복되지 않게 도시관리계획으로 결정하는 지역으로 도시지역, 관리지역, 농림지역",https://www.data.go.kr/data/15058253/openapi.do,국토교통부,OpenAPI search result
data.go.kr 농림축산식품 키워드,한국농수산식품유통공사_상장예외 거래정보 조회,"한국농수산식품유통공사의 농안법 제31조에 따른 상장되지 않고 출하자와 중도매인이 직접 거래하는 농산물에 대한 거래정보 데이터로 정산일자, 도매시장코드, 도매시장명, 법인코드, 법인명, 상품대분류코드, 상품대분류명, 상품중분류코드, 상품중분류명, 상품소분류코드, 상품소분류명, 단위코드, 단위명, 포장코드, 포장명, 크기코드, 크기명, 등급코드, 등급명, 물량, 낙찰가, 원산지코드, 원산지명, 단위총물량, 총가격, 단위중량을 제공합니다. ★ API 명세서가 첨부되어있습니다. API 활용에 참고하실 수 있습니다. 기대활용분야 - (국민) 농산물유통정보를 활용하여 농산물 판매·구매 계획 수립, 농산물 유통 분야 사업모델 발굴, 유통 과정 부가가치 창출, 개인 및 기관의 연구 목적으로 활용 등 다양한 빅데이터를 활용하여 융복합 기대 - (유통) 농산물유통정보 분석으로 생산성 관리, 재고관리 등 유통 분야 활용 - (농업종사자) 농산물유통정보 가격등락, 추이 정보 등을 활용, 농산물유통정보 데이터 확보를 통한 출하선택·결정권 강화 - (정책담당자) 농산물유통정보 분석을 통해 주요품목 수급안정 및 농산물 가격변동 완화 - (지자체:도매시장 개설자)농산물유통정보를 활용한 재고 및 물류 최적화",https://www.data.go.kr/data/15157046/openapi.do,한국농수산식품유통공사,OpenAPI search result
data.go.kr 농림축산식품 키워드,한국식품안전관리인증원_건강기능식품전문제조 HACCP업체 정보 서비스,"(건강기능식품 전문제조 HACCP 인증업체 정보 제공 서비스) 전국의 건강기능식품 전문제조업체 중 HACCP 인증을 받은 건강기능식품 전문제조업체의 인증번호, 회사명, 업종, 품목,",https://www.data.go.kr/data/15090428/openapi.do,한국식품안전관리인증원,OpenAPI search result
data.go.kr 농림축산식품 키워드,대전광역시 서구_제과점현황,"이 데이터는 식품위생 관리, 업종별 상권 분석, 지역경제 및 생활서비스 분포 조사 등 다양한 행정·연구 업무에 활용 가능하며, 주소 기반 위치정보가 포함되어 있어 지도 서비스, 포털",https://www.data.go.kr/data/15108170/openapi.do,대전광역시 서구,OpenAPI search result
data.go.kr 농림축산식품 키워드,국토교통부_자유무역지역지정및운영,"건폐율·용적률·높이 등을 제한함으로써 토지를 경제적·효율적으로 이용하고 공공복리의 증진을 도모하기 위하여 서로 중복되지 않게 도시관리계획으로 결정하는 지역으로 도시지역, 관리지역, 농림지역",https://www.data.go.kr/data/15058722/openapi.do,국토교통부,OpenAPI search result
data.go.kr 농림축산식품 키워드,식품의약품안전처_처분기준코드,"또한 식품안전 분야의 정보 투명성 제고, 식품산업 발전 지원, 데이터에 기반한 식품안전정책 수립, 맞춤형 서비스 개발 기반 제공으로 국민 편의성을 향상 시킬 수 있습니다.",https://www.data.go.kr/data/15064778/openapi.do,식품의약품안전처,OpenAPI search result
data.go.kr 농림축산식품 키워드,해양수산부 국립수산물품질관리원_천일염 생산 및 유통정보,"또한 천일염의 원산지 관리, 식품 안전 점검, 정책 기반 마련 등 공공 행정 업무 및 연구 자료로도 사용할 수 있습니다.",https://www.data.go.kr/data/15116927/openapi.do,해양수산부 국립수산물품질관리원,OpenAPI search result
data.go.kr 농림축산식품 키워드,식품의약품안전처_후대교배종의 안전성 평가 신청 및 검토 정보,"또한 식품안전 분야의 정보 투명성 제고, 식품산업 발전 지원, 데이터에 기반한 식품안전정책 수립, 맞춤형 서비스 개발 기반 제공으로 국민 편의성을 향상 시킬 수 있습니다.",https://www.data.go.kr/data/15074314/openapi.do,식품의약품안전처,OpenAPI search result
data.go.kr 농림축산식품 키워드,경기도_가축 거래상 업체 현황,"해당 데이터는 가축의 거래와 유통 경로 파악, 허가 사업장 집중도 분석, 불법 영업 단속, 축산 관련 방역 관리 등 다양한 공공·행정 목적에 활용될 수 있습니다.",https://www.data.go.kr/data/15056609/openapi.do,경기도,OpenAPI search result
data.go.kr 농림축산식품 키워드,농림수산식품교육문화정보원_표준품목매핑목록조회,따라서 이 데이터는 농림수산 분야의 품목 매핑 정보와 관련하여 매우 중요한 자료로 활용될 수 있습니다.,https://www.data.go.kr/data/15109241/openapi.do,농림수산식품교육문화정보원,OpenAPI search result
data.go.kr 농림축산식품 키워드,국토교통부_산림보호(WMS/WFS),"건폐율·용적률·높이 등을 제한함으로써 토지를 경제적·효율적으로 이용하고 공공복리의 증진을 도모하기 위하여 서로 중복되지 않게 도시관리계획으로 결정하는 지역으로 도시지역, 관리지역, 농림지역",https://www.data.go.kr/data/15059380/openapi.do,국토교통부,OpenAPI search result
data.go.kr 농림축산식품 키워드,국토교통부_수질측정망도시관류지점,"물환경정보 물환경정보도(수생태계조사지점,수질자동측정망측정지점,수질측정망하천수지점,수질측정망호소수지점,수질측정망농업용수지점,수질측정망공단배수지점,수질측정망도시관류지점,농공단지처리시설,축산폐수공공처리시설",https://www.data.go.kr/data/15057773/openapi.do,국토교통부,OpenAPI search result
data.go.kr 농림축산식품 키워드,경기도_축산물 운반업체 현황,", 폐업일자, 소재지 주소(도로명 및 지번), 소재지 면적, 우편번호, 위경도 좌표(WGS84 기준), 전화번호, 총 종업원 수, 업태구분명, 축산업무구분명, 축산물가공업구분명, 축산고유번호",https://www.data.go.kr/data/15059387/openapi.do,경기도,OpenAPI search result
data.go.kr 농림축산식품 키워드,농촌진흥청 국립식량과학원_농식품 식단관리 음식별 영양성분 정보,"식단관리(메뉴젠) 음식별 영양성분(음식 코드, 음식 명, 음식별 성분 목록(식품 코드, 식품명 등)) 정보를 제공하며, 음식코드로 조회 - 제공항목(식단관리(메뉴젠) 음식별 영양성분",https://www.data.go.kr/data/15143461/openapi.do,농촌진흥청 국립식량과학원,OpenAPI search result
data.go.kr 농림축산식품 키워드,경기도_도축업 현황,"이 데이터는 축산물 위생 관리, 도축업체의 안전 점검, 지역 간 도축업 인프라 비교, 축산업 관련 정책 수립 등 공공행정과 연구에 활용할 수 있으며, 나아가 식품안전 및 공급망 관리",https://www.data.go.kr/data/15058391/openapi.do,경기도,OpenAPI search result
data.go.kr 농림축산식품 키워드,축산물품질평가원_농장식별번호정보,이러한 정보는 축산물의 이력 추적을 통해 보다 안전한 식품 소비 환경을 조성하는 데 기여하고 있습니다.,https://www.data.go.kr/data/15106233/openapi.do,축산물품질평가원,OpenAPI search result
data.go.kr 농림축산식품 키워드,대전광역시 서구_휴게음식점현황,"이 데이터는 식품접객업 위생관리, 지역 상권 분석, 생활서비스업 분포 조사 등 행정·연구 업무에 활용될 수 있으며, 주소 기반 위치정보가 포함되어 있어 지도 서비스, 검색 포털, 상권",https://www.data.go.kr/data/15108189/openapi.do,대전광역시 서구,OpenAPI search result
data.go.kr 농림축산식품 키워드,부산광역시_구군 행정기관 현황,"개방되는 데이터에는 16개 구군, 206개 행정복지센터, 119안전센터, 치안센터, 도서관, 소방서, 세무서, 우체국, 노동청, 선거관리위원회, 근로복지공단, 식품의약품 안전청, 국민건강보험공단",https://www.data.go.kr/data/15034031/openapi.do,부산광역시,OpenAPI search result
data.go.kr 농림축산식품 키워드,서울특별시농수산식품공사_품목별등급별가격(중도매인거래),* 서울시농수산식품공사에서 제공중인 품목별등급별가격(중도매인거래)에 대한 API 입니다.,https://www.data.go.kr/data/15076055/openapi.do,서울특별시농수산식품공사,OpenAPI search result
data.go.kr 농림축산식품 키워드,충청북도_농산물 잔류농약 검사결과,"충청북도 농산물 잔류농약 검사결과는 시도, 수거기관, 수거계획명, 수거일시, 국내·수입 구분, 식품 구분, 식품 유형, 제품명, 제조일자, 유통기한, 제조국, 제조업종, 판매업종,",https://www.data.go.kr/data/15078893/openapi.do,충청북도,OpenAPI search result
data.go.kr 농림축산식품 키워드,경기도_휴게음식점(백화점) 현황,"이 데이터는 대형 쇼핑시설 내 외식 공간의 유통현황 분석, 소비 패턴 조사, 식품안전 모니터링, 외식창업 입지분석 등에 유용하게 활용될 수 있습니다.",https://www.data.go.kr/data/15057057/openapi.do,경기도,OpenAPI search result
data.go.kr 농림축산식품 키워드,국토교통부_대기환경규제지역(WMS/WFS),"건폐율·용적률·높이 등을 제한함으로써 토지를 경제적·효율적으로 이용하고 공공복리의 증진을 도모하기 위하여 서로 중복되지 않게 도시관리계획으로 결정하는 지역으로 도시지역, 관리지역, 농림지역",https://www.data.go.kr/data/15059298/openapi.do,국토교통부,OpenAPI search result
data.go.kr 농림축산식품 키워드,한국식품안전관리인증원_HACCP 품목코드정보,"(HACCP 품목 코드 정보 제공 서비스) 전국의 식품업체 중 HACCP 인증을 받은 업체의 식품 품목에 대한 코드, 한글코드명, 상위코드, 코드순서, 사용여부, 코드군, 코드군명",https://www.data.go.kr/data/15035283/openapi.do,한국식품안전관리인증원,OpenAPI search result
data.go.kr 농림축산식품 키워드,농림수산식품교육문화정보원_신구표준등급목록조회,"이러한 정보는 농업 및 식품 관련 연구와 정책 수립에 필수적인 데이터를 제공하여, 농림수산식품의 품질 개선 및 관리에 기여할 수 있도록 돕습니다.",https://www.data.go.kr/data/15109227/openapi.do,농림수산식품교육문화정보원,OpenAPI search result
data.go.kr 농림축산식품 키워드,식품의약품안전처_축산물 집유업영업허가대장,"또한 식품산업 발전 지원, 데이터에 기반한 식품안전정책 수립, 맞춤형 서비스 개발 기반 제공으로 국민 편의성을 향상 시킬 수 있습니다.",https://www.data.go.kr/data/15064785/openapi.do,식품의약품안전처,OpenAPI search result
data.go.kr 농림축산식품 키워드,농림축산식품부 농림축산검역본부_소 품종별 암수별 도축실적,"통해 위생 기준 충족 여부, 부적합 사례, 질병 발생 여부등 파악을 위한 참조자료로 활용 가능 - 정부와 지자체는 본 데이터를 활용하여 축산물 위생정책 수립, 도축시설 감독, 식품",https://www.data.go.kr/data/15057300/openapi.do,농림축산식품부 농림축산검역본부,OpenAPI search result
data.go.kr 농림축산식품 키워드,경기도_일반음식점(복어취급) 현황,"음식점의 규모나 주변 환경 구분, 폐업일자 및 시설면적 등의 세부 항목도 제공되어, 음식점 운영 현황 분석, 식품안전 관리, 상권 분석, 정책 수립 자료로 활용될 수 있습니다.",https://www.data.go.kr/data/15059215/openapi.do,경기도,OpenAPI search result
data.go.kr 농림축산식품 키워드,경기도_일반음식점(정종·대포집(선술집)) 현황,"해당 데이터는 선술집 형태의 영업장 현황을 파악하고자 할 때 유용하며, 주류 중심 외식업 동향 분석, 도시별 상권 구성 분석, 식품위생 및 안전 정책 수립 등에 활용될 수 있습니다.",https://www.data.go.kr/data/15059505/openapi.do,경기도,OpenAPI search result
data.go.kr 농림축산식품 키워드,경상북도 영주시_용도지역,"토지소유주의 경우 소유 토지가도시지역, 농림지역, 자연환경보전지역 중 어디에 속해있는지 확인하는 용도로 활용 가능하며, 공공기관에서는 도시계획 수립, 행정구역별 면적 분석, 인허가",https://www.data.go.kr/data/15110892/openapi.do,경상북도 영주시,OpenAPI search result
data.go.kr 농림축산식품 키워드,경기도_축산물 보관업체 현황,"영업상태, 주소(도로명 및 지번), 소재지 면적, 전화번호, 종업원 수, 축산물가공업구분명, 축산업무구분명, 위경도 좌표(WGS84) 등이며, 축산물 위생관리와 유통 경로 분석, 냉장식품",https://www.data.go.kr/data/15057089/openapi.do,경기도,OpenAPI search result
data.go.kr 농림축산식품 키워드,농촌진흥청_수출자료 Zoom-In,농수산식품 수출의 흐름을 한눈에 파악할 수 있는 전문 자료를 만나보세요.,https://www.data.go.kr/data/15064106/openapi.do,농촌진흥청,OpenAPI search result
data.go.kr 농림축산식품 키워드,식품의약품안전처_공통기준제외,"또한 식품안전 분야의 정보 투명성 제고, 식품산업 발전 지원, 데이터에 기반한 식품안전정책 수립, 맞춤형 서비스 개발 기반 제공으로 국민 편의성을 향상 시킬 수 있습니다.",https://www.data.go.kr/data/15064309/openapi.do,식품의약품안전처,OpenAPI search result
data.go.kr 농림축산식품 키워드,한국식품안전관리인증원_HACCP 공정코드정보,"(HACCP 공정 코드정보 제공 서비스) 전국의 식품업체 중 HACCP 인증을 받은 업체의 식품제조 공정에 대한 코드, 한글코드명, 상위코드, 코드순서, 사용여부, 코드군, 코드군명",https://www.data.go.kr/data/15035284/openapi.do,한국식품안전관리인증원,OpenAPI search result
data.go.kr 농림축산식품 키워드,국토교통부_벤처기업육성지역(WMS/WFS),"건폐율·용적률·높이 등을 제한함으로써 토지를 경제적·효율적으로 이용하고 공공복리의 증진을 도모하기 위하여 서로 중복되지 않게 도시관리계획으로 결정하는 지역으로 도시지역, 관리지역, 농림지역",https://www.data.go.kr/data/15058793/openapi.do,국토교통부,OpenAPI search result
data.go.kr 농림축산식품 키워드,식품의약품안전처_음식점 업소 인허가 변경 정보,식품위생법에 따른 일반음식점 등 음식점업소의 인허가 변경 정보를 제공합니다.,https://www.data.go.kr/data/15145167/openapi.do,식품의약품안전처,OpenAPI search result
data.go.kr 농림축산식품 키워드,국토교통부_보금자리주택(WMS/WFS),"건폐율·용적률·높이 등을 제한함으로써 토지를 경제적·효율적으로 이용하고 공공복리의 증진을 도모하기 위하여 서로 중복되지 않게 도시관리계획으로 결정하는 지역으로 도시지역, 관리지역, 농림지역",https://www.data.go.kr/data/15059234/openapi.do,국토교통부,OpenAPI search result
data.go.kr 농림축산식품 키워드,행정안전부_동물_사료제조업 조회서비스,정리하여 인허가 현황을 일관되게 안내 - 해당 데이터에 대한 추가적인 자료 요청시 지자체 및 소관기관 담당자에게 문의 - 해당 데이터 법령 소관기관 및 문의처 : 농림축산식품부 축산환경자원과,https://www.data.go.kr/data/15155121/openapi.do,행정안전부,OpenAPI search result
data.go.kr 농림축산식품 키워드,식품의약품안전처_검사부적합 현황(농산물),"또한 식품안전 분야의 정보 투명성 제고, 식품산업 발전 지원, 데이터에 기반한 식품안전정책 수립으로 국민 편의성을 향상 시킬 수 있습니다.",https://www.data.go.kr/data/15113321/openapi.do,식품의약품안전처,OpenAPI search result
data.go.kr 농림축산식품 키워드,서울특별시농수산식품공사_부류별가격정보(수입품목),* 서울시농수산식품공사에서 제공중인 부류별가격정보(수입품목) API 입니다.,https://www.data.go.kr/data/15076027/openapi.do,서울특별시농수산식품공사,OpenAPI search result
data.go.kr 농림축산식품 키워드,지식재산처_한국전통 논문정보,"세부 정보 내용 논문정보: 한의학, 약학, 식품, 생물 분야에서 대표적인 학술지 45종을 대상으로 전통지식과 관련이 있는 논문을 선별하여 구축한 정보(XML) 3.",https://www.data.go.kr/data/15002147/openapi.do,지식재산처,OpenAPI search result
data.go.kr 농림축산식품 키워드,경기도_우유류판매업 현황,"이 데이터는 유제품 유통망 분석, 지역별 판매업소 분포 파악, 식품 안전관리, 축산물 관련 산업 육성 및 영업현황 분석에 활용될 수 있으며, 주간 단위로 갱신되며 Open API 방식으로",https://www.data.go.kr/data/15058448/openapi.do,경기도,OpenAPI search result
data.go.kr 농림축산식품 키워드,서울특별시농수산식품공사_주요품목가격(수입품목전용),* 서울시농수산식품공사에서 제공중인 주요품목가격(수입품목전용)에 대한 API 입니다.,https://www.data.go.kr/data/15076050/openapi.do,서울특별시농수산식품공사,OpenAPI search result
data.go.kr 농림축산식품 키워드,식품의약품안전처_축산물 운반업영업신고대장,"또한 식품산업 발전 지원, 데이터에 기반한 식품안전정책 수립, 맞춤형 서비스 개발 기반 제공으로 국민 편의성을 향상 시킬 수 있습니다.",https://www.data.go.kr/data/15064787/openapi.do,식품의약품안전처,OpenAPI search result
data.go.kr 농림축산식품 키워드,행정안전부_동물_가축사육업 조회서비스,상세 주소를 비식별 조치하여 제공 - 해당 데이터에 대한 추가적인 자료 요청시 지자체 및 소관기관 담당자에게 문의 - 해당 데이터 법령 소관기관 및 문의처 : 농림축산식품부 축산정책과,https://www.data.go.kr/data/15155089/openapi.do,행정안전부,OpenAPI search result
data.go.kr 농림축산식품 키워드,한국산업은행_기금대출 정보,", 산업재해예방기금, 석유저장시설 안전관리기금, 소상공인시장진흥기금, 에너지이용합리화자금, 정보통신진흥기금, 중소벤처기업창업 및 진흥기금, 지방중소기업육성자금, 청정대기분야자금, 축산발전기금",https://www.data.go.kr/data/15060633/openapi.do,한국산업은행,OpenAPI search result
data.go.kr 농림축산식품 키워드,식품의약품안전처_나트륨 줄이기 실천음식점 지정업체 대장,"또한 식품안전 분야의 정보 투명성 제고, 식품산업 발전 지원, 데이터에 기반한 식품안전정책 수립, 맞춤형 서비스 개발 기반 제공으로 국민 편의성을 향상 시킬 수 있습니다.",https://www.data.go.kr/data/15105560/openapi.do,식품의약품안전처,OpenAPI search result
data.go.kr 농림축산식품 키워드,한국식품안전관리인증원_HACCP 평가표정보 서비스,"(HACCP 평가표정보) 한국식품안전관리인증원에서 평가하는 식품제조업소의 식품안전관리 수준 제고를 위한 HACCP 인증 평가와 관련한 평가표 정보(만점기준, 품목(유형) 코드, 평가규모",https://www.data.go.kr/data/15090403/openapi.do,한국식품안전관리인증원,OpenAPI search result
data.go.kr 농림축산식품 키워드,충청북도_고용동향 산업별취업자,"산업별 취업자 데이터는 지역경제의 산업 구조와 인력 배분을 파악할 수 있는 핵심 지표로, 제조업·서비스업·농림어업 등 산업군별 고용 비중 변화, 산업 성장·쇠퇴 추세, 기술 변화에",https://www.data.go.kr/data/15078345/openapi.do,충청북도,OpenAPI search result
data.go.kr 농림축산식품 키워드,축산물품질평가원_축산물DNA동일성검사 업소정보,"또한, 이 데이터를 통해 소비자들은 구매하는 쇠고기와 돼지고기가 어떻게 관리되고 유통되었는지를 확인할 수 있어, 현재의 식품 안전 및 품질 관리 체계에 기여합니다.",https://www.data.go.kr/data/15056733/openapi.do,축산물품질평가원,OpenAPI search result
data.go.kr 농림축산식품 키워드,농촌진흥청 국립식량과학원_농식품 식단관리(메뉴젠) 음식 및 재료 정보,"정보, 재료 정보를 제공하며, 음식명으로 조회 - 제공항목(식단관리(메뉴젠) 음식 및 재료 정보 조회) : 동,식물 분류(amplt_Cl_Nm), 음식코드(fd_Code ), 식품코드",https://www.data.go.kr/data/15143500/openapi.do,농촌진흥청 국립식량과학원,OpenAPI search result
data.go.kr 농림축산식품 키워드,식품의약품안전처_수입식품업 폐업정보,"또한 사용자는 폐업업체의 분포 및 빈도를 분석해 공급망 변화, 수입식품 산업의 구조적 변동 또는 특정 지역의 폐업 추세 등을 파악하는 기초자료로 활용할 수 있습니다.",https://www.data.go.kr/data/15091535/openapi.do,식품의약품안전처,OpenAPI search result
data.go.kr 농림축산식품 키워드,식품의약품안전처_IS_제품LOT_원자재정보조회,"식품의약품안전처에서는 안전한 식품선택을 위한 소비자의 알 권리를 보장하고, 식품의 안전성 확보를 위한 신속한 유통차단과 회수조치를 위해 제조·가공단계부터 판매단계까지 각 단계별로",https://www.data.go.kr/data/15111966/openapi.do,식품의약품안전처,OpenAPI search result
data.go.kr 농림축산식품 키워드,경기도_부화업체 현황,"본 데이터는 행정안전부에서 제공하며, 축산 관련 정책 수립, 지역별 부화산업 분석, 축산업 등록업체 모니터링 등에 활용할 수 있습니다.",https://www.data.go.kr/data/15058341/openapi.do,경기도,OpenAPI search result
data.go.kr 농림축산식품 키워드,경기도_일반음식점(출장조리) 현황,"해당 데이터는 외식업 시장 분석, 출장요리 수요 예측, 공공 위생 및 식품안전 정책 수립에 활용될 수 있습니다.",https://www.data.go.kr/data/15057797/openapi.do,경기도,OpenAPI search result
data.go.kr 농림축산식품 키워드,서울특별시농수산식품공사_주간등락품목(주별가격흐름),* 서울시농수산식품공사에서 제공중인 주간등락품목(주별가격흐름)에 대한 API 입니다.,https://www.data.go.kr/data/15076048/openapi.do,서울특별시농수산식품공사,OpenAPI search result
data.go.kr 농림축산식품 키워드,"농촌진흥청 국립식량과학원_농식품 식단관리(메뉴젠) 음식, 재료, 조리 및 이미지 정보","정보 조회) : 이미지 주소, 순서, 조리 정보, 결과코드, 결과메세지, 한 페이지 결과 수, 페이지 번호, 총 항목 수, 순번, 음식코드, 음식 대분류, 음식 중분류, 음식 명, 식품",https://www.data.go.kr/data/15143471/openapi.do,농촌진흥청 국립식량과학원,OpenAPI search result
data.go.kr 농림축산식품 키워드,행정안전부_동물_부화업 조회서비스,상세 주소를 비식별 조치하여 제공 - 해당 데이터에 대한 추가적인 자료 요청시 지자체 및 소관기관 담당자에게 문의 - 해당 데이터 법령 소관기관 및 문의처 : 농림축산식품부 축산정책과,https://www.data.go.kr/data/15155112/openapi.do,행정안전부,OpenAPI search result
data.go.kr 농림축산식품 키워드,서울특별시농수산식품공사_월별등락품목(하락한품목),* 서울시농수산식품공사에서 제공중인 월간등락품목(하락한품목) API 입니다.,https://www.data.go.kr/data/15076038/openapi.do,서울특별시농수산식품공사,OpenAPI search result
data.go.kr 농림축산식품 키워드,농촌진흥청 국립축산과학원_대외 발표자료(포스터),"해당 포스터는 축산 관련 연구 성과, 실험 결과, 기술 개발 내용 등을 시각적으로 표현한 자료로, 연구자들이 국내외 학술대회나 세미나에서 발표한 내용을 포함하고 있습니다.",https://www.data.go.kr/data/15102024/openapi.do,농촌진흥청 국립축산과학원,OpenAPI search result
data.go.kr 농림축산식품 키워드,서울특별시농수산식품공사_경매품목 물량분포,* 서울시농수산식품공사에서 제공중인 경매품목 물량분포에 대한 API 입니다.,https://www.data.go.kr/data/15076005/openapi.do,서울특별시농수산식품공사,OpenAPI search result
data.go.kr 농림축산식품 키워드,농촌진흥청 국립축산과학원_홈페이지 보도자료,"축산 연구성과, 정책 동향, 기술 개발, 행사 및 홍보 내용 등 축산 분야의 최신 소식을 국민에게 투명하게 전달하고, 연구기관의 활동을 대외적으로 알리는 데 목적이 있습니다.",https://www.data.go.kr/data/15115477/openapi.do,농촌진흥청 국립축산과학원,OpenAPI search result
data.go.kr 농림축산식품 키워드,식품의약품안전처 식품의약품안전평가원_동물용의약품 물리화학적 정보 서비스,"동약 국문명, 동약 영문명, 식품 국문명, 식품 영문명, MRL(Maximum Residue Limit, 잔류허용기준) 등의 정보를 제공합니다.",https://www.data.go.kr/data/15133583/openapi.do,식품의약품안전처 식품의약품안전평가원,OpenAPI search result
data.go.kr 농림축산식품 키워드,행정안전부_생활_통신판매업 조회서비스,"생활_통신판매업 데이터는 TV홈쇼핑, 인터넷, 카탈로그, 신문잡지, 기타의 방법으로 가구, 가전, 식품, 의류 등을 판매하는 업소정보 데이터로 인허가일자, 영업상태, 사업장명, 소재지주소",https://www.data.go.kr/data/15154963/openapi.do,행정안전부,OpenAPI search result
data.go.kr 농림축산식품 키워드,대전광역시 서구_동물의약품도매상 등록 현황,"데이터는 축산·반려동물 관련 방역 및 질병 관리, 동물병원·약국 등에 대한 공급망 분석, 지역별 동물용 의약품 접근성 검토 등 공공 목적 활용에 적합하도록 표준화된 항목 중심으로 설계되었습니다",https://www.data.go.kr/data/15128499/openapi.do,대전광역시 서구,OpenAPI search result
data.go.kr 농림축산식품 키워드,식품의약품안전처_식용란선별포장업 인허가 대장 조회,"또한 식용란선별포장업 분야의 정보 투명성 제고, 식품산업 발전 지원, 데이터에 기반한 식품안전정책 수립, 맞춤형 서비스 개발 기반 제공으로 국민 편의성을 향상 시킬 수 있습니다.",https://www.data.go.kr/data/15107363/openapi.do,식품의약품안전처,OpenAPI search result
data.go.kr 농림축산식품 키워드,"농촌진흥청 국립식량과학원_농식품 식단관리(메뉴젠) 음식, 재료 및 조리 정보","중분류, 음식명, 중량) 정보, 재료 정보, 조리 정보를 제공하며, 음식명으로 조회 -제공항목(식단관리(메뉴젠) 음식, 재료 및 조리 정보 조회) : 국가표준성분 출처, 음식코드, 식품코드",https://www.data.go.kr/data/15143502/openapi.do,농촌진흥청 국립식량과학원,OpenAPI search result
data.go.kr 농림축산식품 키워드,전라남도_전남 임가통계 정보,"- “임가(林家)”란 농림어업총조사 규칙에 따라 정의된 개념으로, 가구주 또는 동거가구원이 생계를 위해 직접 임업을 경영하는 가구를 말합니다.",https://www.data.go.kr/data/15086903/openapi.do,전라남도,OpenAPI search result
data.go.kr 농림축산식품 키워드,식품의약품안전처_위생용품영업 생산실적보고,"또한 위생용품 분야의 정보 투명성 제고, 식품산업 발전 지원, 데이터에 기반한 식품안전정책 수립, 맞춤형 서비스 개발 기반 제공으로 국민 편의성을 향상 시킬 수 있습니다.",https://www.data.go.kr/data/15105496/openapi.do,식품의약품안전처,OpenAPI search result
data.go.kr 농림축산식품 키워드,식품의약품안전처 식품의약품안전평가원_농약 잔류허용기준 서비스,"농약 국문명, 농약 영문명, 식품 국문명, 식품 영문명, MRL(Maximum Residue Limit, 잔류허용기준) 등의 항목을 제공합니다.",https://www.data.go.kr/data/15133582/openapi.do,식품의약품안전처 식품의약품안전평가원,OpenAPI search result
data.go.kr 농림축산식품 키워드,경기도_다단계판매기타(복합등) 현황,"본 데이터는 경기도 내 건강기능식품일반판매업 중 ‘기타(복합 등)’으로 분류된 다단계판매 형태의 사업장 현황을 정리한 자료로, 시군별로 사업장명, 소재지 정보(지번 및 도로명), 인허가일자",https://www.data.go.kr/data/15057299/openapi.do,경기도,OpenAPI search result
data.go.kr 농림축산식품 키워드,농림수산식품교육문화정보원_HSK품목매핑목록조회,"본 데이터는 농업 및 식품 산업에서의 국제 거래를 지원하기 위해 만들어졌으며, 다양한 분야에서의 연구 및 정책 수립에 기여할 수 있습니다.",https://www.data.go.kr/data/15109240/openapi.do,농림수산식품교육문화정보원,OpenAPI search result
data.go.kr 농림축산식품 키워드,서울특별시농수산식품공사_월간등락품목(월평균가격),* 서울시농수산식품공사에서 제공중인 월간등락품목(월평균가격)에 대한 API 입니다.,https://www.data.go.kr/data/15076036/openapi.do,서울특별시농수산식품공사,OpenAPI search result
data.go.kr 농림축산식품 키워드,서울특별시농수산식품공사_주간등락품목(기간평균가격),* 서울시농수산식품공사에서 제공중인 주간등락품목(기간평균가격)에 대한 API 입니다.,https://www.data.go.kr/data/15076044/openapi.do,서울특별시농수산식품공사,OpenAPI search result
data.go.kr 농림축산식품 키워드,식품의약품안전처_즉석판매제조가공업 인허가 대장 조회,"또한 즉석판매제조가공업 분야의 정보 제공, 식품산업 발전 지원, 데이터에 기반한 식품안전정책 수립, 맞춤형 서비스 개발 기반 제공으로 국민 편의성을 향상 시킬 수 있습니다.",https://www.data.go.kr/data/15107376/openapi.do,식품의약품안전처,OpenAPI search result
data.go.kr 농림축산식품 키워드,"농촌진흥청 국립식량과학원_농식품 식단관리(메뉴젠) 음식, 재료 및 이미지 정보","정보, 이미지 정보를 제공하며, 음식명으로 조회 - 제공항목(식단관리(메뉴젠) 음식, 재료 및 이미지 정보 조회) : 이미지 주소(food_Image_Address), 음식코드, 식품코드",https://www.data.go.kr/data/15143525/openapi.do,농촌진흥청 국립식량과학원,OpenAPI search result
data.go.kr 농림축산식품 키워드,경상북도 구미시_일반 음식점,"이 데이터는 시민들의 생활 편의 향상, 위생 관리 및 지도점검, 식품위생 정책 수립, 관광 및 상권 분석 등 다양한 행정 및 민간 활용 목적으로 활용될 수 있습니다.",https://www.data.go.kr/data/15097246/openapi.do,경상북도 구미시,OpenAPI search result
data.go.kr 농림축산식품 키워드,서울특별시농수산식품공사_월간등락품목(상승한품목),* 서울시농수산식품공사에서 제공중인 월간등락품목(상승한품목) API 입니다.,https://www.data.go.kr/data/15076031/openapi.do,서울특별시농수산식품공사,OpenAPI search result
data.go.kr 농림축산식품 키워드,식품의약품안전처 식품의약품안전평가원_동물용의약품 잔류허용기준 서비스,"동약 국문명, 동약 영문명, 식품 국문명, 식품 영문명, MRL(Maximum Residue Limit, 잔류허용기준) 등의 정보를 제공합니다.",https://www.data.go.kr/data/15133585/openapi.do,식품의약품안전처 식품의약품안전평가원,OpenAPI search result
data.go.kr 농림축산식품 키워드,식품의약품안전처_급식 학교 식재료 공급업체 정보,학교는 집단 급식 형태로 제한된 공간과 정해진 시간에 식품을 제공(섭취)함에 따라 식중독 발생 시 다수의 인원이 동시에 발생되어 대형 식중독으로 확대될 우려가 높고 납품받은 식재료에서,https://www.data.go.kr/data/15117398/openapi.do,식품의약품안전처,OpenAPI search result
data.go.kr 농림축산식품 키워드,대전광역시 서구_모범음식점지정현황,"이를 통해 지역 내 모범음식점의 분포와 특징을 명확히 파악할 수 있으며, 위생·서비스 품질 관리, 지역 외식업 정책 수립, 식품안전 관련 행정업무 수행에 활용할 수 있다.",https://www.data.go.kr/data/15108156/openapi.do,대전광역시 서구,OpenAPI search result
data.go.kr 농림축산식품 키워드,식품의약품안전처_위생용품 수입성분정보,"주요 항목으로는 위생용품 신고품목구분코드 및 명칭, 성분코드와 성분명, 그리고 각 성분이 세척제 1종·2종·3종 대상 여부, 수입식품 성분 생성 여부, 설명, 실제 사용여부 등이 포함됩니다",https://www.data.go.kr/data/15073916/openapi.do,식품의약품안전처,OpenAPI search result
data.go.kr 농림축산식품 키워드,농림수산식품교육문화정보원_표준단위매핑목록조회,"이 정보는 농업 및 수산업 관련 데이터 분석이나 연구에 활용될 수 있으며, 특히 표준화된 코드 체계를 통해 식품의 출처 및 품질 개선에 기여할 수 있습니다.",https://www.data.go.kr/data/15109246/openapi.do,농림수산식품교육문화정보원,OpenAPI search result
data.go.kr 농림축산식품 키워드,식품의약품안전처_축산물 식육포장처리업 폐업정보,"또한 축산물 식욕포장처리업 분야의 정보 제공, 식품산업 발전 지원, 데이터에 기반한 식품안전정책 수립, 맞춤형 서비스 개발 기반 제공으로 국민 편의성을 향상 시킬 수 있습니다.",https://www.data.go.kr/data/15105538/openapi.do,식품의약품안전처,OpenAPI search result
data.go.kr 농림축산식품 키워드,식품의약품안전처_식육즉석판매가공업 인허가 대장 조회,"또한 식육즉석판매가공업 분야의 정보 투명성 제고, 식품산업 발전 지원, 데이터에 기반한 식품안전정책 수립, 맞춤형 서비스 개발 기반 제공으로 국민 편의성을 향상 시킬 수 있습니다.",https://www.data.go.kr/data/15107365/openapi.do,식품의약품안전처,OpenAPI search result
data.go.kr 농림축산식품 키워드,농림수산식품교육문화정보원_산지코드조회,"농림수산식품교육문화정보원에서 제공하는 ""농수산식품부 OpenAPI 서비스""는 농수산식품 관련 각종 코드 정보를 체계적으로 관리하고 공유하기 위한 시스템입니다.",https://www.data.go.kr/data/15109057/openapi.do,농림수산식품교육문화정보원,OpenAPI search result
data.go.kr 농림축산식품 키워드,농촌진흥청 국립식량과학원_농식품 기능성 페놀산 성분 정보,"시료ID 값으로 조회 - 제공 항목(기능성 페놀산 시료ID 정보 조회, 기능성 페놀산 성분 정보 조회) : 결과메세지, 결과코드, 총 항목 수, 페이지당 항목 수, 페이지 번호, 식품",https://www.data.go.kr/data/15143599/openapi.do,농촌진흥청 국립식량과학원,OpenAPI search result
data.go.kr 농림축산식품 키워드,경기도_명품민물고기생산업체 현황,"해당 데이터는 지역 수산물의 품질 관리, 안전한 식품 공급망 구축, 수산업 활성화 정책 수립 등에 활용될 수 있습니다.",https://www.data.go.kr/data/15056645/openapi.do,경기도,OpenAPI search result
data.go.kr 농림축산식품 키워드,식품의약품안전처_축산물 판매업 폐업정보,"또한 축산물 판매업 분야의 정보 투명성 제고, 식품산업 발전 지원, 데이터에 기반한 식품안전정책 수립, 맞춤형 서비스 개발 기반 제공으로 국민 편의성을 향상 시킬 수 있습니다.",https://www.data.go.kr/data/15105524/openapi.do,식품의약품안전처,OpenAPI search result
data.go.kr 농림축산식품 키워드,한국농업기술진흥원_생명자원정보 조회 서비스,"학명, 일반명(한글), 자원분류 정보와 함께 식물(영양체, 종자), 미생물(세균, 바이러스), 동물(축산, 곤충) 등 국내 15개 이상 연계기관의 다양한 통합 생명자원 내역을 상세하게",https://www.data.go.kr/data/15152596/openapi.do,한국농업기술진흥원,OpenAPI search result
data.go.kr 농림축산식품 키워드,"식품의약품안전처_축산물(도축업,보관업,운반업,집유업,식용란선별포장업) 폐업정보 조회","또한 축산물 분야의 정보 투명성 제고, 식품산업 발전 지원, 데이터에 기반한 식품안전정책 수립, 맞춤형 서비스 개발 기반 제공으로 국민 편의성을 향상 시킬 수 있습니다.",https://www.data.go.kr/data/15111984/openapi.do,식품의약품안전처,OpenAPI search result
data.go.kr 농림축산식품 키워드,식품의약품안전처_식육즉석판매가공업 폐업정보,"또한 식육즉석판매가공업 분야의 정보 투명성 제고, 식품산업 발전 지원, 데이터에 기반한 식품안전정책 수립, 맞춤형 서비스 개발 기반 제공으로 국민 편의성을 향상 시킬 수 있습니다.",https://www.data.go.kr/data/15105522/openapi.do,식품의약품안전처,OpenAPI search result
data.go.kr 농림축산식품 키워드,경기도_축산물 출하전 생체 잔류검사 집계 현황,"지자체 및 연구기관은 축산물 안전 정책 수립, 축종별 위험도 평가, 축산농가의 위생 관리 개선 방안 마련 등에 본 데이터를 활용할 수 있습니다.",https://www.data.go.kr/data/15056913/openapi.do,경기도,OpenAPI search result
data.go.kr 농림축산식품 키워드,식품의약품안전처_위생용품 폐업정보,"또한 위생용품 분야의 정보 제공, 식품산업 발전 지원, 데이터에 기반한 식품안전정책 수립, 맞춤형 서비스 개발 기반 제공으로 국민 편의성을 향상 시킬 수 있습니다.",https://www.data.go.kr/data/15105543/openapi.do,식품의약품안전처,OpenAPI search result
data.go.kr 농림축산식품 키워드,전라남도_환경방사선안전정보,"검사 항목은 세슘(Cs) 및 요오드(I) 핵종이며, 정부 기준(세슘 ≤ 100 Bq/kg, 유아 식품은 ≤ 50 Bq/kg)을 모두 만족합니다.",https://www.data.go.kr/data/15143331/openapi.do,전라남도,OpenAPI search result
data.go.kr 농림축산식품 키워드,서울특별시농수산식품공사_주간등락품목(하락한품목),* 서울시농수산식품공사에서 제공중인 주간등락품목(하락한품목)에 대한 API 입니다.,https://www.data.go.kr/data/15076049/openapi.do,서울특별시농수산식품공사,OpenAPI search result
data.go.kr 농림축산식품 키워드,전라남도_천일염 가공기업,"주로 염전에서 생산되며, 자연친화적인 방식과 풍부한 미네랄 함량으로 건강식품 및 전통 식재료로 주목받고 있습니다.",https://www.data.go.kr/data/15074714/openapi.do,전라남도,OpenAPI search result
data.go.kr 농림축산식품 키워드,전라남도_분양단지 정보,"정주여건 개선: 환경·문화 인프라 확충 지원사업 강화 - 전략 산업단지 동향 - 광양만권 첨단소재 국가산단: 약 396만㎡, 반도체·2차전지 등 육성 계획 추진 중 - 고흥 청정식품단지",https://www.data.go.kr/data/15083769/openapi.do,전라남도,OpenAPI search result
data.go.kr 농림축산식품 키워드,식품의약품안전처_위생용품 품목제조보고(원재료),"또한 식품안전 분야의 정보 투명성 제고, 식품산업 발전 지원, 데이터에 기반한 식품안전정책 수립, 맞춤형 서비스 개발 기반 제공으로 국민 편의성을 향상 시킬 수 있습니다.",https://www.data.go.kr/data/15145163/openapi.do,식품의약품안전처,OpenAPI search result
data.go.kr 농림축산식품 키워드,식품의약품안전처_용기.포장류제조업 폐업정보 조회,"또한 용기포장류제조업 분야의 정보 제공, 식품산업 발전 지원, 데이터에 기반한 식품안전정책 수립, 맞춤형 서비스 개발 기반 제공으로 국민 편의성을 향상 시킬 수 있습니다.",https://www.data.go.kr/data/15107374/openapi.do,식품의약품안전처,OpenAPI search result
data.go.kr 농림축산식품 키워드,식품의약품안전처 식품의약품안전평가원_식품의약품안전처 연구관리 과학기술표준분류 조회 서비스,"[공통설명] 식약처 데이터는 의약품,식품,의료기기,화장품 등 다양한 품목에 관한 허가 및 심사 정보, 제조와 유통 이력,안전성 평가,부작용 사례,위해 정보 등을 포괄적으로 포함하고",https://www.data.go.kr/data/15068283/openapi.do,식품의약품안전처 식품의약품안전평가원,OpenAPI search result
data.go.kr 농림축산식품 키워드,전라남도_천일염 생산자,"주로 염전에서 생산되며, 자연친화적인 방식과 풍부한 미네랄 함량으로 건강식품 및 전통 식재료로 주목받고 있습니다.",https://www.data.go.kr/data/15074717/openapi.do,전라남도,OpenAPI search result
data.go.kr 농림축산식품 키워드,식품의약품안전처 식품의약품안전평가원_식품의약품안전처 연구관리 공통_도로명코드 조회 서비스,"[공통설명] 식약처 데이터는 의약품,식품,의료기기,화장품 등 다양한 품목에 관한 허가 및 심사 정보, 제조와 유통 이력,안전성 평가,부작용 사례,위해 정보 등을 포괄적으로 포함하고",https://www.data.go.kr/data/15068285/openapi.do,식품의약품안전처 식품의약품안전평가원,OpenAPI search result
data.go.kr 농림축산식품 키워드,식품의약품안전처_수입축산물 냉동전환 정보,"또한 축산물 안전 분야의 정보 투명성 제고, 식품산업 발전 지원, 데이터에 기반한 식품안전정책 수립 제공으로 국민 편의성을 향상 시킬 수 있습니다.",https://www.data.go.kr/data/15126216/openapi.do,식품의약품안전처,OpenAPI search result
data.go.kr 농림축산식품 키워드,식품의약품안전처_축산물 가공업 폐업정보 조회,"또한 축산물가공업 분야의 정보 제공, 식품산업 발전 지원, 데이터에 기반한 식품안전정책 수립, 맞춤형 서비스 개발 기반 제공으로 국민 편의성을 향상 시킬 수 있습니다.",https://www.data.go.kr/data/15111985/openapi.do,식품의약품안전처,OpenAPI search result
data.go.kr 농림축산식품 키워드,식품의약품안전처 식품의약품안전평가원_식품의약품안전처 연구관리 공통_도로명주소 조회 서비스,"[공통설명] 식약처 데이터는 의약품,식품,의료기기,화장품 등 다양한 품목에 관한 허가 및 심사 정보, 제조와 유통 이력,안전성 평가,부작용 사례,위해 정보 등을 포괄적으로 포함하고",https://www.data.go.kr/data/15068284/openapi.do,식품의약품안전처 식품의약품안전평가원,OpenAPI search result
data.go.kr 농림축산식품 키워드,식품의약품안전처 식품의약품안전평가원_식품의약품안전처 연구관리 기술 분류 정보조회 서비스,"[공통설명] 식약처 데이터는 의약품,식품,의료기기,화장품 등 다양한 품목에 관한 허가 및 심사 정보, 제조와 유통 이력,안전성 평가,부작용 사례,위해 정보 등을 포괄적으로 포함하고",https://www.data.go.kr/data/15068423/openapi.do,식품의약품안전처 식품의약품안전평가원,OpenAPI search result
data.go.kr 농림축산식품 키워드,농촌진흥청 국립원예특작과학원_원예특용작물가격동향 조회 서비스,"화훼 : 장미, 백합, 호접란 (*자료출처: aTKamis( 도매가격 ), 화훼(장미, 백합, 호접란)는 양재동 도매가격 인삼은 금산군청 산지시장가격 버섯(표고,양송이) 서울농수산식품공사",https://www.data.go.kr/data/15102060/openapi.do,농촌진흥청 국립원예특작과학원,OpenAPI search result
data.go.kr 농림축산식품 키워드,서울특별시농수산식품공사_주간등락품목(상승한품목),* 서울시농수산식품공사에서 제공중인 주간등락품목(상승한품목)에 대한 API 입니다.,https://www.data.go.kr/data/15076046/openapi.do,서울특별시농수산식품공사,OpenAPI search result
data.go.kr 농림축산식품 키워드,식품의약품안전처 식품의약품안전평가원_식품의약품안전처 연구관리 조달 계획 조회 서비스,"[공통설명] 식약처 데이터는 의약품,식품,의료기기,화장품 등 다양한 품목에 관한 허가 및 심사 정보, 제조와 유통 이력,안전성 평가,부작용 사례,위해 정보 등을 포괄적으로 포함하고",https://www.data.go.kr/data/15068577/openapi.do,식품의약품안전처 식품의약품안전평가원,OpenAPI search result
data.go.kr 농림축산식품 키워드,서울특별시농수산식품공사_일일등락품목(상승한품목),* 서울시농수산식품공사에서 제공중인 일일등락품목(상승한품목)에 대한 API 입니다.,https://www.data.go.kr/data/15076040/openapi.do,서울특별시농수산식품공사,OpenAPI search result
data.go.kr 농림축산식품 키워드,농촌진흥청 국립식량과학원_농식품 기능성 사포닌 성분정보 조회 서비스,"제공항목(기능성성분 사포닌 시료정보 조회, 기능성성분 사포닌 성분정보 조회) : 데이터의 총 갯수, 결과목록, 한 페이지 레코드 수, 페이지 수, 건조 생물 여부, 데이터 번호, 시료(식품",https://www.data.go.kr/data/15143604/openapi.do,농촌진흥청 국립식량과학원,OpenAPI search result
data.go.kr 농림축산식품 키워드,식품의약품안전처 식품의약품안전평가원_식품의약품안전처 연구관리 등급 구간 조회 서비스,"[공통설명] 식약처 데이터는 의약품,식품,의료기기,화장품 등 다양한 품목에 관한 허가 및 심사 정보, 제조와 유통 이력,안전성 평가,부작용 사례,위해 정보 등을 포괄적으로 포함하고",https://www.data.go.kr/data/15068548/openapi.do,식품의약품안전처 식품의약품안전평가원,OpenAPI search result
data.go.kr 농림축산식품 키워드,식품의약품안전처 식품의약품안전평가원_식품의약품안전처 연구관리 연구 보고서 요약 조회 서비스,"[공통설명] 식약처 데이터는 의약품,식품,의료기기,화장품 등 다양한 품목에 관한 허가 및 심사 정보, 제조와 유통 이력,안전성 평가,부작용 사례,위해 정보 등을 포괄적으로 포함하고",https://www.data.go.kr/data/15068690/openapi.do,식품의약품안전처 식품의약품안전평가원,OpenAPI search result
data.go.kr 농림축산식품 키워드,식품의약품안전처 식품의약품안전평가원_식품의약품안전처 연구관리 사업 공고 조회 서비스,"[공통설명] 식약처 데이터는 의약품,식품,의료기기,화장품 등 다양한 품목에 관한 허가 및 심사 정보, 제조와 유통 이력,안전성 평가,부작용 사례,위해 정보 등을 포괄적으로 포함하고",https://www.data.go.kr/data/15067899/openapi.do,식품의약품안전처 식품의약품안전평가원,OpenAPI search result
data.go.kr 농림축산식품 키워드,식품의약품안전처 식품의약품안전평가원_식품의약품안전처 연구관리 시설 장비 사용 정보 조회 서비스,"[공통설명] 식약처 데이터는 의약품,식품,의료기기,화장품 등 다양한 품목에 관한 허가 및 심사 정보, 제조와 유통 이력,안전성 평가,부작용 사례,위해 정보 등을 포괄적으로 포함하고",https://www.data.go.kr/data/15068290/openapi.do,식품의약품안전처 식품의약품안전평가원,OpenAPI search result
data.go.kr 농림축산식품 키워드,식품의약품안전처 식품의약품안전평가원_식품의약품안전처 연구관리 조달 계획 첨부파일 조회 서비스,"[공통설명] 식약처 데이터는 의약품,식품,의료기기,화장품 등 다양한 품목에 관한 허가 및 심사 정보, 제조와 유통 이력,안전성 평가,부작용 사례,위해 정보 등을 포괄적으로 포함하고",https://www.data.go.kr/data/15068563/openapi.do,식품의약품안전처 식품의약품안전평가원,OpenAPI search result
data.go.kr 농림축산식품 키워드,식품의약품안전처 식품의약품안전평가원_식품의약품안전처 연구관리 시험연구비 첨부파일 조회 서비스,"[공통설명] 식약처 데이터는 의약품,식품,의료기기,화장품 등 다양한 품목에 관한 허가 및 심사 정보, 제조와 유통 이력,안전성 평가,부작용 사례,위해 정보 등을 포괄적으로 포함하고",https://www.data.go.kr/data/15068712/openapi.do,식품의약품안전처 식품의약품안전평가원,OpenAPI search result
data.go.kr 농림축산식품 키워드,농림수산식품교육문화정보원_정산경락 도매시장 유통통계 조회,"이 데이터는 농수축산물 가격 분석, 시장 동향 파악, 식품 정책 개발 및 연구의 기초 자료로 사용될 수 있습니다.",https://www.data.go.kr/data/15109067/openapi.do,농림수산식품교육문화정보원,OpenAPI search result
data.go.kr 농림축산식품 키워드,식품의약품안전처 식품의약품안전평가원_식품의약품안전처 연구관리 사전검토 종류 조회 서비스,"[공통설명] 식약처 데이터는 의약품,식품,의료기기,화장품 등 다양한 품목에 관한 허가 및 심사 정보, 제조와 유통 이력,안전성 평가,부작용 사례,위해 정보 등을 포괄적으로 포함하고",https://www.data.go.kr/data/15068553/openapi.do,식품의약품안전처 식품의약품안전평가원,OpenAPI search result
data.go.kr 농림축산식품 키워드,전라남도 여수시_면역력 관광 상품개발을 위한 여수시 로컬푸드 조회 서비스,"또한 (+)catechin, (-)epicatechin(EC) 등 플라보노이드 계열 성분 정보를 포함하여 식품의 기능성 특성을 분석할 수 있도록 구성되어 있습니다.",https://www.data.go.kr/data/15097223/openapi.do,전라남도 여수시,OpenAPI search result
data.go.kr 농림축산식품 키워드,식품의약품안전처 식품의약품안전평가원_식품의약품안전처 연구관리 평가 문항 조회 서비스,"[공통설명] 식약처 데이터는 의약품,식품,의료기기,화장품 등 다양한 품목에 관한 허가 및 심사 정보, 제조와 유통 이력,안전성 평가,부작용 사례,위해 정보 등을 포괄적으로 포함하고",https://www.data.go.kr/data/15068422/openapi.do,식품의약품안전처 식품의약품안전평가원,OpenAPI search result
data.go.kr 농림축산식품 키워드,식품의약품안전처 식품의약품안전평가원_식품의약품안전처 연구관리 단위사업 성과지표 조회 서비스,"[공통설명] 식약처 데이터는 의약품,식품,의료기기,화장품 등 다양한 품목에 관한 허가 및 심사 정보, 제조와 유통 이력,안전성 평가,부작용 사례,위해 정보 등을 포괄적으로 포함하고",https://www.data.go.kr/data/15068711/openapi.do,식품의약품안전처 식품의약품안전평가원,OpenAPI search result
data.go.kr 농림축산식품 키워드,식품의약품안전처 식품의약품안전평가원_식품의약품안전처 연구관리 사업 체계 조회 서비스,"[공통설명] 식약처 데이터는 의약품,식품,의료기기,화장품 등 다양한 품목에 관한 허가 및 심사 정보, 제조와 유통 이력,안전성 평가,부작용 사례,위해 정보 등을 포괄적으로 포함하고",https://www.data.go.kr/data/15068715/openapi.do,식품의약품안전처 식품의약품안전평가원,OpenAPI search result
data.go.kr 농림축산식품 키워드,식품의약품안전처 식품의약품안전평가원_식품의약품안전처 연구관리 연도별 시행계획 조회 서비스,"[공통설명] 식약처 데이터는 의약품,식품,의료기기,화장품 등 다양한 품목에 관한 허가 및 심사 정보, 제조와 유통 이력,안전성 평가,부작용 사례,위해 정보 등을 포괄적으로 포함하고",https://www.data.go.kr/data/15068720/openapi.do,식품의약품안전처 식품의약품안전평가원,OpenAPI search result
data.go.kr 농림축산식품 키워드,식품의약품안전처_건강기능식품업소 인허가 변경 정보,"건강기능식품에 관한 법률에 따라 식품의약품안전처가 관리하는 건강기능식품전문제조업, 벤처제조업의 인허가 변경 사항을 제공합니다.",https://www.data.go.kr/data/15145159/openapi.do,식품의약품안전처,OpenAPI search result
data.go.kr 농림축산식품 키워드,식품의약품안전처 식품의약품안전평가원_식품의약품안전처 연구관리 연구 분야 기술 조회 서비스,"[공통설명] 식약처 데이터는 의약품,식품,의료기기,화장품 등 다양한 품목에 관한 허가 및 심사 정보, 제조와 유통 이력,안전성 평가,부작용 사례,위해 정보 등을 포괄적으로 포함하고",https://www.data.go.kr/data/15068388/openapi.do,식품의약품안전처 식품의약품안전평가원,OpenAPI search result
data.go.kr 농림축산식품 키워드,식품의약품안전처 식품의약품안전평가원_식품의약품안전처 연구관리 제외 조건 가중치 조회 서비스,"[공통설명] 식약처 데이터는 의약품,식품,의료기기,화장품 등 다양한 품목에 관한 허가 및 심사 정보, 제조와 유통 이력,안전성 평가,부작용 사례,위해 정보 등을 포괄적으로 포함하고",https://www.data.go.kr/data/15068445/openapi.do,식품의약품안전처 식품의약품안전평가원,OpenAPI search result
data.go.kr 농림축산식품 키워드,식품의약품안전처 식품의약품안전평가원_식품의약품안전처 연구관리 등급 분배 조회 서비스,"[공통설명] 식약처 데이터는 의약품,식품,의료기기,화장품 등 다양한 품목에 관한 허가 및 심사 정보, 제조와 유통 이력,안전성 평가,부작용 사례,위해 정보 등을 포괄적으로 포함하고",https://www.data.go.kr/data/15068543/openapi.do,식품의약품안전처 식품의약품안전평가원,OpenAPI search result
data.go.kr 농림축산식품 키워드,식품의약품안전처 식품의약품안전평가원_식품의약품안전처 연구관리 기술료 징수 조회 서비스,"[공통설명] 식약처 데이터는 의약품,식품,의료기기,화장품 등 다양한 품목에 관한 허가 및 심사 정보, 제조와 유통 이력,안전성 평가,부작용 사례,위해 정보 등을 포괄적으로 포함하고",https://www.data.go.kr/data/15068673/openapi.do,식품의약품안전처 식품의약품안전평가원,OpenAPI search result
data.go.kr 농림축산식품 키워드,식품의약품안전처 식품의약품안전평가원_식품의약품안전처 연구관리 연구 보고서 요약 첨부파일 조회 서비스,"[공통설명] 식약처 데이터는 의약품,식품,의료기기,화장품 등 다양한 품목에 관한 허가 및 심사 정보, 제조와 유통 이력,안전성 평가,부작용 사례,위해 정보 등을 포괄적으로 포함하고",https://www.data.go.kr/data/15068681/openapi.do,식품의약품안전처 식품의약품안전평가원,OpenAPI search result
data.go.kr 농림축산식품 키워드,식품의약품안전처 식품의약품안전평가원_식품의약품안전처 연구관리 연구비 첨부파일 조회 서비스,"[공통설명] 식약처 데이터는 의약품,식품,의료기기,화장품 등 다양한 품목에 관한 허가 및 심사 정보, 제조와 유통 이력,안전성 평가,부작용 사례,위해 정보 등을 포괄적으로 포함하고",https://www.data.go.kr/data/15068692/openapi.do,식품의약품안전처 식품의약품안전평가원,OpenAPI search result
data.go.kr 농림축산식품 키워드,식품의약품안전처 식품의약품안전평가원_식품의약품안전처 연구관리 사업 체계 첨부파일 조회 서비스,"[공통설명] 식약처 데이터는 의약품,식품,의료기기,화장품 등 다양한 품목에 관한 허가 및 심사 정보, 제조와 유통 이력,안전성 평가,부작용 사례,위해 정보 등을 포괄적으로 포함하고",https://www.data.go.kr/data/15068716/openapi.do,식품의약품안전처 식품의약품안전평가원,OpenAPI search result
data.go.kr 농림축산식품 키워드,식품의약품안전처 식품의약품안전평가원_식품의약품안전처 연구관리 조직코드 조회 서비스,"[공통설명] 식약처 데이터는 의약품,식품,의료기기,화장품 등 다양한 품목에 관한 허가 및 심사 정보, 제조와 유통 이력,안전성 평가,부작용 사례,위해 정보 등을 포괄적으로 포함하고",https://www.data.go.kr/data/15068281/openapi.do,식품의약품안전처 식품의약품안전평가원,OpenAPI search result
data.go.kr 농림축산식품 키워드,식품의약품안전처 식품의약품안전평가원_식품의약품안전처 연구관리 조직(기관) 조회 서비스,"[공통설명] 식약처 데이터는 의약품,식품,의료기기,화장품 등 다양한 품목에 관한 허가 및 심사 정보, 제조와 유통 이력,안전성 평가,부작용 사례,위해 정보 등을 포괄적으로 포함하고",https://www.data.go.kr/data/15068286/openapi.do,식품의약품안전처 식품의약품안전평가원,OpenAPI search result
data.go.kr 농림축산식품 키워드,서울특별시농수산식품공사_일일등락품목(등락품목수),* 서울시농수산식품공사에서 제공중인 일일등락품목(등락품목수) API 입니다.,https://www.data.go.kr/data/15076039/openapi.do,서울특별시농수산식품공사,OpenAPI search result
data.go.kr 농림축산식품 키워드,식품의약품안전처 식품의약품안전평가원_연구관리 평가 수당 기본 지급율 조회 서비스,"[공통설명] 식약처 데이터는 의약품,식품,의료기기,화장품 등 다양한 품목에 관한 허가 및 심사 정보, 제조와 유통 이력,안전성 평가,부작용 사례,위해 정보 등을 포괄적으로 포함하고",https://www.data.go.kr/data/15068304/openapi.do,식품의약품안전처 식품의약품안전평가원,OpenAPI search result
data.go.kr 농림축산식품 키워드,식품의약품안전처 식품의약품안전평가원_식품의약품안전처 연구관리 기관 조회서비스,"[공통설명] 식약처 데이터는 의약품,식품,의료기기,화장품 등 다양한 품목에 관한 허가 및 심사 정보, 제조와 유통 이력,안전성 평가,부작용 사례,위해 정보 등을 포괄적으로 포함하고",https://www.data.go.kr/data/15080330/openapi.do,식품의약품안전처 식품의약품안전평가원,OpenAPI search result
data.go.kr 농림축산식품 키워드,식품의약품안전처 식품의약품안전평가원_식품의약품안전처 연구관리 수요 조사 참여부서 조회 서비스,"[공통설명] 식약처 데이터는 의약품,식품,의료기기,화장품 등 다양한 품목에 관한 허가 및 심사 정보, 제조와 유통 이력,안전성 평가,부작용 사례,위해 정보 등을 포괄적으로 포함하고",https://www.data.go.kr/data/15068130/openapi.do,식품의약품안전처 식품의약품안전평가원,OpenAPI search result
data.go.kr 농림축산식품 키워드,식품의약품안전처 식품의약품안전평가원_식품의약품안전처 연구관리 수요 조사 일정 조회 서비스,"[공통설명] 식약처 데이터는 의약품,식품,의료기기,화장품 등 다양한 품목에 관한 허가 및 심사 정보, 제조와 유통 이력,안전성 평가,부작용 사례,위해 정보 등을 포괄적으로 포함하고",https://www.data.go.kr/data/15068144/openapi.do,식품의약품안전처 식품의약품안전평가원,OpenAPI search result
data.go.kr 농림축산식품 키워드,식품의약품안전처 식품의약품안전평가원_식품의약품안전처 연구관리 평가 위원회 조회 서비스,"[공통설명] 식약처 데이터는 의약품,식품,의료기기,화장품 등 다양한 품목에 관한 허가 및 심사 정보, 제조와 유통 이력,안전성 평가,부작용 사례,위해 정보 등을 포괄적으로 포함하고",https://www.data.go.kr/data/15068382/openapi.do,식품의약품안전처 식품의약품안전평가원,OpenAPI search result
data.go.kr 농림축산식품 키워드,식품의약품안전처 식품의약품안전평가원_식품의약품안전처 연구관리 평가 항목 조회 서비스,"[공통설명] 식약처 데이터는 의약품,식품,의료기기,화장품 등 다양한 품목에 관한 허가 및 심사 정보, 제조와 유통 이력,안전성 평가,부작용 사례,위해 정보 등을 포괄적으로 포함하고",https://www.data.go.kr/data/15068408/openapi.do,식품의약품안전처 식품의약품안전평가원,OpenAPI search result
data.go.kr 농림축산식품 키워드,식품의약품안전처 식품의약품안전평가원_식품의약품안전처 연구관리 세부사업 성과지표 조회 서비스,"[공통설명] 식약처 데이터는 의약품,식품,의료기기,화장품 등 다양한 품목에 관한 허가 및 심사 정보, 제조와 유통 이력,안전성 평가,부작용 사례,위해 정보 등을 포괄적으로 포함하고",https://www.data.go.kr/data/15068413/openapi.do,식품의약품안전처 식품의약품안전평가원,OpenAPI search result
data.go.kr 농림축산식품 키워드,식품의약품안전처 식품의약품안전평가원_식품의약품안전처 연구관리 제외 조건 조회 서비스,"[공통설명] 식약처 데이터는 의약품,식품,의료기기,화장품 등 다양한 품목에 관한 허가 및 심사 정보, 제조와 유통 이력,안전성 평가,부작용 사례,위해 정보 등을 포괄적으로 포함하고",https://www.data.go.kr/data/15068434/openapi.do,식품의약품안전처 식품의약품안전평가원,OpenAPI search result
data.go.kr 농림축산식품 키워드,식품의약품안전처 식품의약품안전평가원_식품의약품안전처 연구관리 녹색 기술 분야 조회 서비스,"[공통설명] 식약처 데이터는 의약품,식품,의료기기,화장품 등 다양한 품목에 관한 허가 및 심사 정보, 제조와 유통 이력,안전성 평가,부작용 사례,위해 정보 등을 포괄적으로 포함하고",https://www.data.go.kr/data/15068447/openapi.do,식품의약품안전처 식품의약품안전평가원,OpenAPI search result
data.go.kr 농림축산식품 키워드,식품의약품안전처 식품의약품안전평가원_식품의약품안전처 연구관리 식약처_연구비_비목 코드 조회 서비스,"[공통설명] 식약처 데이터는 의약품,식품,의료기기,화장품 등 다양한 품목에 관한 허가 및 심사 정보, 제조와 유통 이력,안전성 평가,부작용 사례,위해 정보 등을 포괄적으로 포함하고",https://www.data.go.kr/data/15068646/openapi.do,식품의약품안전처 식품의약품안전평가원,OpenAPI search result
data.go.kr 농림축산식품 키워드,식품의약품안전처 식품의약품안전평가원_식품의약품안전처 연구관리 기술료 징수 첨부파일 조회 서비스,"[공통설명] 식약처 데이터는 의약품,식품,의료기기,화장품 등 다양한 품목에 관한 허가 및 심사 정보, 제조와 유통 이력,안전성 평가,부작용 사례,위해 정보 등을 포괄적으로 포함하고",https://www.data.go.kr/data/15068686/openapi.do,식품의약품안전처 식품의약품안전평가원,OpenAPI search result
data.go.kr 농림축산식품 키워드,식품의약품안전처 식품의약품안전평가원_식품의약품안전처 연구관리 기본 계획 조회 서비스,"[공통설명] 식약처 데이터는 의약품,식품,의료기기,화장품 등 다양한 품목에 관한 허가 및 심사 정보, 제조와 유통 이력,안전성 평가,부작용 사례,위해 정보 등을 포괄적으로 포함하고",https://www.data.go.kr/data/15068717/openapi.do,식품의약품안전처 식품의약품안전평가원,OpenAPI search result
data.go.kr 농림축산식품 키워드,식품의약품안전처 식품의약품안전평가원_식품의약품안전처 연구관리 위탁 정산기관 조회 서비스,"[공통설명] 식약처 데이터는 의약품,식품,의료기기,화장품 등 다양한 품목에 관한 허가 및 심사 정보, 제조와 유통 이력,안전성 평가,부작용 사례,위해 정보 등을 포괄적으로 포함하고",https://www.data.go.kr/data/15068723/openapi.do,식품의약품안전처 식품의약품안전평가원,OpenAPI search result
data.go.kr 농림축산식품 키워드,식품의약품안전처 식품의약품안전평가원_식품의약품안전처 연구관리 정산 계획 조회 서비스,"[공통설명] 식약처 데이터는 의약품,식품,의료기기,화장품 등 다양한 품목에 관한 허가 및 심사 정보, 제조와 유통 이력,안전성 평가,부작용 사례,위해 정보 등을 포괄적으로 포함하고",https://www.data.go.kr/data/15068724/openapi.do,식품의약품안전처 식품의약품안전평가원,OpenAPI search result
data.go.kr 농림축산식품 키워드,식품의약품안전처 식품의약품안전평가원_식품의약품안전처 연구관리 협약/계약 환경 조회 서비스,"[공통설명] 식약처 데이터는 의약품,식품,의료기기,화장품 등 다양한 품목에 관한 허가 및 심사 정보, 제조와 유통 이력,안전성 평가,부작용 사례,위해 정보 등을 포괄적으로 포함하고",https://www.data.go.kr/data/15067878/openapi.do,식품의약품안전처 식품의약품안전평가원,OpenAPI search result
data.go.kr 농림축산식품 키워드,식품의약품안전처 식품의약품안전평가원_식품의약품안전처 연구관리 제안과제 수행 참여 부서 조회 서비스,"[공통설명] 식약처 데이터는 의약품,식품,의료기기,화장품 등 다양한 품목에 관한 허가 및 심사 정보, 제조와 유통 이력,안전성 평가,부작용 사례,위해 정보 등을 포괄적으로 포함하고",https://www.data.go.kr/data/15068151/openapi.do,식품의약품안전처 식품의약품안전평가원,OpenAPI search result
data.go.kr 농림축산식품 키워드,식품의약품안전처 식품의약품안전평가원_식품의약품안전처 연구관리 제안과제 수행 참여 부서 이력 조회 서비스,"[공통설명] 식약처 데이터는 의약품,식품,의료기기,화장품 등 다양한 품목에 관한 허가 및 심사 정보, 제조와 유통 이력,안전성 평가,부작용 사례,위해 정보 등을 포괄적으로 포함하고",https://www.data.go.kr/data/15068165/openapi.do,식품의약품안전처 식품의약품안전평가원,OpenAPI search result
data.go.kr 농림축산식품 키워드,식품의약품안전처 식품의약품안전평가원_식품의약품안전처 연구관리 보유 기관 전담 인력 조회 서비스,"[공통설명] 식약처 데이터는 의약품,식품,의료기기,화장품 등 다양한 품목에 관한 허가 및 심사 정보, 제조와 유통 이력,안전성 평가,부작용 사례,위해 정보 등을 포괄적으로 포함하고",https://www.data.go.kr/data/15068301/openapi.do,식품의약품안전처 식품의약품안전평가원,OpenAPI search result
data.go.kr 농림축산식품 키워드,식품의약품안전처 식품의약품안전평가원_식품의약품안전처 연구관리 연구 시설 장비 표준 조회 서비스,"[공통설명] 식약처 데이터는 의약품,식품,의료기기,화장품 등 다양한 품목에 관한 허가 및 심사 정보, 제조와 유통 이력,안전성 평가,부작용 사례,위해 정보 등을 포괄적으로 포함하고",https://www.data.go.kr/data/15068383/openapi.do,식품의약품안전처 식품의약품안전평가원,OpenAPI search result
data.go.kr 농림축산식품 키워드,식품의약품안전처 식품의약품안전평가원_식품의약품안전처 연구관리 성과물 유형 조회 서비스,"[공통설명] 식약처 데이터는 의약품,식품,의료기기,화장품 등 다양한 품목에 관한 허가 및 심사 정보, 제조와 유통 이력,안전성 평가,부작용 사례,위해 정보 등을 포괄적으로 포함하고",https://www.data.go.kr/data/15068391/openapi.do,식품의약품안전처 식품의약품안전평가원,OpenAPI search result
data.go.kr 농림축산식품 키워드,식품의약품안전처 식품의약품안전평가원_식품의약품안전처 연구관리 평가 등급 조회 서비스,"[공통설명] 식약처 데이터는 의약품,식품,의료기기,화장품 등 다양한 품목에 관한 허가 및 심사 정보, 제조와 유통 이력,안전성 평가,부작용 사례,위해 정보 등을 포괄적으로 포함하고",https://www.data.go.kr/data/15068394/openapi.do,식품의약품안전처 식품의약품안전평가원,OpenAPI search result
data.go.kr 농림축산식품 키워드,식품의약품안전처 식품의약품안전평가원_식품의약품안전처 연구관리 세부사업 성과목표 조회 서비스,"[공통설명] 식약처 데이터는 의약품,식품,의료기기,화장품 등 다양한 품목에 관한 허가 및 심사 정보, 제조와 유통 이력,안전성 평가,부작용 사례,위해 정보 등을 포괄적으로 포함하고",https://www.data.go.kr/data/15068402/openapi.do,식품의약품안전처 식품의약품안전평가원,OpenAPI search result
data.go.kr 농림축산식품 키워드,식품의약품안전처 식품의약품안전평가원_식품의약품안전처 연구관리 전문 위원회 자료 조회 서비스,"[공통설명] 식약처 데이터는 의약품,식품,의료기기,화장품 등 다양한 품목에 관한 허가 및 심사 정보, 제조와 유통 이력,안전성 평가,부작용 사례,위해 정보 등을 포괄적으로 포함하고",https://www.data.go.kr/data/15068664/openapi.do,식품의약품안전처 식품의약품안전평가원,OpenAPI search result
data.go.kr 농림축산식품 키워드,식품의약품안전처 식품의약품안전평가원_식품의약품안전처 연구관리 성과지표 성과물 유형 조회 서비스,"[공통설명] 식약처 데이터는 의약품,식품,의료기기,화장품 등 다양한 품목에 관한 허가 및 심사 정보, 제조와 유통 이력,안전성 평가,부작용 사례,위해 정보 등을 포괄적으로 포함하고",https://www.data.go.kr/data/15068669/openapi.do,식품의약품안전처 식품의약품안전평가원,OpenAPI search result
data.go.kr 농림축산식품 키워드,식품의약품안전처 식품의약품안전평가원_식품의약품안전처 연구관리 전문 위원회 조회 서비스,"[공통설명] 식약처 데이터는 의약품,식품,의료기기,화장품 등 다양한 품목에 관한 허가 및 심사 정보, 제조와 유통 이력,안전성 평가,부작용 사례,위해 정보 등을 포괄적으로 포함하고",https://www.data.go.kr/data/15068675/openapi.do,식품의약품안전처 식품의약품안전평가원,OpenAPI search result
data.go.kr 농림축산식품 키워드,식품의약품안전처 식품의약품안전평가원_식품의약품안전처 연구관리 회의록 첨부파일 조회 서비스,"[공통설명] 식약처 데이터는 의약품,식품,의료기기,화장품 등 다양한 품목에 관한 허가 및 심사 정보, 제조와 유통 이력,안전성 평가,부작용 사례,위해 정보 등을 포괄적으로 포함하고",https://www.data.go.kr/data/15068677/openapi.do,식품의약품안전처 식품의약품안전평가원,OpenAPI search result
data.go.kr 농림축산식품 키워드,식품의약품안전처 식품의약품안전평가원_식품의약품안전처 연구관리 기술료 사용 조회 서비스,"[공통설명] 식약처 데이터는 의약품,식품,의료기기,화장품 등 다양한 품목에 관한 허가 및 심사 정보, 제조와 유통 이력,안전성 평가,부작용 사례,위해 정보 등을 포괄적으로 포함하고",https://www.data.go.kr/data/15068688/openapi.do,식품의약품안전처 식품의약품안전평가원,OpenAPI search result
data.go.kr 농림축산식품 키워드,식품의약품안전처 식품의약품안전평가원_식품의약품안전처 연구관리 기술료 사용 첨부파일 조회 서비스,"[공통설명] 식약처 데이터는 의약품,식품,의료기기,화장품 등 다양한 품목에 관한 허가 및 심사 정보, 제조와 유통 이력,안전성 평가,부작용 사례,위해 정보 등을 포괄적으로 포함하고",https://www.data.go.kr/data/15068689/openapi.do,식품의약품안전처 식품의약품안전평가원,OpenAPI search result
data.go.kr 농림축산식품 키워드,식품의약품안전처 식품의약품안전평가원_식품의약품안전처 연구관리 민간 부담금 납부 조회 서비스,"[공통설명] 식약처 데이터는 의약품,식품,의료기기,화장품 등 다양한 품목에 관한 허가 및 심사 정보, 제조와 유통 이력,안전성 평가,부작용 사례,위해 정보 등을 포괄적으로 포함하고",https://www.data.go.kr/data/15068707/openapi.do,식품의약품안전처 식품의약품안전평가원,OpenAPI search result
data.go.kr 농림축산식품 키워드,식품의약품안전처 식품의약품안전평가원_식품의약품안전처 연구관리 민간 부담금 첨부파일 조회 서비스,"[공통설명] 식약처 데이터는 의약품,식품,의료기기,화장품 등 다양한 품목에 관한 허가 및 심사 정보, 제조와 유통 이력,안전성 평가,부작용 사례,위해 정보 등을 포괄적으로 포함하고",https://www.data.go.kr/data/15068710/openapi.do,식품의약품안전처 식품의약품안전평가원,OpenAPI search result
data.go.kr 농림축산식품 키워드,식품의약품안전처 식품의약품안전평가원_식품의약품안전처 연구관리 정산 계획 정산기관 조회 서비스,"[공통설명] 식약처 데이터는 의약품,식품,의료기기,화장품 등 다양한 품목에 관한 허가 및 심사 정보, 제조와 유통 이력,안전성 평가,부작용 사례,위해 정보 등을 포괄적으로 포함하고",https://www.data.go.kr/data/15069866/openapi.do,식품의약품안전처 식품의약품안전평가원,OpenAPI search result
data.go.kr 농림축산식품 키워드,경상북도 상주시_축산물 판매업 현황,"또한, 상주시 내 축산물 판매업체들의 체계적인 관리와 감독을 가능하게 하여, 식품 안전 및 위생 관리에 기여하며, 공공기관과 민간 부문 모두에서 참고할 수 있는 신뢰성 높은 정보 자원으로",https://www.data.go.kr/data/15124612/openapi.do,경상북도 상주시,OpenAPI search result
data.go.kr 농림축산식품 키워드,식품의약품안전처_학교 위탁급식업체 식재료 공급업체 정보,학교는 집단 급식 형태로 제한된 공간과 정해진 시간에 식품을 제공(섭취)함에 따라 식중독 발생 시 다수의 인원이 동시에 발생되어 대형 식중독으로 확대될 우려가 높고 납품받은 식재료에서,https://www.data.go.kr/data/15117410/openapi.do,식품의약품안전처,OpenAPI search result
data.go.kr 농림축산식품 키워드,식품의약품안전처 식품의약품안전평가원_식품의약품안전처 연구관리 전문기술분야코드 조회 서비스,"[공통설명] 식약처 데이터는 의약품,식품,의료기기,화장품 등 다양한 품목에 관한 허가 및 심사 정보, 제조와 유통 이력,안전성 평가,부작용 사례,위해 정보 등을 포괄적으로 포함하고",https://www.data.go.kr/data/15068280/openapi.do,식품의약품안전처 식품의약품안전평가원,OpenAPI search result
data.go.kr 농림축산식품 키워드,식품의약품안전처 식품의약품안전평가원_식품의약품안전처 연구관리 평가 위원회 분과 조회 서비스,"[공통설명] 식약처 데이터는 의약품,식품,의료기기,화장품 등 다양한 품목에 관한 허가 및 심사 정보, 제조와 유통 이력,안전성 평가,부작용 사례,위해 정보 등을 포괄적으로 포함하고",https://www.data.go.kr/data/15068387/openapi.do,식품의약품안전처 식품의약품안전평가원,OpenAPI search result
data.go.kr 농림축산식품 키워드,식품의약품안전처 식품의약품안전평가원_식품의약품안전처 연구관리 성과 항목 조회 서비스,"[공통설명] 식약처 데이터는 의약품,식품,의료기기,화장품 등 다양한 품목에 관한 허가 및 심사 정보, 제조와 유통 이력,안전성 평가,부작용 사례,위해 정보 등을 포괄적으로 포함하고",https://www.data.go.kr/data/15068696/openapi.do,식품의약품안전처 식품의약품안전평가원,OpenAPI search result
data.go.kr 농림축산식품 키워드,식품의약품안전처 식품의약품안전평가원_식품의약품안전처 연구관리 기술 실시 첨부파일 조회 서비스,"[공통설명] 식약처 데이터는 의약품,식품,의료기기,화장품 등 다양한 품목에 관한 허가 및 심사 정보, 제조와 유통 이력,안전성 평가,부작용 사례,위해 정보 등을 포괄적으로 포함하고",https://www.data.go.kr/data/15068701/openapi.do,식품의약품안전처 식품의약품안전평가원,OpenAPI search result
data.go.kr 농림축산식품 키워드,식품의약품안전처 식품의약품안전평가원_식품의약품안전처 연구관리 기술 실시 계약 조회 서비스,"[공통설명] 식약처 데이터는 의약품,식품,의료기기,화장품 등 다양한 품목에 관한 허가 및 심사 정보, 제조와 유통 이력,안전성 평가,부작용 사례,위해 정보 등을 포괄적으로 포함하고",https://www.data.go.kr/data/15068706/openapi.do,식품의약품안전처 식품의약품안전평가원,OpenAPI search result
data.go.kr 농림축산식품 키워드,식품의약품안전처 식품의약품안전평가원_식품의약품안전처 연구관리 단위사업 성과물 유형 조회 서비스,"[공통설명] 식약처 데이터는 의약품,식품,의료기기,화장품 등 다양한 품목에 관한 허가 및 심사 정보, 제조와 유통 이력,안전성 평가,부작용 사례,위해 정보 등을 포괄적으로 포함하고",https://www.data.go.kr/data/15068709/openapi.do,식품의약품안전처 식품의약품안전평가원,OpenAPI search result
data.go.kr 농림축산식품 키워드,식품의약품안전처_식중독 조기경보(SMS) 전파,학교는 집단 급식 형태로 제한된 공간과 정해진 시간에 식품을 제공(섭취)함에 따라 식중독 발생 시 다수의 인원이 동시에 발생되어 대형 식중독으로 확대될 우려가 높고 납품받은 식재료에서,https://www.data.go.kr/data/15117401/openapi.do,식품의약품안전처,OpenAPI search result
data.go.kr 농림축산식품 키워드,식품의약품안전처 식품의약품안전평가원_식품의약품안전처 연구관리 평가 서식 조회 서비스,"[공통설명] 식약처 데이터는 의약품,식품,의료기기,화장품 등 다양한 품목에 관한 허가 및 심사 정보, 제조와 유통 이력,안전성 평가,부작용 사례,위해 정보 등을 포괄적으로 포함하고",https://www.data.go.kr/data/15068389/openapi.do,식품의약품안전처 식품의약품안전평가원,OpenAPI search result
data.go.kr 농림축산식품 키워드,식품의약품안전처 식품의약품안전평가원_식품의약품안전처 연구관리 세부사업 성과지표 성과물 유형 조회 서비스,"[공통설명] 식약처 데이터는 의약품,식품,의료기기,화장품 등 다양한 품목에 관한 허가 및 심사 정보, 제조와 유통 이력,안전성 평가,부작용 사례,위해 정보 등을 포괄적으로 포함하고",https://www.data.go.kr/data/15068392/openapi.do,식품의약품안전처 식품의약품안전평가원,OpenAPI search result
data.go.kr 농림축산식품 키워드,식품의약품안전처 식품의약품안전평가원_식품의약품안전처 연구관리 성과지표 조회 서비스,"[공통설명] 식약처 데이터는 의약품,식품,의료기기,화장품 등 다양한 품목에 관한 허가 및 심사 정보, 제조와 유통 이력,안전성 평가,부작용 사례,위해 정보 등을 포괄적으로 포함하고",https://www.data.go.kr/data/15068662/openapi.do,식품의약품안전처 식품의약품안전평가원,OpenAPI search result
data.go.kr 농림축산식품 키워드,식품의약품안전처 식품의약품안전평가원_식품의약품안전처 연구관리 정산 결과 조회 서비스,"[공통 설명] 식약처 데이터는 의약품,식품,의료기기,화장품 등 다양한 품목에 관한 허가 및 심사 정보, 제조와 유통 이력, 안전성 평가,부작용 사례,위해 정보 등을 포괄적으로 포함하고",https://www.data.go.kr/data/15069868/openapi.do,식품의약품안전처 식품의약품안전평가원,OpenAPI search result
data.go.kr 농림축산식품 키워드,충청남도 계룡시_위생등급제 지정현황 API,충청남도 계룡시의 '위생등급제 지정현황 API' 데이터는 관내 식품위생업소 중 식품의약품안전처의 위생등급제를 획득한 업소들의 상세 정보를 실시간으로 제공하는 공공데이터 서비스입니다.,https://www.data.go.kr/data/15096011/openapi.do,충청남도 계룡시,OpenAPI search result
data.go.kr 농림축산식품 키워드,서울특별시농수산식품공사_일일등락품목(하락한품목),* 서울시농수산식품공사에서 제공중인 일일등락품목(하락한품목)에 대한 API 입니다.,https://www.data.go.kr/data/15076042/openapi.do,서울특별시농수산식품공사,OpenAPI search result
data.go.kr 농림축산식품 키워드,농림수산식품교육문화정보원_농수축산물 거래단량 매핑 정보조회,"이를 통해 효과적인 농수축산물 거래를 지원하고, 식품문화 관련 정책 수립 시 기초 자료로 활용되기도 합니다.",https://www.data.go.kr/data/15109065/openapi.do,농림수산식품교육문화정보원,OpenAPI search result
data.go.kr 농림축산식품 키워드,한국식품산업클러스터진흥원_인증,식품 관련 각종 인증·규격 정보를 표준 스키마로 제공합니다.,https://www.data.go.kr/data/15151513/openapi.do,한국식품산업클러스터진흥원,OpenAPI search result
data.go.kr 농림축산식품 키워드,농촌진흥청 국립식량과학원_농식품 식단관리(메뉴젠)음식 및 이미지 정보,"수(total_Count), 순번(no), 음식코드(fd_Code), 음식 대분류(upper_Fd_Grupp_Nm), 음식 중분류(fd_Grupp_Nm), 음식 명(fd_Nm), 식품",https://www.data.go.kr/data/15143464/openapi.do,농촌진흥청 국립식량과학원,OpenAPI search result
data.go.kr 농림축산식품 키워드,농림수산식품교육문화정보원_신구표준품목목록조회,"이러한 데이터는 농업, 수산업 및 식품 산업의 환경에서 이용되어, 품목 코드를 정확히 매핑하여 보다 효율적인 경영 및 거래에 기여할 수 있습니다.",https://www.data.go.kr/data/15109221/openapi.do,농림수산식품교육문화정보원,OpenAPI search result
data.go.kr 농림축산식품 키워드,전라남도 보성군_차 가공식품 정보 데이터 조회 서비스,"보성군은 지역 내 차 산업의 부가가치를 높이고 소비자가 믿고 구매할 수 있는 가공제품 정보를 제공하기 위해, 관내외 식품 제조 기업의 생산 품목 데이터를 표준화된 인터페이스 형식으로",https://www.data.go.kr/data/15110244/openapi.do,전라남도 보성군,OpenAPI search result
data.go.kr 농림축산식품 키워드,식품의약품안전처 식품의약품안전평가원_국가생약자원 관능검사 부적합 사례,"수입 제조업체의 품질관리 기준서 반영을 의무화하며, 식품-의약품분야 시험-검사 기관평가규정에 따라 지정기관에 활용됩니다.",https://www.data.go.kr/data/15117161/openapi.do,식품의약품안전처 식품의약품안전평가원,OpenAPI search result
data.go.kr 농림축산식품 키워드,전라남도_보건환경연구원_환경소음측정망,"- 전라남도 및 대한민국 지방자치단체에서 운영하는 보건환경연구원은 지역 주민의 건강과 환경을 보호하고, 재난·감염병·식품 안전 등 공공 위협에 대응하는 핵심 기능을 수행하는 전문",https://www.data.go.kr/data/15133142/openapi.do,전라남도,OpenAPI search result
data.go.kr 농림축산식품 키워드,한국산업인력공단_분야별 전년도 산업현장교수 선정 통계,"직종별(기계관련직, 화학관련직, 섬유의복관련직, 전기전자관련직, 식품가공관련직, 건설관려직, 디자인문화콘텐츠관련직, 정보통신관련직, 디자인관련직(구), 생산품질관리관련직(구), 이미용관련직",https://www.data.go.kr/data/15111254/openapi.do,한국산업인력공단,OpenAPI search result
data.go.kr 농림축산식품 키워드,농림수산식품교육문화정보원_신구표준단위목록조회,따라서 농림축산업 관련 기관 및 연구자들에게 유용한 정보를 제공하게 됩니다.,https://www.data.go.kr/data/15109223/openapi.do,농림수산식품교육문화정보원,OpenAPI search result
data.go.kr 농림축산식품 키워드,식품의약품안전처_공동급식소 등록 정보,학교는 집단 급식 형태로 제한된 공간과 정해진 시간에 식품을 제공(섭취)함에 따라 식중독 발생 시 다수의 인원이 동시에 발생되어 대형 식중독으로 확대될 우려가 높고 납품받은 식재료에서,https://www.data.go.kr/data/15117397/openapi.do,식품의약품안전처,OpenAPI search result
data.go.kr 농림축산식품 키워드,경상북도 영천시_동물병원 현황,해당 데이터와 관련하여 궁금하신 사항이 있으실 경우 영천시 농업기술센터 축산과로 연락주시기 바랍니다.,https://www.data.go.kr/data/15157795/openapi.do,경상북도 영천시,OpenAPI search result
data.go.kr 농림축산식품 키워드,경상북도 영주시_안심식당 현황,"이를 통해 시민은 위생적으로 안심하고 방문할 수 있는 음식점을 쉽게 확인할 수 있으며, 정책 수립기관은 위생 인프라의 현황과 지역별 분포, 업종별 특성 등을 고려하여 방역 및 식품안전",https://www.data.go.kr/data/15110872/openapi.do,경상북도 영주시,OpenAPI search result
data.go.kr 농림축산식품 키워드,대구광역시 동구_나트륨줄이기실천음식점 현황,"이를 통해 이용자는 나트륨 섭취를 줄이면서 편리하게 이용할 수 있는 음식점을 선택할 수 있고, 행정기관은 식품위생과 건강 정책 관리, 모니터링, 평가에 활용할 수 있습니다.",https://www.data.go.kr/data/15110588/openapi.do,대구광역시 동구,OpenAPI search result
data.go.kr 농림축산식품 키워드,농촌진흥청 국립식량과학원_농식품 식단관리(메뉴젠) 음식 및 조리정보,"ckry_Sumry_Info), 순번(no), 음식코드(fd_Code), 음식 대분류(upper_Fd_Grupp_Nm), 음식 중분류(fd_Grupp_Nm), 음식 명(fd_Nm), 식품",https://www.data.go.kr/data/15143468/openapi.do,농촌진흥청 국립식량과학원,OpenAPI search result
data.go.kr 농림축산식품 키워드,식품의약품안전처 식품의약품안전평가원_RND_MB_논문 서비스,"[공통설명] 식약처 데이터는 의약품,식품,의료기기,화장품 등 다양한 품목에 관한 허가 및 심사 정보, 제조와 유통 이력,안전성 평가,부작용 사례,위해 정보 등을 포괄적으로 포함하고",https://www.data.go.kr/data/15134055/openapi.do,식품의약품안전처 식품의약품안전평가원,OpenAPI search result
data.go.kr 농림축산식품 키워드,식품의약품안전처 식품의약품안전평가원_실험동물자원은행 자원관리 정보 서비스,"[공통설명] 식약처 데이터는 의약품,식품,의료기기,화장품 등 다양한 품목에 관한 허가 및 심사 정보, 제조와 유통 이력,안전성 평가,부작용 사례,위해 정보 등을 포괄적으로 포함하고",https://www.data.go.kr/data/15133589/openapi.do,식품의약품안전처 식품의약품안전평가원,OpenAPI search result
data.go.kr 농림축산식품 키워드,한국산업안전보건공단_위험기계기구 자율안전확인신고서 진위확인 조회서비스,"산업안전보건법 제89조(자율안전확인의 신고) - 대상 : 자율안전확인대상 기계,기구 등을 제조 및 수입하려는 자 - 대상품 : 연삭기,연마기,산업용로봇,혼합기,파쇄기,분쇄기,식품가공용기계",https://www.data.go.kr/data/15150184/openapi.do,한국산업안전보건공단,OpenAPI search result
data.go.kr 농림축산식품 키워드,식품의약품안전처 식품의약품안전평가원_RND_MB_저역서실적 서비스,"[공통설명] 식약처 데이터는 의약품,식품,의료기기,화장품 등 다양한 품목에 관한 허가 및 심사 정보, 제조와 유통 이력,안전성 평가,부작용 사례,위해 정보 등을 포괄적으로 포함하고",https://www.data.go.kr/data/15133578/openapi.do,식품의약품안전처 식품의약품안전평가원,OpenAPI search result
data.go.kr 농림축산식품 키워드,식품의약품안전처 식품의약품안전평가원_RND_MB_지식재산권 서비스,"[공통설명] 식약처 데이터는 의약품,식품,의료기기,화장품 등 다양한 품목에 관한 허가 및 심사 정보, 제조와 유통 이력,안전성 평가,부작용 사례,위해 정보 등을 포괄적으로 포함하고",https://www.data.go.kr/data/15133579/openapi.do,식품의약품안전처 식품의약품안전평가원,OpenAPI search result
data.go.kr 농림축산식품 키워드,식품의약품안전처 식품의약품안전평가원_실험동물자원은행 분양자원 정보 서비스,"[공통설명] 식약처 데이터는 의약품,식품,의료기기,화장품 등 다양한 품목에 관한 허가 및 심사 정보, 제조와 유통 이력,안전성 평가,부작용 사례,위해 정보 등을 포괄적으로 포함하고",https://www.data.go.kr/data/15133588/openapi.do,식품의약품안전처 식품의약품안전평가원,OpenAPI search result
data.go.kr 농림축산식품 키워드,경상북도 영천시_공장 현황,"본 데이터는 자동차 부품, 플라스틱, 금속, 석재, 섬유, 식품 등 다양한 업종의 공장 정보를 포괄하고 있으며, 각 기업별 상세 주소와 생산품, 생산 규모, 면적 등을 구체적으로 제공하여",https://www.data.go.kr/data/15157767/openapi.do,경상북도 영천시,OpenAPI search result
data.go.kr 농림축산식품 키워드,경상북도 영천시_일반음식점현황,"해당 데이터는 영천시의 관광, 지역경제 활성화, 식품 안전 및 위생 관리, 지역 상권 분석 등 다양한 목적으로 활용 가능하며, 공공기관의 정책 수립과 지역 맞춤형 서비스 제공에 기초",https://www.data.go.kr/data/15157786/openapi.do,경상북도 영천시,OpenAPI search result
data.go.kr 농림축산식품 키워드,행정안전부_우수수산식품등인증기관행정처분,"- 해당 데이터는 국립수산물품질관리원에서 제공하는 우수수산식품 인증기관 행정처분 정보입니다.""",https://www.data.go.kr/data/15153251/openapi.do,행정안전부,OpenAPI search result
농식품 공공데이터 포털 API 데이터 정보,칼로리,EPIS_CALORY,https://data.mafra.go.kr/opendata/data/indexOpenDataDetail.do?data_id=20240806000000002609,농림축산식품부/EPIS 등,API metadata v1.0
농식품 공공데이터 포털 API 데이터 정보,일반농산어촌지역개발 사업정보,TI_EPIS_AGCTL_CMPRDEVL,https://data.mafra.go.kr/opendata/data/indexOpenDataDetail.do?data_id=20240806000000002609,농림축산식품부/EPIS 등,API metadata v1.0
농식품 공공데이터 포털 API 데이터 정보,소브루셀라 이동제한 정보,TI_MAFRA_BVBCS_MVMN_LMTT_INFO,https://data.mafra.go.kr/opendata/data/indexOpenDataDetail.do?data_id=20240806000000002609,농림축산식품부/EPIS 등,API metadata v1.0
농식품 공공데이터 포털 API 데이터 정보,농수축산물 표준등급코드,TI_EPIS_AP_ST_GRAD_CD,https://data.mafra.go.kr/opendata/data/indexOpenDataDetail.do?data_id=20240806000000002609,농림축산식품부/EPIS 등,API metadata v1.0
농식품 공공데이터 포털 API 데이터 정보,농수축산물 표준단위코드,TI_EPIS_REAL_UNITCODE,https://data.mafra.go.kr/opendata/data/indexOpenDataDetail.do?data_id=20240806000000002609,농림축산식품부/EPIS 등,API metadata v1.0
농식품 공공데이터 포털 API 데이터 정보,농수축산물 도매시장법인코드,TI_EPIS_AP_WMC_CD,https://data.mafra.go.kr/opendata/data/indexOpenDataDetail.do?data_id=20240806000000002609,농림축산식품부/EPIS 등,API metadata v1.0
농식품 공공데이터 포털 API 데이터 정보,농수축산물 도매시장코드,TI_EPIS_AP_WM_CD,https://data.mafra.go.kr/opendata/data/indexOpenDataDetail.do?data_id=20240806000000002609,농림축산식품부/EPIS 등,API metadata v1.0
농식품 공공데이터 포털 API 데이터 정보,농수축산물 조사가격 품목코드,TI_EPIS_IF_ITEM_CODE,https://data.mafra.go.kr/opendata/data/indexOpenDataDetail.do?data_id=20240806000000002609,농림축산식품부/EPIS 등,API metadata v1.0
농식품 공공데이터 포털 API 데이터 정보,양잠산물 생산현황,TI_MAFRA_SILKWM_FARM_BULK,https://data.mafra.go.kr/opendata/data/indexOpenDataDetail.do?data_id=20240806000000002609,농림축산식품부/EPIS 등,API metadata v1.0
농식품 공공데이터 포털 API 데이터 정보,양장농가현황(기능성 양잠업 종사경력),TI_MAFRA_FUNCTIONALITY_ENGAGE,https://data.mafra.go.kr/opendata/data/indexOpenDataDetail.do?data_id=20240806000000002609,농림축산식품부/EPIS 등,API metadata v1.0
농식품 공공데이터 포털 API 데이터 정보,농업용 면세유 사용위반(용도외 사용) 정보 현황,TI_MAFRA_TAXXPT_OIL_VIOLT,https://data.mafra.go.kr/opendata/data/indexOpenDataDetail.do?data_id=20240806000000002609,농림축산식품부/EPIS 등,API metadata v1.0
농식품 공공데이터 포털 API 데이터 정보,농수축산물 조사가격 품목코드,TI_EPIS_AP_ET_PRDLST_CD,https://data.mafra.go.kr/opendata/data/indexOpenDataDetail.do?data_id=20240806000000002609,농림축산식품부/EPIS 등,API metadata v1.0
농식품 공공데이터 포털 API 데이터 정보,시도별 재배현황(품목별 재배현황),TI_MAFRA_CTPRVN_PRDLST_STTUS,https://data.mafra.go.kr/opendata/data/indexOpenDataDetail.do?data_id=20240806000000002609,농림축산식품부/EPIS 등,API metadata v1.0
농식품 공공데이터 포털 API 데이터 정보,식물병해충검역정보,TI_QIA_PLNT_DBYHS_QRANT,https://data.mafra.go.kr/opendata/data/indexOpenDataDetail.do?data_id=20240806000000002609,농림축산식품부/EPIS 등,API metadata v1.0
농식품 공공데이터 포털 API 데이터 정보,낙농체험 목장 정보,TI_MAFRA_EXPRN_FARM_INFO,https://data.mafra.go.kr/opendata/data/indexOpenDataDetail.do?data_id=20240806000000002609,농림축산식품부/EPIS 등,API metadata v1.0
농식품 공공데이터 포털 API 데이터 정보,전국 도매시장 일별 실시간 경락가격,TI_EPIS_MRKT_DAY_REAL_TIME_AUC,https://data.mafra.go.kr/opendata/data/indexOpenDataDetail.do?data_id=20240806000000002609,농림축산식품부/EPIS 등,API metadata v1.0
농식품 공공데이터 포털 API 데이터 정보,친환경인증품목별현황,TI_NAQS_EVRFRND_CRTFC_PR_INFO,https://data.mafra.go.kr/opendata/data/indexOpenDataDetail.do?data_id=20240806000000002609,농림축산식품부/EPIS 등,API metadata v1.0
농식품 공공데이터 포털 API 데이터 정보,소브루셀라 검사결과현황,TI_MAFRA_BVBCS_INSPCT,https://data.mafra.go.kr/opendata/data/indexOpenDataDetail.do?data_id=20240806000000002609,농림축산식품부/EPIS 등,API metadata v1.0
농식품 공공데이터 포털 API 데이터 정보,시설채소온실현황,TI_MAFRA_T_VTTD_ALL,https://data.mafra.go.kr/opendata/data/indexOpenDataDetail.do?data_id=20240806000000002609,농림축산식품부/EPIS 등,API metadata v1.0
농식품 공공데이터 포털 API 데이터 정보,특별긴급관세,TI_MAFRA_T_SPCL_EMRY_CSTS,https://data.mafra.go.kr/opendata/data/indexOpenDataDetail.do?data_id=20240806000000002609,농림축산식품부/EPIS 등,API metadata v1.0
농식품 공공데이터 포털 API 데이터 정보,관세율현황,TI_MAFRA_T_ARPRD_TRR_ST,https://data.mafra.go.kr/opendata/data/indexOpenDataDetail.do?data_id=20240806000000002609,농림축산식품부/EPIS 등,API metadata v1.0
농식품 공공데이터 포털 API 데이터 정보,국가별인증실적변동,TI_MAFRA_T_NAT_CTFSL_CHN,https://data.mafra.go.kr/opendata/data/indexOpenDataDetail.do?data_id=20240806000000002609,농림축산식품부/EPIS 등,API metadata v1.0
농식품 공공데이터 포털 API 데이터 정보,식생활우수농천체험,TI_MAFRA_T_DTDC_EXPRN_AP,https://data.mafra.go.kr/opendata/data/indexOpenDataDetail.do?data_id=20240806000000002609,농림축산식품부/EPIS 등,API metadata v1.0
농식품 공공데이터 포털 API 데이터 정보,정부지원RPC현황,TI_MAFRA_T_RICE_GNRPRS_ST,https://data.mafra.go.kr/opendata/data/indexOpenDataDetail.do?data_id=20240806000000002609,농림축산식품부/EPIS 등,API metadata v1.0
농식품 공공데이터 포털 API 데이터 정보,컨설팅지원및업체현황,TI_MAFRA_T_CNSL_SPT_ENS_ST,https://data.mafra.go.kr/opendata/data/indexOpenDataDetail.do?data_id=20240806000000002609,농림축산식품부/EPIS 등,API metadata v1.0
농식품 공공데이터 포털 API 데이터 정보,달평균음융횟수,TI_MAFRA_A_MTAVRG_DKPSCO,https://data.mafra.go.kr/opendata/data/indexOpenDataDetail.do?data_id=20240806000000002609,농림축산식품부/EPIS 등,API metadata v1.0
농식품 공공데이터 포털 API 데이터 정보,도별생산주종,TI_MAFRA_A_DOO_PRDMSSN,https://data.mafra.go.kr/opendata/data/indexOpenDataDetail.do?data_id=20240806000000002609,농림축산식품부/EPIS 등,API metadata v1.0
농식품 공공데이터 포털 API 데이터 정보,주류시장현황,TI_MAFRA_A_ACQRMK_T,https://data.mafra.go.kr/opendata/data/indexOpenDataDetail.do?data_id=20240806000000002609,농림축산식품부/EPIS 등,API metadata v1.0
농식품 공공데이터 포털 API 데이터 정보,외식업경기지수,TI_MAFRA_A_FOODC_GGIDEX,https://data.mafra.go.kr/opendata/data/indexOpenDataDetail.do?data_id=20240806000000002609,농림축산식품부/EPIS 등,API metadata v1.0
농식품 공공데이터 포털 API 데이터 정보,외식업규모별,TI_MAFRA_A_FOODC_SCALE,https://data.mafra.go.kr/opendata/data/indexOpenDataDetail.do?data_id=20240806000000002609,농림축산식품부/EPIS 등,API metadata v1.0
농식품 공공데이터 포털 API 데이터 정보,외식업지역별,TI_MAFRA_A_FOODC_ARA,https://data.mafra.go.kr/opendata/data/indexOpenDataDetail.do?data_id=20240806000000002609,농림축산식품부/EPIS 등,API metadata v1.0
농식품 공공데이터 포털 API 데이터 정보,한식분기별,TI_MAFRA_A_KOR_FOD_QU_GG,https://data.mafra.go.kr/opendata/data/indexOpenDataDetail.do?data_id=20240806000000002609,농림축산식품부/EPIS 등,API metadata v1.0
농식품 공공데이터 포털 API 데이터 정보,한식좌석별,TI_MAFRA_A_KOR_FOD_SET_GG,https://data.mafra.go.kr/opendata/data/indexOpenDataDetail.do?data_id=20240806000000002609,농림축산식품부/EPIS 등,API metadata v1.0
농식품 공공데이터 포털 API 데이터 정보,한식지역별,TI_MAFRA_A_KOR_FOD_ARA_GG,https://data.mafra.go.kr/opendata/data/indexOpenDataDetail.do?data_id=20240806000000002609,농림축산식품부/EPIS 등,API metadata v1.0
농식품 공공데이터 포털 API 데이터 정보,생산품목별원가구성,TI_MAFRA_A_PRDK_PRMPC_CO,https://data.mafra.go.kr/opendata/data/indexOpenDataDetail.do?data_id=20240806000000002609,농림축산식품부/EPIS 등,API metadata v1.0
농식품 공공데이터 포털 API 데이터 정보,원료별국산원료사용비중,TI_MAFRA_A_ML_DOME_USMP,https://data.mafra.go.kr/opendata/data/indexOpenDataDetail.do?data_id=20240806000000002609,농림축산식품부/EPIS 등,API metadata v1.0
농식품 공공데이터 포털 API 데이터 정보,농지시군별거래현황,TI_MAFRA_A_FRLND_SIGUN_DST,https://data.mafra.go.kr/opendata/data/indexOpenDataDetail.do?data_id=20240806000000002609,농림축산식품부/EPIS 등,API metadata v1.0
농식품 공공데이터 포털 API 데이터 정보,동행응답자특성,TI_MAFRA_A_CT_RPD_CHR,https://data.mafra.go.kr/opendata/data/indexOpenDataDetail.do?data_id=20240806000000002609,농림축산식품부/EPIS 등,API metadata v1.0
농식품 공공데이터 포털 API 데이터 정보,음식점인지경로,TI_MAFRA_A_RSTR_PAPSP_CS,https://data.mafra.go.kr/opendata/data/indexOpenDataDetail.do?data_id=20240806000000002609,농림축산식품부/EPIS 등,API metadata v1.0
농식품 공공데이터 포털 API 데이터 정보,여성농업담당비중,TI_MAFRA_A_FEE_FARRG_MP,https://data.mafra.go.kr/opendata/data/indexOpenDataDetail.do?data_id=20240806000000002609,농림축산식품부/EPIS 등,API metadata v1.0
농식품 공공데이터 포털 API 데이터 정보,여성농업외소득활동,TI_MAFRA_A_FEE_FAREL_INCOM,https://data.mafra.go.kr/opendata/data/indexOpenDataDetail.do?data_id=20240806000000002609,농림축산식품부/EPIS 등,API metadata v1.0
농식품 공공데이터 포털 API 데이터 정보,여성시급해결과제,TI_MAFRA_A_FEE_PYUT_TASK,https://data.mafra.go.kr/opendata/data/indexOpenDataDetail.do?data_id=20240806000000002609,농림축산식품부/EPIS 등,API metadata v1.0
농식품 공공데이터 포털 API 데이터 정보,축산업허가등록현황,TI_MAFRA_STKRS_PRMISN_RESTTUS,https://data.mafra.go.kr/opendata/data/indexOpenDataDetail.do?data_id=20240806000000002609,농림축산식품부/EPIS 등,API metadata v1.0
농식품 공공데이터 포털 API 데이터 정보,가축거래상인등록현황,TI_MAFRA_LVSTCK_DEALER_RESTTUS,https://data.mafra.go.kr/opendata/data/indexOpenDataDetail.do?data_id=20240806000000002609,농림축산식품부/EPIS 등,API metadata v1.0
농식품 공공데이터 포털 API 데이터 정보,국제곡물가격정보,TI_KREI_INTRL_CRLS_PC_INFO,https://data.mafra.go.kr/opendata/data/indexOpenDataDetail.do?data_id=20240806000000002609,농림축산식품부/EPIS 등,API metadata v1.0
농식품 공공데이터 포털 API 데이터 정보,경영이양직접지불제 통계자료,TI_KRC_ADMINISTTRAN_DIRPYM_STA,https://data.mafra.go.kr/opendata/data/indexOpenDataDetail.do?data_id=20240806000000002609,농림축산식품부/EPIS 등,API metadata v1.0
농식품 공공데이터 포털 API 데이터 정보,농지규모화 사업추진실적,TI_KRC_FRLND_SBP_AMST,https://data.mafra.go.kr/opendata/data/indexOpenDataDetail.do?data_id=20240806000000002609,농림축산식품부/EPIS 등,API metadata v1.0
농식품 공공데이터 포털 API 데이터 정보,과원규모화 사업추진실적,TI_KRC_ORCHARD_SBPRTN_AMST,https://data.mafra.go.kr/opendata/data/indexOpenDataDetail.do?data_id=20240806000000002609,농림축산식품부/EPIS 등,API metadata v1.0
농식품 공공데이터 포털 API 데이터 정보,지급방식별 가입분석,TI_KRC_PYTHD_SBSCRB_ANALS,https://data.mafra.go.kr/opendata/data/indexOpenDataDetail.do?data_id=20240806000000002609,농림축산식품부/EPIS 등,API metadata v1.0
농식품 공공데이터 포털 API 데이터 정보,담보농지 분석,TI_KRC_MRTGG_FRLND_ANALS,https://data.mafra.go.kr/opendata/data/indexOpenDataDetail.do?data_id=20240806000000002609,농림축산식품부/EPIS 등,API metadata v1.0
농식품 공공데이터 포털 API 데이터 정보,임대수탁 농지분석,TI_KRC_RENT_TRFR_ANALS,https://data.mafra.go.kr/opendata/data/indexOpenDataDetail.do?data_id=20240806000000002609,농림축산식품부/EPIS 등,API metadata v1.0
농식품 공공데이터 포털 API 데이터 정보,경영회생 지역별 추진실적,TI_KRC_ADMINISTTRAN_RARP_AMST,https://data.mafra.go.kr/opendata/data/indexOpenDataDetail.do?data_id=20240806000000002609,농림축산식품부/EPIS 등,API metadata v1.0
농식품 공공데이터 포털 API 데이터 정보,매입비축 도별 임대현황,TI_KRC_PUCHAS_SVDORENT_STUS,https://data.mafra.go.kr/opendata/data/indexOpenDataDetail.do?data_id=20240806000000002609,농림축산식품부/EPIS 등,API metadata v1.0
농식품 공공데이터 포털 API 데이터 정보,원천산지공판장가격목록조회,VIEW_SRC_MTC_JMRKT_PC_LIST,https://data.mafra.go.kr/opendata/data/indexOpenDataDetail.do?data_id=20240806000000002609,농림축산식품부/EPIS 등,API metadata v1.0
농식품 공공데이터 포털 API 데이터 정보,원천산지위판장가격목록조회,VIEW_SRC_MTC_CTTMLT_PC_LIST,https://data.mafra.go.kr/opendata/data/indexOpenDataDetail.do?data_id=20240806000000002609,농림축산식품부/EPIS 등,API metadata v1.0
농식품 공공데이터 포털 API 데이터 정보,원천정산경락가격품목목록조회,VIEW_EXCCLC_AUCCT_PC_PRDLST,https://data.mafra.go.kr/opendata/data/indexOpenDataDetail.do?data_id=20240806000000002609,농림축산식품부/EPIS 등,API metadata v1.0
농식품 공공데이터 포털 API 데이터 정보,원천정산경락가격도매시장목록조회,VIEW_EXCCLC_AUCCT_MRKT_PRDLST,https://data.mafra.go.kr/opendata/data/indexOpenDataDetail.do?data_id=20240806000000002609,농림축산식품부/EPIS 등,API metadata v1.0
농식품 공공데이터 포털 API 데이터 정보,원천실시간경락가격품목목록조회,VIEW_RLTM_AUCCT_PC_PRDLST,https://data.mafra.go.kr/opendata/data/indexOpenDataDetail.do?data_id=20240806000000002609,농림축산식품부/EPIS 등,API metadata v1.0
농식품 공공데이터 포털 API 데이터 정보,원천실시간경락가격도매시장목록조회,VIEW_RLTM_AUCCT_MRKT_PRDLST,https://data.mafra.go.kr/opendata/data/indexOpenDataDetail.do?data_id=20240806000000002609,농림축산식품부/EPIS 등,API metadata v1.0
농식품 공공데이터 포털 API 데이터 정보,농수축산물조사가격상세정보,VIEW_ODM_EXAMIN_PRIC_OPEN,https://data.mafra.go.kr/opendata/data/indexOpenDataDetail.do?data_id=20240806000000002609,농림축산식품부/EPIS 등,API metadata v1.0
농식품 공공데이터 포털 API 데이터 정보,가축질병발생정보,TI_QIA_LVSTCK_DISOCNC_INFO,https://data.mafra.go.kr/opendata/data/indexOpenDataDetail.do?data_id=20240806000000002609,농림축산식품부/EPIS 등,API metadata v1.0
농식품 공공데이터 포털 API 데이터 정보,동물질병정보,TI_QIA_ANIMAL_DISS_INFO,https://data.mafra.go.kr/opendata/data/indexOpenDataDetail.do?data_id=20240806000000002609,농림축산식품부/EPIS 등,API metadata v1.0
농식품 공공데이터 포털 API 데이터 정보,수의유전자원정보,TI_QIA_VLTRN_GENSRC_INFO,https://data.mafra.go.kr/opendata/data/indexOpenDataDetail.do?data_id=20240806000000002609,농림축산식품부/EPIS 등,API metadata v1.0
농식품 공공데이터 포털 API 데이터 정보,수입축산물 검역 합격현황,QIA_IMPORT_SFRMPRD_PSEXAM,https://data.mafra.go.kr/opendata/data/indexOpenDataDetail.do?data_id=20240806000000002609,농림축산식품부/EPIS 등,API metadata v1.0
농식품 공공데이터 포털 API 데이터 정보,우수 식품 인증정보,NAQS_EXCLNC_FOOD_CRTFC,https://data.mafra.go.kr/opendata/data/indexOpenDataDetail.do?data_id=20240806000000002609,농림축산식품부/EPIS 등,API metadata v1.0
농식품 공공데이터 포털 API 데이터 정보,정부생산 보급종자 검사 결과,SEED_GVRN_SPCIES_INSPCT,https://data.mafra.go.kr/opendata/data/indexOpenDataDetail.do?data_id=20240806000000002609,농림축산식품부/EPIS 등,API metadata v1.0
농식품 공공데이터 포털 API 데이터 정보,종자수입생산판매 신고 정보,SEED_SIDBIZ_STTEMNT,https://data.mafra.go.kr/opendata/data/indexOpenDataDetail.do?data_id=20240806000000002609,농림축산식품부/EPIS 등,API metadata v1.0
농식품 공공데이터 포털 API 데이터 정보,농림축산검역검사기술개발 연구성과 정보,QIA_QRANT_RSRCH_RSLT,https://data.mafra.go.kr/opendata/data/indexOpenDataDetail.do?data_id=20240806000000002609,농림축산식품부/EPIS 등,API metadata v1.0
농식품 공공데이터 포털 API 데이터 정보,주요시설,KRC_MAIN_FCLTY,https://data.mafra.go.kr/opendata/data/indexOpenDataDetail.do?data_id=20240806000000002609,농림축산식품부/EPIS 등,API metadata v1.0
농식품 공공데이터 포털 API 데이터 정보,지역축제,KRC_AREA_FSTVL,https://data.mafra.go.kr/opendata/data/indexOpenDataDetail.do?data_id=20240806000000002609,농림축산식품부/EPIS 등,API metadata v1.0
농식품 공공데이터 포털 API 데이터 정보,마을축제,KRC_VILAGE_FSTVL,https://data.mafra.go.kr/opendata/data/indexOpenDataDetail.do?data_id=20240806000000002609,농림축산식품부/EPIS 등,API metadata v1.0
농식품 공공데이터 포털 API 데이터 정보,체험마을주변숙박,KRC_EXPRN_CFR_STAYNG,https://data.mafra.go.kr/opendata/data/indexOpenDataDetail.do?data_id=20240806000000002609,농림축산식품부/EPIS 등,API metadata v1.0
농식품 공공데이터 포털 API 데이터 정보,동네맛집,KRC_VILCFR_TASTE_HOUSE,https://data.mafra.go.kr/opendata/data/indexOpenDataDetail.do?data_id=20240806000000002609,농림축산식품부/EPIS 등,API metadata v1.0
농식품 공공데이터 포털 API 데이터 정보,체험식단,KRC_EXPRN_DIET,https://data.mafra.go.kr/opendata/data/indexOpenDataDetail.do?data_id=20240806000000002609,농림축산식품부/EPIS 등,API metadata v1.0
농식품 공공데이터 포털 API 데이터 정보,농업 수입지출 통계정보(총괄통계),EPIS_FARM_SMRIZE_STATS,https://data.mafra.go.kr/opendata/data/indexOpenDataDetail.do?data_id=20240806000000002609,농림축산식품부/EPIS 등,API metadata v1.0
농식품 공공데이터 포털 API 데이터 정보,자원·환경·생태기반R&D 특허정보,IPET_RESRCE_ENVRN_PATENT,https://data.mafra.go.kr/opendata/data/indexOpenDataDetail.do?data_id=20240806000000002609,농림축산식품부/EPIS 등,API metadata v1.0
농식품 공공데이터 포털 API 데이터 정보,자원·환경·생태기반R&D 완료과제_최종보고서정보,IPET_RESRCE_ENVRN_REPRT,https://data.mafra.go.kr/opendata/data/indexOpenDataDetail.do?data_id=20240806000000002609,농림축산식품부/EPIS 등,API metadata v1.0
농식품 공공데이터 포털 API 데이터 정보,자원·환경·생태기반R&D 과제정보,IPET_RESRCE_ENVRN_TASK,https://data.mafra.go.kr/opendata/data/indexOpenDataDetail.do?data_id=20240806000000002609,농림축산식품부/EPIS 등,API metadata v1.0
농식품 공공데이터 포털 API 데이터 정보,식품·유통R&D 과제정보,IPET_FOOD_DISTB_TASK,https://data.mafra.go.kr/opendata/data/indexOpenDataDetail.do?data_id=20240806000000002609,농림축산식품부/EPIS 등,API metadata v1.0
농식품 공공데이터 포털 API 데이터 정보,바이오R&D 논문정보,IPET_BIO_THESIS,https://data.mafra.go.kr/opendata/data/indexOpenDataDetail.do?data_id=20240806000000002609,농림축산식품부/EPIS 등,API metadata v1.0
농식품 공공데이터 포털 API 데이터 정보,바이오R&D 과제정보,IPET_BIO_TASK,https://data.mafra.go.kr/opendata/data/indexOpenDataDetail.do?data_id=20240806000000002609,농림축산식품부/EPIS 등,API metadata v1.0
농식품 공공데이터 포털 API 데이터 정보,문화R&D 논문정보,IPET_CLTUR_THESIS,https://data.mafra.go.kr/opendata/data/indexOpenDataDetail.do?data_id=20240806000000002609,농림축산식품부/EPIS 등,API metadata v1.0
농식품 공공데이터 포털 API 데이터 정보,문화R&D 과제정보,IPET_CLTUR_TASK,https://data.mafra.go.kr/opendata/data/indexOpenDataDetail.do?data_id=20240806000000002609,농림축산식품부/EPIS 등,API metadata v1.0
농식품 공공데이터 포털 API 데이터 정보,IBT융합기술R&D 완료과제_최종보고서정보,IPET_IBT_REPRT,https://data.mafra.go.kr/opendata/data/indexOpenDataDetail.do?data_id=20240806000000002609,농림축산식품부/EPIS 등,API metadata v1.0
농식품 공공데이터 포털 API 데이터 정보,우수외식업지구 식당현황,MAFRA_EXCLNC_FDBSN_DSTRC,https://data.mafra.go.kr/opendata/data/indexOpenDataDetail.do?data_id=20240806000000002609,농림축산식품부/EPIS 등,API metadata v1.0
농식품 공공데이터 포털 API 데이터 정보,사단법인,MAFRA_CRGGRG,https://data.mafra.go.kr/opendata/data/indexOpenDataDetail.do?data_id=20240806000000002609,농림축산식품부/EPIS 등,API metadata v1.0
농식품 공공데이터 포털 API 데이터 정보,토양개량제지원 현황,MAFRA_SPRV_SPORT_STTUS,https://data.mafra.go.kr/opendata/data/indexOpenDataDetail.do?data_id=20240806000000002609,농림축산식품부/EPIS 등,API metadata v1.0
농식품 공공데이터 포털 API 데이터 정보,조건불리지역 직불 지급현황,MAFRA_DSDVN_DEBIT_PYMNT,https://data.mafra.go.kr/opendata/data/indexOpenDataDetail.do?data_id=20240806000000002609,농림축산식품부/EPIS 등,API metadata v1.0
농식품 공공데이터 포털 API 데이터 정보,쌀소득등보전직불제 지급현황_고정,MAFRA_RICE_DEBIT_FIX,https://data.mafra.go.kr/opendata/data/indexOpenDataDetail.do?data_id=20240806000000002609,농림축산식품부/EPIS 등,API metadata v1.0
농식품 공공데이터 포털 API 데이터 정보,경관보전직불 사업지구,MAFRA_SCENE_PRESV_BSNS,https://data.mafra.go.kr/opendata/data/indexOpenDataDetail.do?data_id=20240806000000002609,농림축산식품부/EPIS 등,API metadata v1.0
농식품 공공데이터 포털 API 데이터 정보,유제품별 생산 및 소비실적,MAFRA_DYCTS_PRDCTN_CNSMP,https://data.mafra.go.kr/opendata/data/indexOpenDataDetail.do?data_id=20240806000000002609,농림축산식품부/EPIS 등,API metadata v1.0
농식품 공공데이터 포털 API 데이터 정보,시도별 우유 생산량,MAFRA_CTPRVN_MILK_PRDCTN,https://data.mafra.go.kr/opendata/data/indexOpenDataDetail.do?data_id=20240806000000002609,농림축산식품부/EPIS 등,API metadata v1.0
농식품 공공데이터 포털 API 데이터 정보,연도별 가공업체 현황,MAFRA_YEAR_PRCSS_ENTRPS,https://data.mafra.go.kr/opendata/data/indexOpenDataDetail.do?data_id=20240806000000002609,농림축산식품부/EPIS 등,API metadata v1.0
농식품 공공데이터 포털 API 데이터 정보,식품·유통R&D 특허정보,IPET_FOOD_DISTB_PATENT,https://data.mafra.go.kr/opendata/data/indexOpenDataDetail.do?data_id=20240806000000002609,농림축산식품부/EPIS 등,API metadata v1.0
농식품 공공데이터 포털 API 데이터 정보,과실류 가공내역,MAFRA_FRUIT_PRCSS_DETAILS,https://data.mafra.go.kr/opendata/data/indexOpenDataDetail.do?data_id=20240806000000002609,농림축산식품부/EPIS 등,API metadata v1.0
농식품 공공데이터 포털 API 데이터 정보,농업기계 보유현황,MAFRA_FCH_HOLD_STTUS,https://data.mafra.go.kr/opendata/data/indexOpenDataDetail.do?data_id=20240806000000002609,농림축산식품부/EPIS 등,API metadata v1.0
농식품 공공데이터 포털 API 데이터 정보,농식품공무원교육원 교육정보,ATI_EDC_INFO,https://data.mafra.go.kr/opendata/data/indexOpenDataDetail.do?data_id=20240806000000002609,농림축산식품부/EPIS 등,API metadata v1.0
농식품 공공데이터 포털 API 데이터 정보,학교장터연계상품,TI_KRC_SCHUL_MRKTPLCE_GOODS,https://data.mafra.go.kr/opendata/data/indexOpenDataDetail.do?data_id=20240806000000002609,농림축산식품부/EPIS 등,API metadata v1.0
농식품 공공데이터 포털 API 데이터 정보,체험마을탐방,TI_KRC_EXPRN_VILAGE_VISIT,https://data.mafra.go.kr/opendata/data/indexOpenDataDetail.do?data_id=20240806000000002609,농림축산식품부/EPIS 등,API metadata v1.0
농식품 공공데이터 포털 API 데이터 정보,여행작가추천여행,TI_KRC_WRITR_RECOMEND_TOUR,https://data.mafra.go.kr/opendata/data/indexOpenDataDetail.do?data_id=20240806000000002609,농림축산식품부/EPIS 등,API metadata v1.0
농식품 공공데이터 포털 API 데이터 정보,농어촌체험마을,TI_KRC_FMLG_EXPRN_VILAGE,https://data.mafra.go.kr/opendata/data/indexOpenDataDetail.do?data_id=20240806000000002609,농림축산식품부/EPIS 등,API metadata v1.0
농식품 공공데이터 포털 API 데이터 정보,승용마 및 제주산 등록 내역,TI_KRA_REGIST_A_RING_HRE,https://data.mafra.go.kr/opendata/data/indexOpenDataDetail.do?data_id=20240806000000002609,농림축산식품부/EPIS 등,API metadata v1.0
농식품 공공데이터 포털 API 데이터 정보,경주마정보,TI_KRA_RCHOSE_INFO,https://data.mafra.go.kr/opendata/data/indexOpenDataDetail.do?data_id=20240806000000002609,농림축산식품부/EPIS 등,API metadata v1.0
농식품 공공데이터 포털 API 데이터 정보,품목관측정보-월보,TI_KREI_PRDLST_OBSR_ND_MTHPR,https://data.mafra.go.kr/opendata/data/indexOpenDataDetail.do?data_id=20240806000000002609,농림축산식품부/EPIS 등,API metadata v1.0
농식품 공공데이터 포털 API 데이터 정보,품목관측-관측속보,TI_KREI_PRDLST_OBSR_BRKNEWS,https://data.mafra.go.kr/opendata/data/indexOpenDataDetail.do?data_id=20240806000000002609,농림축산식품부/EPIS 등,API metadata v1.0
농식품 공공데이터 포털 API 데이터 정보,모두투어연계상품,TI_KRC_MODETOUR_CNTC_GOODS,https://data.mafra.go.kr/opendata/data/indexOpenDataDetail.do?data_id=20240806000000002609,농림축산식품부/EPIS 등,API metadata v1.0
농식품 공공데이터 포털 API 데이터 정보,농수축산물 표준품목코드,TI_EPIS_AP_ST_PRDLST_CD,https://data.mafra.go.kr/opendata/data/indexOpenDataDetail.do?data_id=20240806000000002609,농림축산식품부/EPIS 등,API metadata v1.0
농식품 공공데이터 포털 API 데이터 정보,양잠현황(총괄),TI_MAFRA_SILKWM_FARM_SMRIZE,https://data.mafra.go.kr/opendata/data/indexOpenDataDetail.do?data_id=20240806000000002609,농림축산식품부/EPIS 등,API metadata v1.0
농식품 공공데이터 포털 API 데이터 정보,위반정보,TI_MAFRA_TAXXPT_OIL_VIOLT,https://data.mafra.go.kr/opendata/data/indexOpenDataDetail.do?data_id=20240806000000002609,농림축산식품부/EPIS 등,API metadata v1.0
농식품 공공데이터 포털 API 데이터 정보,가축 인공수정사 면허취득 현황,TI_MAFRA_ARTINSEMI_LCNS_ACQS,https://data.mafra.go.kr/opendata/data/indexOpenDataDetail.do?data_id=20240806000000002609,농림축산식품부/EPIS 등,API metadata v1.0
농식품 공공데이터 포털 API 데이터 정보,경영주 경영체수 현황,TI_MAFRA_OWNER_MNENT,https://data.mafra.go.kr/opendata/data/indexOpenDataDetail.do?data_id=20240806000000002609,농림축산식품부/EPIS 등,API metadata v1.0
농식품 공공데이터 포털 API 데이터 정보,농업법인 경영체수 현황,TI_MAFRA_AGCRPT_MNENT,https://data.mafra.go.kr/opendata/data/indexOpenDataDetail.do?data_id=20240806000000002609,농림축산식품부/EPIS 등,API metadata v1.0
농식품 공공데이터 포털 API 데이터 정보,전체 노지작물 수확(재배) 경영체수 현황,TI_MAFRA_ALL_CROPS_MNENT,https://data.mafra.go.kr/opendata/data/indexOpenDataDetail.do?data_id=20240806000000002609,농림축산식품부/EPIS 등,API metadata v1.0
농식품 공공데이터 포털 API 데이터 정보,"한우,송아지 피해보전직불 지원현황",TI_MAFRA_KORCTT_DMGE_DEBIT,https://data.mafra.go.kr/opendata/data/indexOpenDataDetail.do?data_id=20240806000000002609,농림축산식품부/EPIS 등,API metadata v1.0
농식품 공공데이터 포털 API 데이터 정보,후계농 지원사업 선정현황,TI_MAFRA_SUCCFRMER_SPORT,https://data.mafra.go.kr/opendata/data/indexOpenDataDetail.do?data_id=20240806000000002609,농림축산식품부/EPIS 등,API metadata v1.0
농식품 공공데이터 포털 API 데이터 정보,우수후계농 지원사업 선정현황,TI_MAFRA_EXCLNC_SUCCFRMER,https://data.mafra.go.kr/opendata/data/indexOpenDataDetail.do?data_id=20240806000000002609,농림축산식품부/EPIS 등,API metadata v1.0
농식품 공공데이터 포털 API 데이터 정보,누에사육 규모별 농가수,TI_MAFRA_SCALE_FRMHS_CO,https://data.mafra.go.kr/opendata/data/indexOpenDataDetail.do?data_id=20240806000000002609,농림축산식품부/EPIS 등,API metadata v1.0
농식품 공공데이터 포털 API 데이터 정보,하추곡 매입검사 실적,TI_NAQS_GRAIN_INSPCT_ACMSLT,https://data.mafra.go.kr/opendata/data/indexOpenDataDetail.do?data_id=20240806000000002609,농림축산식품부/EPIS 등,API metadata v1.0
농식품 공공데이터 포털 API 데이터 정보,화훼류 시세현황,TI_AT_FLPLNT_CURPRC_STTUS,https://data.mafra.go.kr/opendata/data/indexOpenDataDetail.do?data_id=20240806000000002609,농림축산식품부/EPIS 등,API metadata v1.0
농식품 공공데이터 포털 API 데이터 정보,농수축산물 친환경가격,TI_AT_EVRFRND_PRICE,https://data.mafra.go.kr/opendata/data/indexOpenDataDetail.do?data_id=20240806000000002609,농림축산식품부/EPIS 등,API metadata v1.0
농식품 공공데이터 포털 API 데이터 정보,수출식물검역정보,TI_QIA_XPORT_PLNT_QRANT,https://data.mafra.go.kr/opendata/data/indexOpenDataDetail.do?data_id=20240806000000002609,농림축산식품부/EPIS 등,API metadata v1.0
농식품 공공데이터 포털 API 데이터 정보,시도별 재배현황,TI_MAFRA_CTPRVN_CTVT,https://data.mafra.go.kr/opendata/data/indexOpenDataDetail.do?data_id=20240806000000002609,농림축산식품부/EPIS 등,API metadata v1.0
농식품 공공데이터 포털 API 데이터 정보,시도별 재배시설현황,TI_MAFRA_CTPRVN_CTVT_FCLTY,https://data.mafra.go.kr/opendata/data/indexOpenDataDetail.do?data_id=20240806000000002609,농림축산식품부/EPIS 등,API metadata v1.0
농식품 공공데이터 포털 API 데이터 정보,시도별 재배현황(재배농가),TI_MAFRA_CTPRVN_CTVT_FRMHS,https://data.mafra.go.kr/opendata/data/indexOpenDataDetail.do?data_id=20240806000000002609,농림축산식품부/EPIS 등,API metadata v1.0
농식품 공공데이터 포털 API 데이터 정보,축산물 실시간 소도체 등급별경매현황정보,TI_EKAPE_RLTM_CTTLE_GRAD_AUC,https://data.mafra.go.kr/opendata/data/indexOpenDataDetail.do?data_id=20240806000000002609,농림축산식품부/EPIS 등,API metadata v1.0
농식품 공공데이터 포털 API 데이터 정보,소 등급판정결과(확인서)정보,TI_EKAPE_CTTLE_GRAD_JDGMNT,https://data.mafra.go.kr/opendata/data/indexOpenDataDetail.do?data_id=20240806000000002609,농림축산식품부/EPIS 등,API metadata v1.0
농식품 공공데이터 포털 API 데이터 정보,돼지 등급판정 부위별고기및부산물 정보,TI_EKAPE_PIG_REGN_MEAT,https://data.mafra.go.kr/opendata/data/indexOpenDataDetail.do?data_id=20240806000000002609,농림축산식품부/EPIS 등,API metadata v1.0
농식품 공공데이터 포털 API 데이터 정보,수입축산물 검역 불합격현황,QIA_IMPORT_SFRMPRD_DSQLFC,https://data.mafra.go.kr/opendata/data/indexOpenDataDetail.do?data_id=20240806000000002609,농림축산식품부/EPIS 등,API metadata v1.0
농식품 공공데이터 포털 API 데이터 정보,수입동물 검역 불합격현황,QIA_IMPORT_ANIMAL_DSQLFC,https://data.mafra.go.kr/opendata/data/indexOpenDataDetail.do?data_id=20240806000000002609,농림축산식품부/EPIS 등,API metadata v1.0
농식품 공공데이터 포털 API 데이터 정보,표준규격품 사후관리 실적통계,NAQS_SNSDR_POSMANT_ACMSLT,https://data.mafra.go.kr/opendata/data/indexOpenDataDetail.do?data_id=20240806000000002609,농림축산식품부/EPIS 등,API metadata v1.0
농식품 공공데이터 포털 API 데이터 정보,연간 정곡검사 통계,NAQS_FYER_TSHRICE_INSPCT,https://data.mafra.go.kr/opendata/data/indexOpenDataDetail.do?data_id=20240806000000002609,농림축산식품부/EPIS 등,API metadata v1.0
농식품 공공데이터 포털 API 데이터 정보,정부보급종 생산공급 통계,SEED_GVRN_SPCIES_STATS,https://data.mafra.go.kr/opendata/data/indexOpenDataDetail.do?data_id=20240806000000002609,농림축산식품부/EPIS 등,API metadata v1.0
농식품 공공데이터 포털 API 데이터 정보,전국 도매시장 일별 경락가격,EPIS_WHSAL_MRKT_DAY_AUCCT,https://data.mafra.go.kr/opendata/data/indexOpenDataDetail.do?data_id=20240806000000002609,농림축산식품부/EPIS 등,API metadata v1.0
농식품 공공데이터 포털 API 데이터 정보,품종보호권 출원/등록 정보,SEED_VRPTRT_APLC,https://data.mafra.go.kr/opendata/data/indexOpenDataDetail.do?data_id=20240806000000002609,농림축산식품부/EPIS 등,API metadata v1.0
농식품 공공데이터 포털 API 데이터 정보,동물의약품 허가결과정보,QIA_MDCIN_PRMISN_RESULT,https://data.mafra.go.kr/opendata/data/indexOpenDataDetail.do?data_id=20240806000000002609,농림축산식품부/EPIS 등,API metadata v1.0
농식품 공공데이터 포털 API 데이터 정보,수출동물 검역현황,QIA_XPORT_ANIMAL_QRANT,https://data.mafra.go.kr/opendata/data/indexOpenDataDetail.do?data_id=20240806000000002609,농림축산식품부/EPIS 등,API metadata v1.0
농식품 공공데이터 포털 API 데이터 정보,캠핑,KRC_CAMPING,https://data.mafra.go.kr/opendata/data/indexOpenDataDetail.do?data_id=20240806000000002609,농림축산식품부/EPIS 등,API metadata v1.0
농식품 공공데이터 포털 API 데이터 정보,자원·환경·생태기반R&D 논문정보,IPET_RESRCE_ENVRN_THESIS,https://data.mafra.go.kr/opendata/data/indexOpenDataDetail.do?data_id=20240806000000002609,농림축산식품부/EPIS 등,API metadata v1.0
농식품 공공데이터 포털 API 데이터 정보,식품·유통R&D 완료과제_최종보고서정보,IPET_FOOD_DISTB_REPRT,https://data.mafra.go.kr/opendata/data/indexOpenDataDetail.do?data_id=20240806000000002609,농림축산식품부/EPIS 등,API metadata v1.0
농식품 공공데이터 포털 API 데이터 정보,생산·가공R&D 완료과제_최종보고서정보,IPET_PRDCTN_PRCSS_REPRT,https://data.mafra.go.kr/opendata/data/indexOpenDataDetail.do?data_id=20240806000000002609,농림축산식품부/EPIS 등,API metadata v1.0
농식품 공공데이터 포털 API 데이터 정보,생산·가공R&D 논문정보,IPET_PRDCTN_PRCSS_THESIS,https://data.mafra.go.kr/opendata/data/indexOpenDataDetail.do?data_id=20240806000000002609,농림축산식품부/EPIS 등,API metadata v1.0
농식품 공공데이터 포털 API 데이터 정보,생산·가공R&D 과제정보,IPET_PRDCTN_PRCSS_TASK,https://data.mafra.go.kr/opendata/data/indexOpenDataDetail.do?data_id=20240806000000002609,농림축산식품부/EPIS 등,API metadata v1.0
농식품 공공데이터 포털 API 데이터 정보,바이오R&D 특허정보,IPET_BIO_PATENT,https://data.mafra.go.kr/opendata/data/indexOpenDataDetail.do?data_id=20240806000000002609,농림축산식품부/EPIS 등,API metadata v1.0
농식품 공공데이터 포털 API 데이터 정보,바이오R&D 완료과제_최종보고서정보,IPET_BIO_REPRT,https://data.mafra.go.kr/opendata/data/indexOpenDataDetail.do?data_id=20240806000000002609,농림축산식품부/EPIS 등,API metadata v1.0
농식품 공공데이터 포털 API 데이터 정보,문화R&D 특허정보,IPET_CLTUR_PATENT,https://data.mafra.go.kr/opendata/data/indexOpenDataDetail.do?data_id=20240806000000002609,농림축산식품부/EPIS 등,API metadata v1.0
농식품 공공데이터 포털 API 데이터 정보,IBT융합기술R&D 특허정보,IPET_IBT_PATENT,https://data.mafra.go.kr/opendata/data/indexOpenDataDetail.do?data_id=20240806000000002609,농림축산식품부/EPIS 등,API metadata v1.0
농식품 공공데이터 포털 API 데이터 정보,IBT융합기술R&D 논문정보,IPET_IBT_THESIS,https://data.mafra.go.kr/opendata/data/indexOpenDataDetail.do?data_id=20240806000000002609,농림축산식품부/EPIS 등,API metadata v1.0
농식품 공공데이터 포털 API 데이터 정보,쌀소득등보전직불제 지급현황_변동,MAFRA_RICE_DEBIT_CHG,https://data.mafra.go.kr/opendata/data/indexOpenDataDetail.do?data_id=20240806000000002609,농림축산식품부/EPIS 등,API metadata v1.0
농식품 공공데이터 포털 API 데이터 정보,밭농업직불제,MAFRA_FILD_FARMNG_DEBIT,https://data.mafra.go.kr/opendata/data/indexOpenDataDetail.do?data_id=20240806000000002609,농림축산식품부/EPIS 등,API metadata v1.0
농식품 공공데이터 포털 API 데이터 정보,재배품목별 면세유 공급현황,MAFRA_PRDLST_TAXXPT_OIL,https://data.mafra.go.kr/opendata/data/indexOpenDataDetail.do?data_id=20240806000000002609,농림축산식품부/EPIS 등,API metadata v1.0
농식품 공공데이터 포털 API 데이터 정보,지역별.유종별 면세유 공급량,MAFRA_AREA_TAXXPT_OIL,https://data.mafra.go.kr/opendata/data/indexOpenDataDetail.do?data_id=20240806000000002609,농림축산식품부/EPIS 등,API metadata v1.0
농식품 공공데이터 포털 API 데이터 정보,특용작물생산통계,MAFRA_CPCLPR_PRDCTN_STTUS,https://data.mafra.go.kr/opendata/data/indexOpenDataDetail.do?data_id=20240806000000002609,농림축산식품부/EPIS 등,API metadata v1.0
농식품 공공데이터 포털 API 데이터 정보,배합사료생산실적,MAFRA_ARDD_PRDCTN_ACMSLT,https://data.mafra.go.kr/opendata/data/indexOpenDataDetail.do?data_id=20240806000000002609,농림축산식품부/EPIS 등,API metadata v1.0
농식품 공공데이터 포털 API 데이터 정보,농림업생산지수,MAFRA_AGLFRS_PRDCTN_IDEX,https://data.mafra.go.kr/opendata/data/indexOpenDataDetail.do?data_id=20240806000000002609,농림축산식품부/EPIS 등,API metadata v1.0
농식품 공공데이터 포털 API 데이터 정보,생산시스템R&D 논문정보,IPET_PRDCTN_SYS_THESIS,https://data.mafra.go.kr/opendata/data/indexOpenDataDetail.do?data_id=20240806000000002609,농림축산식품부/EPIS 등,API metadata v1.0
농식품 공공데이터 포털 API 데이터 정보,비영리법인,MAFRA_FNDT,https://data.mafra.go.kr/opendata/data/indexOpenDataDetail.do?data_id=20240806000000002609,농림축산식품부/EPIS 등,API metadata v1.0
농식품 공공데이터 포털 API 데이터 정보,농산물 이력 추적 등록정보,NAQS_FRMPRD_CHGHST,https://data.mafra.go.kr/opendata/data/indexOpenDataDetail.do?data_id=20240806000000002609,농림축산식품부/EPIS 등,API metadata v1.0
농식품 공공데이터 포털 API 데이터 정보,농협 공판장 경락가격,TI_EPIS_FLPLNT_NACF_AUCCT,https://data.mafra.go.kr/opendata/data/indexOpenDataDetail.do?data_id=20240806000000002609,농림축산식품부/EPIS 등,API metadata v1.0
농식품 공공데이터 포털 API 데이터 정보,농협 종합유통센터 매입가격,TI_EPIS_GNRLZ_CNTER_AUCCT,https://data.mafra.go.kr/opendata/data/indexOpenDataDetail.do?data_id=20240806000000002609,농림축산식품부/EPIS 등,API metadata v1.0
농식품 공공데이터 포털 API 데이터 정보,축산물 경락가격,TI_EPIS_SFRMPRD_AUCCT,https://data.mafra.go.kr/opendata/data/indexOpenDataDetail.do?data_id=20240806000000002609,농림축산식품부/EPIS 등,API metadata v1.0
농식품 공공데이터 포털 API 데이터 정보,축산물 부분육 경락가격,TI_EPIS_SFRMPRD_CUTTING_AUCCT,https://data.mafra.go.kr/opendata/data/indexOpenDataDetail.do?data_id=20240806000000002609,농림축산식품부/EPIS 등,API metadata v1.0
농식품 공공데이터 포털 API 데이터 정보,농수축산물 조사가격정보,TI_EPIS_AGFIPROD_AUCCT_INFO,https://data.mafra.go.kr/opendata/data/indexOpenDataDetail.do?data_id=20240806000000002609,농림축산식품부/EPIS 등,API metadata v1.0
농식품 공공데이터 포털 API 데이터 정보,임산물 조사가격,TI_EPIS_FSRCS_EXAMIN_AUCCT,https://data.mafra.go.kr/opendata/data/indexOpenDataDetail.do?data_id=20240806000000002609,농림축산식품부/EPIS 등,API metadata v1.0
농식품 공공데이터 포털 API 데이터 정보,마을동영상,TI_KRC_VILAGE_MVP,https://data.mafra.go.kr/opendata/data/indexOpenDataDetail.do?data_id=20240806000000002609,농림축산식품부/EPIS 등,API metadata v1.0
농식품 공공데이터 포털 API 데이터 정보,포토 및 후기,TI_KRC_PHOTO_POSTSCRIPT,https://data.mafra.go.kr/opendata/data/indexOpenDataDetail.do?data_id=20240806000000002609,농림축산식품부/EPIS 등,API metadata v1.0
농식품 공공데이터 포털 API 데이터 정보,마을특산물,TI_KRC_VILAGE_SPCPRD,https://data.mafra.go.kr/opendata/data/indexOpenDataDetail.do?data_id=20240806000000002609,농림축산식품부/EPIS 등,API metadata v1.0
농식품 공공데이터 포털 API 데이터 정보,농가맛집,TI_KRC_FRMHS_TASTE_HOUSE,https://data.mafra.go.kr/opendata/data/indexOpenDataDetail.do?data_id=20240806000000002609,농림축산식품부/EPIS 등,API metadata v1.0
농식품 공공데이터 포털 API 데이터 정보,훈련정보,TI_KRA_TRAING_INFO,https://data.mafra.go.kr/opendata/data/indexOpenDataDetail.do?data_id=20240806000000002609,농림축산식품부/EPIS 등,API metadata v1.0
농식품 공공데이터 포털 API 데이터 정보,경주마정보 (주행심사결과),TI_KRA_RCHOSE_DRVNG_RESULT,https://data.mafra.go.kr/opendata/data/indexOpenDataDetail.do?data_id=20240806000000002609,농림축산식품부/EPIS 등,API metadata v1.0
농식품 공공데이터 포털 API 데이터 정보,경주마정보 (출전정보),TI_KRA_RCHOSE_PARPA_INFO,https://data.mafra.go.kr/opendata/data/indexOpenDataDetail.do?data_id=20240806000000002609,농림축산식품부/EPIS 등,API metadata v1.0
농식품 공공데이터 포털 API 데이터 정보,기수정보,TI_KRA_HRSMN_INFO,https://data.mafra.go.kr/opendata/data/indexOpenDataDetail.do?data_id=20240806000000002609,농림축산식품부/EPIS 등,API metadata v1.0
농식품 공공데이터 포털 API 데이터 정보,품목정의,TI_KREI_PRDLST_DFN,https://data.mafra.go.kr/opendata/data/indexOpenDataDetail.do?data_id=20240806000000002609,농림축산식품부/EPIS 등,API metadata v1.0
농식품 공공데이터 포털 API 데이터 정보,첨부파일 정보,TI_KREI_ATCHMNFL_INFO,https://data.mafra.go.kr/opendata/data/indexOpenDataDetail.do?data_id=20240806000000002609,농림축산식품부/EPIS 등,API metadata v1.0
농식품 공공데이터 포털 API 데이터 정보,이달의추천여행,TI_KRC_NOW_MT_RECOMEND_TOUR,https://data.mafra.go.kr/opendata/data/indexOpenDataDetail.do?data_id=20240806000000002609,농림축산식품부/EPIS 등,API metadata v1.0
농식품 공공데이터 포털 API 데이터 정보,체험프로그램,TI_KRC_EXPRN_PROGRM,https://data.mafra.go.kr/opendata/data/indexOpenDataDetail.do?data_id=20240806000000002609,농림축산식품부/EPIS 등,API metadata v1.0
농식품 공공데이터 포털 API 데이터 정보,경주마정보 (경주결과),TI_KRA_RCHOSE_RACE_RESULT,https://data.mafra.go.kr/opendata/data/indexOpenDataDetail.do?data_id=20240806000000002609,농림축산식품부/EPIS 등,API metadata v1.0
농식품 공공데이터 포털 API 데이터 정보,조교사정보,TI_KRA_TRNER_INFO,https://data.mafra.go.kr/opendata/data/indexOpenDataDetail.do?data_id=20240806000000002609,농림축산식품부/EPIS 등,API metadata v1.0
농식품 공공데이터 포털 API 데이터 정보,체험마을숙박,TI_KRC_EXPRN_VILAGE_STAYNG,https://data.mafra.go.kr/opendata/data/indexOpenDataDetail.do?data_id=20240806000000002609,농림축산식품부/EPIS 등,API metadata v1.0
농식품 공공데이터 포털 API 데이터 정보,경주마 등록 내역,TI_KRA_REGIST_RCHOSE_DTLS,https://data.mafra.go.kr/opendata/data/indexOpenDataDetail.do?data_id=20240806000000002609,농림축산식품부/EPIS 등,API metadata v1.0
농식품 공공데이터 포털 API 데이터 정보,인공수정소 현황,TI_MAFRA_ARTINSEMI_PLACE,https://data.mafra.go.kr/opendata/data/indexOpenDataDetail.do?data_id=20240806000000002609,농림축산식품부/EPIS 등,API metadata v1.0
농식품 공공데이터 포털 API 데이터 정보,계약재배(노지채소)현황,TI_MAFRA_CNTRCT_CTVT,https://data.mafra.go.kr/opendata/data/indexOpenDataDetail.do?data_id=20240806000000002609,농림축산식품부/EPIS 등,API metadata v1.0
농식품 공공데이터 포털 API 데이터 정보,전체 축종별 경영체수 현황,TI_MAFRA_ALL_LVSTCKSPC_MNENT,https://data.mafra.go.kr/opendata/data/indexOpenDataDetail.do?data_id=20240806000000002609,농림축산식품부/EPIS 등,API metadata v1.0
농식품 공공데이터 포털 API 데이터 정보,시설채소 생산실적,TI_MAFRA_FCLTY_VGETBL_FRMHS,https://data.mafra.go.kr/opendata/data/indexOpenDataDetail.do?data_id=20240806000000002609,농림축산식품부/EPIS 등,API metadata v1.0
농식품 공공데이터 포털 API 데이터 정보,수출입식물방제업체운영정보,TI_QIA_PLNT_PRVNBE_ENTRPS,https://data.mafra.go.kr/opendata/data/indexOpenDataDetail.do?data_id=20240806000000002609,농림축산식품부/EPIS 등,API metadata v1.0
농식품 공공데이터 포털 API 데이터 정보,국가표준식물목록_이명,TI_FOREST_CYTD_PLNT_LIST_TWNM,https://data.mafra.go.kr/opendata/data/indexOpenDataDetail.do?data_id=20240806000000002609,농림축산식품부/EPIS 등,API metadata v1.0
농식품 공공데이터 포털 API 데이터 정보,우수농산물(GAP) 인증정보,TI_NAQS_GAP_CRTFC_INFO,https://data.mafra.go.kr/opendata/data/indexOpenDataDetail.do?data_id=20240806000000002609,농림축산식품부/EPIS 등,API metadata v1.0
농식품 공공데이터 포털 API 데이터 정보,우수농산물(GAP) 관리시설 정보,VIEW_NAQS_ELCMG_FCLTY_INFO,https://data.mafra.go.kr/opendata/data/indexOpenDataDetail.do?data_id=20240806000000002609,농림축산식품부/EPIS 등,API metadata v1.0
농식품 공공데이터 포털 API 데이터 정보,지리적표시관리정보,TI_NAQS_GRDC_MANAGE_INFO,https://data.mafra.go.kr/opendata/data/indexOpenDataDetail.do?data_id=20240806000000002609,농림축산식품부/EPIS 등,API metadata v1.0
농식품 공공데이터 포털 API 데이터 정보,반려동물 등록대행업체 조회,TI_QIA_RETURN_ANIMAL_ENTRPS,https://data.mafra.go.kr/opendata/data/indexOpenDataDetail.do?data_id=20240806000000002609,농림축산식품부/EPIS 등,API metadata v1.0
농식품 공공데이터 포털 API 데이터 정보,수입식물검역정보,TI_QIA_IMPORT_PLNT_QRANT,https://data.mafra.go.kr/opendata/data/indexOpenDataDetail.do?data_id=20240806000000002609,농림축산식품부/EPIS 등,API metadata v1.0
농식품 공공데이터 포털 API 데이터 정보,수출축산물 검역현황,QIA_XPORT_SFRMPRD_QRANT,https://data.mafra.go.kr/opendata/data/indexOpenDataDetail.do?data_id=20240806000000002609,농림축산식품부/EPIS 등,API metadata v1.0
농식품 공공데이터 포털 API 데이터 정보,수입농산물 검사 통계정보,NAQS_INCME_FRMPRD_INSPCT,https://data.mafra.go.kr/opendata/data/indexOpenDataDetail.do?data_id=20240806000000002609,농림축산식품부/EPIS 등,API metadata v1.0
농식품 공공데이터 포털 API 데이터 정보,민간 지자체 생산종자 포장검사,SEED_PRVATE_SPCIES_INSPCT,https://data.mafra.go.kr/opendata/data/indexOpenDataDetail.do?data_id=20240806000000002609,농림축산식품부/EPIS 등,API metadata v1.0
농식품 공공데이터 포털 API 데이터 정보,승마장정보,KRA_HORSE_COUE_INFO,https://data.mafra.go.kr/opendata/data/indexOpenDataDetail.do?data_id=20240806000000002609,농림축산식품부/EPIS 등,API metadata v1.0
농식품 공공데이터 포털 API 데이터 정보,객실정보,KRC_RUM_INFO,https://data.mafra.go.kr/opendata/data/indexOpenDataDetail.do?data_id=20240806000000002609,농림축산식품부/EPIS 등,API metadata v1.0
농식품 공공데이터 포털 API 데이터 정보,수입동물 검역 합격현황,QIA_IMPORT_ANIMAL_PSEXAM,https://data.mafra.go.kr/opendata/data/indexOpenDataDetail.do?data_id=20240806000000002609,농림축산식품부/EPIS 등,API metadata v1.0
농식품 공공데이터 포털 API 데이터 정보,서울강서도매시장 조사가격,TI_EPIS_GANGSEO_MRKT,https://data.mafra.go.kr/opendata/data/indexOpenDataDetail.do?data_id=20240806000000002609,농림축산식품부/EPIS 등,API metadata v1.0
농식품 공공데이터 포털 API 데이터 정보,농수축산물 조사가격 시장코드,TI_EPIS_AP_ET_MARKET_CD,https://data.mafra.go.kr/opendata/data/indexOpenDataDetail.do?data_id=20240806000000002609,농림축산식품부/EPIS 등,API metadata v1.0
농식품 공공데이터 포털 API 데이터 정보,누에씨 생산실적 및 계획,TI_MAFRA_SILKWEGG_PRDCTN,https://data.mafra.go.kr/opendata/data/indexOpenDataDetail.do?data_id=20240806000000002609,농림축산식품부/EPIS 등,API metadata v1.0
농식품 공공데이터 포털 API 데이터 정보,뽕나무 묘목 생산공급현황,TI_MAFRA_MULBERRY_YNGPLNT,https://data.mafra.go.kr/opendata/data/indexOpenDataDetail.do?data_id=20240806000000002609,농림축산식품부/EPIS 등,API metadata v1.0
농식품 공공데이터 포털 API 데이터 정보,열처리업체운영정보,TI_QIA_HEATTREAT_ENTRPS_OPER,https://data.mafra.go.kr/opendata/data/indexOpenDataDetail.do?data_id=20240806000000002609,농림축산식품부/EPIS 등,API metadata v1.0
농식품 공공데이터 포털 API 데이터 정보,양장농가현황(양장농가 소득현황),TI_MAFRA_FARMHOUSE_STTUS,https://data.mafra.go.kr/opendata/data/indexOpenDataDetail.do?data_id=20240806000000002609,농림축산식품부/EPIS 등,API metadata v1.0
농식품 공공데이터 포털 API 데이터 정보,동의어테스트,SN_WHOLEMKT_AUCTION,https://data.mafra.go.kr/opendata/data/indexOpenDataDetail.do?data_id=20240806000000002609,농림축산식품부/EPIS 등,API metadata v1.0
농식품 공공데이터 포털 API 데이터 정보,농수축산물 소매가격,TI_AT_RTLSAL_PRICE,https://data.mafra.go.kr/opendata/data/indexOpenDataDetail.do?data_id=20240806000000002609,농림축산식품부/EPIS 등,API metadata v1.0
농식품 공공데이터 포털 API 데이터 정보,시도별 임산물 생산량(액),TI_FOREST_CTPRVN_FSRCS,https://data.mafra.go.kr/opendata/data/indexOpenDataDetail.do?data_id=20240806000000002609,농림축산식품부/EPIS 등,API metadata v1.0
농식품 공공데이터 포털 API 데이터 정보,지방청별 임산물 생산량(액),TI_FOREST_INNCE_FSRCS,https://data.mafra.go.kr/opendata/data/indexOpenDataDetail.do?data_id=20240806000000002609,농림축산식품부/EPIS 등,API metadata v1.0
농식품 공공데이터 포털 API 데이터 정보,시도별 재배현황(재배인력),TI_MAFRA_CTPRVN_CTVT_HNF,https://data.mafra.go.kr/opendata/data/indexOpenDataDetail.do?data_id=20240806000000002609,농림축산식품부/EPIS 등,API metadata v1.0
농식품 공공데이터 포털 API 데이터 정보,"원산지정보, 유통이력정보, 위해쇠고기여부 조회",TI_QIA_ORGPLCE_DISTB_HIST,https://data.mafra.go.kr/opendata/data/indexOpenDataDetail.do?data_id=20240806000000002609,농림축산식품부/EPIS 등,API metadata v1.0
농식품 공공데이터 포털 API 데이터 정보,시군구별_관리소별 임산물 생산량(액),TI_FOREST_SIGNGU_MO_FSRCS,https://data.mafra.go.kr/opendata/data/indexOpenDataDetail.do?data_id=20240806000000002609,농림축산식품부/EPIS 등,API metadata v1.0
농식품 공공데이터 포털 API 데이터 정보,양장농가현황(기능성 양잠 경영수 연령분포),TI_MAFRA_FUNCTIONALITY_AGE,https://data.mafra.go.kr/opendata/data/indexOpenDataDetail.do?data_id=20240806000000002609,농림축산식품부/EPIS 등,API metadata v1.0
농식품 공공데이터 포털 API 데이터 정보,농업인력포털 온라인교육과정,TI_EPIS_ONLINE_EDC_CRSE,https://data.mafra.go.kr/opendata/data/indexOpenDataDetail.do?data_id=20240806000000002609,농림축산식품부/EPIS 등,API metadata v1.0
농식품 공공데이터 포털 API 데이터 정보,농업인력포털 교육실적통계,TI_EPIS_EDC_ACMSLT_STATS,https://data.mafra.go.kr/opendata/data/indexOpenDataDetail.do?data_id=20240806000000002609,농림축산식품부/EPIS 등,API metadata v1.0
농식품 공공데이터 포털 API 데이터 정보,농업인력포털 오프라인교육과정,TI_EPIS_OFLNE_EDC_CRSE,https://data.mafra.go.kr/opendata/data/indexOpenDataDetail.do?data_id=20240806000000002609,농림축산식품부/EPIS 등,API metadata v1.0
농식품 공공데이터 포털 API 데이터 정보,식물자원정보,TI_EPIS_PLNT_RESRCE_INFO,https://data.mafra.go.kr/opendata/data/indexOpenDataDetail.do?data_id=20240806000000002609,농림축산식품부/EPIS 등,API metadata v1.0
농식품 공공데이터 포털 API 데이터 정보,동물자원정보,TI_EPIS_ANIMAL_RESRCE_INFO,https://data.mafra.go.kr/opendata/data/indexOpenDataDetail.do?data_id=20240806000000002609,농림축산식품부/EPIS 등,API metadata v1.0
농식품 공공데이터 포털 API 데이터 정보,미생물자원정보,TI_EPIS_MCRRGNSM_RESRCE_INFO,https://data.mafra.go.kr/opendata/data/indexOpenDataDetail.do?data_id=20240806000000002609,농림축산식품부/EPIS 등,API metadata v1.0
농식품 공공데이터 포털 API 데이터 정보,유전체자원정보,TI_EPIS_DLCTRC_RESRCE_INFO,https://data.mafra.go.kr/opendata/data/indexOpenDataDetail.do?data_id=20240806000000002609,농림축산식품부/EPIS 등,API metadata v1.0
농식품 공공데이터 포털 API 데이터 정보,곤충자원정보,TI_EPIS_INSECT_RESRCE_INFO,https://data.mafra.go.kr/opendata/data/indexOpenDataDetail.do?data_id=20240806000000002609,농림축산식품부/EPIS 등,API metadata v1.0
농식품 공공데이터 포털 API 데이터 정보,누에자원정보,TI_EPIS_SILKWRM_RESRCE_INFO,https://data.mafra.go.kr/opendata/data/indexOpenDataDetail.do?data_id=20240806000000002609,농림축산식품부/EPIS 등,API metadata v1.0
농식품 공공데이터 포털 API 데이터 정보,수산자원정보,TI_EPIS_MARN_RESRCE_INFO,https://data.mafra.go.kr/opendata/data/indexOpenDataDetail.do?data_id=20240806000000002609,농림축산식품부/EPIS 등,API metadata v1.0
농식품 공공데이터 포털 API 데이터 정보,소 검수(소비) 확인정보,TI_EKAPE_CTTLE_ACPTNC_CNSMP,https://data.mafra.go.kr/opendata/data/indexOpenDataDetail.do?data_id=20240806000000002609,농림축산식품부/EPIS 등,API metadata v1.0
농식품 공공데이터 포털 API 데이터 정보,공통코드표,TI_EKAPE_CMMN_CD_TCKET,https://data.mafra.go.kr/opendata/data/indexOpenDataDetail.do?data_id=20240806000000002609,농림축산식품부/EPIS 등,API metadata v1.0
농식품 공공데이터 포털 API 데이터 정보,일반농산어촌지역개발사업 통계,TI_EPIS_AGCTL_BNSS_STATS,https://data.mafra.go.kr/opendata/data/indexOpenDataDetail.do?data_id=20240806000000002609,농림축산식품부/EPIS 등,API metadata v1.0
농식품 공공데이터 포털 API 데이터 정보,농식품 주제어별 소셜미디어 언급추이,VW_AGMRPD_ISSUE_KWRD_SM,https://data.mafra.go.kr/opendata/data/indexOpenDataDetail.do?data_id=20240806000000002609,농림축산식품부/EPIS 등,API metadata v1.0
농식품 공공데이터 포털 API 데이터 정보,중국도매시장 가격 정보,VIEW_CH_PRICE_WHOLE,https://data.mafra.go.kr/opendata/data/indexOpenDataDetail.do?data_id=20240806000000002609,농림축산식품부/EPIS 등,API metadata v1.0
농식품 공공데이터 포털 API 데이터 정보,레시피 기본정보,TI_RECIPE_INFO,https://data.mafra.go.kr/opendata/data/indexOpenDataDetail.do?data_id=20240806000000002609,농림축산식품부/EPIS 등,API metadata v1.0
농식품 공공데이터 포털 API 데이터 정보,레시피 재료정보,TI_RECIPE_IRDNT,https://data.mafra.go.kr/opendata/data/indexOpenDataDetail.do?data_id=20240806000000002609,농림축산식품부/EPIS 등,API metadata v1.0
농식품 공공데이터 포털 API 데이터 정보,레시피 과정정보,TI_RECIPE_CRSE,https://data.mafra.go.kr/opendata/data/indexOpenDataDetail.do?data_id=20240806000000002609,농림축산식품부/EPIS 등,API metadata v1.0
농식품 공공데이터 포털 API 데이터 정보,정부보급종생산통계,TI_SEED_GVRN_PRDCTN_STATS,https://data.mafra.go.kr/opendata/data/indexOpenDataDetail.do?data_id=20240806000000002609,농림축산식품부/EPIS 등,API metadata v1.0
농식품 공공데이터 포털 API 데이터 정보,귀농귀촌 빈집정보,VIEW_CH_EMPTY_HOUSE_INFO,https://data.mafra.go.kr/opendata/data/indexOpenDataDetail.do?data_id=20240806000000002609,농림축산식품부/EPIS 등,API metadata v1.0
농식품 공공데이터 포털 API 데이터 정보,농업농촌 홍보 DB,VIEW_CH_FARM_PUBLIC,https://data.mafra.go.kr/opendata/data/indexOpenDataDetail.do?data_id=20240806000000002609,농림축산식품부/EPIS 등,API metadata v1.0
농식품 공공데이터 포털 API 데이터 정보,종자품종맵,VIEW_CH_SEED_KIND_MAP,https://data.mafra.go.kr/opendata/data/indexOpenDataDetail.do?data_id=20240806000000002609,농림축산식품부/EPIS 등,API metadata v1.0
농식품 공공데이터 포털 API 데이터 정보,직무교육과정 현장학습 정보,TI_ATI_JOB_CURSTUTRAREA_STUS,https://data.mafra.go.kr/opendata/data/indexOpenDataDetail.do?data_id=20240806000000002609,농림축산식품부/EPIS 등,API metadata v1.0
농식품 공공데이터 포털 API 데이터 정보,농업기반 시설제원-저수지,TI_KRC_EQUM_POOL,https://data.mafra.go.kr/opendata/data/indexOpenDataDetail.do?data_id=20240806000000002609,농림축산식품부/EPIS 등,API metadata v1.0
농식품 공공데이터 포털 API 데이터 정보,농업기반 시설제원-집수암거,TI_KRC_EQUM_COLL_COIT,https://data.mafra.go.kr/opendata/data/indexOpenDataDetail.do?data_id=20240806000000002609,농림축산식품부/EPIS 등,API metadata v1.0
농식품 공공데이터 포털 API 데이터 정보,농업기반 시설제원-관정,TI_KRC_EQUM_ATW,https://data.mafra.go.kr/opendata/data/indexOpenDataDetail.do?data_id=20240806000000002609,농림축산식품부/EPIS 등,API metadata v1.0
농식품 공공데이터 포털 API 데이터 정보,농업기반 시설제원-방조제,TI_KRC_EQUM_SEAWAL,https://data.mafra.go.kr/opendata/data/indexOpenDataDetail.do?data_id=20240806000000002609,농림축산식품부/EPIS 등,API metadata v1.0
농식품 공공데이터 포털 API 데이터 정보,공무원 교육실적정보,TI_ATI_EDC_ACMSLT_INFO,https://data.mafra.go.kr/opendata/data/indexOpenDataDetail.do?data_id=20240806000000002609,농림축산식품부/EPIS 등,API metadata v1.0
농식품 공공데이터 포털 API 데이터 정보,농축산물 유통조사 현황,TI_NAQS_ARGVPD_DISBEX_STUS,https://data.mafra.go.kr/opendata/data/indexOpenDataDetail.do?data_id=20240806000000002609,농림축산식품부/EPIS 등,API metadata v1.0
농식품 공공데이터 포털 API 데이터 정보,원산지표시 우수업체 현황,TI_NAQS_ORGPLCE_IEEPS_STUS,https://data.mafra.go.kr/opendata/data/indexOpenDataDetail.do?data_id=20240806000000002609,농림축산식품부/EPIS 등,API metadata v1.0
농식품 공공데이터 포털 API 데이터 정보,농축산물 원산지 표시 품목별 적발현황,TI_NAQS_ARGLVPRD_OIPD_STUS,https://data.mafra.go.kr/opendata/data/indexOpenDataDetail.do?data_id=20240806000000002609,농림축산식품부/EPIS 등,API metadata v1.0
농식품 공공데이터 포털 API 데이터 정보,농산물검정 현황,TI_NAQS_FRMPRD_ATHRZ_STUS,https://data.mafra.go.kr/opendata/data/indexOpenDataDetail.do?data_id=20240806000000002609,농림축산식품부/EPIS 등,API metadata v1.0
농식품 공공데이터 포털 API 데이터 정보,말방역현황,TI_KRA_HRE_DSNFC_STUS,https://data.mafra.go.kr/opendata/data/indexOpenDataDetail.do?data_id=20240806000000002609,농림축산식품부/EPIS 등,API metadata v1.0
농식품 공공데이터 포털 API 데이터 정보,기타 가축통계(거위/사슴/칠면조),TI_MAFRA_S_LVSTCK_S_ONE,https://data.mafra.go.kr/opendata/data/indexOpenDataDetail.do?data_id=20240806000000002609,농림축산식품부/EPIS 등,API metadata v1.0
농식품 공공데이터 포털 API 데이터 정보,기타 가축통계(개/마필),TI_MAFRA_S_LVSTCK_S_TWO,https://data.mafra.go.kr/opendata/data/indexOpenDataDetail.do?data_id=20240806000000002609,농림축산식품부/EPIS 등,API metadata v1.0
농식품 공공데이터 포털 API 데이터 정보,기타 가축통계(메추리),TI_MAFRA_S_LVSTCK_S_QAL,https://data.mafra.go.kr/opendata/data/indexOpenDataDetail.do?data_id=20240806000000002609,농림축산식품부/EPIS 등,API metadata v1.0
농식품 공공데이터 포털 API 데이터 정보,기타 가축통계(토끼),TI_MAFRA_S_LVSTCK_S_RBT,https://data.mafra.go.kr/opendata/data/indexOpenDataDetail.do?data_id=20240806000000002609,농림축산식품부/EPIS 등,API metadata v1.0
농식품 공공데이터 포털 API 데이터 정보,귀농주가구원성별연령별,TI_MAFRA_S_RTMWK_FRT_SEX,https://data.mafra.go.kr/opendata/data/indexOpenDataDetail.do?data_id=20240806000000002609,농림축산식품부/EPIS 등,API metadata v1.0
농식품 공공데이터 포털 API 데이터 정보,시장연도별거래실적,TI_MAFRA_T_MRKT_YEAR_DEAT,https://data.mafra.go.kr/opendata/data/indexOpenDataDetail.do?data_id=20240806000000002609,농림축산식품부/EPIS 등,API metadata v1.0
농식품 공공데이터 포털 API 데이터 정보,고품질쌀현황,TI_MAFRA_T_HGHLTRICE_ST,https://data.mafra.go.kr/opendata/data/indexOpenDataDetail.do?data_id=20240806000000002609,농림축산식품부/EPIS 등,API metadata v1.0
농식품 공공데이터 포털 API 데이터 정보,시장접근물량,TI_MAFRA_T_ARPRD_MKTS_VLM,https://data.mafra.go.kr/opendata/data/indexOpenDataDetail.do?data_id=20240806000000002609,농림축산식품부/EPIS 등,API metadata v1.0
농식품 공공데이터 포털 API 데이터 정보,생산시스템R&D 특허정보,IPET_PRDCTN_SYS_PATENT,https://data.mafra.go.kr/opendata/data/indexOpenDataDetail.do?data_id=20240806000000002609,농림축산식품부/EPIS 등,API metadata v1.0
농식품 공공데이터 포털 API 데이터 정보,생산시스템R&D 완료과제_최종보고서정보,IPET_PRDCTN_SYS_REPRT,https://data.mafra.go.kr/opendata/data/indexOpenDataDetail.do?data_id=20240806000000002609,농림축산식품부/EPIS 등,API metadata v1.0
농식품 공공데이터 포털 API 데이터 정보,식품·유통R&D 논문정보,IPET_FOOD_DISTB_THESIS,https://data.mafra.go.kr/opendata/data/indexOpenDataDetail.do?data_id=20240806000000002609,농림축산식품부/EPIS 등,API metadata v1.0
농식품 공공데이터 포털 API 데이터 정보,생산시스템R&D 과제정보,IPET_PRDCTN_SYS_TASK,https://data.mafra.go.kr/opendata/data/indexOpenDataDetail.do?data_id=20240806000000002609,농림축산식품부/EPIS 등,API metadata v1.0
농식품 공공데이터 포털 API 데이터 정보,생산·가공R&D 특허정보,IPET_PRDCTN_PRCSS_PATENT,https://data.mafra.go.kr/opendata/data/indexOpenDataDetail.do?data_id=20240806000000002609,농림축산식품부/EPIS 등,API metadata v1.0
농식품 공공데이터 포털 API 데이터 정보,문화R&D 완료과제_최종보고서정보,IPET_CLTUR_REPRT,https://data.mafra.go.kr/opendata/data/indexOpenDataDetail.do?data_id=20240806000000002609,농림축산식품부/EPIS 등,API metadata v1.0
농식품 공공데이터 포털 API 데이터 정보,IBT융합기술R&D 과제정보,IPET_IBT_TASK,https://data.mafra.go.kr/opendata/data/indexOpenDataDetail.do?data_id=20240806000000002609,농림축산식품부/EPIS 등,API metadata v1.0
농식품 공공데이터 포털 API 데이터 정보,국내 외식기업 해외진출 현황,MAFRA_DMSTC_FDENT_OVSEA,https://data.mafra.go.kr/opendata/data/indexOpenDataDetail.do?data_id=20240806000000002609,농림축산식품부/EPIS 등,API metadata v1.0
농식품 공공데이터 포털 API 데이터 정보,조건불리지역 직접지불제 지원현황,MAFRA_DSDVN_DEBIT_SPORT,https://data.mafra.go.kr/opendata/data/indexOpenDataDetail.do?data_id=20240806000000002609,농림축산식품부/EPIS 등,API metadata v1.0
농식품 공공데이터 포털 API 데이터 정보,서울가락도매시장 조사가격,TI_EPIS_GARAK_MRKT,https://data.mafra.go.kr/opendata/data/indexOpenDataDetail.do?data_id=20240806000000002609,농림축산식품부/EPIS 등,API metadata v1.0
농식품 공공데이터 포털 API 데이터 정보,수협 산지위판장 경락가격,TI_EPIS_MPRC_MTC_CTTMLT,https://data.mafra.go.kr/opendata/data/indexOpenDataDetail.do?data_id=20240806000000002609,농림축산식품부/EPIS 등,API metadata v1.0
농식품 공공데이터 포털 API 데이터 정보,뽕밭 규모별 농가수,TI_MAFRA_FLD_SCALE_FRMHS_CO,https://data.mafra.go.kr/opendata/data/indexOpenDataDetail.do?data_id=20240806000000002609,농림축산식품부/EPIS 등,API metadata v1.0
농식품 공공데이터 포털 API 데이터 정보,국가표준식물목록_정명,TI_FOREST_CYTD_PLNT_LIST_CO_NM,https://data.mafra.go.kr/opendata/data/indexOpenDataDetail.do?data_id=20240806000000002609,농림축산식품부/EPIS 등,API metadata v1.0
농식품 공공데이터 포털 API 데이터 정보,우수농산물(GAP) 인증기관 정보,TI_NAQS_GAP_CRTFC_INSTT,https://data.mafra.go.kr/opendata/data/indexOpenDataDetail.do?data_id=20240806000000002609,농림축산식품부/EPIS 등,API metadata v1.0
농식품 공공데이터 포털 API 데이터 정보,술품질 인증 업체 정보,TI_NAQS_LIQR_QLITY_CRTFC,https://data.mafra.go.kr/opendata/data/indexOpenDataDetail.do?data_id=20240806000000002609,농림축산식품부/EPIS 등,API metadata v1.0
농식품 공공데이터 포털 API 데이터 정보,품목별 임산물 생산량(액),TI_FOREST_PRDLT_FSRCS,https://data.mafra.go.kr/opendata/data/indexOpenDataDetail.do?data_id=20240806000000002609,농림축산식품부/EPIS 등,API metadata v1.0
농식품 공공데이터 포털 API 데이터 정보,주요품목 주산지별 생산현황,TI_FOREST_MAIN_PRDLST_CPD,https://data.mafra.go.kr/opendata/data/indexOpenDataDetail.do?data_id=20240806000000002609,농림축산식품부/EPIS 등,API metadata v1.0
농식품 공공데이터 포털 API 데이터 정보,농협별.유종별 면세유 공급량,TI_MAFRA_FRCN_TAXXPT_OIL,https://data.mafra.go.kr/opendata/data/indexOpenDataDetail.do?data_id=20240806000000002609,농림축산식품부/EPIS 등,API metadata v1.0
농식품 공공데이터 포털 API 데이터 정보,농업인력포털 교육과정분류,TI_EPIS_EDC_CRSE_CL,https://data.mafra.go.kr/opendata/data/indexOpenDataDetail.do?data_id=20240806000000002609,농림축산식품부/EPIS 등,API metadata v1.0
농식품 공공데이터 포털 API 데이터 정보,수출국가별 식품첨가물 및 유해물질정보,TI_AT_XPORT_FOODADTV_HRMMT,https://data.mafra.go.kr/opendata/data/indexOpenDataDetail.do?data_id=20240806000000002609,농림축산식품부/EPIS 등,API metadata v1.0
농식품 공공데이터 포털 API 데이터 정보,소 및 쇠고기 개체정보,TI_EKAPE_BEEF_INDVD,https://data.mafra.go.kr/opendata/data/indexOpenDataDetail.do?data_id=20240806000000002609,농림축산식품부/EPIS 등,API metadata v1.0
농식품 공공데이터 포털 API 데이터 정보,축산물 실시간 도매시장 정보,TI_EKAPE_RLTM_WHSAL_MRKT,https://data.mafra.go.kr/opendata/data/indexOpenDataDetail.do?data_id=20240806000000002609,농림축산식품부/EPIS 등,API metadata v1.0
농식품 공공데이터 포털 API 데이터 정보,축산물 실시간 경매시황중계정보,TI_EKAPE_RLTM_AUC_RLAY,https://data.mafra.go.kr/opendata/data/indexOpenDataDetail.do?data_id=20240806000000002609,농림축산식품부/EPIS 등,API metadata v1.0
농식품 공공데이터 포털 API 데이터 정보,축산물 실시간 소도체 경매세부현황정보,TI_EKAPE_RLTM_CTTLE_AUC_DTLS,https://data.mafra.go.kr/opendata/data/indexOpenDataDetail.do?data_id=20240806000000002609,농림축산식품부/EPIS 등,API metadata v1.0
농식품 공공데이터 포털 API 데이터 정보,축산물 실시간 돼지도체 경매세부현황정보,TI_EKAPE_RLTM_PIG_AUC_DTLS,https://data.mafra.go.kr/opendata/data/indexOpenDataDetail.do?data_id=20240806000000002609,농림축산식품부/EPIS 등,API metadata v1.0
농식품 공공데이터 포털 API 데이터 정보,축산물 실시간 돼지도체 등급별경매현황정보,TI_EKAPE_RLTM_PIG_GRAD_AUC,https://data.mafra.go.kr/opendata/data/indexOpenDataDetail.do?data_id=20240806000000002609,농림축산식품부/EPIS 등,API metadata v1.0
농식품 공공데이터 포털 API 데이터 정보,축산물 소도체 육질등급별 경락가격정보,TI_EKAPE_CTTLE_MEATNSS_AUCCT,https://data.mafra.go.kr/opendata/data/indexOpenDataDetail.do?data_id=20240806000000002609,농림축산식품부/EPIS 등,API metadata v1.0
농식품 공공데이터 포털 API 데이터 정보,축산물 도매시장 소도체 등급별 경락가격정보,TI_EKAPE_MRKT_CTTLE_AUCCT,https://data.mafra.go.kr/opendata/data/indexOpenDataDetail.do?data_id=20240806000000002609,농림축산식품부/EPIS 등,API metadata v1.0
농식품 공공데이터 포털 API 데이터 정보,축산물 소도체 경락가격 상세정보,TI_EKAPE_CTTLE_AUCCT_DTLS,https://data.mafra.go.kr/opendata/data/indexOpenDataDetail.do?data_id=20240806000000002609,농림축산식품부/EPIS 등,API metadata v1.0
농식품 공공데이터 포털 API 데이터 정보,축산물 돼지도체 등급별 경락가격정보,TI_EKAPE_PIG_GRAD_AUCCT,https://data.mafra.go.kr/opendata/data/indexOpenDataDetail.do?data_id=20240806000000002609,농림축산식품부/EPIS 등,API metadata v1.0
농식품 공공데이터 포털 API 데이터 정보,축산물 돼지도체 경락가격 상세정보,TI_EKAPE_PIG_AUCCT_DTLS,https://data.mafra.go.kr/opendata/data/indexOpenDataDetail.do?data_id=20240806000000002609,농림축산식품부/EPIS 등,API metadata v1.0
농식품 공공데이터 포털 API 데이터 정보,소 한우/육우 등급별 경락가격및출현율 정보,TI_EKAPE_CTTLE_AUCCT_ERE_RT,https://data.mafra.go.kr/opendata/data/indexOpenDataDetail.do?data_id=20240806000000002609,농림축산식품부/EPIS 등,API metadata v1.0
농식품 공공데이터 포털 API 데이터 정보,"돼지 박피,탕박 권역별 경락가격 정보",TI_EKAPE_PIGSKIN_GRAD_AUCCT,https://data.mafra.go.kr/opendata/data/indexOpenDataDetail.do?data_id=20240806000000002609,농림축산식품부/EPIS 등,API metadata v1.0
농식품 공공데이터 포털 API 데이터 정보,소 등급판정(확인서) 부위별고기및부산물 정보,TI_EKAPE_CTTLE_REGN_MEAT,https://data.mafra.go.kr/opendata/data/indexOpenDataDetail.do?data_id=20240806000000002609,농림축산식품부/EPIS 등,API metadata v1.0
농식품 공공데이터 포털 API 데이터 정보,돼지 등급판정결과(확인서)정보,TI_EKAPE_PIG_GRAD_JDGMNT,https://data.mafra.go.kr/opendata/data/indexOpenDataDetail.do?data_id=20240806000000002609,농림축산식품부/EPIS 등,API metadata v1.0
농식품 공공데이터 포털 API 데이터 정보,돼지 검수(소비)확인정보,TI_EKAPE_PIG_ACPTNC_CNSMP,https://data.mafra.go.kr/opendata/data/indexOpenDataDetail.do?data_id=20240806000000002609,농림축산식품부/EPIS 등,API metadata v1.0
농식품 공공데이터 포털 API 데이터 정보,산림교육_프로그램_운영_정보,frstEduInfoOpenAPI,https://data.mafra.go.kr/opendata/data/indexOpenDataDetail.do?data_id=20240806000000002609,농림축산식품부/EPIS 등,API metadata v1.0
농식품 공공데이터 포털 API 데이터 정보,농수축산물 도매가격,TI_AT_WHSAL_PRICE,https://data.mafra.go.kr/opendata/data/indexOpenDataDetail.do?data_id=20240806000000002609,농림축산식품부/EPIS 등,API metadata v1.0
농식품 공공데이터 포털 API 데이터 정보,지자체 농수축산물 물가조사,VW_AGMRPD_LOCGOV_PRICES_EXAMIN,https://data.mafra.go.kr/opendata/data/indexOpenDataDetail.do?data_id=20240806000000002609,농림축산식품부/EPIS 등,API metadata v1.0
농식품 공공데이터 포털 API 데이터 정보,농수축산물 품목별 소셜미디어 연관어,OPEN_API_VW_AGMRPD_RELATE_KWRD_SM,https://data.mafra.go.kr/opendata/data/indexOpenDataDetail.do?data_id=20240806000000002609,농림축산식품부/EPIS 등,API metadata v1.0
농식품 공공데이터 포털 API 데이터 정보,농업기반 시설제원-양배수관,TI_KRC_EQUM_QUANTITY_SALURAN,https://data.mafra.go.kr/opendata/data/indexOpenDataDetail.do?data_id=20240806000000002609,농림축산식품부/EPIS 등,API metadata v1.0
농식품 공공데이터 포털 API 데이터 정보,농업기반 시설제원-취입보,TI_KRC_EQUM_BLOW_BEAM,https://data.mafra.go.kr/opendata/data/indexOpenDataDetail.do?data_id=20240806000000002609,농림축산식품부/EPIS 등,API metadata v1.0
농식품 공공데이터 포털 API 데이터 정보,가축분뇨살포현황,TI_MAFRA_LVSTCKEXCRS_SPSTUS,https://data.mafra.go.kr/opendata/data/indexOpenDataDetail.do?data_id=20240806000000002609,농림축산식품부/EPIS 등,API metadata v1.0
농식품 공공데이터 포털 API 데이터 정보,가축분뇨 작물별 액비살포현황,TI_MAFRA_CROP_SPRAY_SPSTUS,https://data.mafra.go.kr/opendata/data/indexOpenDataDetail.do?data_id=20240806000000002609,농림축산식품부/EPIS 등,API metadata v1.0
농식품 공공데이터 포털 API 데이터 정보,폐업지원 지역별 신청규모정보,TI_MAFRA_CLSBIZ_SPARRESC_INFO,https://data.mafra.go.kr/opendata/data/indexOpenDataDetail.do?data_id=20240806000000002609,농림축산식품부/EPIS 등,API metadata v1.0
농식품 공공데이터 포털 API 데이터 정보,인삼연도별생산량,TI_MAFRA_S_GNSN_YR_OUTTRN,https://data.mafra.go.kr/opendata/data/indexOpenDataDetail.do?data_id=20240806000000002609,농림축산식품부/EPIS 등,API metadata v1.0
농식품 공공데이터 포털 API 데이터 정보,재배면적별농가수,TI_MAFRA_S_GNSN_CTTR_FRCO,https://data.mafra.go.kr/opendata/data/indexOpenDataDetail.do?data_id=20240806000000002609,농림축산식품부/EPIS 등,API metadata v1.0
농식품 공공데이터 포털 API 데이터 정보,채소류생산실적,TI_MAFRA_S_VTTD_PRDTO,https://data.mafra.go.kr/opendata/data/indexOpenDataDetail.do?data_id=20240806000000002609,농림축산식품부/EPIS 등,API metadata v1.0
농식품 공공데이터 포털 API 데이터 정보,기타 가축통계(꿀벌),TI_MAFRA_S_LVSTCK_S_HNYB,https://data.mafra.go.kr/opendata/data/indexOpenDataDetail.do?data_id=20240806000000002609,농림축산식품부/EPIS 등,API metadata v1.0
농식품 공공데이터 포털 API 데이터 정보,기타 가축통계(면양),TI_MAFRA_S_LVSTCK_S_MYEQY,https://data.mafra.go.kr/opendata/data/indexOpenDataDetail.do?data_id=20240806000000002609,농림축산식품부/EPIS 등,API metadata v1.0
농식품 공공데이터 포털 API 데이터 정보,기타 가축통계(산양),TI_MAFRA_S_LVSTCK_S_GAT,https://data.mafra.go.kr/opendata/data/indexOpenDataDetail.do?data_id=20240806000000002609,농림축산식품부/EPIS 등,API metadata v1.0
농식품 공공데이터 포털 API 데이터 정보,작물재배가구농지임차,TI_MAFRA_S_CRCTTR_FRLHIRE,https://data.mafra.go.kr/opendata/data/indexOpenDataDetail.do?data_id=20240806000000002609,농림축산식품부/EPIS 등,API metadata v1.0
농식품 공공데이터 포털 API 데이터 정보,재배작물별귀농가구수,TI_MAFRA_S_CTTRPS_RTNFM,https://data.mafra.go.kr/opendata/data/indexOpenDataDetail.do?data_id=20240806000000002609,농림축산식품부/EPIS 등,API metadata v1.0
농식품 공공데이터 포털 API 데이터 정보,농촌관광등급,TI_MAFRA_T_FMLG_TURSMGRAD,https://data.mafra.go.kr/opendata/data/indexOpenDataDetail.do?data_id=20240806000000002609,농림축산식품부/EPIS 등,API metadata v1.0
농식품 공공데이터 포털 API 데이터 정보,6차산업 예비인증 사업자,TI_MAFRA_T_SXABIT_PRRATR,https://data.mafra.go.kr/opendata/data/indexOpenDataDetail.do?data_id=20240806000000002609,농림축산식품부/EPIS 등,API metadata v1.0
농식품 공공데이터 포털 API 데이터 정보,시장법인별거래실적,TI_MAFRA_T_MRKT_CPR_DEAT,https://data.mafra.go.kr/opendata/data/indexOpenDataDetail.do?data_id=20240806000000002609,농림축산식품부/EPIS 등,API metadata v1.0
농식품 공공데이터 포털 API 데이터 정보,농산물브랜드현황,TI_MAFRA_T_FRMPRD_BRAND,https://data.mafra.go.kr/opendata/data/indexOpenDataDetail.do?data_id=20240806000000002609,농림축산식품부/EPIS 등,API metadata v1.0
농식품 공공데이터 포털 API 데이터 정보,식품명인현황,TI_MAFRA_T_NWPTMST_APPN,https://data.mafra.go.kr/opendata/data/indexOpenDataDetail.do?data_id=20240806000000002609,농림축산식품부/EPIS 등,API metadata v1.0
농식품 공공데이터 포털 API 데이터 정보,로컬푸드직매장현황,TI_MAFRA_T_LCFOOD_DTSHD_ST,https://data.mafra.go.kr/opendata/data/indexOpenDataDetail.do?data_id=20240806000000002609,농림축산식품부/EPIS 등,API metadata v1.0
농식품 공공데이터 포털 API 데이터 정보,신구표준등급목록조회,VIEW_SCM_GRAD_LIST,https://data.mafra.go.kr/opendata/data/indexOpenDataDetail.do?data_id=20240806000000002609,농림축산식품부/EPIS 등,API metadata v1.0
농식품 공공데이터 포털 API 데이터 정보,신구표준품목목록조회,VIEW_SCM_PRDLST_LIST,https://data.mafra.go.kr/opendata/data/indexOpenDataDetail.do?data_id=20240806000000002609,농림축산식품부/EPIS 등,API metadata v1.0
농식품 공공데이터 포털 API 데이터 정보,표준시장매핑목록조회,VIEW_SCM_MRKT_MAPNG_LIST,https://data.mafra.go.kr/opendata/data/indexOpenDataDetail.do?data_id=20240806000000002609,농림축산식품부/EPIS 등,API metadata v1.0
농식품 공공데이터 포털 API 데이터 정보,표준품목매핑목록조회,VIEW_SCM_PRDLST_MAPNG_LIST,https://data.mafra.go.kr/opendata/data/indexOpenDataDetail.do?data_id=20240806000000002609,농림축산식품부/EPIS 등,API metadata v1.0
농식품 공공데이터 포털 API 데이터 정보,해외한식당목록,TI_HANSIK_OVSEA_KOREAN_FOODPPR,https://data.mafra.go.kr/opendata/data/indexOpenDataDetail.do?data_id=20240806000000002609,농림축산식품부/EPIS 등,API metadata v1.0
농식품 공공데이터 포털 API 데이터 정보,선박 AGM 검사 통계현황,TI_IPAB_SHIPKNDT_AGMINST_STATS,https://data.mafra.go.kr/opendata/data/indexOpenDataDetail.do?data_id=20240806000000002609,농림축산식품부/EPIS 등,API metadata v1.0
농식품 공공데이터 포털 API 데이터 정보,수입재식용식물 검역장소 관리 현황,TI_IPAB_INCMEREBLEPTQRTPM_STTU,https://data.mafra.go.kr/opendata/data/indexOpenDataDetail.do?data_id=20240806000000002609,농림축산식품부/EPIS 등,API metadata v1.0
농식품 공공데이터 포털 API 데이터 정보,종자 수출입 현황,TI_MAFRA_S_SEED_IMXPRT_ST,https://data.mafra.go.kr/opendata/data/indexOpenDataDetail.do?data_id=20240806000000002609,농림축산식품부/EPIS 등,API metadata v1.0
농식품 공공데이터 포털 API 데이터 정보,시도별 농작물 보험가입 통계정보,TI_MAFRA_S_SIDO_FRC_ISRC_JN,https://data.mafra.go.kr/opendata/data/indexOpenDataDetail.do?data_id=20240806000000002609,농림축산식품부/EPIS 등,API metadata v1.0
농식품 공공데이터 포털 API 데이터 정보,년도별 농작물 보험금지급 통계정보,TI_MAFRA_S_YEAR_FRC_ISRC_PM,https://data.mafra.go.kr/opendata/data/indexOpenDataDetail.do?data_id=20240806000000002609,농림축산식품부/EPIS 등,API metadata v1.0
농식품 공공데이터 포털 API 데이터 정보,품목별 농작물 보험가입 통계정보,TI_MAFRA_S_PRDLST_FRC_IS_JN,https://data.mafra.go.kr/opendata/data/indexOpenDataDetail.do?data_id=20240806000000002609,농림축산식품부/EPIS 등,API metadata v1.0
농식품 공공데이터 포털 API 데이터 정보,농지전용 허가(협의·신고) 현황,TI_KRC_FRLND_DVR_STTUS,https://data.mafra.go.kr/opendata/data/indexOpenDataDetail.do?data_id=20240806000000002609,농림축산식품부/EPIS 등,API metadata v1.0
농식품 공공데이터 포털 API 데이터 정보,마필질병설명,Hemp disease description,https://data.mafra.go.kr/opendata/data/indexOpenDataDetail.do?data_id=20240806000000002609,농림축산식품부/EPIS 등,API metadata v1.0
농식품 공공데이터 포털 API 데이터 정보,마필 구간별 최고 최저 평균기록,"Highest, Lowest, Average Record at Horseracing",https://data.mafra.go.kr/opendata/data/indexOpenDataDetail.do?data_id=20240806000000002609,농림축산식품부/EPIS 등,API metadata v1.0
농식품 공공데이터 포털 API 데이터 정보,과실출하약정 사업실적 현황(요약),TI_MAFRA_FAULTSHIPMNTENGG_BSNS,https://data.mafra.go.kr/opendata/data/indexOpenDataDetail.do?data_id=20240806000000002609,농림축산식품부/EPIS 등,API metadata v1.0
농식품 공공데이터 포털 API 데이터 정보,APC 산지유통관리시설현황,TI_MAFRA_APC_MTCDI_MAGEFCL_STS,https://data.mafra.go.kr/opendata/data/indexOpenDataDetail.do?data_id=20240806000000002609,농림축산식품부/EPIS 등,API metadata v1.0
농식품 공공데이터 포털 API 데이터 정보,운영주체별 산지유통관리시설현황,TI_MAFRA_OPERMBY_MD_MAGEFY_STS,https://data.mafra.go.kr/opendata/data/indexOpenDataDetail.do?data_id=20240806000000002609,농림축산식품부/EPIS 등,API metadata v1.0
농식품 공공데이터 포털 API 데이터 정보,지역별 과수시설현대화 지원실적 현황,TI_MAFRA_ARTOFTRPN_MDSTACT_STS,https://data.mafra.go.kr/opendata/data/indexOpenDataDetail.do?data_id=20240806000000002609,농림축산식품부/EPIS 등,API metadata v1.0
농식품 공공데이터 포털 API 데이터 정보,과실전문생산단지기반조성사업 결과,TI_MAFRA_FATSP_HSFND_MAEBSSRET,https://data.mafra.go.kr/opendata/data/indexOpenDataDetail.do?data_id=20240806000000002609,농림축산식품부/EPIS 등,API metadata v1.0
농식품 공공데이터 포털 API 데이터 정보,과실전문생산단지기반조성사업 단지기반 정보,TI_MAFRA_FATSP_HSFND_MAEBSINFO,https://data.mafra.go.kr/opendata/data/indexOpenDataDetail.do?data_id=20240806000000002609,농림축산식품부/EPIS 등,API metadata v1.0
농식품 공공데이터 포털 API 데이터 정보,과수거점산지유통센터건립지원사업 상세정보,TI_MAFRA_FTRTN_MTCTB_CNTNSINFO,https://data.mafra.go.kr/opendata/data/indexOpenDataDetail.do?data_id=20240806000000002609,농림축산식품부/EPIS 등,API metadata v1.0
농식품 공공데이터 포털 API 데이터 정보,표준코드국제코드 매핑 정보 서비스,AgpdMappIntlCodeService,https://data.mafra.go.kr/opendata/data/indexOpenDataDetail.do?data_id=20240806000000002609,농림축산식품부/EPIS 등,API metadata v1.0
농식품 공공데이터 포털 API 데이터 정보,국가 중점데이터 통계,VIEW_STRESS_OPEN_DATA_STATS,https://data.mafra.go.kr/opendata/data/indexOpenDataDetail.do?data_id=20240806000000002609,농림축산식품부/EPIS 등,API metadata v1.0
농식품 공공데이터 포털 API 데이터 정보,텃밭분양정보,VIEW_AU_FARMSELLS,https://data.mafra.go.kr/opendata/data/indexOpenDataDetail.do?data_id=20240806000000002609,농림축산식품부/EPIS 등,API metadata v1.0
농식품 공공데이터 포털 API 데이터 정보,일별 정산 경락가격 상세(법인사용코드포함),VIEW_WO_DAILY_PRICE_DETAIL_NEW,https://data.mafra.go.kr/opendata/data/indexOpenDataDetail.do?data_id=20240806000000002609,농림축산식품부/EPIS 등,API metadata v1.0
농식품 공공데이터 포털 API 데이터 정보,축산물통합이력정보제공,Livestock provide history information,https://data.mafra.go.kr/opendata/data/indexOpenDataDetail.do?data_id=20240806000000002609,농림축산식품부/EPIS 등,API metadata v1.0
농식품 공공데이터 포털 API 데이터 정보,국가품종목록 신청 및 등재 현황,Application and list of national varieties,https://data.mafra.go.kr/opendata/data/indexOpenDataDetail.do?data_id=20240806000000002609,농림축산식품부/EPIS 등,API metadata v1.0
농식품 공공데이터 포털 API 데이터 정보,승용마 조회 서비스,saddle horse View service,https://data.mafra.go.kr/opendata/data/indexOpenDataDetail.do?data_id=20240806000000002609,농림축산식품부/EPIS 등,API metadata v1.0
농식품 공공데이터 포털 API 데이터 정보,단위 코드,TI_UNIT_CD,https://data.mafra.go.kr/opendata/data/indexOpenDataDetail.do?data_id=20240806000000002609,농림축산식품부/EPIS 등,API metadata v1.0
농식품 공공데이터 포털 API 데이터 정보,농산물도매법인별경락가격조회,VIEW_WO_DAILYPRICE_NEW,https://data.mafra.go.kr/opendata/data/indexOpenDataDetail.do?data_id=20240806000000002609,농림축산식품부/EPIS 등,API metadata v1.0
농식품 공공데이터 포털 API 데이터 정보,농촌마을별 자원정보1,TI_EPIS_FMLG_VILAGE_RESR1_INFO,https://data.mafra.go.kr/opendata/data/indexOpenDataDetail.do?data_id=20240806000000002609,농림축산식품부/EPIS 등,API metadata v1.0
농식품 공공데이터 포털 API 데이터 정보,전국 도매시장 정산 경락가격 요약 정보,VIEW_WO_DAILY_PRICE_SANJI,https://data.mafra.go.kr/opendata/data/indexOpenDataDetail.do?data_id=20240806000000002609,농림축산식품부/EPIS 등,API metadata v1.0
농식품 공공데이터 포털 API 데이터 정보,전국 농협산지공판장 경락가격 요약 정보,VIEW_WO_GONPAN_PRICE_SANJI,https://data.mafra.go.kr/opendata/data/indexOpenDataDetail.do?data_id=20240806000000002609,농림축산식품부/EPIS 등,API metadata v1.0
농식품 공공데이터 포털 API 데이터 정보,농수축산 유통정보 조사가격(농수축산물 표준코드 변환),VIEW_IF_TREPORT,https://data.mafra.go.kr/opendata/data/indexOpenDataDetail.do?data_id=20240806000000002609,농림축산식품부/EPIS 등,API metadata v1.0
농식품 공공데이터 포털 API 데이터 정보,농수축산 유통정보 조사가격(농수축산물표준코드변환),VIEW_IF_TREPORT,https://data.mafra.go.kr/opendata/data/indexOpenDataDetail.do?data_id=20240806000000002609,농림축산식품부/EPIS 등,API metadata v1.0
농식품 공공데이터 포털 API 데이터 정보,농업용어 검색 및 설명정보,detailLikeWordList,https://data.mafra.go.kr/opendata/data/indexOpenDataDetail.do?data_id=20240806000000002609,농림축산식품부/EPIS 등,API metadata v1.0
농식품 공공데이터 포털 API 데이터 정보,작물 병해충 검색 서비스,npmsAPIService,https://data.mafra.go.kr/opendata/data/indexOpenDataDetail.do?data_id=20240806000000002609,농림축산식품부/EPIS 등,API metadata v1.0
농식품 공공데이터 포털 API 데이터 정보,작목별 영농기술 및 농사기술 정보,CropTechInfoInsttList,https://data.mafra.go.kr/opendata/data/indexOpenDataDetail.do?data_id=20240806000000002609,농림축산식품부/EPIS 등,API metadata v1.0
농식품 공공데이터 포털 API 데이터 정보,식물자원조회,plantLstXml,https://data.mafra.go.kr/opendata/data/indexOpenDataDetail.do?data_id=20240806000000002609,농림축산식품부/EPIS 등,API metadata v1.0
농식품 공공데이터 포털 API 데이터 정보,주간 농업정보 및 품목별 농사정보,workScheduleGrpList,https://data.mafra.go.kr/opendata/data/indexOpenDataDetail.do?data_id=20240806000000002609,농림축산식품부/EPIS 등,API metadata v1.0
농식품 공공데이터 포털 API 데이터 정보,농축산물 소득정보,farmPrdtIncome,https://data.mafra.go.kr/opendata/data/indexOpenDataDetail.do?data_id=20240806000000002609,농림축산식품부/EPIS 등,API metadata v1.0
농식품 공공데이터 포털 API 데이터 정보,농축산물 소득상세정보 서비스,farmincomeAPI,https://data.mafra.go.kr/opendata/data/indexOpenDataDetail.do?data_id=20240806000000002609,농림축산식품부/EPIS 등,API metadata v1.0
농식품 공공데이터 포털 API 데이터 정보,표준 사료 검색 서비스,feedSearchList,https://data.mafra.go.kr/opendata/data/indexOpenDataDetail.do?data_id=20240806000000002609,농림축산식품부/EPIS 등,API metadata v1.0
농식품 공공데이터 포털 API 데이터 정보,과수재배변동정보 조회 서비스,fruitTreeGrowChangeInfo,https://data.mafra.go.kr/opendata/data/indexOpenDataDetail.do?data_id=20240806000000002609,농림축산식품부/EPIS 등,API metadata v1.0
농식품 공공데이터 포털 API 데이터 정보,국가농작물품목별병해충도감정보서비스,stateCropItemDAIPBook,https://data.mafra.go.kr/opendata/data/indexOpenDataDetail.do?data_id=20240806000000002609,농림축산식품부/EPIS 등,API metadata v1.0
농식품 공공데이터 포털 API 데이터 정보,실내정원용 식물 목록 및 상세 정보,gardenList,https://data.mafra.go.kr/opendata/data/indexOpenDataDetail.do?data_id=20240806000000002609,농림축산식품부/EPIS 등,API metadata v1.0
농식품 공공데이터 포털 API 데이터 정보,토양검정 화학성 분석 자료 서비스,SoilFeelingChemistryAssay,https://data.mafra.go.kr/opendata/data/indexOpenDataDetail.do?data_id=20240806000000002609,농림축산식품부/EPIS 등,API metadata v1.0
농식품 공공데이터 포털 API 데이터 정보,수입농산물검사결과,TI_NAQS_INCME_FRM_PRSEC_RESULT,https://data.mafra.go.kr/opendata/data/indexOpenDataDetail.do?data_id=20240806000000002609,농림축산식품부/EPIS 등,API metadata v1.0
농식품 공공데이터 포털 API 데이터 정보,농산물 잔류농약 분석결과,TI_NAQS_FRMREMN_AGCANALS_RESLT,https://data.mafra.go.kr/opendata/data/indexOpenDataDetail.do?data_id=20240806000000002609,농림축산식품부/EPIS 등,API metadata v1.0
농식품 공공데이터 포털 API 데이터 정보,농산물 중금속 분석결과,TI_NAQS_FRMPRD_HM_ANALS_RESULT,https://data.mafra.go.kr/opendata/data/indexOpenDataDetail.do?data_id=20240806000000002609,농림축산식품부/EPIS 등,API metadata v1.0
농식품 공공데이터 포털 API 데이터 정보,농산물 방사능 검사현황,TI_NAQS_FRMPRD_RAY_PRSEC_STTUS,https://data.mafra.go.kr/opendata/data/indexOpenDataDetail.do?data_id=20240806000000002609,농림축산식품부/EPIS 등,API metadata v1.0
농식품 공공데이터 포털 API 데이터 정보,실시간경매속보조회,VIEW_RLTM_AUC_BRKNEWS,https://data.mafra.go.kr/opendata/data/indexOpenDataDetail.do?data_id=20240806000000002609,농림축산식품부/EPIS 등,API metadata v1.0
농식품 공공데이터 포털 API 데이터 정보,지의류자원 서비스,Lichen resources services,https://data.mafra.go.kr/opendata/data/indexOpenDataDetail.do?data_id=20240806000000002609,농림축산식품부/EPIS 등,API metadata v1.0
농식품 공공데이터 포털 API 데이터 정보,한국농수산식품유통공사 농식품교육정보,TI_AT_AGFD_EDC_INFO,https://data.mafra.go.kr/opendata/data/indexOpenDataDetail.do?data_id=20240806000000002609,농림축산식품부/EPIS 등,API metadata v1.0
농식품 공공데이터 포털 API 데이터 정보,도축장별 축종별 도축실적,TI_QIA_SLALTO_LVTO_SLAU_ACMSLT,https://data.mafra.go.kr/opendata/data/indexOpenDataDetail.do?data_id=20240806000000002609,농림축산식품부/EPIS 등,API metadata v1.0
농식품 공공데이터 포털 API 데이터 정보,"경마성적표(출전마 정보, 기록)","Horse racing report card (field information, record)",https://data.mafra.go.kr/opendata/data/indexOpenDataDetail.do?data_id=20240806000000002609,농림축산식품부/EPIS 등,API metadata v1.0
농식품 공공데이터 포털 API 데이터 정보,전국 도매시장 일별 실시간 경락가격 상세정보,VIEW_WO_REAL_PRICE_DETAIL,https://data.mafra.go.kr/opendata/data/indexOpenDataDetail.do?data_id=20240806000000002609,농림축산식품부/EPIS 등,API metadata v1.0
농식품 공공데이터 포털 API 데이터 정보,"경마성적표(경주개요, 상금, 승식별 매출액)","Horse racing report card (race summary, prize money, win-win sales)",https://data.mafra.go.kr/opendata/data/indexOpenDataDetail.do?data_id=20240806000000002609,농림축산식품부/EPIS 등,API metadata v1.0
농식품 공공데이터 포털 API 데이터 정보,경주성적표(복승식확정배당률),Race Report (Decision Dividend Ratio),https://data.mafra.go.kr/opendata/data/indexOpenDataDetail.do?data_id=20240806000000002609,농림축산식품부/EPIS 등,API metadata v1.0
농식품 공공데이터 포털 API 데이터 정보,말진료현황,The status of a racehorse.,https://data.mafra.go.kr/opendata/data/indexOpenDataDetail.do?data_id=20240806000000002609,농림축산식품부/EPIS 등,API metadata v1.0
농식품 공공데이터 포털 API 데이터 정보,승급말현황,Racehorse upgrade status,https://data.mafra.go.kr/opendata/data/indexOpenDataDetail.do?data_id=20240806000000002609,농림축산식품부/EPIS 등,API metadata v1.0
농식품 공공데이터 포털 API 데이터 정보,기수변경현황,The rider change of status,https://data.mafra.go.kr/opendata/data/indexOpenDataDetail.do?data_id=20240806000000002609,농림축산식품부/EPIS 등,API metadata v1.0
농식품 공공데이터 포털 API 데이터 정보,일별훈련현황,Current status of daily training,https://data.mafra.go.kr/opendata/data/indexOpenDataDetail.do?data_id=20240806000000002609,농림축산식품부/EPIS 등,API metadata v1.0
농식품 공공데이터 포털 API 데이터 정보,조교사정보,Horse trainer of information,https://data.mafra.go.kr/opendata/data/indexOpenDataDetail.do?data_id=20240806000000002609,농림축산식품부/EPIS 등,API metadata v1.0
농식품 공공데이터 포털 API 데이터 정보,주행심사결과,Driving audit result,https://data.mafra.go.kr/opendata/data/indexOpenDataDetail.do?data_id=20240806000000002609,농림축산식품부/EPIS 등,API metadata v1.0
농식품 공공데이터 포털 API 데이터 정보,출발심사결과,Starting examination result,https://data.mafra.go.kr/opendata/data/indexOpenDataDetail.do?data_id=20240806000000002609,농림축산식품부/EPIS 등,API metadata v1.0
농식품 공공데이터 포털 API 데이터 정보,"마필,기수,조교사 통산경주기록","Horse rider, jockey, assistant racing record",https://data.mafra.go.kr/opendata/data/indexOpenDataDetail.do?data_id=20240806000000002609,농림축산식품부/EPIS 등,API metadata v1.0
농식품 공공데이터 포털 API 데이터 정보,예상배당률정보(2착마적중승식),"Estimated payout ratio information (quinella,exacta,quinella place)",https://data.mafra.go.kr/opendata/data/indexOpenDataDetail.do?data_id=20240806000000002609,농림축산식품부/EPIS 등,API metadata v1.0
농식품 공공데이터 포털 API 데이터 정보,승식별최고배당률,Maximum dividend rate of win,https://data.mafra.go.kr/opendata/data/indexOpenDataDetail.do?data_id=20240806000000002609,농림축산식품부/EPIS 등,API metadata v1.0
농식품 공공데이터 포털 API 데이터 정보,마이카드 계좌고객 조건별 적중률 상위 20위,My card account customers hit rate ranked the top 20 for each condition,https://data.mafra.go.kr/opendata/data/indexOpenDataDetail.do?data_id=20240806000000002609,농림축산식품부/EPIS 등,API metadata v1.0
농식품 공공데이터 포털 API 데이터 정보,렛츠런CCC 문화센터 강좌정보,Let's Run CCC Cultural Center course information,https://data.mafra.go.kr/opendata/data/indexOpenDataDetail.do?data_id=20240806000000002609,농림축산식품부/EPIS 등,API metadata v1.0
농식품 공공데이터 포털 API 데이터 정보,승용마 정보,Roadster information,https://data.mafra.go.kr/opendata/data/indexOpenDataDetail.do?data_id=20240806000000002609,농림축산식품부/EPIS 등,API metadata v1.0
농식품 공공데이터 포털 API 데이터 정보,과실출하약정 상세현황,TI_MAFRA_FAULT_SHI_ENGDETL_STS,https://data.mafra.go.kr/opendata/data/indexOpenDataDetail.do?data_id=20240806000000002609,농림축산식품부/EPIS 등,API metadata v1.0
농식품 공공데이터 포털 API 데이터 정보,산지유통종합평가 결과,TI_MAFRA_MTC_DIGNZ_EVL_RESULT,https://data.mafra.go.kr/opendata/data/indexOpenDataDetail.do?data_id=20240806000000002609,농림축산식품부/EPIS 등,API metadata v1.0
농식품 공공데이터 포털 API 데이터 정보,시도별 산지유통관리시설현황,TI_MAFRA_CTRMTCDIS_MAGEFCY_STS,https://data.mafra.go.kr/opendata/data/indexOpenDataDetail.do?data_id=20240806000000002609,농림축산식품부/EPIS 등,API metadata v1.0
농식품 공공데이터 포털 API 데이터 정보,후계농업 경영인 선정 현황,TI_MAFRA_SCEFARM_MNG_SLCTN_STS,https://data.mafra.go.kr/opendata/data/indexOpenDataDetail.do?data_id=20240806000000002609,농림축산식품부/EPIS 등,API metadata v1.0
농식품 공공데이터 포털 API 데이터 정보,"에너지효율화(목재펠릿, 에너지절감)",TI_MAFRA_ENERGYTIMBENERY_REDCN,https://data.mafra.go.kr/opendata/data/indexOpenDataDetail.do?data_id=20240806000000002609,농림축산식품부/EPIS 등,API metadata v1.0
농식품 공공데이터 포털 API 데이터 정보,농촌체험휴양마을 으뜸촌 현황,TI_MAFRA_FMEXN_RECRT_VILEX_STS,https://data.mafra.go.kr/opendata/data/indexOpenDataDetail.do?data_id=20240806000000002609,농림축산식품부/EPIS 등,API metadata v1.0
농식품 공공데이터 포털 API 데이터 정보,식물표본정보 조회,spcmInfo,https://data.mafra.go.kr/opendata/data/indexOpenDataDetail.do?data_id=20240806000000002609,농림축산식품부/EPIS 등,API metadata v1.0
농식품 공공데이터 포털 API 데이터 정보,식물종자정보 검색,seedSearch,https://data.mafra.go.kr/opendata/data/indexOpenDataDetail.do?data_id=20240806000000002609,농림축산식품부/EPIS 등,API metadata v1.0
농식품 공공데이터 포털 API 데이터 정보,보호림정보 검색,nrfstSearch,https://data.mafra.go.kr/opendata/data/indexOpenDataDetail.do?data_id=20240806000000002609,농림축산식품부/EPIS 등,API metadata v1.0
농식품 공공데이터 포털 API 데이터 정보,국가품종목록등재 현황,Status of national variety list registry,https://data.mafra.go.kr/opendata/data/indexOpenDataDetail.do?data_id=20240806000000002609,농림축산식품부/EPIS 등,API metadata v1.0
농식품 공공데이터 포털 API 데이터 정보,농업기상정보서비스,AWS_REALTIME,https://data.mafra.go.kr/opendata/data/indexOpenDataDetail.do?data_id=20240806000000002609,농림축산식품부/EPIS 등,API metadata v1.0
농식품 공공데이터 포털 API 데이터 정보,젖소유전능력평가결과,EBV(Expected breeding value) of Korean Holstein,https://data.mafra.go.kr/opendata/data/indexOpenDataDetail.do?data_id=20240806000000002609,농림축산식품부/EPIS 등,API metadata v1.0
농식품 공공데이터 포털 API 데이터 정보,도매시장별 관리사무소 직원 현황,Management office staff status by wholesale market,https://data.mafra.go.kr/opendata/data/indexOpenDataDetail.do?data_id=20240806000000002609,농림축산식품부/EPIS 등,API metadata v1.0
농식품 공공데이터 포털 API 데이터 정보,공영도매시장 주요품목별 거래실적,Transaction performance by major item items in the public wholesale market,https://data.mafra.go.kr/opendata/data/indexOpenDataDetail.do?data_id=20240806000000002609,농림축산식품부/EPIS 등,API metadata v1.0
농식품 공공데이터 포털 API 데이터 정보,우리말 농업용어,TI_MAFRA_KORLANG_FARMING_WORD,https://data.mafra.go.kr/opendata/data/indexOpenDataDetail.do?data_id=20240806000000002609,농림축산식품부/EPIS 등,API metadata v1.0
농식품 공공데이터 포털 API 데이터 정보,가축위생방역지원본부 농가현황,TI_LHCA_FARM_STATE,https://data.mafra.go.kr/opendata/data/indexOpenDataDetail.do?data_id=20240806000000002609,농림축산식품부/EPIS 등,API metadata v1.0
농식품 공공데이터 포털 API 데이터 정보,가축위생방역지원본부 가축사육현황,TI_LHCA_LVSTCK_BRD_STTUS,https://data.mafra.go.kr/opendata/data/indexOpenDataDetail.do?data_id=20240806000000002609,농림축산식품부/EPIS 등,API metadata v1.0
농식품 공공데이터 포털 API 데이터 정보,소관작물 현황,TI_SEED_JRSD_CROPS_STTUS,https://data.mafra.go.kr/opendata/data/indexOpenDataDetail.do?data_id=20240806000000002609,농림축산식품부/EPIS 등,API metadata v1.0
농식품 공공데이터 포털 API 데이터 정보,수입농산물가격조회,VIEW_OVSEA_FRMPRD_PC,https://data.mafra.go.kr/opendata/data/indexOpenDataDetail.do?data_id=20240806000000002609,농림축산식품부/EPIS 등,API metadata v1.0
농식품 공공데이터 포털 API 데이터 정보,시도별 농작물보험료 통계정보,TI_MAFRA_S_CTPRVN_FRC_IRNCF,https://data.mafra.go.kr/opendata/data/indexOpenDataDetail.do?data_id=20240806000000002609,농림축산식품부/EPIS 등,API metadata v1.0
농식품 공공데이터 포털 API 데이터 정보,축종별 가축보험가입 통계정보,TI_MAFRA_S_STKSP_STK_IS_JN,https://data.mafra.go.kr/opendata/data/indexOpenDataDetail.do?data_id=20240806000000002609,농림축산식품부/EPIS 등,API metadata v1.0
농식품 공공데이터 포털 API 데이터 정보,품목별 농작물보험료 통계정보,TI_MAFRA_S_PRDLST_FRC_IRNCF,https://data.mafra.go.kr/opendata/data/indexOpenDataDetail.do?data_id=20240806000000002609,농림축산식품부/EPIS 등,API metadata v1.0
농식품 공공데이터 포털 API 데이터 정보,국립산림품종관리센터 생산수입판매신고,TI_FOA_PRDCTNIMPORT_SLESTTEMNT,https://data.mafra.go.kr/opendata/data/indexOpenDataDetail.do?data_id=20240806000000002609,농림축산식품부/EPIS 등,API metadata v1.0
농식품 공공데이터 포털 API 데이터 정보,국립산림품종관리센터 품종보호 출원 현황,TI_FOA_SPCIES_PRTC_APLC,https://data.mafra.go.kr/opendata/data/indexOpenDataDetail.do?data_id=20240806000000002609,농림축산식품부/EPIS 등,API metadata v1.0
농식품 공공데이터 포털 API 데이터 정보,"경주성적표(상세구간통과기록, 펄롱타임)","Race report card (Detailed section pass, Fallon time)",https://data.mafra.go.kr/opendata/data/indexOpenDataDetail.do?data_id=20240806000000002609,농림축산식품부/EPIS 등,API metadata v1.0
농식품 공공데이터 포털 API 데이터 정보,경주별 마권매출 순위정보,Ranking of bet book sales by race,https://data.mafra.go.kr/opendata/data/indexOpenDataDetail.do?data_id=20240806000000002609,농림축산식품부/EPIS 등,API metadata v1.0
농식품 공공데이터 포털 API 데이터 정보,기수성적조회,The rider score,https://data.mafra.go.kr/opendata/data/indexOpenDataDetail.do?data_id=20240806000000002609,농림축산식품부/EPIS 등,API metadata v1.0
농식품 공공데이터 포털 API 데이터 정보,기수정보,The rider of information,https://data.mafra.go.kr/opendata/data/indexOpenDataDetail.do?data_id=20240806000000002609,농림축산식품부/EPIS 등,API metadata v1.0
농식품 공공데이터 포털 API 데이터 정보,출발훈련현황,Departure Training Status,https://data.mafra.go.kr/opendata/data/indexOpenDataDetail.do?data_id=20240806000000002609,농림축산식품부/EPIS 등,API metadata v1.0
농식품 공공데이터 포털 API 데이터 정보,출전마진료및장구사용,Use of horse care and equipment,https://data.mafra.go.kr/opendata/data/indexOpenDataDetail.do?data_id=20240806000000002609,농림축산식품부/EPIS 등,API metadata v1.0
농식품 공공데이터 포털 API 데이터 정보,경주마출전취소현황,Cancellation status of racehorse participation,https://data.mafra.go.kr/opendata/data/indexOpenDataDetail.do?data_id=20240806000000002609,농림축산식품부/EPIS 등,API metadata v1.0
농식품 공공데이터 포털 API 데이터 정보,출전등록말현황(경주마),Status of participation registration (racehorse),https://data.mafra.go.kr/opendata/data/indexOpenDataDetail.do?data_id=20240806000000002609,농림축산식품부/EPIS 등,API metadata v1.0
농식품 공공데이터 포털 API 데이터 정보,출전마체중안내,participation Horse weight guide,https://data.mafra.go.kr/opendata/data/indexOpenDataDetail.do?data_id=20240806000000002609,농림축산식품부/EPIS 등,API metadata v1.0
농식품 공공데이터 포털 API 데이터 정보,출전표,participation table,https://data.mafra.go.kr/opendata/data/indexOpenDataDetail.do?data_id=20240806000000002609,농림축산식품부/EPIS 등,API metadata v1.0
농식품 공공데이터 포털 API 데이터 정보,"조건별최고기록(거리, 주로상태, 날씨)","Highest record by condition (distance, condition, weather)",https://data.mafra.go.kr/opendata/data/indexOpenDataDetail.do?data_id=20240806000000002609,농림축산식품부/EPIS 등,API metadata v1.0
농식품 공공데이터 포털 API 데이터 정보,예상배당률정보(1착마적중승식),"Estimated payout ratio information (win,place)",https://data.mafra.go.kr/opendata/data/indexOpenDataDetail.do?data_id=20240806000000002609,농림축산식품부/EPIS 등,API metadata v1.0
농식품 공공데이터 포털 API 데이터 정보,예상배당률정보(3착마적중승식),"Estimated payout ratio information (quinella trebles,trifecta)",https://data.mafra.go.kr/opendata/data/indexOpenDataDetail.do?data_id=20240806000000002609,농림축산식품부/EPIS 등,API metadata v1.0
농식품 공공데이터 포털 API 데이터 정보,마이카드 계좌고객 조건별 환수율 상위 20위,My card account customers top 20 rate of return by conditions,https://data.mafra.go.kr/opendata/data/indexOpenDataDetail.do?data_id=20240806000000002609,농림축산식품부/EPIS 등,API metadata v1.0
농식품 공공데이터 포털 API 데이터 정보,전국승마장정보,About the national equestrian track,https://data.mafra.go.kr/opendata/data/indexOpenDataDetail.do?data_id=20240806000000002609,농림축산식품부/EPIS 등,API metadata v1.0
농식품 공공데이터 포털 API 데이터 정보,사업장별 입장인원,Number of Entrants by Business place,https://data.mafra.go.kr/opendata/data/indexOpenDataDetail.do?data_id=20240806000000002609,농림축산식품부/EPIS 등,API metadata v1.0
농식품 공공데이터 포털 API 데이터 정보,"마필종합정보(서울, 부산)","Information on horse (Seoul, Busan)",https://data.mafra.go.kr/opendata/data/indexOpenDataDetail.do?data_id=20240806000000002609,농림축산식품부/EPIS 등,API metadata v1.0
농식품 공공데이터 포털 API 데이터 정보,도매시장 실시간 경락 정보,TI_WHLSL_MRKT_RLTM_AUC_INFO,https://data.mafra.go.kr/opendata/data/indexOpenDataDetail.do?data_id=20240806000000002609,농림축산식품부/EPIS 등,API metadata v1.0
농식품 공공데이터 포털 API 데이터 정보,코드조회서비스,CodeListService,https://data.mafra.go.kr/opendata/data/indexOpenDataDetail.do?data_id=20240806000000002609,농림축산식품부/EPIS 등,API metadata v1.0
농식품 공공데이터 포털 API 데이터 정보,식물종자정보 조회,seedInfo,https://data.mafra.go.kr/opendata/data/indexOpenDataDetail.do?data_id=20240806000000002609,농림축산식품부/EPIS 등,API metadata v1.0
농식품 공공데이터 포털 API 데이터 정보,농식품공무원교육원 소장 도서목록,List of collections held by the agricultural food officials,https://data.mafra.go.kr/opendata/data/indexOpenDataDetail.do?data_id=20240806000000002609,농림축산식품부/EPIS 등,API metadata v1.0
농식품 공공데이터 포털 API 데이터 정보,계란등급판정결과조회 서비스,Egg grading result inquiry service,https://data.mafra.go.kr/opendata/data/indexOpenDataDetail.do?data_id=20240806000000002609,농림축산식품부/EPIS 등,API metadata v1.0
농식품 공공데이터 포털 API 데이터 정보,축산물검수정보서비스,Livestock Inspection Information Services,https://data.mafra.go.kr/opendata/data/indexOpenDataDetail.do?data_id=20240806000000002609,농림축산식품부/EPIS 등,API metadata v1.0
농식품 공공데이터 포털 API 데이터 정보,도매시장 수입농수산물 거래동향,Transaction Trends of Agricultural Products in the Wholesale Market,https://data.mafra.go.kr/opendata/data/indexOpenDataDetail.do?data_id=20240806000000002609,농림축산식품부/EPIS 등,API metadata v1.0
농식품 공공데이터 포털 API 데이터 정보,제철 농산물 상세정보,Agricultural produce of the season,https://data.mafra.go.kr/opendata/data/indexOpenDataDetail.do?data_id=20240806000000002609,농림축산식품부/EPIS 등,API metadata v1.0
농식품 공공데이터 포털 API 데이터 정보,말등록정보,Horse Properties,https://data.mafra.go.kr/opendata/data/indexOpenDataDetail.do?data_id=20240806000000002609,농림축산식품부/EPIS 등,API metadata v1.0
농식품 공공데이터 포털 API 데이터 정보,경주마정보,Racehorse information,https://data.mafra.go.kr/opendata/data/indexOpenDataDetail.do?data_id=20240806000000002609,농림축산식품부/EPIS 등,API metadata v1.0
농식품 공공데이터 포털 API 데이터 정보,출전표,Exhibition table,https://data.mafra.go.kr/opendata/data/indexOpenDataDetail.do?data_id=20240806000000002609,농림축산식품부/EPIS 등,API metadata v1.1
농식품 공공데이터 포털 API 데이터 정보,경주성적표,Racing report card,https://data.mafra.go.kr/opendata/data/indexOpenDataDetail.do?data_id=20240806000000002609,농림축산식품부/EPIS 등,API metadata v1.0
농식품 공공데이터 포털 API 데이터 정보,산지코드조회,VIEW_MTC_CODE_LIST,https://data.mafra.go.kr/opendata/data/indexOpenDataDetail.do?data_id=20240806000000002609,농림축산식품부/EPIS 등,API metadata v1.0
농식품 공공데이터 포털 API 데이터 정보,운영상태별 농장 통계 데이터 제공,VIEW_FARM_OPERATION_STAT_INFO,https://data.mafra.go.kr/opendata/data/indexOpenDataDetail.do?data_id=20240806000000002609,농림축산식품부/EPIS 등,API metadata v1.0
농식품 공공데이터 포털 API 데이터 정보,농수축산물지역별가격조회,VIEW_AGMRPD_SFRMPRD_AREA_PC,https://data.mafra.go.kr/opendata/data/indexOpenDataDetail.do?data_id=20240806000000002609,농림축산식품부/EPIS 등,API metadata v1.0
농식품 공공데이터 포털 API 데이터 정보,임산물품목별가격조회,VIEW_FSRCS_PRDLST_PC,https://data.mafra.go.kr/opendata/data/indexOpenDataDetail.do?data_id=20240806000000002609,농림축산식품부/EPIS 등,API metadata v1.0
농식품 공공데이터 포털 API 데이터 정보,임산물지역별가격조회,VIEW_FSRCS_AREA_PC,https://data.mafra.go.kr/opendata/data/indexOpenDataDetail.do?data_id=20240806000000002609,농림축산식품부/EPIS 등,API metadata v1.0
농식품 공공데이터 포털 API 데이터 정보,실시간경락 도매시장 유통통계 조회,VIEW_ODM_DEBY_REAL_OPEN,https://data.mafra.go.kr/opendata/data/indexOpenDataDetail.do?data_id=20240806000000002609,농림축산식품부/EPIS 등,API metadata v1.0
농식품 공공데이터 포털 API 데이터 정보,업종별 농장 통계 데이터 제공,VIEW_FARM_SECTORS_STAT_INFO,https://data.mafra.go.kr/opendata/data/indexOpenDataDetail.do?data_id=20240806000000002609,농림축산식품부/EPIS 등,API metadata v1.0
농식품 공공데이터 포털 API 데이터 정보,지역별 농장 통계 데이터 제공,VIEW_FARM_AREA_STAT_INFO,https://data.mafra.go.kr/opendata/data/indexOpenDataDetail.do?data_id=20240806000000002609,농림축산식품부/EPIS 등,API metadata v1.0
농식품 공공데이터 포털 API 데이터 정보,산지위판장 유통통계정보 조회,VIEW_ODM_DEBY_SUSYUP_OPEN,https://data.mafra.go.kr/opendata/data/indexOpenDataDetail.do?data_id=20240806000000002609,농림축산식품부/EPIS 등,API metadata v1.0
농식품 공공데이터 포털 API 데이터 정보,도매시장 정산 가격 정보,TI_WHLSL_MRKT_CLCLN_PRC_INFO,https://data.mafra.go.kr/opendata/data/indexOpenDataDetail.do?data_id=20240806000000002609,농림축산식품부/EPIS 등,API metadata v1.0
농식품 공공데이터 포털 API 데이터 정보,정산가격 기간별 법인별 총물량 총금액,TI_CLCLN_PRC_CORP,https://data.mafra.go.kr/opendata/data/indexOpenDataDetail.do?data_id=20240806000000002609,농림축산식품부/EPIS 등,API metadata v1.0
농식품 공공데이터 포털 API 데이터 정보,도매시장 산지공판장 정산 가격,TI_MD_JIMKT_CLCLN_PRC,https://data.mafra.go.kr/opendata/data/indexOpenDataDetail.do?data_id=20240806000000002609,농림축산식품부/EPIS 등,API metadata v1.0
농식품 공공데이터 포털 API 데이터 정보,산지 코드,TI_PLOR_CD,https://data.mafra.go.kr/opendata/data/indexOpenDataDetail.do?data_id=20240806000000002609,농림축산식품부/EPIS 등,API metadata v1.0
농식품 공공데이터 포털 API 데이터 정보,표준단위매핑목록조회,VIEW_SCM_UNIT_MAPNG_LIST,https://data.mafra.go.kr/opendata/data/indexOpenDataDetail.do?data_id=20240806000000002609,농림축산식품부/EPIS 등,API metadata v1.0
농식품 공공데이터 포털 API 데이터 정보,GPC품목매핑목록조회,VIEW_SCM_GPC_PRDLST_MAPNG_LIST,https://data.mafra.go.kr/opendata/data/indexOpenDataDetail.do?data_id=20240806000000002609,농림축산식품부/EPIS 등,API metadata v1.0
농식품 공공데이터 포털 API 데이터 정보,선박 AGM 검사 현황,TI_IPAB_SHIPAGM_INSPCT,https://data.mafra.go.kr/opendata/data/indexOpenDataDetail.do?data_id=20240806000000002609,농림축산식품부/EPIS 등,API metadata v1.0
농식품 공공데이터 포털 API 데이터 정보,채소종자 국내외 생산량 현황,TI_MAFRA_S_VGTB_SED_HBRD_OP,https://data.mafra.go.kr/opendata/data/indexOpenDataDetail.do?data_id=20240806000000002609,농림축산식품부/EPIS 등,API metadata v1.0
농식품 공공데이터 포털 API 데이터 정보,년도별 FTA협정세율 현황,TI_MAFRA_T_YEAR_FTA_TT_TRT,https://data.mafra.go.kr/opendata/data/indexOpenDataDetail.do?data_id=20240806000000002609,농림축산식품부/EPIS 등,API metadata v1.0
농식품 공공데이터 포털 API 데이터 정보,년도별 농작물보험료 통계정보,TI_MAFRA_S_YEAR_FRC_IRNCF,https://data.mafra.go.kr/opendata/data/indexOpenDataDetail.do?data_id=20240806000000002609,농림축산식품부/EPIS 등,API metadata v1.0
농식품 공공데이터 포털 API 데이터 정보,품목별 농작물 보험금지급 통계정보,TI_MAFRA_S_PRDLST_FRC_IS_PM,https://data.mafra.go.kr/opendata/data/indexOpenDataDetail.do?data_id=20240806000000002609,농림축산식품부/EPIS 등,API metadata v1.0
농식품 공공데이터 포털 API 데이터 정보,식품산업일자리정보,TB_KFOODJOB_VIEW,https://data.mafra.go.kr/opendata/data/indexOpenDataDetail.do?data_id=20240806000000002609,농림축산식품부/EPIS 등,API metadata v1.0
농식품 공공데이터 포털 API 데이터 정보,식품산업일자리(채용)정보,VIEW_FOOD_KFOODJOB,https://data.mafra.go.kr/opendata/data/indexOpenDataDetail.do?data_id=20240806000000002609,농림축산식품부/EPIS 등,API metadata v1.0
농식품 공공데이터 포털 API 데이터 정보,전국 도매시장 일별 정산 경락가격 상세정보,VIEW_WO_DAILY_PRICE_DETAIL,https://data.mafra.go.kr/opendata/data/indexOpenDataDetail.do?data_id=20240806000000002609,농림축산식품부/EPIS 등,API metadata v1.0
농식품 공공데이터 포털 API 데이터 정보,농수축산물 통합유통 정보제공 서비스,CombineDistributionStepInfoService,https://data.mafra.go.kr/opendata/data/indexOpenDataDetail.do?data_id=20240806000000002609,농림축산식품부/EPIS 등,API metadata v1.0
농식품 공공데이터 포털 API 데이터 정보,축산물통합이력정보조회 서비스,AnimalTrace,https://data.mafra.go.kr/opendata/data/indexOpenDataDetail.do?data_id=20240806000000002609,농림축산식품부/EPIS 등,API metadata v1.0
농식품 공공데이터 포털 API 데이터 정보,소 이동정보 조회,Breeding/cattleMove,https://data.mafra.go.kr/opendata/data/indexOpenDataDetail.do?data_id=20240806000000002609,농림축산식품부/EPIS 등,API metadata v1.0
농식품 공공데이터 포털 API 데이터 정보,농림수산식품교육문화정보원 지능형 검색,EPIS Intelligent Search,https://data.mafra.go.kr/opendata/data/indexOpenDataDetail.do?data_id=20240806000000002609,농림축산식품부/EPIS 등,API metadata v1.0
농식품 공공데이터 포털 API 데이터 정보,경주마레이팅내역,rating,https://data.mafra.go.kr/opendata/data/indexOpenDataDetail.do?data_id=20240806000000002609,농림축산식품부/EPIS 등,API metadata v1.0
농식품 공공데이터 포털 API 데이터 정보,보호림정보 조회,nrfstInfo,https://data.mafra.go.kr/opendata/data/indexOpenDataDetail.do?data_id=20240806000000002609,농림축산식품부/EPIS 등,API metadata v1.0
농식품 공공데이터 포털 API 데이터 정보,민속식물정보 조회,folkInfo,https://data.mafra.go.kr/opendata/data/indexOpenDataDetail.do?data_id=20240806000000002609,농림축산식품부/EPIS 등,API metadata v1.0
농식품 공공데이터 포털 API 데이터 정보,"체험마을 시설, 캠핑, 동영상 및 후기","Experience the village facilities, camping, videos and reviews",https://data.mafra.go.kr/opendata/data/indexOpenDataDetail.do?data_id=20240806000000002609,농림축산식품부/EPIS 등,API metadata v1.0
농식품 공공데이터 포털 API 데이터 정보,한국마사회_이리쿠르팅정보,KRA_E_RECRUIT_INFO,https://data.mafra.go.kr/opendata/data/indexOpenDataDetail.do?data_id=20240806000000002609,농림축산식품부/EPIS 등,API metadata v1.0
농식품 공공데이터 포털 API 데이터 정보,고병원성조류인플루엔자 발생농가 분석,Analysis of AI occur in farmhouse,https://data.mafra.go.kr/opendata/data/indexOpenDataDetail.do?data_id=20240806000000002609,농림축산식품부/EPIS 등,API metadata v1.0
농식품 공공데이터 포털 API 데이터 정보,e-book 자료,e-book,https://data.mafra.go.kr/opendata/data/indexOpenDataDetail.do?data_id=20240806000000002609,농림축산식품부/EPIS 등,API metadata v1.0
농식품 공공데이터 포털 API 데이터 정보,팜맵기반 토양검정 조회 서비스,getFarmmapSoilAnalysisService,https://data.mafra.go.kr/opendata/data/indexOpenDataDetail.do?data_id=20240806000000002609,농림축산식품부/EPIS 등,API metadata v1.0
농식품 공공데이터 포털 API 데이터 정보,축산농장 정보제공 서비스,Information Services provides livestock farms,https://data.mafra.go.kr/opendata/data/indexOpenDataDetail.do?data_id=20240806000000002609,농림축산식품부/EPIS 등,API metadata v1.0
농식품 공공데이터 포털 API 데이터 정보,축산관계시설등록현황통계,TI_QLA_STKRS_RLQP_REGIST_STTUS,https://data.mafra.go.kr/opendata/data/indexOpenDataDetail.do?data_id=20240806000000002609,농림축산식품부/EPIS 등,API metadata v1
농식품 공공데이터 포털 API 데이터 정보,가락시장품목코드조회,VIEW_PRDLST_CODE_LIST,https://data.mafra.go.kr/opendata/data/indexOpenDataDetail.do?data_id=20240806000000002609,농림축산식품부/EPIS 등,API metadata v1.0
농식품 공공데이터 포털 API 데이터 정보,부류표준품목코드조회,VIEW_LRGE_PRDLST_CODE_LIST,https://data.mafra.go.kr/opendata/data/indexOpenDataDetail.do?data_id=20240806000000002609,농림축산식품부/EPIS 등,API metadata v1.0
농식품 공공데이터 포털 API 데이터 정보,농수축산물 거래단량 매핑 정보조회,VIEW_TRADING_UNIT_MAPPING,https://data.mafra.go.kr/opendata/data/indexOpenDataDetail.do?data_id=20240806000000002609,농림축산식품부/EPIS 등,API metadata v1.0
농식품 공공데이터 포털 API 데이터 정보,정산경락 도매시장 유통통계 조회,VIEW_ODM_DEBY_EXCCLC_OPEN,https://data.mafra.go.kr/opendata/data/indexOpenDataDetail.do?data_id=20240806000000002609,농림축산식품부/EPIS 등,API metadata v1.0
농식품 공공데이터 포털 API 데이터 정보,지자체 농수축산물 물가조사가격 정보조회,VIEW_ODM_EXAMIN_PRIC_OPEN,https://data.mafra.go.kr/opendata/data/indexOpenDataDetail.do?data_id=20240806000000002609,농림축산식품부/EPIS 등,API metadata v1.0
농식품 공공데이터 포털 API 데이터 정보,도매시장 원천데이터 정산 가격,TI_WHLSL_MRKT_DATA_CLCLN_PRC,https://data.mafra.go.kr/opendata/data/indexOpenDataDetail.do?data_id=20240806000000002609,농림축산식품부/EPIS 등,API metadata v1.0
농식품 공공데이터 포털 API 데이터 정보,정산가격 기간별 도매시장별 총물량 총금액,TI_CLCLN_PRC_WHLSL_MRKT,https://data.mafra.go.kr/opendata/data/indexOpenDataDetail.do?data_id=20240806000000002609,농림축산식품부/EPIS 등,API metadata v1.0
농식품 공공데이터 포털 API 데이터 정보,정산가격 기간별 법인별 품목별 총물량 총금액,TI_CLCLN_PRC_CORP_ITEM,https://data.mafra.go.kr/opendata/data/indexOpenDataDetail.do?data_id=20240806000000002609,농림축산식품부/EPIS 등,API metadata v1.0
농식품 공공데이터 포털 API 데이터 정보,농촌마을현황정보,TI_EPIS_FMLG_VILAGE_STTUS_INFO,https://data.mafra.go.kr/opendata/data/indexOpenDataDetail.do?data_id=20240806000000002609,농림축산식품부/EPIS 등,API metadata v1.0
농식품 공공데이터 포털 API 데이터 정보,전국 도매시장 실시간 경락가격 요약 정보,VIEW_WO_REAL_PRICE_SANJI,https://data.mafra.go.kr/opendata/data/indexOpenDataDetail.do?data_id=20240806000000002609,농림축산식품부/EPIS 등,API metadata v1.0
농식품 공공데이터 포털 API 데이터 정보,행복마을만들기 선정마을 정보,TI_EPIS_AGCTL_HAPPY_INFO,https://data.mafra.go.kr/opendata/data/indexOpenDataDetail.do?data_id=20240806000000002609,농림축산식품부/EPIS 등,API metadata v1.0
농식품 공공데이터 포털 API 데이터 정보,농업마이스터대학 현황,TI_EPIS_MEISTER_STTUS,https://data.mafra.go.kr/opendata/data/indexOpenDataDetail.do?data_id=20240806000000002609,농림축산식품부/EPIS 등,API metadata v1.0
농식품 공공데이터 포털 API 데이터 정보,농지보전부담금통계,TI_KRC_FRLNDPRESVALOTM,https://data.mafra.go.kr/opendata/data/indexOpenDataDetail.do?data_id=20240806000000002609,농림축산식품부/EPIS 등,API metadata v1.0
농식품 공공데이터 포털 API 데이터 정보,조성토지관리 통계정보,TI_KRC_MAKELADMANAGEINFO,https://data.mafra.go.kr/opendata/data/indexOpenDataDetail.do?data_id=20240806000000002609,농림축산식품부/EPIS 등,API metadata v1.0
농식품 공공데이터 포털 API 데이터 정보,발전소 발전량 현황,TI_KRC_ELCPWSTN_DVLPQY_STTUS,https://data.mafra.go.kr/opendata/data/indexOpenDataDetail.do?data_id=20240806000000002609,농림축산식품부/EPIS 등,API metadata v1.0
농식품 공공데이터 포털 API 데이터 정보,약용식물서비스,Medicinal plant,https://data.mafra.go.kr/opendata/data/indexOpenDataDetail.do?data_id=20240806000000002609,농림축산식품부/EPIS 등,API metadata v1.0
농식품 공공데이터 포털 API 데이터 정보,시도별 사고원인 가축보험금지급 통계정보,TI_MAFRA_S_SD_ACT_STK_IR_PM,https://data.mafra.go.kr/opendata/data/indexOpenDataDetail.do?data_id=20240806000000002609,농림축산식품부/EPIS 등,API metadata v1.0
농식품 공공데이터 포털 API 데이터 정보,기증자료 서비스,Donor data service,https://data.mafra.go.kr/opendata/data/indexOpenDataDetail.do?data_id=20240806000000002609,농림축산식품부/EPIS 등,API metadata v1.0
농식품 공공데이터 포털 API 데이터 정보,시도별 농작물 보험금지급 통계정보,TI_MAFRA_S_SIDO_FRC_ISRC_PM,https://data.mafra.go.kr/opendata/data/indexOpenDataDetail.do?data_id=20240806000000002609,농림축산식품부/EPIS 등,API metadata v1.0
농식품 공공데이터 포털 API 데이터 정보,년도별 농작물 보험가입 통계정보,TI_MAFRA_S_YEAR_FRC_ISRC_JN,https://data.mafra.go.kr/opendata/data/indexOpenDataDetail.do?data_id=20240806000000002609,농림축산식품부/EPIS 등,API metadata v1.0
농식품 공공데이터 포털 API 데이터 정보,축종별 가축보험금지급 통계정보,TI_MAFRA_S_STKSP_STK_IS_PM,https://data.mafra.go.kr/opendata/data/indexOpenDataDetail.do?data_id=20240806000000002609,농림축산식품부/EPIS 등,API metadata v1.0
농식품 공공데이터 포털 API 데이터 정보,산림사업용 묘목 가격,TI_FOA_MTST_BSS_YNGPLNT_PC,https://data.mafra.go.kr/opendata/data/indexOpenDataDetail.do?data_id=20240806000000002609,농림축산식품부/EPIS 등,API metadata v1.0
농식품 공공데이터 포털 API 데이터 정보,시도별 도축실적,TI_QIA_CTRDACCTO_SLAU_ACMSLT,https://data.mafra.go.kr/opendata/data/indexOpenDataDetail.do?data_id=20240806000000002609,농림축산식품부/EPIS 등,API metadata v1.0
농식품 공공데이터 포털 API 데이터 정보,축종별 암수별 도축실적,TI_QIA_LVS_CANCEO_SLAU_ACMSLT,https://data.mafra.go.kr/opendata/data/indexOpenDataDetail.do?data_id=20240806000000002609,농림축산식품부/EPIS 등,API metadata v1.0
농식품 공공데이터 포털 API 데이터 정보,소 품종별 암수별 도축실적,TI_QIA_COW_SPO_CAO_SLAU_ACMSLT,https://data.mafra.go.kr/opendata/data/indexOpenDataDetail.do?data_id=20240806000000002609,농림축산식품부/EPIS 등,API metadata v1.0
농식품 공공데이터 포털 API 데이터 정보,닭 품종별 도축실적,TI_QIA_FOWL_SPO_ACMSLT,https://data.mafra.go.kr/opendata/data/indexOpenDataDetail.do?data_id=20240806000000002609,농림축산식품부/EPIS 등,API metadata v1.0
농식품 공공데이터 포털 API 데이터 정보,경주성적표(심판사항),Race Report (Judgment),https://data.mafra.go.kr/opendata/data/indexOpenDataDetail.do?data_id=20240806000000002609,농림축산식품부/EPIS 등,API metadata v1.0
농식품 공공데이터 포털 API 데이터 정보,경주마정보,Racehorse information,https://data.mafra.go.kr/opendata/data/indexOpenDataDetail.do?data_id=20240806000000002609,농림축산식품부/EPIS 등,API metadata v1.0
농식품 공공데이터 포털 API 데이터 정보,마주정보,Horse owner information,https://data.mafra.go.kr/opendata/data/indexOpenDataDetail.do?data_id=20240806000000002609,농림축산식품부/EPIS 등,API metadata v1.0
농식품 공공데이터 포털 API 데이터 정보,산림유전자원서비스,Forest Genetic Resources Service,https://data.mafra.go.kr/opendata/data/indexOpenDataDetail.do?data_id=20240806000000002609,농림축산식품부/EPIS 등,API metadata v1.0
농식품 공공데이터 포털 API 데이터 정보,농산어촌지역개발공간정보,LocalDevList,https://data.mafra.go.kr/opendata/data/indexOpenDataDetail.do?data_id=20240806000000002609,농림축산식품부/EPIS 등,API metadata v1.0
농식품 공공데이터 포털 API 데이터 정보,농림수산식품교육문화정보원 귀농귀촌 지능형 상담,EPIS Intelligent Counseling System for Return To Farming,https://data.mafra.go.kr/opendata/data/indexOpenDataDetail.do?data_id=20240806000000002609,농림축산식품부/EPIS 등,API metadata v1.0
농식품 공공데이터 포털 API 데이터 정보,민속식물정보 검색,folkSearch,https://data.mafra.go.kr/opendata/data/indexOpenDataDetail.do?data_id=20240806000000002609,농림축산식품부/EPIS 등,API metadata v1.0
농식품 공공데이터 포털 API 데이터 정보,귀화식물정보 검색,naturalizedSearch,https://data.mafra.go.kr/opendata/data/indexOpenDataDetail.do?data_id=20240806000000002609,농림축산식품부/EPIS 등,API metadata v1.0
농식품 공공데이터 포털 API 데이터 정보,한우씨수소정보,Korean Proven Bull Information,https://data.mafra.go.kr/opendata/data/indexOpenDataDetail.do?data_id=20240806000000002609,농림축산식품부/EPIS 등,API metadata v1.0
농식품 공공데이터 포털 API 데이터 정보,팜맵기반 병해충발생 조회 서비스,getFarmmapDbyhsService,https://data.mafra.go.kr/opendata/data/indexOpenDataDetail.do?data_id=20240806000000002609,농림축산식품부/EPIS 등,API metadata v1.0
농식품 공공데이터 포털 API 데이터 정보,동물등록 현황,TI_QIA_ANIMAL_REG_STTUS,https://data.mafra.go.kr/opendata/data/indexOpenDataDetail.do?data_id=20240806000000002609,농림축산식품부/EPIS 등,API metadata v1.0
농식품 공공데이터 포털 API 데이터 정보,농림축산식품 공공데이터포털 개방데이터 목록,open data list,https://data.mafra.go.kr/opendata/data/indexOpenDataDetail.do?data_id=20240806000000002609,농림축산식품부/EPIS 등,API metadata v1
농식품 공공데이터 포털 API 데이터 정보,수산물품목별도매경락가격조회,VIEW_MPRC_PRDLST_WHSAL_PC,https://data.mafra.go.kr/opendata/data/indexOpenDataDetail.do?data_id=20240806000000002609,농림축산식품부/EPIS 등,API metadata v1.0
농식품 공공데이터 포털 API 데이터 정보,법인 코드,TI_CORP_CD,https://data.mafra.go.kr/opendata/data/indexOpenDataDetail.do?data_id=20240806000000002609,농림축산식품부/EPIS 등,API metadata v1.0
농식품 공공데이터 포털 API 데이터 정보,포장 코드,TI_FRML_CD,https://data.mafra.go.kr/opendata/data/indexOpenDataDetail.do?data_id=20240806000000002609,농림축산식품부/EPIS 등,API metadata v1.0
농식품 공공데이터 포털 API 데이터 정보,돼지묶음번호구성내역정보,TI_EKAPE_PIG_BNCN_DTLS_INFO,https://data.mafra.go.kr/opendata/data/indexOpenDataDetail.do?data_id=20240806000000002609,농림축산식품부/EPIS 등,API metadata v1.0
농식품 공공데이터 포털 API 데이터 정보,전원마을 분양정보,TI_EPIS_SRC_VIGE_LOT_PBL_INFO,https://data.mafra.go.kr/opendata/data/indexOpenDataDetail.do?data_id=20240806000000002609,농림축산식품부/EPIS 등,API metadata v1.0
농식품 공공데이터 포털 API 데이터 정보,행복마을 만들기 콘테스트 실적,TI_EPIS_AGCTL_RECORD_INFO,https://data.mafra.go.kr/opendata/data/indexOpenDataDetail.do?data_id=20240806000000002609,농림축산식품부/EPIS 등,API metadata v1.0
농식품 공공데이터 포털 API 데이터 정보,전국 농협 하나로종합유통센터 매입 가격 요약 정보,VIEW_WO_HANARO_PRICE_SANJI,https://data.mafra.go.kr/opendata/data/indexOpenDataDetail.do?data_id=20240806000000002609,농림축산식품부/EPIS 등,API metadata v1.0
농식품 공공데이터 포털 API 데이터 정보,스마트팜 데이터 조회 서비스,smartfarm,https://data.mafra.go.kr/opendata/data/indexOpenDataDetail.do?data_id=20240806000000002609,농림축산식품부/EPIS 등,API metadata v1.0
농식품 공공데이터 포털 API 데이터 정보,식물목록별 참고문헌 정보서비스,searchOnccp,https://data.mafra.go.kr/opendata/data/indexOpenDataDetail.do?data_id=20240806000000002609,농림축산식품부/EPIS 등,API metadata v1.0
농식품 공공데이터 포털 API 데이터 정보,식물 신품종 품종보호권 소멸공고 자료,TI_SEED_SPCIESPRTCWON_EXTSHPBL,https://data.mafra.go.kr/opendata/data/indexOpenDataDetail.do?data_id=20240806000000002609,농림축산식품부/EPIS 등,API metadata v1.0
농식품 공공데이터 포털 API 데이터 정보,시도별 종자업 등록현황,TI_SEED_CTPRVNACCTO_SIDBIZ_REG,https://data.mafra.go.kr/opendata/data/indexOpenDataDetail.do?data_id=20240806000000002609,농림축산식품부/EPIS 등,API metadata v1.0
농식품 공공데이터 포털 API 데이터 정보,국가표준곤충목록 서비스,National Standards Service list of insects,https://data.mafra.go.kr/opendata/data/indexOpenDataDetail.do?data_id=20240806000000002609,농림축산식품부/EPIS 등,API metadata v1.0
농식품 공공데이터 포털 API 데이터 정보,축종별 생체중량,TI_QIA_LVSTCKSPCACCTO_LBDY_WT,https://data.mafra.go.kr/opendata/data/indexOpenDataDetail.do?data_id=20240806000000002609,농림축산식품부/EPIS 등,API metadata v1.0
농식품 공공데이터 포털 API 데이터 정보,산불통계 서비스,Forest fire Statistics Service,https://data.mafra.go.kr/opendata/data/indexOpenDataDetail.do?data_id=20240806000000002609,농림축산식품부/EPIS 등,API metadata v1.0
농식품 공공데이터 포털 API 데이터 정보,식물자원 서비스,PlantService,https://data.mafra.go.kr/opendata/data/indexOpenDataDetail.do?data_id=20240806000000002609,농림축산식품부/EPIS 등,API metadata v1.0
농식품 공공데이터 포털 API 데이터 정보,가축사육 통계제공 서비스,AniStatService,https://data.mafra.go.kr/opendata/data/indexOpenDataDetail.do?data_id=20240806000000002609,농림축산식품부/EPIS 등,API metadata v1.0
농식품 공공데이터 포털 API 데이터 정보,백두대간 등산로 정보 조회,Hiking trail information,https://data.mafra.go.kr/opendata/data/indexOpenDataDetail.do?data_id=20240806000000002609,농림축산식품부/EPIS 등,API metadata v1.0
농식품 공공데이터 포털 API 데이터 정보,경제림육성단지구역도 서비스,Gyeongjerim only foster the service area Gyeongjerim only foster the service area Detail List,https://data.mafra.go.kr/opendata/data/indexOpenDataDetail.do?data_id=20240806000000002609,농림축산식품부/EPIS 등,API metadata v1.0
농식품 공공데이터 포털 API 데이터 정보,귀화식물정보 조회,naturalizedInfo,https://data.mafra.go.kr/opendata/data/indexOpenDataDetail.do?data_id=20240806000000002609,농림축산식품부/EPIS 등,API metadata v1.0
농식품 공공데이터 포털 API 데이터 정보,열처리업체 소독처리물량,Heat treatment amount of disinfection process,https://data.mafra.go.kr/opendata/data/indexOpenDataDetail.do?data_id=20240806000000002609,농림축산식품부/EPIS 등,API metadata v1.0
농식품 공공데이터 포털 API 데이터 정보,산림사업법인 정보 서비스,Forest Act of Information Services,https://data.mafra.go.kr/opendata/data/indexOpenDataDetail.do?data_id=20240806000000002609,농림축산식품부/EPIS 등,API metadata v1.0
농식품 공공데이터 포털 API 데이터 정보,농약검색 목록 서비스,PESTI_SRCH_LIST,https://data.mafra.go.kr/opendata/data/indexOpenDataDetail.do?data_id=20240806000000002609,농림축산식품부/EPIS 등,API metadata v1.0
농식품 공공데이터 포털 API 데이터 정보,식재료 우수관리 지정업체 현황,Status of food quality management companies,https://data.mafra.go.kr/opendata/data/indexOpenDataDetail.do?data_id=20240806000000002609,농림축산식품부/EPIS 등,API metadata v1.0
농식품 공공데이터 포털 API 데이터 정보,공영도매시장 연도별 거래실적,Transaction performance by year of public wholesale market,https://data.mafra.go.kr/opendata/data/indexOpenDataDetail.do?data_id=20240806000000002609,농림축산식품부/EPIS 등,API metadata v1.0
농식품 공공데이터 포털 API 데이터 정보,해외한식당협의체 현황,TI_MAFRA_OVSEA_KORSTRT_CNSLTV,https://data.mafra.go.kr/opendata/data/indexOpenDataDetail.do?data_id=20240806000000002609,농림축산식품부/EPIS 등,API metadata v1.0
농식품 공공데이터 포털 API 데이터 정보,음식점 업종별 매출액 분포,TI_MAFRA_RSTRT_INDUTY_SELNG,https://data.mafra.go.kr/opendata/data/indexOpenDataDetail.do?data_id=20240806000000002609,농림축산식품부/EPIS 등,API metadata v1.0
농식품 공공데이터 포털 API 데이터 정보,음식점 서비스 유형별 수익성 및 생산성,TI_MAFRA_RSTRT_PRFTBL_PRDCTV,https://data.mafra.go.kr/opendata/data/indexOpenDataDetail.do?data_id=20240806000000002609,농림축산식품부/EPIS 등,API metadata v1.0
농식품 공공데이터 포털 API 데이터 정보,전국 도매시장 일별 실시간 경락가격 상세정보(법인사용코드포함),VIEW_WO_REAL_PRICE_DETAIL_NEW,https://data.mafra.go.kr/opendata/data/indexOpenDataDetail.do?data_id=20240806000000002609,농림축산식품부/EPIS 등,API metadata v1.0
농식품 공공데이터 포털 API 데이터 정보,전국 도매시장 일별 실시간 경락가격 상세정보(법인사용코드포함),VIEW_WO_REAL_PRICE_DETAIL_NEW,https://data.mafra.go.kr/opendata/data/indexOpenDataDetail.do?data_id=20240806000000002609,농림축산식품부/EPIS 등,API metadata v1.0
농식품 공공데이터 포털 API 데이터 정보,도매시장 일별 실시간 경락가격 상세정보(법인사용코드포함),VIEW_WO_REAL_PRICE_DETAIL_NEW,https://data.mafra.go.kr/opendata/data/indexOpenDataDetail.do?data_id=20240806000000002609,농림축산식품부/EPIS 등,API metadata v1.0
농식품 공공데이터 포털 API 데이터 정보,일별 실시간 경락가격 상세(법인사용코드포함),VIEW_WO_REAL_PRICE_DETAIL_NEW,https://data.mafra.go.kr/opendata/data/indexOpenDataDetail.do?data_id=20240806000000002609,농림축산식품부/EPIS 등,API metadata v1.0
농식품 공공데이터 포털 API 데이터 정보,기수정보 조회 서비스,horse Rider information,https://data.mafra.go.kr/opendata/data/indexOpenDataDetail.do?data_id=20240806000000002609,농림축산식품부/EPIS 등,API metadata v1.0
농식품 공공데이터 포털 API 데이터 정보,일별훈련현황,Daily Training Status,https://data.mafra.go.kr/opendata/data/indexOpenDataDetail.do?data_id=20240806000000002609,농림축산식품부/EPIS 등,API metadata v1.0
농식품 공공데이터 포털 API 데이터 정보,거점소독시설안내,TI_QLA_PSTN_DSNF_FCLT_GUIDANCE,https://data.mafra.go.kr/opendata/data/indexOpenDataDetail.do?data_id=20240806000000002609,농림축산식품부/EPIS 등,API metadata v1
농식품 공공데이터 포털 API 데이터 정보,국립종자원 국가품종목록 등재 내역,state kindList passing the examination,https://data.mafra.go.kr/opendata/data/indexOpenDataDetail.do?data_id=20240806000000002609,농림축산식품부/EPIS 등,API metadata v1.0
농식품 공공데이터 포털 API 데이터 정보,국립종자원 품종코드,variety code,https://data.mafra.go.kr/opendata/data/indexOpenDataDetail.do?data_id=20240806000000002609,농림축산식품부/EPIS 등,API metadata v1.0
농식품 공공데이터 포털 API 데이터 정보,안심식당 정보,relief restaurant,https://data.mafra.go.kr/opendata/data/indexOpenDataDetail.do?data_id=20240806000000002609,농림축산식품부/EPIS 등,API metadata v1.0
농식품 공공데이터 포털 API 데이터 정보,화훼류농협공판장별경락가격조회,VIEW_FLPLNT_NONGHYUP_JMRKT_PC,https://data.mafra.go.kr/opendata/data/indexOpenDataDetail.do?data_id=20240806000000002609,농림축산식품부/EPIS 등,API metadata v1.0
농식품 공공데이터 포털 API 데이터 정보,종합유통센터센터별경락가격조회,VIEW_GNRLZ_DISTBTR_CNTER_PC,https://data.mafra.go.kr/opendata/data/indexOpenDataDetail.do?data_id=20240806000000002609,농림축산식품부/EPIS 등,API metadata v1.0
농식품 공공데이터 포털 API 데이터 정보,사육규모별 농장 통계 데이터 제공,VIEW_FARM_SCALE_STAT_INFO,https://data.mafra.go.kr/opendata/data/indexOpenDataDetail.do?data_id=20240806000000002609,농림축산식품부/EPIS 등,API metadata v1.0
농식품 공공데이터 포털 API 데이터 정보,농수축산물 유통단계별 가격 정보조회,VIEW_DAILY_DISTRIBUTION_STEP,https://data.mafra.go.kr/opendata/data/indexOpenDataDetail.do?data_id=20240806000000002609,농림축산식품부/EPIS 등,API metadata v1.0
농식품 공공데이터 포털 API 데이터 정보,농수축산물 전문가 시황 정보조회,VIEW_MARKET_SITUATION,https://data.mafra.go.kr/opendata/data/indexOpenDataDetail.do?data_id=20240806000000002609,농림축산식품부/EPIS 등,API metadata v1.0
농식품 공공데이터 포털 API 데이터 정보,농촌마이스터대학 정보 학사일정,TI_EPIS_MEISTER_INFO_SCHAFS_FX,https://data.mafra.go.kr/opendata/data/indexOpenDataDetail.do?data_id=20240806000000002609,농림축산식품부/EPIS 등,API metadata v1.0
농식품 공공데이터 포털 API 데이터 정보,원천실시간경락가격도매시장요약목록조회,VIEW_RLTM_AUCCT_MRKT_SU_PRDLST,https://data.mafra.go.kr/opendata/data/indexOpenDataDetail.do?data_id=20240806000000002609,농림축산식품부/EPIS 등,API metadata v1.0
농식품 공공데이터 포털 API 데이터 정보,농촌용수 저수지수위 정보,ReservoirCode,https://data.mafra.go.kr/opendata/data/indexOpenDataDetail.do?data_id=20240806000000002609,농림축산식품부/EPIS 등,API metadata v1.0
농식품 공공데이터 포털 API 데이터 정보,수출입식물 품목별 농약 등록 현황,TI_QIA_IMPT_PRTACTO_AGCHM_STUS,https://data.mafra.go.kr/opendata/data/indexOpenDataDetail.do?data_id=20240806000000002609,농림축산식품부/EPIS 등,API metadata v1.0
농식품 공공데이터 포털 API 데이터 정보,국가재난병 감귤황룡병 방제 약제 등록 현황,TI_QIA_TNGYELESS_PRBECIN_STUS,https://data.mafra.go.kr/opendata/data/indexOpenDataDetail.do?data_id=20240806000000002609,농림축산식품부/EPIS 등,API metadata v1.0
농식품 공공데이터 포털 API 데이터 정보,농림축산검역본부 식물병해충 소장 표본 현황,TI_QIA_PLNTDBS_FGT_SAMPLE_STUS,https://data.mafra.go.kr/opendata/data/indexOpenDataDetail.do?data_id=20240806000000002609,농림축산식품부/EPIS 등,API metadata v1.0
농식품 공공데이터 포털 API 데이터 정보,수입재식용식물 검역장소 관리 통계 현황,TI_IPAB_INCMEREBLEPTQRTPM_STAT,https://data.mafra.go.kr/opendata/data/indexOpenDataDetail.do?data_id=20240806000000002609,농림축산식품부/EPIS 등,API metadata v1.0
농식품 공공데이터 포털 API 데이터 정보,GAP인증농가 현황,TI_NAQS_GAP_CRTFC_FRMHS_STTUS,https://data.mafra.go.kr/opendata/data/indexOpenDataDetail.do?data_id=20240806000000002609,농림축산식품부/EPIS 등,API metadata v1.0
농식품 공공데이터 포털 API 데이터 정보,가공용쌀 공급업체 단속현황,TI_NAQS_PRCSS_RICE_REGLT_STTUS,https://data.mafra.go.kr/opendata/data/indexOpenDataDetail.do?data_id=20240806000000002609,농림축산식품부/EPIS 등,API metadata v1.0
농식품 공공데이터 포털 API 데이터 정보,농산물 독소류 분석결과,TI_NAQS_FRMPRD_TX_ANALS_RESULT,https://data.mafra.go.kr/opendata/data/indexOpenDataDetail.do?data_id=20240806000000002609,농림축산식품부/EPIS 등,API metadata v1.0
농식품 공공데이터 포털 API 데이터 정보,백두대간 서비스,"Plants, services",https://data.mafra.go.kr/opendata/data/indexOpenDataDetail.do?data_id=20240806000000002609,농림축산식품부/EPIS 등,API metadata v1.0
농식품 공공데이터 포털 API 데이터 정보,둘레길정보 조회,Information check the Dulegil,https://data.mafra.go.kr/opendata/data/indexOpenDataDetail.do?data_id=20240806000000002609,농림축산식품부/EPIS 등,API metadata v1.0
농식품 공공데이터 포털 API 데이터 정보,새만금방조제 수위계측정보,TI_KRC_WAL_MEASURE_INFO,https://data.mafra.go.kr/opendata/data/indexOpenDataDetail.do?data_id=20240806000000002609,농림축산식품부/EPIS 등,API metadata v1.0
농식품 공공데이터 포털 API 데이터 정보,대상경주 연간계획,Target race year plan,https://data.mafra.go.kr/opendata/data/indexOpenDataDetail.do?data_id=20240806000000002609,농림축산식품부/EPIS 등,API metadata v1.0
농식품 공공데이터 포털 API 데이터 정보,경주계획표,Race schedule,https://data.mafra.go.kr/opendata/data/indexOpenDataDetail.do?data_id=20240806000000002609,농림축산식품부/EPIS 등,API metadata v1.0
농식품 공공데이터 포털 API 데이터 정보,요약성적표,Summary report card,https://data.mafra.go.kr/opendata/data/indexOpenDataDetail.do?data_id=20240806000000002609,농림축산식품부/EPIS 등,API metadata v1.0
농식품 공공데이터 포털 API 데이터 정보,마명변경내역,Name change of the horse,https://data.mafra.go.kr/opendata/data/indexOpenDataDetail.do?data_id=20240806000000002609,농림축산식품부/EPIS 등,API metadata v1.0
농식품 공공데이터 포털 API 데이터 정보,말성적조회,Race horse grading inquiry,https://data.mafra.go.kr/opendata/data/indexOpenDataDetail.do?data_id=20240806000000002609,농림축산식품부/EPIS 등,API metadata v1.0
농식품 공공데이터 포털 API 데이터 정보,녹비작물 품목별 신청현황,TI_MAFRA_RUSTNONCROPS_PRDLSTAC,https://data.mafra.go.kr/opendata/data/indexOpenDataDetail.do?data_id=20240806000000002609,농림축산식품부/EPIS 등,API metadata v1.0
농식품 공공데이터 포털 API 데이터 정보,농수축산물 통합유통통계 정보제공 서비스,StatsInfoService,https://data.mafra.go.kr/opendata/data/indexOpenDataDetail.do?data_id=20240806000000002609,농림축산식품부/EPIS 등,API metadata v1.0
농식품 공공데이터 포털 API 데이터 정보,축산농장 통계제공 서비스,FarmStatService,https://data.mafra.go.kr/opendata/data/indexOpenDataDetail.do?data_id=20240806000000002609,농림축산식품부/EPIS 등,API metadata v1.0
농식품 공공데이터 포털 API 데이터 정보,임업기술 핸드북,Forestry Technology Handbook,https://data.mafra.go.kr/opendata/data/indexOpenDataDetail.do?data_id=20240806000000002609,농림축산식품부/EPIS 등,API metadata v1.0
농식품 공공데이터 포털 API 데이터 정보,균류자원 서비스,The venomous fungi resource service,https://data.mafra.go.kr/opendata/data/indexOpenDataDetail.do?data_id=20240806000000002609,농림축산식품부/EPIS 등,API metadata v1.0
농식품 공공데이터 포털 API 데이터 정보,식물표본정보 검색,spcmSearch,https://data.mafra.go.kr/opendata/data/indexOpenDataDetail.do?data_id=20240806000000002609,농림축산식품부/EPIS 등,API metadata v1.0
농식품 공공데이터 포털 API 데이터 정보,식물도감정보 검색,plntIlstrSearch,https://data.mafra.go.kr/opendata/data/indexOpenDataDetail.do?data_id=20240806000000002609,농림축산식품부/EPIS 등,API metadata v1.0
농식품 공공데이터 포털 API 데이터 정보,주행심사결과,Driving audit result,https://data.mafra.go.kr/opendata/data/indexOpenDataDetail.do?data_id=20240806000000002609,농림축산식품부/EPIS 등,API metadata v1.0
농식품 공공데이터 포털 API 데이터 정보,축산농장 정보제공 서비스,Information Services provides livestock farms,https://data.mafra.go.kr/opendata/data/indexOpenDataDetail.do?data_id=20240806000000002609,농림축산식품부/EPIS 등,API metadata v1.0
농식품 공공데이터 포털 API 데이터 정보,조교사정보,Teacher Information,https://data.mafra.go.kr/opendata/data/indexOpenDataDetail.do?data_id=20240806000000002609,농림축산식품부/EPIS 등,API metadata v1.0
농식품 공공데이터 포털 API 데이터 정보,국립종자원 작물코드,crop code,https://data.mafra.go.kr/opendata/data/indexOpenDataDetail.do?data_id=20240806000000002609,농림축산식품부/EPIS 등,API metadata v1.0
농식품 공공데이터 포털 API 데이터 정보,품목정의,TI_KREI_PRDLST_DFN,https://data.mafra.go.kr/opendata/data/indexOpenDataDetail.do?data_id=20240806000000002609,농림축산식품부/EPIS 등,API metadata v1.0
농식품 공공데이터 포털 API 데이터 정보,품목관측정보-월보,TI_KREI_PRDLST_OBSR_ND_MTHPR,https://data.mafra.go.kr/opendata/data/indexOpenDataDetail.do?data_id=20240806000000002609,농림축산식품부/EPIS 등,API metadata v1.0
농식품 공공데이터 포털 API 데이터 정보,품목관측-관측속보,TI_KREI_PRDLST_OBSR_BRKNEWS,https://data.mafra.go.kr/opendata/data/indexOpenDataDetail.do?data_id=20240806000000002609,농림축산식품부/EPIS 등,API metadata v1.0
농식품 공공데이터 포털 API 데이터 정보,질병발생통계,TI_QLA_DISE_OCTY_STATS,https://data.mafra.go.kr/opendata/data/indexOpenDataDetail.do?data_id=20240806000000002609,농림축산식품부/EPIS 등,API metadata v1.0
농식품 공공데이터 포털 API 데이터 정보,정산가격 기간별 도매시장별 품목별 총물량 총금액,TI_CLCLN_PRC_WHLSL_MRKT_ITEM,https://data.mafra.go.kr/opendata/data/indexOpenDataDetail.do?data_id=20240806000000002609,농림축산식품부/EPIS 등,API metadata v1.0
농식품 공공데이터 포털 API 데이터 정보,도매시장 코드,TI_WHLSL_MRKT_CD,https://data.mafra.go.kr/opendata/data/indexOpenDataDetail.do?data_id=20240806000000002609,농림축산식품부/EPIS 등,API metadata v1.0
농식품 공공데이터 포털 API 데이터 정보,신구표준단위목록조회,VIEW_SCM_UNIT_LIST,https://data.mafra.go.kr/opendata/data/indexOpenDataDetail.do?data_id=20240806000000002609,농림축산식품부/EPIS 등,API metadata v1.0
농식품 공공데이터 포털 API 데이터 정보,신구표준산지목록조회,VIEW_SCM_MTC_LIST,https://data.mafra.go.kr/opendata/data/indexOpenDataDetail.do?data_id=20240806000000002609,농림축산식품부/EPIS 등,API metadata v1.0
농식품 공공데이터 포털 API 데이터 정보,신구표준시장목록조회,VIEW_SCM_MRKT_LIST,https://data.mafra.go.kr/opendata/data/indexOpenDataDetail.do?data_id=20240806000000002609,농림축산식품부/EPIS 등,API metadata v1.0
농식품 공공데이터 포털 API 데이터 정보,신구표준크기목록조회,VIEW_SCM_MG_LIST,https://data.mafra.go.kr/opendata/data/indexOpenDataDetail.do?data_id=20240806000000002609,농림축산식품부/EPIS 등,API metadata v1.0
농식품 공공데이터 포털 API 데이터 정보,신구표준포장목록조회,VIEW_SCM_FRMLC_LIST,https://data.mafra.go.kr/opendata/data/indexOpenDataDetail.do?data_id=20240806000000002609,농림축산식품부/EPIS 등,API metadata v1.0
농식품 공공데이터 포털 API 데이터 정보,학교급식전자조달시스템 계약정보,TI_AT_SCHOOL_EAT_CNTRCT_INFO,https://data.mafra.go.kr/opendata/data/indexOpenDataDetail.do?data_id=20240806000000002609,농림축산식품부/EPIS 등,API metadata v1.0
농식품 공공데이터 포털 API 데이터 정보,돼지이력정보,TI_EKAPE_PIG_HIST_INFO,https://data.mafra.go.kr/opendata/data/indexOpenDataDetail.do?data_id=20240806000000002609,농림축산식품부/EPIS 등,API metadata v1.0
농식품 공공데이터 포털 API 데이터 정보,돼지포장처리정보,TI_EKAPE_PIG_BNCN_PROCES_INFO,https://data.mafra.go.kr/opendata/data/indexOpenDataDetail.do?data_id=20240806000000002609,농림축산식품부/EPIS 등,API metadata v1.0
농식품 공공데이터 포털 API 데이터 정보,농촌마을별 기본정보,TI_EPIS_FMLG_VILAGE_BASS_INFO,https://data.mafra.go.kr/opendata/data/indexOpenDataDetail.do?data_id=20240806000000002609,농림축산식품부/EPIS 등,API metadata v1.0
농식품 공공데이터 포털 API 데이터 정보,농촌마을별 인원정보,TI_EPIS_FMLG_VILAGE_NMPR_INFO,https://data.mafra.go.kr/opendata/data/indexOpenDataDetail.do?data_id=20240806000000002609,농림축산식품부/EPIS 등,API metadata v1.0
농식품 공공데이터 포털 API 데이터 정보,농촌마을별 자원정보2,TI_EPIS_FMLG_VILAGE_RESR2_INFO,https://data.mafra.go.kr/opendata/data/indexOpenDataDetail.do?data_id=20240806000000002609,농림축산식품부/EPIS 등,API metadata v1.0
농식품 공공데이터 포털 API 데이터 정보,축산물DNA동일성검사 업소정보 조회,sampleGatherCompany,https://data.mafra.go.kr/opendata/data/indexOpenDataDetail.do?data_id=20240806000000002609,농림축산식품부/EPIS 등,API metadata v1.0
농식품 공공데이터 포털 API 데이터 정보,농식품공무원교육원 시설 대여 신청 정보,TI_ATI_FCLTS_REQST_INFO,https://data.mafra.go.kr/opendata/data/indexOpenDataDetail.do?data_id=20240806000000002609,농림축산식품부/EPIS 등,API metadata v1.0
농식품 공공데이터 포털 API 데이터 정보,식물검역연구장비 보유현황,TI_QIA_PLNTQRT_QRANN_HOLD_STUS,https://data.mafra.go.kr/opendata/data/indexOpenDataDetail.do?data_id=20240806000000002609,농림축산식품부/EPIS 등,API metadata v1.0
농식품 공공데이터 포털 API 데이터 정보,분쟁종자 시험분석 데이터,Conflict Seed Test Analysis Data,https://data.mafra.go.kr/opendata/data/indexOpenDataDetail.do?data_id=20240806000000002609,농림축산식품부/EPIS 등,API metadata v1.0
농식품 공공데이터 포털 API 데이터 정보,전국식재료 산지정보,Origin information of national foodstuffs,https://data.mafra.go.kr/opendata/data/indexOpenDataDetail.do?data_id=20240806000000002609,농림축산식품부/EPIS 등,API metadata v1.0
농식품 공공데이터 포털 API 데이터 정보,산양삼생산신고,wood-cultivated ginseng production report,https://data.mafra.go.kr/opendata/data/indexOpenDataDetail.do?data_id=20240806000000002609,농림축산식품부/EPIS 등,API metadata v1.0
농식품 공공데이터 포털 API 데이터 정보,직거래 사업장 정보,Direct Deal Place Information,https://data.mafra.go.kr/opendata/data/indexOpenDataDetail.do?data_id=20240806000000002609,농림축산식품부/EPIS 등,API metadata v1.0
농식품 공공데이터 포털 API 데이터 정보,축산물등급판정확인서 발급번호정보,GradeConfirm,https://data.mafra.go.kr/opendata/data/indexOpenDataDetail.do?data_id=20240806000000002609,농림축산식품부/EPIS 등,API metadata v1.0
농식품 공공데이터 포털 API 데이터 정보,식물도감정보 조회,plntIlstrInfo,https://data.mafra.go.kr/opendata/data/indexOpenDataDetail.do?data_id=20240806000000002609,농림축산식품부/EPIS 등,API metadata v1.0
농식품 공공데이터 포털 API 데이터 정보,축산물DNA동일성검사 업소정보,Livestock DNA identity tests business information,https://data.mafra.go.kr/opendata/data/indexOpenDataDetail.do?data_id=20240806000000002609,농림축산식품부/EPIS 등,API metadata v1.0
농식품 공공데이터 포털 API 데이터 정보,쇠고기이력정보서비스,Beef Information Service history,https://data.mafra.go.kr/opendata/data/indexOpenDataDetail.do?data_id=20240806000000002609,농림축산식품부/EPIS 등,API metadata v1.0
농식품 공공데이터 포털 API 데이터 정보,등산로 위치 정보 조회,getforestspatialdataservice,https://data.mafra.go.kr/opendata/data/indexOpenDataDetail.do?data_id=20240806000000002609,농림축산식품부/EPIS 등,API metadata v1.0
농식품 공공데이터 포털 API 데이터 정보,정부보급종 품종별 생산대행 현황,The government certificated seed production carrying out as proxy present condition by crop,https://data.mafra.go.kr/opendata/data/indexOpenDataDetail.do?data_id=20240806000000002609,농림축산식품부/EPIS 등,API metadata v1.0
농식품 공공데이터 포털 API 데이터 정보,국립산림품종관리센터_생명자원분양정보,National Forest Cultivation Center _ Information on pre-sale of life resources,https://data.mafra.go.kr/opendata/data/indexOpenDataDetail.do?data_id=20240806000000002609,농림축산식품부/EPIS 등,API metadata v1.0
농식품 공공데이터 포털 API 데이터 정보,도매시장 현황 거래실적,Transaction performance status of the wholesale market,https://data.mafra.go.kr/opendata/data/indexOpenDataDetail.do?data_id=20240806000000002609,농림축산식품부/EPIS 등,API metadata v1.0
농식품 공공데이터 포털 API 데이터 정보,도매시장 부류별 법인별 수수료 현황,Current status of commission by corporate classification by type of wholesale market,https://data.mafra.go.kr/opendata/data/indexOpenDataDetail.do?data_id=20240806000000002609,농림축산식품부/EPIS 등,API metadata v1.0
농식품 공공데이터 포털 API 데이터 정보,공영도매시장별 시장 종사자 현황,Market Status of Market Workers by Public Wholesale Markets,https://data.mafra.go.kr/opendata/data/indexOpenDataDetail.do?data_id=20240806000000002609,농림축산식품부/EPIS 등,API metadata v1.0
농식품 공공데이터 포털 API 데이터 정보,공영도매시장별 출하자 현황,Forwarding status by public wholesale market,https://data.mafra.go.kr/opendata/data/indexOpenDataDetail.do?data_id=20240806000000002609,농림축산식품부/EPIS 등,API metadata v1.0
농식품 공공데이터 포털 API 데이터 정보,공영도매시장별 관리공사 임직원 현황,Status of Executives and Employees in Public Procurement Market,https://data.mafra.go.kr/opendata/data/indexOpenDataDetail.do?data_id=20240806000000002609,농림축산식품부/EPIS 등,API metadata v1.0
농식품 공공데이터 포털 API 데이터 정보,수입식물검역통계,Statistics of Income Statistic,https://data.mafra.go.kr/opendata/data/indexOpenDataDetail.do?data_id=20240806000000002609,농림축산식품부/EPIS 등,API metadata v1.0
농식품 공공데이터 포털 API 데이터 정보,승마장 조회 서비스,Horse Race Tracking,https://data.mafra.go.kr/opendata/data/indexOpenDataDetail.do?data_id=20240806000000002609,농림축산식품부/EPIS 등,API metadata v1.0
농식품 공공데이터 포털 API 데이터 정보,한국마사회 예상배당률 통합정보,Estimate of dividend rate,https://data.mafra.go.kr/opendata/data/indexOpenDataDetail.do?data_id=20240806000000002609,농림축산식품부/EPIS 등,API metadata v1.0
농식품 공공데이터 포털 API 데이터 정보,유기농업자재 공시현황,notice,https://data.mafra.go.kr/opendata/data/indexOpenDataDetail.do?data_id=20240806000000002609,농림축산식품부/EPIS 등,API metadata v1.0
농식품 공공데이터 포털 API 데이터 정보,축산차량등록현황통계,TI_QLA_STKRS_VHCLE_REGIST,https://data.mafra.go.kr/opendata/data/indexOpenDataDetail.do?data_id=20240806000000002609,농림축산식품부/EPIS 등,API metadata v1
농식품 공공데이터 포털 API 데이터 정보,통제초소안내,TI_QLA_CNRL_GURPOST_GUIDANCE,https://data.mafra.go.kr/opendata/data/indexOpenDataDetail.do?data_id=20240806000000002609,농림축산식품부/EPIS 등,API metadata v1
농식품 공공데이터 포털 API 데이터 정보,수산물도매시장별도매경락가격조회,VIEW_MPRC_WLT_PC,https://data.mafra.go.kr/opendata/data/indexOpenDataDetail.do?data_id=20240806000000002609,농림축산식품부/EPIS 등,API metadata v1.0
농식품 공공데이터 포털 API 데이터 정보,산지공판장품목별경락가격조회,VIEW_MTC_JMRKT_PRDLST_PC,https://data.mafra.go.kr/opendata/data/indexOpenDataDetail.do?data_id=20240806000000002609,농림축산식품부/EPIS 등,API metadata v1.0
농식품 공공데이터 포털 API 데이터 정보,산지공판장별경락가격조회,VIEW_MTC_JMRKT_PC,https://data.mafra.go.kr/opendata/data/indexOpenDataDetail.do?data_id=20240806000000002609,농림축산식품부/EPIS 등,API metadata v1.0
농식품 공공데이터 포털 API 데이터 정보,종합유통센터품목별경락가격조회,VIEW_MPRC_PRDLST_WHSAL_PC,https://data.mafra.go.kr/opendata/data/indexOpenDataDetail.do?data_id=20240806000000002609,농림축산식품부/EPIS 등,API metadata v1.0
농식품 공공데이터 포털 API 데이터 정보,산지공판장 유통통계정보 조회,VIEW_ODM_DEBY_NACF_OPEN,https://data.mafra.go.kr/opendata/data/indexOpenDataDetail.do?data_id=20240806000000002609,농림축산식품부/EPIS 등,API metadata v1.0
농식품 공공데이터 포털 API 데이터 정보,가축 통계 데이터,VIEW_ANI_FARM_INFO,https://data.mafra.go.kr/opendata/data/indexOpenDataDetail.do?data_id=20240806000000002609,농림축산식품부/EPIS 등,API metadata v1.0
농식품 공공데이터 포털 API 데이터 정보,대상질병별 농장 통계 데이터 제공,VIEW_FARM_DISEASE_STAT_INFO,https://data.mafra.go.kr/opendata/data/indexOpenDataDetail.do?data_id=20240806000000002609,농림축산식품부/EPIS 등,API metadata v1.0
농식품 공공데이터 포털 API 데이터 정보,축종별 농장 통계 데이터 제공,VIEW_FARM_CATEGORY_STAT_INFO,https://data.mafra.go.kr/opendata/data/indexOpenDataDetail.do?data_id=20240806000000002609,농림축산식품부/EPIS 등,API metadata v1.0
농식품 공공데이터 포털 API 데이터 정보,농수축산물 유통단계별 변환 규칙 정보조회,VIEW_DISTRIBUTION_STEP,https://data.mafra.go.kr/opendata/data/indexOpenDataDetail.do?data_id=20240806000000002609,농림축산식품부/EPIS 등,API metadata v1.0
농식품 공공데이터 포털 API 데이터 정보,HSK품목매핑목록조회,VIEW_AGPD_MAPP_INTL_CODE,https://data.mafra.go.kr/opendata/data/indexOpenDataDetail.do?data_id=20240806000000002609,농림축산식품부/EPIS 등,API metadata v1.0
농식품 공공데이터 포털 API 데이터 정보,등급 코드,TI_GRD_CD,https://data.mafra.go.kr/opendata/data/indexOpenDataDetail.do?data_id=20240806000000002609,농림축산식품부/EPIS 등,API metadata v1.0
농식품 공공데이터 포털 API 데이터 정보,크기 코드,TI_SZ_CD,https://data.mafra.go.kr/opendata/data/indexOpenDataDetail.do?data_id=20240806000000002609,농림축산식품부/EPIS 등,API metadata v1.0
농식품 공공데이터 포털 API 데이터 정보,품목 코드,TI_ITEM_CD,https://data.mafra.go.kr/opendata/data/indexOpenDataDetail.do?data_id=20240806000000002609,농림축산식품부/EPIS 등,API metadata v1.0
농사로,6차 산업 우수사례 스토리,6차산업 우수사례 스토리 정보를 제공.,http://api.nongsaro.go.kr/sample/ajax/newIndustExcellenceCase/newIndustExcellenceCase.html,농촌진흥청,OpenAPI list
농사로,6차산업 가공식품 우수경영체 정보,6차산업 가공식품 우수 경영업체에 대한 정보를 제공.,http://api.nongsaro.go.kr/sample/ajax/newIndust100Lst/newIndust100Lst.html,농촌진흥청,OpenAPI list
농사로,RDA인테러뱅,"RDA인테러뱅 제목, 등록일, 의견수, 조회수, 평점 및 첨부파일 다운 기능을 제공.",http://api.nongsaro.go.kr/sample/rest/rdaInterrobang/rdaInterrobang.jsp,농촌진흥청,OpenAPI list
농사로,가축분뇨 통합자료 게시판,가축분뇨 통합자료 게시판 정보를 제공.,http://api.nongsaro.go.kr/sample/ajax/muckBulletinBoard/muckBulletinBoard.html,농촌진흥청,OpenAPI list
농사로,건강안전정보,건강안전정보를 제공.,http://api.nongsaro.go.kr/sample/ajax/healthEduGymMovInfo/healthEduGymMovInfo.html,농촌진흥청,OpenAPI list
농사로,건조에 강한 실내식물,건조한 환경에서도 잘 자랄 수 있는 건조에 강한 실내식물 정보를 제공.,http://api.nongsaro.go.kr/sample/rest/dryGarden/dryGarden.jsp,농촌진흥청,OpenAPI list
농사로,고문헌 검색,곤충관련 고문헌 자료를 제공.,http://api.nongsaro.go.kr/sample/ajax/oldDocumentSrch/oldDocumentSrch.html,농촌진흥청,OpenAPI list
농사로,고조리서 활용음식,고조리서 활용음식 정보를 제공.,http://api.nongsaro.go.kr/sample/ajax/oldFoodRecipeInfo/oldFoodRecipeInfo.html,농촌진흥청,OpenAPI list
농사로,곤충문헌검색,곤충문헌 검색을 제공.,http://api.nongsaro.go.kr/sample/ajax/ltrtreInfo/ltrtreInfo.html,농촌진흥청,OpenAPI list
농사로,곤충표본검색,곤충표본정보 검색을 제공.,http://api.nongsaro.go.kr/sample/ajax/insectSampleSrch/insectSampleSrch.html,농촌진흥청,OpenAPI list
농사로,곤충표본관 FAQ,곤충표본관 FAQ 정보를 제공.,http://api.nongsaro.go.kr/sample/ajax/insectFaq/insectFaq.html,농촌진흥청,OpenAPI list
농사로,곤충표본관 공통코드,곤충표본관련 코드정보를 제공.,http://api.nongsaro.go.kr/sample/ajax/insectSampleCommonCode/insectSampleCommonCode.html,농촌진흥청,OpenAPI list
농사로,곤충표본관 설문조사,곤충표본관 설문조사 정보를 제공.,http://api.nongsaro.go.kr/sample/ajax/insectSampleSurvey/insectSampleSurvey.html,농촌진흥청,OpenAPI list
농사로,곤충형태용어사전,곤충 형태용어사전 정보를 제공.,http://api.nongsaro.go.kr/sample/ajax/stleWordDic/stleWordDic.html,농촌진흥청,OpenAPI list
농사로,공공 데이터,농사로에서 제공하는 OPEN-API 정보를 제공.,http://api.nongsaro.go.kr/sample/ajax/openApiData/openApiData.html,농촌진흥청,OpenAPI list
농사로,과수 생산단지,2006년~2014년 단계별 과수 생산단지 정보를 제공.,http://api.nongsaro.go.kr/sample/ajax/fruitGrowingArea/fruitGrowingArea.html,농촌진흥청,OpenAPI list
농사로,관련 사이트 정보,관련 사이트 정보를 제공.,http://api.nongsaro.go.kr/sample/ajax/relatedSite/relatedSite.html,농촌진흥청,OpenAPI list
농사로,교구와 매뉴얼,교구와 매뉴얼 정보와 첨부파일을 제공.,http://api.nongsaro.go.kr/sample/ajax/tchaidMnl/tchaidMnl.html,농촌진흥청,OpenAPI list
농사로,교통표지,교통표지 정보를 제공.,http://api.nongsaro.go.kr/sample/ajax/trafficSign/trafficSign.html,농촌진흥청,OpenAPI list
농사로,국내외최신연구동향,국내외최신연구동향 정보와 첨부파일을 제공.,http://api.nongsaro.go.kr/sample/ajax/exportZoomIn/exportZoomIn.html,농촌진흥청,OpenAPI list
농사로,꽃장식과 정원 꾸미기,꽃장식과 정원 꾸미기 정보를 제공.,http://api.nongsaro.go.kr/sample/ajax/flwrDecor/flwrDecor.html,농촌진흥청,OpenAPI list
농사로,내재해형 시설규격,내재해형 시설규격,http://api.nongsaro.go.kr/sample/ajax/fcltyStdDsgndo/fcltyStdDsgndo.html,농촌진흥청,OpenAPI list
농사로,농(農)영상 1분,농(農)영상 1분 동영상을 제공,http://api.nongsaro.go.kr/sample/ajax/shortMvp/shortMvp.html,농촌진흥청,OpenAPI list
농사로,농가맛집 정보,"전국의 농가맛집의 메뉴, 체험프로그램, 주변 관광/볼거리 정보 등을 제공.",http://api.nongsaro.go.kr/sample/rest/frmhsTasteHos/frmhsTasteHos.jsp,농촌진흥청,OpenAPI list
농사로,농기계 구입정보,농기계의사결정을 위한 상세정보를 제공.,http://api.nongsaro.go.kr/sample/ajax/farmMachineDecision/farmMachineDecision.html,농촌진흥청,OpenAPI list
농사로,농기계 시청각자료,농기계 시청각자료 정보를 제공.,http://api.nongsaro.go.kr/sample/ajax/machineVod/machineVod.html,농촌진흥청,OpenAPI list
농사로,농기계 안전용품,농기계 안전용품의 정보를 제공.,http://api.nongsaro.go.kr/sample/ajax/farmSafeGoods/farmSafeGoods.html,농촌진흥청,OpenAPI list
농사로,농기계 안전이용 지침,농기계 안전이용 지침 정보를 제공.,http://api.nongsaro.go.kr/sample/ajax/machineSafety/machineSafety.html,농촌진흥청,OpenAPI list
농사로,농사로 공통코드,농사로 공통코드 정보를 제공.,http://api.nongsaro.go.kr/sample/ajax/commonCode/commonCode.html,농촌진흥청,OpenAPI list
농사로,농사로 이벤트,농사로이벤트 내용을 제공.,http://api.nongsaro.go.kr/sample/ajax/nongsaroEvent/nongsaroEvent.html,농촌진흥청,OpenAPI list
농사로,농식품부산물영양정보,농식품부산물영양정보,http://api.nongsaro.go.kr/sample/ajax/foodbyprdNtrinfo/foodbyprdNtrinfo.html,농촌진흥청,OpenAPI list
농사로,농약 품질검사,농약 품질검사,http://api.nongsaro.go.kr/sample/ajax/agchmQltinsp/agchmQltinsp.html,농촌진흥청,OpenAPI list
농사로,농약등록현황,농약등록현황 정보를 제공.,http://api.nongsaro.go.kr/sample/ajax/pesticideRegStatus/pesticideRegStatus.html,농촌진흥청,OpenAPI list
농사로,농약안전사용지침,"국가, 작목 별 농약안전사용지침 정보와 첨부파일을 제공.",http://api.nongsaro.go.kr/sample/rest/agchmSafeManual/agchmSafeManual.jsp,농촌진흥청,OpenAPI list
농사로,농약판매가격,농약 판매가격 정보를 제공.,http://api.nongsaro.go.kr/sample/ajax/pesticideSalePrice/pesticideSalePrice.html,농촌진흥청,OpenAPI list
농사로,농업과학기술 정책자료,농업과학기술 정책자료 정보를 제공.,http://api.nongsaro.go.kr/sample/ajax/farmTechPolicyData/farmTechPolicyData.html,농촌진흥청,OpenAPI list
농사로,농업기계 사고사례,농업기계 사고사례,http://api.nongsaro.go.kr/sample/ajax/agriAccident/agriAccident.html,농촌진흥청,OpenAPI list
농사로,농업기계 안전 홍보,농업기계 안전 홍보 정보를 제공.,http://api.nongsaro.go.kr/sample/ajax/agriMachSafePRInfo/agriMachSafePRInfo.html,농촌진흥청,OpenAPI list
농사로,농업기술 더하기 나누기,농업기술 더하기 나누기 정보를 제공.,http://api.nongsaro.go.kr/sample/ajax/mlrdCuration/mlrdCuration.html,농촌진흥청,OpenAPI list
농사로,농업기술동영상,"작물, 축산, 곤충, 농업재해예방, 농업경영 등 농사로에서 서비스하는 동영상 섬네일이미지 및 제목, 출처 정보를 제공.",http://api.nongsaro.go.kr/sample/rest/agriTechVideo/agriTechVideo.jsp,농촌진흥청,OpenAPI list
농사로,농업용어사전,"검색어를 입력 및 검색 결과 정보로 검색어 일치항목, 검색어 전방일치항목, 시소러스정보를 제공.",http://api.nongsaro.go.kr/sample/rest/farmDic/farmDic.jsp,농촌진흥청,OpenAPI list
농사로,농자재관련법령,농자재 관련법령 정보를 제공.,http://api.nongsaro.go.kr/sample/ajax/farmToolLaw/farmToolLaw.html,농촌진흥청,OpenAPI list
농사로,농작물재해예방정보,농작물재해예방 정보를 제공.,http://api.nongsaro.go.kr/sample/ajax/frcDsstrPrevnt/frcDsstrPrevnt.html,농촌진흥청,OpenAPI list
농사로,농작업 안전교육,농작업 안전교육 정보를 제공.,http://api.nongsaro.go.kr/sample/ajax/farmWorkSafetyEducation/farmWorkSafetyEducation.html,농촌진흥청,OpenAPI list
농사로,농작업일정 정보,"작물에 대한 농작물 관리, 병해충 방제요령 등의 주간농사정보 및 첨부파일 다운로드 기능을 제공.",http://api.nongsaro.go.kr/sample/rest/farmWorkingPlanNew/farmWorkingPlanNew.jsp,농촌진흥청,OpenAPI list
농사로,농촌교육농장 정보,"전국의 농촌교육농장의 테마, 소재지 정보를 제공.",http://api.nongsaro.go.kr/sample/rest/fmlgEdcFarmm/fmlgEdcFarmm.jsp,농촌진흥청,OpenAPI list
농사로,농촌다움 100선,농촌다움 100선의 정보를 제공.,http://api.nongsaro.go.kr/sample/ajax/farmAmenity100/farmAmenity100.html,농촌진흥청,OpenAPI list
농사로,농촌다움자원검색,농촌다움자원검색 정보를 제공.,http://api.nongsaro.go.kr/sample/ajax/farmAmenityResourceSearch/farmAmenityResourceSearch.html,농촌진흥청,OpenAPI list
농사로,농촌문화 연구성과,농촌문화 연구성과,http://api.nongsaro.go.kr/sample/ajax/ruralCultureRsrchRslt/ruralCultureRsrchRsltLst.html,농촌진흥청,OpenAPI list
농사로,농촌문화 이슈,"전국의 농촌교육농장의 테마, 소재지 정보를 제공.",http://api.nongsaro.go.kr/sample/ajax/ruralCultureIssue/ruralCultureIssue.html,농촌진흥청,OpenAPI list
농사로,농촌진흥청 AI학습용이미지 양돈,농촌진흥청 AI학습용이미지 양돈 CSV 파일을 제공,https://smartfarm.rda.go.kr/download/pig.zip,농촌진흥청,OpenAPI list
농사로,농촌진흥청 AI학습용이미지 한우,농촌진흥청 AI학습용이미지 한우 CSV 파일을 제공,https://smartfarm.rda.go.kr/download/cow.zip,농촌진흥청,OpenAPI list
농사로,농축산물소득정보,2013년도 까지의 시군구별 농축산물 소득정보를 년도별로 제공.,http://api.nongsaro.go.kr/sample/rest/farmPrdtIncome/farmPrdtIncome.jsp,농촌진흥청,OpenAPI list
농사로,반려동물 사료정보,생활문화 > 반려동물 집밥 만들기 메뉴에서 사용하는 원료 정보를 제공.,http://api.nongsaro.go.kr/sample/rest/feedRawMaterial/feedRawMaterial.jsp,농촌진흥청,OpenAPI list
농사로,별미 김치 30선,별미 김치 30선 정보를 제공.,http://api.nongsaro.go.kr/sample/ajax/delicacyKimchi30/delicacyKimchi30.html,농촌진흥청,OpenAPI list
농사로,병해충발생정보,"농촌진흥청에서 제공하는 병해충발생정보 제목 및 작성자, 등록일, 조회수, 첨부파일 다운로드 기능을 제공.",http://api.nongsaro.go.kr/sample/rest/dbyhsCccrrncInfo/dbyhsCccrrncInfo.jsp,농촌진흥청,OpenAPI list
농사로,분류군별경제곤충검색,분류군별경제곤충 검색을 제공.,http://api.nongsaro.go.kr/sample/ajax/clgruppEcnmyInsectSrch/clgruppEcnmyInsectSrch.html,농촌진흥청,OpenAPI list
농사로,비료 품질검사,비료 품질검사,http://api.nongsaro.go.kr/sample/ajax/frtlzrQltinsp/frtlzrQltinsp.html,농촌진흥청,OpenAPI list
농사로,사료 직거래장터,사료 직거래 장터 정보를 제공.,http://api.nongsaro.go.kr/sample/ajax/directDelng/directDelng.html,농촌진흥청,OpenAPI list
농사로,사진마당 원화 정보,사진마당 원화 정보,http://api.nongsaro.go.kr/sample/ajax/rdaOriginalPhotoInfo/rdaOriginalPhotoInfo.html,농촌진흥청,OpenAPI list
농사로,수출농업 동향자료,수출농업 동향자료,http://api.nongsaro.go.kr/sample/ajax/prdlstImxprtTrend/prdlstImxprtTrend.html,농촌진흥청,OpenAPI list
농사로,수출농업 발간도서,수출농업 발간도서 정보를 제공.,http://api.nongsaro.go.kr/sample/ajax/exportPublicationBook/exportPublicationBook.html,농촌진흥청,OpenAPI list
농사로,수출농업 종합컨설팅,수출농업에 대한 종합적인 컨설팅 정보를 제공.,http://api.nongsaro.go.kr/sample/ajax/exportConsulting/exportConsulting.html,농촌진흥청,OpenAPI list
농사로,수출자료 Zoom-In,수출농업 기타자료실 정보를 제공.,http://api.nongsaro.go.kr/sample/ajax/exportDataZoomIn/exportDataZoomIn.html,농촌진흥청,OpenAPI list
농사로,시설설계도 참고용,시설설계도 참고용,http://api.nongsaro.go.kr/sample/ajax/fcltyStdDsgndoRefer/fcltyStdDsgndoRefer.html,농촌진흥청,OpenAPI list
농사로,시설표준설계도 설계지원프로그램 다운로드 이력,시설표준설계도 설계지원프로그램 다운로드 이력 정보를 제공.,http://api.nongsaro.go.kr/sample/ajax/vinyHouseDownloadInfo/vinyHouseDownloadInfo.html,농촌진흥청,OpenAPI list
농사로,신기술 농업기계 지정현황,신기술 농업기계 지정현황,http://api.nongsaro.go.kr/sample/ajax/ntcnqFchAppn/ntcnqFchAppn.html,농촌진흥청,OpenAPI list
농사로,실내정원 동영상강좌,실내정원 동영상강좌,http://api.nongsaro.go.kr/sample/ajax/indoorpsncpaMvpLctre/indoorpsncpaMvpLctreLst.html,농촌진흥청,OpenAPI list
농사로,실내정원만들기,실내정원만들기 정보를 제공.,http://api.nongsaro.go.kr/sample/ajax/cateGardenMake/cateGardenMake.html,농촌진흥청,OpenAPI list
농사로,실내정원용 식물,"광도, 가격대, 물주기 등의 조건별 실내정원용 식물 정보를 제공.",http://api.nongsaro.go.kr/sample/rest/garden/garden.jsp,농촌진흥청,OpenAPI list
농사로,약초정보,"민간약초의 이용부위, 형태, 민간요법, 참고 이미지를 제공.",http://api.nongsaro.go.kr/sample/rest/prvateTherpy/prvateTherpy.jsp,농촌진흥청,OpenAPI list
농사로,여성농업인 알림마당,여성농업인 알림마당 내용를 제공.,http://api.nongsaro.go.kr/sample/ajax/femaleFarmerNotice/femaleFarmerNotice.html,농촌진흥청,OpenAPI list
농사로,역대청차장명단,역대청차장명단 정보를 제공.,http://api.nongsaro.go.kr/sample/ajax/dirhistory/dirhistory.html,농촌진흥청,OpenAPI list
농사로,원클릭 농업기술,원클릭 농업기술 정보를 제공.,http://api.nongsaro.go.kr/sample/ajax/oneClickFarmngTchnlgy/oneClickFarmngTchnlgy.html,농촌진흥청,OpenAPI list
농사로,월간농업기술정보목록,농업기술 정보 현황,http://api.nongsaro.go.kr/sample/ajax/rdaFarmngtchnlgyInfo/rdaFarmngtchnlgyInfoLst.html,농촌진흥청,OpenAPI list
농사로,유관기관안내,유관기관 정보와 첨부파일을 제공.,http://api.nongsaro.go.kr/sample/ajax/relatedOrganization/relatedOrganization.html,농촌진흥청,OpenAPI list
농사로,유기농실천사례,유기농실천사례,http://api.nongsaro.go.kr/sample/ajax/orgnicPractice/orgnicPractice.html,농촌진흥청,OpenAPI list
농사로,유기농업책자,유기농업책자 정보와 첨부파일을 제공.,http://api.nongsaro.go.kr/sample/ajax/orgnicTchBook/orgnicTchBook.html,농촌진흥청,OpenAPI list
농사로,음식 기본 정보,음식 기본 정보를 가진 공통코드를 제공.,http://api.nongsaro.go.kr/sample/ajax/foodCommonCode/foodCommonCode.html,농촌진흥청,OpenAPI list
농사로,이달의 농업기술,이달의 농업기술 정보를 제공.,http://api.nongsaro.go.kr/sample/ajax/monthFarmTech/monthFarmTech.html,농촌진흥청,OpenAPI list
농사로,이달의 음식 정보,매달 선정되는 이달의 식재료를 이용한 다양한 음식 및 요리 정보를 제공.,http://api.nongsaro.go.kr/sample/rest/monthFd/monthFd.jsp,농촌진흥청,OpenAPI list
농사로,인삼레시피,인삼레시피 정보를 제공.,http://api.nongsaro.go.kr/sample/ajax/gnsnRecipe/gnsnRecipe.html,농촌진흥청,OpenAPI list
농사로,작목별농업기술정보,"작목별 정보를 농업기술길잡이를 통하여 제공하며, 작목별로 최근 반영된 개정자료를 제공.",http://api.nongsaro.go.kr/sample/ajax/cropEbook/cropEbook.html,농촌진흥청,OpenAPI list
농사로,잔류농약기준 위반현황,잔류농약기준 위반현황 정보를 제공.,http://api.nongsaro.go.kr/sample/ajax/xportSftyVioltStus/xportSftyVioltStus.html,농촌진흥청,OpenAPI list
농사로,잡초정보,잡초 정보를 제공.,http://api.nongsaro.go.kr/sample/ajax/weedsInfo/weedsInfo.html,농촌진흥청,OpenAPI list
농사로,전통주 제조법,전통주 제조법 정보를 제공.,http://api.nongsaro.go.kr/sample/ajax/trditAchlqrMnfcturLaw/trditAchlqrMnfcturLaw.html,농촌진흥청,OpenAPI list
농사로,종가음식,종가음식 정보를 제공.,http://api.nongsaro.go.kr/sample/ajax/headFamilyFood/headFamilyFood.html,농촌진흥청,OpenAPI list
농사로,좋아하는 꽃,선호꽃 효과 정보를 제공.,http://api.nongsaro.go.kr/sample/ajax/preferenceFlower/preferenceFlower.html,농촌진흥청,OpenAPI list
농사로,주간농사정보,"작물에 대한 농작물 관리, 병해충 방제요령 등의 주간농사정보 및 첨부파일 다운로드 기능을 제공.",http://api.nongsaro.go.kr/sample/rest/weekFarmInfo/weekFarmInfo.jsp,농촌진흥청,OpenAPI list
농사로,주제별 짧은 강의동영상,주제별 짧은 강의동영상을 제공.,http://api.nongsaro.go.kr/sample/ajax/lectureDicMvp/lectureDicMvp.html,농촌진흥청,OpenAPI list
농사로,주제별 짧은 기술동영상,주제별 짧은 기술동영상을 제공.,http://api.nongsaro.go.kr/sample/ajax/curationMvp/curationMvp.html,농촌진흥청,OpenAPI list
농사로,지역 브랜드,지역 브랜드,http://api.nongsaro.go.kr/sample/ajax/areaBrand/areaBrand.html,농촌진흥청,OpenAPI list
농사로,지역특산물,지역특산물,http://api.nongsaro.go.kr/sample/ajax/localSpcprd/localSpcprd.html,농촌진흥청,OpenAPI list
농사로,진로체험활동 정보,청소년들의 진로에 활용할 수 있는 유용한 정보를 제공.,http://api.nongsaro.go.kr/sample/rest/schoolGarden/schoolGarden.jsp,농촌진흥청,OpenAPI list
농사로,창업을 위한 식용 곤충요리,식용 곤충 요리 정보를 제공.,http://api.nongsaro.go.kr/sample/ajax/insectFood/insectFood.html,농촌진흥청,OpenAPI list
농사로,천연작물보호소재 정보,"과명, 학명, 국명 등의 검색 기능 및 정보를 제공하고 각 식물별 화합물 및 참고 문헌리스트를 제공.",http://api.nongsaro.go.kr/sample/rest/biopesticide/biopesticide.jsp,농촌진흥청,OpenAPI list
농사로,천적활용기술,천적활용기술 정보를 제공.,http://api.nongsaro.go.kr/sample/ajax/naturalEnemyTech/naturalEnemyTech.html,농촌진흥청,OpenAPI list
농사로,첨단농업기술,첨단농업기술 정보를 제공.,http://api.nongsaro.go.kr/sample/ajax/uptodeFarmngTchnlgyInfo/uptodeFarmngTchnlgyInfo.html,농촌진흥청,OpenAPI list
농사로,청차장일정,청차장 일정 정보를 제공.,http://api.nongsaro.go.kr/sample/ajax/drctschEntry/drctschEntry.html,농촌진흥청,OpenAPI list
농사로,최신 생산 경영 기술,최신 생산 경영 기술,http://api.nongsaro.go.kr/sample/ajax/manufactureTech/manufactureTech.html,농촌진흥청,OpenAPI list
농사로,최신 유기농업 기술,최신 유기농업 기술,http://api.nongsaro.go.kr/sample/ajax/orgnicFarmng/orgnicFarmng.html,농촌진흥청,OpenAPI list
농사로,추천 식단,추천 식단 정보를 제공.,http://api.nongsaro.go.kr/sample/ajax/todayDiet/todayDiet.html,농촌진흥청,OpenAPI list
농사로,추천식단정보,"식단 분류 및 각 분류별 대표이미지, 제목, 식단 상세 설명 정보를 제공.",http://api.nongsaro.go.kr/sample/rest/recomendDiet/recomendDiet.jsp,농촌진흥청,OpenAPI list
농사로,축산분뇨 농가활용프로그램,축산분뇨 농가활용프로그램,http://api.nongsaro.go.kr/sample/ajax/farmAppTech/farmAppTech.html,농촌진흥청,OpenAPI list
농사로,축산분뇨 자원화 업체,자원화업체 정보와 첨부파일을 제공.,http://api.nongsaro.go.kr/sample/ajax/manureRecycling/manureRecycling.html,농촌진흥청,OpenAPI list
농사로,축산분뇨 처리시설업체,처리시설업체 정보와 첨부파일을 제공.,http://api.nongsaro.go.kr/sample/ajax/processFcltyEntrps/processFcltyEntrps.html,농촌진흥청,OpenAPI list
농사로,축산실용기술모음,축산 실용 기술 정보를 제공.,http://api.nongsaro.go.kr/sample/ajax/stkrsPractialTech/stkrsPractialTech.html,농촌진흥청,OpenAPI list
농사로,축산용어사전,축산 관련 용어 설명 정보를 제공.,http://api.nongsaro.go.kr/sample/ajax/stockbreedingDic/stockbreedingDic.html,농촌진흥청,OpenAPI list
농사로,축산환경자가진단,축산환경자가진단을 위한 평가기준 정보를 제공.,http://api.nongsaro.go.kr/sample/ajax/stkrsEnvrnJdgmn/stkrsEnvrnJdgmn.html,농촌진흥청,OpenAPI list
농사로,치유농업 동영상,치유농업 동영상 정보를 제공.,http://api.nongsaro.go.kr/sample/ajax/agroHealingFarmMvp/agroHealingFarmMvp.html,농촌진흥청,OpenAPI list
농사로,치유농업 연구성과,치유농업 연구성과 정보를 제공.,http://api.nongsaro.go.kr/sample/ajax/agroHealingResearchResult/agroHealingResearchResult.html,농촌진흥청,OpenAPI list
농사로,치유농업 이슈,치유농업 이슈 정보를 제공.,http://api.nongsaro.go.kr/sample/ajax/agroHealingIssue/agroHealingIssue.html,농촌진흥청,OpenAPI list
농사로,치유농업 참고자료,치유농업 참고자료 정보를 제공.,http://api.nongsaro.go.kr/sample/ajax/agroHealingRef/agroHealingRef.html,농촌진흥청,OpenAPI list
농사로,치유농장,치유농장 정보를 제공.,http://api.nongsaro.go.kr/sample/ajax/agroHealingFarm/agroHealingFarm.html,농촌진흥청,OpenAPI list
농사로,친환경농법사례,친환경농법 사례 정보를 제공.,http://api.nongsaro.go.kr/sample/ajax/evrfrndFarmng/evrfrndFarmng.html,농촌진흥청,OpenAPI list
농사로,텃밭가꾸기 정보,"텃밭 채소, 과수 등의 작물을 재배할 때 활용할 수 있는 유용한 정보를 제공.",http://api.nongsaro.go.kr/sample/rest/fildMnfct/fildMnfct.jsp,농촌진흥청,OpenAPI list
농사로,토마토재배시설 평가하기,토마토재배시설 평가를 위한 기초 정보를 제공.,http://api.nongsaro.go.kr/sample/ajax/tmtEvl/tmtEvl.html,농촌진흥청,OpenAPI list
농사로,표준사료 검색,"농후사료, 조사료 등 표준사료 정보를 한글명, 영문명으로 구분하여 제공.",http://api.nongsaro.go.kr/sample/rest/feedSearch/feedSearch.jsp,농촌진흥청,OpenAPI list
농사로,품목별 관리매뉴얼,세부 품목 리스트 및 농작업일정 첨부파일 다운로드 기능을 제공.,http://api.nongsaro.go.kr/sample/rest/farmWorkingPlan/farmWorkingPlan.jsp,농촌진흥청,OpenAPI list
농사로,품목별 수출정보,품목별 수출정보,http://api.nongsaro.go.kr/sample/ajax/prdlstInfo/prdlstInfo.html,농촌진흥청,OpenAPI list
농사로,품종 정보,"품종별 따른 분류, 육성년도, 숙기 등의 검색 및 대표이미지, 작물명, 육선년도, 육성기관, 품종명 등의 정보를 제공.",http://api.nongsaro.go.kr/sample/rest/varietyInfo/varietyInfo.jsp,농촌진흥청,OpenAPI list
농사로,품종정보출원 등록정보,품종정보출원/등록정보(보호등록) 정보를 제공.,http://api.nongsaro.go.kr/sample/ajax/varietyInfoRegData/varietyInfoRegData.html,농촌진흥청,OpenAPI list
농사로,학교텃밭 우수사례,학교 텃밭 우수 사례 정보를 제공.,http://api.nongsaro.go.kr/sample/ajax/excellenceCase/excellenceCase.html,농촌진흥청,OpenAPI list
농사로,학교텃밭교과학습활동프로그램,학교텃밭 교과학습활동 프로그램 정보를 제공.,http://api.nongsaro.go.kr/sample/ajax/studyActivityProgram/studyActivityProgram.html,농촌진흥청,OpenAPI list
농사로,한방약술,한방약술 정보를 제공.,http://api.nongsaro.go.kr/sample/ajax/orientalMedicineAlcohol/orientalMedicineAlcohol.html,농촌진흥청,OpenAPI list
농사로,해외 농업 연구,해외 농업 연구 정보와 첨부파일을 제공.,http://api.nongsaro.go.kr/sample/ajax/ovseaFarmng/ovseaFarmng.html,농촌진흥청,OpenAPI list
농사로,향토 음식,"전국의 유명 향토음식의 재료, 조리 방법 등의 정보를 제공.",http://api.nongsaro.go.kr/sample/rest/nvpcFdCkry/nvpcFdCkry.jsp,농촌진흥청,OpenAPI list
농사로,향토음식 한영대역사전,향토음식 한영대역사전 정보를 제공.,http://api.nongsaro.go.kr/sample/ajax/korEngDictionary/korEngDictionary.html,농촌진흥청,OpenAPI list
농사로,현장기술지원,작목별 현장기술지원 결과를 제공.,http://api.nongsaro.go.kr/sample/rest/sptTchnlgySport/sptTchnlgySport.jsp,농촌진흥청,OpenAPI list
농사로,현장애로기술사례,농업 현장에서 발생한 질의와 그에 대한 전문가들의 답변 정보를 제공.,http://api.nongsaro.go.kr/sample/rest/elctrnCvpl/elctrnCvpl.jsp,농촌진흥청,OpenAPI list
농사로,홍보서비스,홍보서비스 정보를 제공.,http://api.nongsaro.go.kr/sample/ajax/prUnityContent/prUnityContent.html,농촌진흥청,OpenAPI list
농사로,화분매개곤충 농약적용,화분매개곤충 농약적용 정보를 제공.,http://api.nongsaro.go.kr/sample/ajax/insectAgchApplc/insectAgchApplc.html,농촌진흥청,OpenAPI list
농사로,화분매개곤충 생산자 정보,화분매개곤충 생산자 정보를 제공.,http://api.nongsaro.go.kr/sample/ajax/insectMkerInfo/insectMkerInfo.html,농촌진흥청,OpenAPI list
스마트팜코리아,스마트팜 빅데이터 제공서비스 - 아이덴티티 정보,시설원예 환경/제어/생육/경영 실시간 수집데이터 - 아이덴티티 정보,http://www.smartfarmkorea.net/Agree_WS/webservices/ProvideRestService/getIdentityDataList/{serviceKey},농림수산식품교육문화정보원,OPEN-API operation/model
스마트팜코리아,스마트팜 빅데이터 제공서비스 - 작기 정보,시설원예 환경/제어/생육/경영 실시간 수집데이터 - 작기 정보,http://www.smartfarmkorea.net/Agree_WS/webservices/ProvideRestService/getCroppingSeasonDataList/{serviceKey}/{userId},농림수산식품교육문화정보원,OPEN-API operation/model
스마트팜코리아,스마트팜 빅데이터 제공서비스 - 환경 정보,시설원예 환경/제어/생육/경영 실시간 수집데이터 - 환경 정보,http://www.smartfarmkorea.net/Agree_WS/webservices/ProvideRestService/getEnvDataList/{serviceKey}/{facilityId}/{measDate}/{fldCode}/{sectCode}/{fatrCode}/{itemCode},농림수산식품교육문화정보원,OPEN-API operation/model
스마트팜코리아,스마트팜 빅데이터 제공서비스 - 생육 정보(딸기),시설원예 환경/제어/생육/경영 실시간 수집데이터 - 생육 정보(딸기),http://www.smartfarmkorea.net/Agree_WS/webservices/ProvideRestService/getStrbCultivateDataList/{serviceKey}/{userId}/{croppingSerlNo}/{startDate}/{endDate},농림수산식품교육문화정보원,OPEN-API operation/model
스마트팜코리아,스마트팜 빅데이터 제공서비스 - 생육정보(국화),시설원예 환경/제어/생육/경영 실시간 수집데이터 - 생육정보(국화),http://www.smartfarmkorea.net/Agree_WS/webservices/ProvideRestService/getMumCultivateDataList/{serviceKey}/{userId}/{croppingSerlNo}/{startDate}/{endDate},농림수산식품교육문화정보원,OPEN-API operation/model
스마트팜코리아,스마트팜 빅데이터 제공서비스 - 생육 정보(참외),시설원예 환경/제어/생육/경영 실시간 수집데이터 - 생육 정보(참외),http://www.smartfarmkorea.net/Agree_WS/webservices/ProvideRestService/getFruitCultivateDataList/{serviceKey}/{userId}/{croppingSerlNo}/{startDate}/{endDate},농림수산식품교육문화정보원,OPEN-API operation/model
스마트팜코리아,스마트팜 빅데이터 제공서비스 - 생육정보(그외),시설원예 환경/제어/생육/경영 실시간 수집데이터 - 생육정보(그외),http://www.smartfarmkorea.net/Agree_WS/webservices/ProvideRestService/getCultivateDataList/{serviceKey}/{userId}/{croppingSerlNo}/{startDate}/{endDate},농림수산식품교육문화정보원,OPEN-API operation/model
스마트팜코리아,스마트팜 빅데이터 제공서비스 - 농가별 작기 정보,시설원예 환경/제어/생육/경영 실시간 수집데이터 - 농가별 작기 정보,http://www.smartfarmkorea.net/Agree_WS/webservices/CropseasonRestService/getCroppingSeasonDataList/{serviceKey}/{year},농림수산식품교육문화정보원,OPEN-API operation/model
스마트팜코리아,스마트팜 빅데이터 제공서비스 - 작기별 환경 정보,시설원예 환경/제어/생육/경영 실시간 수집데이터 - 작기별 환경 정보,http://www.smartfarmkorea.net/Agree_WS/webservices/CropseasonRestService/getCroppingSeasonEnvDataList/{serviceKey}/{croppingSerlNo}/{pageNum},농림수산식품교육문화정보원,OPEN-API operation/model
스마트팜코리아,스마트팜 빅데이터 제공서비스 - 작기별 제어 정보,시설원예 환경/제어/생육/경영 실시간 수집데이터 - 작기별 제어 정보,http://www.smartfarmkorea.net/Agree_WS/webservices/CropseasonRestService/getCroppingSeasonManlDataList/{serviceKey}/{croppingSerlNo}/{pageNum},농림수산식품교육문화정보원,OPEN-API operation/model
스마트팜코리아,스마트팜 빅데이터 제공서비스 - 작기별 생육 정보,시설원예 환경/제어/생육/경영 실시간 수집데이터 - 작기별 생육 정보,http://www.smartfarmkorea.net/Agree_WS/webservices/CropseasonRestService/getCultivateDataList/{serviceKey}/{croppingSerlNo},농림수산식품교육문화정보원,OPEN-API operation/model
스마트팜코리아,품목별 데이터셋 제공서비스 - 농가 정보,"시설원예 데이터마트 개방데이터, 농가 품목 기준 조회 - 농가 정보",http://www.smartfarmkorea.net/Agree_WS/webservices/DataMartItemRestService/getFcltyInfoDataList/{serviceKey},농림수산식품교육문화정보원,OPEN-API operation/model
스마트팜코리아,품목별 데이터셋 제공서비스 - 작기 정보,"시설원예 데이터마트 개방데이터, 농가 품목 기준 조회 - 작기 정보",http://www.smartfarmkorea.net/Agree_WS/webservices/DataMartItemRestService/getFcltyDateInfoDataList/{serviceKey}/{fcltyId},농림수산식품교육문화정보원,OPEN-API operation/model
스마트팜코리아,품목별 데이터셋 제공서비스 - 환경 정보,"시설원예 데이터마트 개방데이터, 농가 품목 기준 조회 - 환경 정보",http://www.smartfarmkorea.net/Agree_WS/webservices/DataMartItemRestService/getEnvInfoDataList/{serviceKey}/{fcltyId}/{crpsnSn}/{itemCode}/{fixPlntngDe}/{crpsnEndDe},농림수산식품교육문화정보원,OPEN-API operation/model
스마트팜코리아,품목별 데이터셋 제공서비스 - 제어 정보,"시설원예 데이터마트 개방데이터, 농가 품목 기준 조회 - 제어 정보",http://www.smartfarmkorea.net/Agree_WS/webservices/DataMartItemRestService/getContInfoDataList/{serviceKey}/{fcltyId}/{crpsnSn}/{itemCode}/{fixPlntngDe}/{crpsnEndDe},농림수산식품교육문화정보원,OPEN-API operation/model
스마트팜코리아,품목별 데이터셋 제공서비스 - 생육 정보,"시설원예 데이터마트 개방데이터, 농가 품목 기준 조회 - 생육 정보",http://www.smartfarmkorea.net/Agree_WS/webservices/DataMartItemRestService/getExaminInfoDataList/{serviceKey}/{fcltyId}/{crpsnSn}/{fixPlntngDe}/{crpsnEndDe},농림수산식품교육문화정보원,OPEN-API operation/model
스마트팜코리아,품목별 데이터셋 제공서비스 - 생육조사 표본사진 정보,"시설원예 데이터마트 개방데이터, 농가 품목 기준 조회 - 생육조사 표본사진 정보",http://www.smartfarmkorea.net/Agree_WS/webservices/DataMartItemRestService/getExaminSpotImgDataList/{serviceKey}/{fcltyId}/{crpsnSn}/{examinMastrSn},농림수산식품교육문화정보원,OPEN-API operation/model
스마트팜코리아,품목별 데이터셋 제공서비스 - 온라인 컨설팅 결과보고서 정보,"시설원예 데이터마트 개방데이터, 농가 품목 기준 조회 - 온라인 컨설팅 결과보고서 정보",http://www.smartfarmkorea.net/Agree_WS/webservices/DataMartItemRestService/getOnlineCnslResultDataList/{serviceKey}/{fcltyId}/{crpsnSn}/{examinMastrSn},농림수산식품교육문화정보원,OPEN-API operation/model
스마트팜코리아,품목별 데이터셋 제공서비스 - 경영 정보(생산량),"시설원예 데이터마트 개방데이터, 농가 품목 기준 조회 - 경영 정보(생산량)",http://www.smartfarmkorea.net/Agree_WS/webservices/DataMartItemRestService/getMngtOutputDataList/{serviceKey}/{fcltyId}/{crpsnSn}/{fixPlntngDe}/{crpsnEndDe},농림수산식품교육문화정보원,OPEN-API operation/model
스마트팜코리아,품목별 데이터셋 제공서비스 - 경영 정보(생산비),"시설원예 데이터마트 개방데이터, 농가 품목 기준 조회 - 경영 정보(생산비)",http://www.smartfarmkorea.net/Agree_WS/webservices/DataMartItemRestService/getMngtCostDataList/{serviceKey}/{fcltyId}/{crpsnSn}/{fixPlntngDe}/{crpsnEndDe},농림수산식품교육문화정보원,OPEN-API operation/model
스마트팜코리아,작기별 데이터셋 제공서비스 - 농가 정보,"시설원예 데이터마트 개방데이터, 농가 작기 기준 조회 - 농가 정보",http://www.smartfarmkorea.net/Agree_WS/webservices/DataMartYearRestService/getFcltyInfoDataList/{serviceKey},농림수산식품교육문화정보원,OPEN-API operation/model
스마트팜코리아,작기별 데이터셋 제공서비스 - 작기 정보,"시설원예 데이터마트 개방데이터, 농가 작기 기준 조회 - 작기 정보",http://www.smartfarmkorea.net/Agree_WS/webservices/DataMartYearRestService/getFcltyDateInfoData/{serviceKey}/{fcltyId}/{fcltyYear},농림수산식품교육문화정보원,OPEN-API operation/model
스마트팜코리아,작기별 데이터셋 제공서비스 - 환경 정보,"시설원예 데이터마트 개방데이터, 농가 작기 기준 조회 - 환경 정보",http://www.smartfarmkorea.net/Agree_WS/webservices/DataMartYearRestService/getEnvInfoDataList/{serviceKey}/{fcltyId}/{crpsnSn}/{itemCode}/{fixPlntngDe}/{crpsnEndDe},농림수산식품교육문화정보원,OPEN-API operation/model
스마트팜코리아,작기별 데이터셋 제공서비스 - 제어 정보,"시설원예 데이터마트 개방데이터, 농가 작기 기준 조회 - 제어 정보",http://www.smartfarmkorea.net/Agree_WS/webservices/DataMartYearRestService/getContInfoDataList/{serviceKey}/{fcltyId}/{crpsnSn}/{itemCode}/{fixPlntngDe}/{crpsnEndDe},농림수산식품교육문화정보원,OPEN-API operation/model
스마트팜코리아,작기별 데이터셋 제공서비스 - 생육 정보,"시설원예 데이터마트 개방데이터, 농가 작기 기준 조회 - 생육 정보",http://www.smartfarmkorea.net/Agree_WS/webservices/DataMartYearRestService/getExaminInfoDataList/{serviceKey}/{fcltyId}/{crpsnSn}/{fixPlntngDe}/{crpsnEndDe},농림수산식품교육문화정보원,OPEN-API operation/model
스마트팜코리아,작기별 데이터셋 제공서비스 - 생육조사 표본사진 정보,"시설원예 데이터마트 개방데이터, 농가 작기 기준 조회 - 생육조사 표본사진 정보",http://www.smartfarmkorea.net/Agree_WS/webservices/DataMartYearRestService/getExaminSpotImgDataList/{serviceKey}/{fcltyId}/{crpsnSn}/{examinMastrSn},농림수산식품교육문화정보원,OPEN-API operation/model
스마트팜코리아,작기별 데이터셋 제공서비스 - 온라인 컨설팅 결과보고서 정보,"시설원예 데이터마트 개방데이터, 농가 작기 기준 조회 - 온라인 컨설팅 결과보고서 정보",http://www.smartfarmkorea.net/Agree_WS/webservices/DataMartYearRestService/getOnlineCnslResultDataList/{serviceKey}/{fcltyId}/{crpsnSn}/{examinMastrSn},농림수산식품교육문화정보원,OPEN-API operation/model
스마트팜코리아,작기별 데이터셋 제공서비스 - 경영 정보(생산량),"시설원예 데이터마트 개방데이터, 농가 작기 기준 조회 - 경영 정보(생산량)",http://www.smartfarmkorea.net/Agree_WS/webservices/DataMartYearRestService/getMngtOutputDataList/{serviceKey}/{fcltyId}/{crpsnSn}/{fixPlntngDe}/{crpsnEndDe},농림수산식품교육문화정보원,OPEN-API operation/model
스마트팜코리아,작기별 데이터셋 제공서비스 - 경영 정보(생산비),"시설원예 데이터마트 개방데이터, 농가 작기 기준 조회 - 경영 정보(생산비)",http://www.smartfarmkorea.net/Agree_WS/webservices/DataMartYearRestService/getMngtCostDataList/{serviceKey}/{fcltyId}/{crpsnSn}/{fixPlntngDe}/{crpsnEndDe},농림수산식품교육문화정보원,OPEN-API operation/model
스마트팜코리아,노지 빅데이터 제공서비스 - 아이덴티티 정보,노지 실시간 수집데이터 - 아이덴티티 정보,http://www.smartfarmkorea.net/Agree_WS/webservices/OutdoorFarmRest/getIdentityDataList/{serviceKey},농림수산식품교육문화정보원,OPEN-API operation/model
스마트팜코리아,노지 빅데이터 제공서비스 - 작기 정보,노지 실시간 수집데이터 - 작기 정보,http://www.smartfarmkorea.net/Agree_WS/webservices/OutdoorFarmRest/getCroppingSeasonDataList/{serviceKey}/{userId},농림수산식품교육문화정보원,OPEN-API operation/model
스마트팜코리아,노지 빅데이터 제공서비스 - 환경 정보,노지 실시간 수집데이터 - 환경 정보,http://www.smartfarmkorea.net/Agree_WS/webservices/OutdoorFarmRest/getEnvDataList/{serviceKey}/{facilityId}/{measDate}/{fldCode}/{sectCode}/{fatrCode}/{itemCode},농림수산식품교육문화정보원,OPEN-API operation/model
스마트팜코리아,노지 빅데이터 제공서비스 - 생육 정보(마늘),노지 실시간 수집데이터 - 생육 정보(마늘),http://www.smartfarmkorea.net/Agree_WS/webservices/OutdoorFarmRest/getGarlicCultivateDataList/{serviceKey}/{userId}/{croppingSerlNo}/{startDate}/{endDate},농림수산식품교육문화정보원,OPEN-API operation/model
스마트팜코리아,노지 빅데이터 제공서비스 - 생육 정보(양파),노지 실시간 수집데이터 - 생육 정보(양파),http://www.smartfarmkorea.net/Agree_WS/webservices/OutdoorFarmRest/getOnionCultivateDataList/{serviceKey}/{userId}/{croppingSerlNo}/{startDate}/{endDate},농림수산식품교육문화정보원,OPEN-API operation/model
스마트팜코리아,노지 빅데이터 제공서비스 - 생육 정보(블루베리),노지 실시간 수집데이터 - 생육 정보(블루베리),http://www.smartfarmkorea.net/Agree_WS/webservices/OutdoorFarmRest/getBlueberryCultivateDataList/{serviceKey}/{userId}/{croppingSerlNo}/{startDate}/{endDate},농림수산식품교육문화정보원,OPEN-API operation/model
스마트팜코리아,노지 빅데이터 제공서비스 - 생육 정보(배추),노지 실시간 수집데이터 - 생육 정보(배추),http://www.smartfarmkorea.net/Agree_WS/webservices/OutdoorFarmRest/getCabbageCultivateDataList/{serviceKey}/{userId}/{croppingSerlNo}/{startDate}/{endDate},농림수산식품교육문화정보원,OPEN-API operation/model
스마트팜코리아,노지 빅데이터 제공서비스 - 생육 정보(대파),노지 실시간 수집데이터 - 생육 정보(대파),http://www.smartfarmkorea.net/Agree_WS/webservices/OutdoorFarmRest/getLeekCultivateDataList/{serviceKey}/{userId}/{croppingSerlNo}/{startDate}/{endDate},농림수산식품교육문화정보원,OPEN-API operation/model
스마트팜코리아,노지 빅데이터 제공서비스 - 생육 정보(사과),노지 실시간 수집데이터 - 생육 정보(사과),http://www.smartfarmkorea.net/Agree_WS/webservices/OutdoorFarmRest/getAppleCultivateDataList/{serviceKey}/{userId}/{croppingSerlNo}/{startDate}/{endDate},농림수산식품교육문화정보원,OPEN-API operation/model
스마트팜코리아,노지 빅데이터 제공서비스 - 생육 정보(콩),노지 실시간 수집데이터 - 생육 정보(콩),http://www.smartfarmkorea.net/Agree_WS/webservices/OutdoorFarmRest/getBeanCultivateDataList/{serviceKey}/{userId}/{croppingSerlNo}/{startDate}/{endDate},농림수산식품교육문화정보원,OPEN-API operation/model
스마트팜코리아,노지 빅데이터 제공서비스 - 생육 정보(복숭아),노지 실시간 수집데이터 - 생육 정보(복숭아),http://www.smartfarmkorea.net/Agree_WS/webservices/OutdoorFarmRest/getPeachCultivateDataList/{serviceKey}/{userId}/{croppingSerlNo}/{startDate}/{endDate},농림수산식품교육문화정보원,OPEN-API operation/model
스마트팜코리아,노지 빅데이터 제공서비스 - 생육 정보(무),노지 실시간 수집데이터 - 생육 정보(무),http://www.smartfarmkorea.net/Agree_WS/webservices/OutdoorFarmRest/getRadishCultivateDataList/{serviceKey}/{userId}/{croppingSerlNo}/{startDate}/{endDate},농림수산식품교육문화정보원,OPEN-API operation/model
스마트팜코리아,축산 빅데이터 제공서비스 - 낙농 분석용 데이터 유성분검사성적서 정보,한우/낙농/양돈/양계 수집데이터 - 낙농 분석용 데이터 유성분검사성적서 정보,http://www.smartfarmkorea.net/Agree_WS/webservices/StockRestService/getInspctDataList/{serviceKey}/{startDate}/{endDate},농림수산식품교육문화정보원,OPEN-API operation/model
스마트팜코리아,축산 빅데이터 제공서비스 - 낙농 분석용 데이터 로봇착유기 정보,한우/낙농/양돈/양계 수집데이터 - 낙농 분석용 데이터 로봇착유기 정보,http://www.smartfarmkorea.net/Agree_WS/webservices/StockRestService/getMilkingDataList/{serviceKey}/{startDate}/{endDate},농림수산식품교육문화정보원,OPEN-API operation/model
스마트팜코리아,축산 빅데이터 제공서비스 - 낙농 분석용 데이터 ICT착유기 정보,한우/낙농/양돈/양계 수집데이터 - 낙농 분석용 데이터 ICT착유기 정보,http://www.smartfarmkorea.net/Agree_WS/webservices/StockRestService/getIctDataList/{serviceKey}/{startDate}/{endDate},농림수산식품교육문화정보원,OPEN-API operation/model
스마트팜코리아,축산 빅데이터 제공서비스 - 양돈 모돈 데이터 셋 정보,한우/낙농/양돈/양계 수집데이터 - 양돈 모돈 데이터 셋 정보,http://www.smartfarmkorea.net/Agree_WS/webservices/StockRestService/getSowDataList/{serviceKey}/{startDate}/{endDate},농림수산식품교육문화정보원,OPEN-API operation/model
스마트팜코리아,축산 빅데이터 제공서비스 - 양돈 포유모돈 급이 정보,한우/낙농/양돈/양계 수집데이터 - 양돈 포유모돈 급이 정보,http://www.smartfarmkorea.net/Agree_WS/webservices/StockRestService/getMoPigDataList/{serviceKey}/{startDate}/{endDate},농림수산식품교육문화정보원,OPEN-API operation/model
스마트팜코리아,축산 빅데이터 제공서비스 - 양계 일일생산 정보,한우/낙농/양돈/양계 수집데이터 - 양계 일일생산 정보,http://www.smartfarmkorea.net/Agree_WS/webservices/StockRestService/getLayingDataList/{serviceKey}/{startDate}/{endDate},농림수산식품교육문화정보원,OPEN-API operation/model
스마트팜코리아,축산 빅데이터 제공서비스 - 한우 EPD 정보,한우/낙농/양돈/양계 수집데이터 - 한우 EPD 정보,http://www.smartfarmkorea.net/Agree_WS/webservices/StockRestService/getCowDataList/{serviceKey}/{startDate}/{endDate},농림수산식품교육문화정보원,OPEN-API operation/model
스마트팜코리아,축산 빅데이터 제공서비스 - 한우 등급판정 정보,한우/낙농/양돈/양계 수집데이터 - 한우 등급판정 정보,http://www.smartfarmkorea.net/Agree_WS/webservices/StockRestService/getShipmntDataList/{serviceKey}/{startDate}/{endDate},농림수산식품교육문화정보원,OPEN-API operation/model
스마트팜코리아,축산 빅데이터 제공서비스 - 낙농 ICT착유기 군사급이기 정보,한우/낙농/양돈/양계 수집데이터 - 낙농 ICT착유기 군사급이기 정보,http://www.smartfarmkorea.net/Agree_WS/webservices/StockRestService/getIctMkFdDataList/{serviceKey}/{startDate}/{endDate},농림수산식품교육문화정보원,OPEN-API operation/model
스마트팜코리아,축산 빅데이터 제공서비스 - 낙농 로봇착유기 착유군사급이기 정보,한우/낙농/양돈/양계 수집데이터 - 낙농 로봇착유기 착유군사급이기 정보,http://www.smartfarmkorea.net/Agree_WS/webservices/StockRestService/getRoboMkFdDataList/{serviceKey}/{startDate}/{endDate},농림수산식품교육문화정보원,OPEN-API operation/model
스마트팜코리아,축산 빅데이터 제공서비스 - 양돈 포유모돈 급이 번식 정보,한우/낙농/양돈/양계 수집데이터 - 양돈 포유모돈 급이 번식 정보,http://www.smartfarmkorea.net/Agree_WS/webservices/StockRestService/getMoPigFdBrdDataList/{serviceKey}/{startDate}/{endDate},농림수산식품교육문화정보원,OPEN-API operation/model
스마트팜코리아,혁신밸리 빅데이터 제공서비스 - 아이덴티티 정보,고흥/김제/밀양/상주 혁신밸리 실시간 수집데이터 - 아이덴티티 정보,http://www.smartfarmkorea.net/Agree_WS/webservices/InnovationValleyRestService/getIdentityDataList/{serviceKey},농림수산식품교육문화정보원,OPEN-API operation/model
스마트팜코리아,혁신밸리 빅데이터 제공서비스 - 작기 정보,고흥/김제/밀양/상주 혁신밸리 실시간 수집데이터 - 작기 정보,http://www.smartfarmkorea.net/Agree_WS/webservices/InnovationValleyRestService/getCroppingSeasonDataList/{serviceKey}/{fcltyId}/{userId},농림수산식품교육문화정보원,OPEN-API operation/model
스마트팜코리아,혁신밸리 빅데이터 제공서비스 - 환경 정보,고흥/김제/밀양/상주 혁신밸리 실시간 수집데이터 - 환경 정보,http://www.smartfarmkorea.net/Agree_WS/webservices/InnovationValleyRestService/getEnvDataList/{serviceKey}/{fcltyId}/{measDate},농림수산식품교육문화정보원,OPEN-API operation/model
스마트팜코리아,혁신밸리 빅데이터 제공서비스 - 생육 정보,고흥/김제/밀양/상주 혁신밸리 실시간 수집데이터 - 생육 정보,http://www.smartfarmkorea.net/Agree_WS/webservices/InnovationValleyRestService/getExaminDataList/{serviceKey}/{crpsnSn},농림수산식품교육문화정보원,OPEN-API operation/model
스마트팜코리아,농업 R&D 모델 제공서비스 - ADI,기상 자료 기반 가뭄 위험도 예측 API,https://adi-api.camp.re.kr,농림수산식품교육문화정보원,OPEN-API operation/model
스마트팜코리아,농업 R&D 모델 제공서비스 - ARID,날짜·장소·기상자료 기반 토양 수분 스트레스 지수 API,https://arid-api.camp.re.kr,농림수산식품교육문화정보원,OPEN-API operation/model
스마트팜코리아,농업 R&D 모델 제공서비스 - DSR,일사량 추정 모형 API,https://dsr-api.camp.re.kr,농림수산식품교육문화정보원,OPEN-API operation/model
스마트팜코리아,농업 R&D 모델 제공서비스 - PET,Penman 기반 작물 증발산량 추정 API,https://pet-api.camp.re.kr,농림수산식품교육문화정보원,OPEN-API operation/model
스마트팜코리아,농업 R&D 모델 제공서비스 - SIDG,흙토람 토양데이터 기반 토양정보 출력 API,https://sidg-api.camp.re.kr,농림수산식품교육문화정보원,OPEN-API operation/model
스마트팜코리아,농업 R&D 모델 제공서비스 - SNFD,PH/EC/NO3/PO4/SO4 기반 토양 진단·처방 API,https://snfd-api.camp.re.kr,농림수산식품교육문화정보원,OPEN-API operation/model
스마트팜코리아,농업 R&D 모델 제공서비스 - CERES-MAIZE API,옥수수 생육 모의 API,https://ceres-maize-api.camp.re.kr,농림수산식품교육문화정보원,OPEN-API operation/model
스마트팜코리아,농업 R&D 모델 제공서비스 - AquaCROP API,FAO AquaCrop 기반 작물 생육 모의 API,https://aquacrop-api.camp.re.kr,농림수산식품교육문화정보원,OPEN-API operation/model
스마트팜코리아,농업 R&D 모델 제공서비스 - Simple Crop API,Simple 작물모형 기반 생육 모의 API,https://simple-api.camp.re.kr,농림수산식품교육문화정보원,OPEN-API operation/model
스마트팜코리아,농업 R&D 모델 제공서비스 - APSIM,농업 생산·환경 영향 분석/예측 API,https://apsim-api.camp.re.kr,농림수산식품교육문화정보원,OPEN-API operation/model
스마트팜코리아,농업 R&D 모델 제공서비스 - CERES-RICE API,쌀 생육 모의 API,https://ceres-rice-api.camp.re.kr,농림수산식품교육문화정보원,OPEN-API operation/model
스마트팜코리아,농업 R&D 모델 제공서비스 - CERES-RICEGLUE API,쌀 품종모수 calibration 및 모의 결과 API,https://ceres-riceglue-api.camp.re.kr,농림수산식품교육문화정보원,OPEN-API operation/model
스마트팜코리아,농업 R&D 모델 제공서비스 - CERES-WHEAT API,밀 생육 모의 API,https://ceres-wheat-api.camp.re.kr,농림수산식품교육문화정보원,OPEN-API operation/model
스마트팜코리아,농업 R&D 모델 제공서비스 - EPIC,농업생산성 예측 API,https://epic-api.camp.re.kr,농림수산식품교육문화정보원,OPEN-API operation/model
스마트팜코리아,농업 R&D 모델 제공서비스 - FZCSF,한지형 사료작물 기후적합도 지도 API,https://fzcsf-api.camp.re.kr,농림수산식품교육문화정보원,OPEN-API operation/model
스마트팜코리아,농업 R&D 모델 제공서비스 - FZCSFT,한지형 과수 기후적합도 지도 API,https://fzcsft-api.camp.re.kr,농림수산식품교육문화정보원,OPEN-API operation/model
스마트팜코리아,농업 R&D 모델 제공서비스 - FZFC,식량작물 기후적합도 지도 API,https://fzcsft-api.camp.re.kr,농림수산식품교육문화정보원,OPEN-API operation/model
스마트팜코리아,농업 R&D 모델 제공서비스 - FZWSFT,난지형 과수 기후적합도 지도 API,https://fzwsft-api.camp.re.kr,농림수산식품교육문화정보원,OPEN-API operation/model
스마트팜코리아,농업 R&D 모델 제공서비스 - FZWSF,난지형 사료작물 기후적합도 지도 API,https://fzwsf-api.camp.re.kr,농림수산식품교육문화정보원,OPEN-API operation/model
스마트팜코리아,농업 R&D 모델 제공서비스 - LINTUL4,LINTUL4 작물 생장 모의 API,https://lintul4-api.camp.re.kr,농림수산식품교육문화정보원,OPEN-API operation/model
스마트팜코리아,농업 R&D 모델 제공서비스 - MONICA,작물·온실가스·토양 유기물 변화 모의 API,https://monica-api.camp.re.kr,농림수산식품교육문화정보원,OPEN-API operation/model
스마트팜코리아,농업 R&D 모델 제공서비스 - Onion-diameter,양파 구직경 추정 API,https://onion-diameter-api.camp.re.kr,농림수산식품교육문화정보원,OPEN-API operation/model
스마트팜코리아,농업 R&D 모델 제공서비스 - PTU,작물 수량 예측 API,https://ptu-api.camp.re.kr,농림수산식품교육문화정보원,OPEN-API operation/model
스마트팜코리아,농업 R&D 모델 제공서비스 - RICE,oryza2000 기반 벼 수확량 모의 API,https://rice-api.camp.re.kr,농림수산식품교육문화정보원,OPEN-API operation/model
스마트팜코리아,농업 R&D 모델 제공서비스 - SIMPLE Bulb,SIMPLE Bulb 품종모수 calibration API,https://simplebulb-api.camp.re.kr,농림수산식품교육문화정보원,OPEN-API operation/model
스마트팜코리아,농업 R&D 모델 제공서비스 - SUBSTOR-POTATO,감자 생육 모의 API,https://substor-potato-api.camp.re.kr,농림수산식품교육문화정보원,OPEN-API operation/model
스마트팜코리아,농업 R&D 모델 제공서비스 - WOFOST,작물 수량 예측 API,https://wofost-api.camp.re.kr,농림수산식품교육문화정보원,OPEN-API operation/model
스마트팜코리아,농업 R&D 모델 제공서비스 - WOFOSTGLUE,WOFOST 품종모수 calibration 및 모의 결과 API,https://wofostglue-api.camp.re.kr,농림수산식품교육문화정보원,OPEN-API operation/model
스마트팜코리아,농업 R&D 모델 제공서비스 - YIN,벼 개화시간 예측 API,https://yin-api.camp.re.kr,농림수산식품교육문화정보원,OPEN-API operation/model
스마트팜코리아,농업 R&D 모델 제공서비스 - YIN GLUE,YIN 품종모수 calibration 및 모의 결과 API,https://yinglue-api.camp.re.kr,농림수산식품교육문화정보원,OPEN-API operation/model
스마트팜코리아,농업 R&D 모델 제공서비스 - 딸기 온실 탄저병 API,딸기 탄저병 발생 위험 지수 API,https://anthracnose-api.camp.re.kr,농림수산식품교육문화정보원,OPEN-API operation/model
스마트팜코리아,농업 R&D 모델 제공서비스 - 잿빛곰팡이병 API,딸기 잿빛곰팡이병 발생 위험 지수 API,https://botrytis-api.camp.re.kr,농림수산식품교육문화정보원,OPEN-API operation/model
스마트팜코리아,농업 R&D 모델 제공서비스 - 비래해충 이동 예측(APD) API,바람 이동 궤적 기반 비래해충 이동 예측 API,https://apd-api.camp.re.kr,농림수산식품교육문화정보원,OPEN-API operation/model
농식품 팜맵 서비스,FarmMap API 요청,farmapApi.do / FarmMap Obj 반환,https://agis.epis.or.kr/ASD/guide/faq.do?bbsSn=3,농림수산식품교육문화정보원,지도API
농식품 팜맵 서비스,FarmMap Obj 생성,init / -,https://agis.epis.or.kr/ASD/guide/faq.do?bbsSn=3,농림수산식품교육문화정보원,지도API
농식품 팜맵 서비스,이벤트 추가,addEvent / 맵 이벤트 추가,https://agis.epis.or.kr/ASD/guide/faq.do?bbsSn=3,농림수산식품교육문화정보원,지도API
농식품 팜맵 서비스,이벤트 제거,removeEvent / 맵 이벤트 제거,https://agis.epis.or.kr/ASD/guide/faq.do?bbsSn=3,농림수산식품교육문화정보원,지도API
농식품 팜맵 서비스,컨트롤 추가,addControl / 맵 컨트롤 추가,https://agis.epis.or.kr/ASD/guide/faq.do?bbsSn=3,농림수산식품교육문화정보원,지도API
농식품 팜맵 서비스,컨트롤 제거,removeControl / 맵 컨트롤 제거,https://agis.epis.or.kr/ASD/guide/faq.do?bbsSn=3,농림수산식품교육문화정보원,지도API
농식품 팜맵 서비스,객체찾기,getObject / 객체명을 이용해서 객체찾기,https://agis.epis.or.kr/ASD/guide/faq.do?bbsSn=3,농림수산식품교육문화정보원,지도API
농식품 팜맵 서비스,좌표로 법정동명 조회,searchBjdFromPoint / 현재 지도 중심의 법정동명 찾기,https://agis.epis.or.kr/ASD/guide/faq.do?bbsSn=3,농림수산식품교육문화정보원,지도API
농식품 팜맵 서비스,WMS 레이어 추가,addWMSLayer / WMS 레이어 생성,https://agis.epis.or.kr/ASD/guide/faq.do?bbsSn=3,농림수산식품교육문화정보원,지도API
농식품 팜맵 서비스,Marker 레이어 추가,addMarkerLayer / Marker 레이어 생성,https://agis.epis.or.kr/ASD/guide/faq.do?bbsSn=3,농림수산식품교육문화정보원,지도API
농식품 팜맵 서비스,Vector 레이어 추가,addVectorLayer / Vector 레이어 생성,https://agis.epis.or.kr/ASD/guide/faq.do?bbsSn=3,농림수산식품교육문화정보원,지도API
농식품 팜맵 서비스,Vector 레이어 이벤트 활성화,activateVectorLayerEvent / Vector click 이벤트 추가,https://agis.epis.or.kr/ASD/guide/faq.do?bbsSn=3,농림수산식품교육문화정보원,지도API
농식품 팜맵 서비스,Vector 레이어 이벤트 활성화,activateVectorLayerEvent / Vector click 이벤트 추가,https://agis.epis.or.kr/ASD/guide/faq.do?bbsSn=3,농림수산식품교육문화정보원,지도API
농식품 팜맵 서비스,Vector 레이어 이벤트 비활성화,deactivateVectorLayerEvent / Vector click 이벤트 제거,https://agis.epis.or.kr/ASD/guide/faq.do?bbsSn=3,농림수산식품교육문화정보원,지도API
농식품 팜맵 서비스,레이어 보기,showLayer / 레이어 보기,https://agis.epis.or.kr/ASD/guide/faq.do?bbsSn=3,농림수산식품교육문화정보원,지도API
농식품 팜맵 서비스,레이어 숨김,hideLayer / 레이어 숨김,https://agis.epis.or.kr/ASD/guide/faq.do?bbsSn=3,농림수산식품교육문화정보원,지도API
농식품 팜맵 서비스,레이어목록 조회,getLayerNameList / 레이어목록 조회,https://agis.epis.or.kr/ASD/guide/faq.do?bbsSn=3,농림수산식품교육문화정보원,지도API
농식품 팜맵 서비스,레이어 제거,removeLayer / 레이어명을 이용해서 레이어 제거,https://agis.epis.or.kr/ASD/guide/faq.do?bbsSn=3,농림수산식품교육문화정보원,지도API
농식품 팜맵 서비스,팜맵 레이어 추가,addFarmmapLayer / 팜맵 지도 레이어 생성,https://agis.epis.or.kr/ASD/guide/faq.do?bbsSn=3,농림수산식품교육문화정보원,지도API
농식품 팜맵 서비스,팜맵 백지도 레이어 추가,addWhiteFarmmapLayer / 팜맵 지도 레이어 생성,https://agis.epis.or.kr/ASD/guide/faq.do?bbsSn=3,농림수산식품교육문화정보원,지도API
농식품 팜맵 서비스,국토정보기본도 추가,addBasicInfomapLayer / 국토정보기본도 레이어 생성,https://agis.epis.or.kr/ASD/guide/faq.do?bbsSn=3,농림수산식품교육문화정보원,지도API
농식품 팜맵 서비스,팜맵 속성조회 이벤트 활성화,addSearchFarmmapDataEvent / 팜맵 속성조회 이벤트 추가,https://agis.epis.or.kr/ASD/guide/faq.do?bbsSn=3,농림수산식품교육문화정보원,지도API
농식품 팜맵 서비스,팜맵 속성조회 이벤트 비활성화,removeSearchFarmmapDataEvent / 팜맵 속성조회 이벤트 제거,https://agis.epis.or.kr/ASD/guide/faq.do?bbsSn=3,농림수산식품교육문화정보원,지도API
농식품 팜맵 서비스,팜맵 속성조회,- / 팜맵 속성조회,https://agis.epis.or.kr/ASD/guide/faq.do?bbsSn=3,농림수산식품교육문화정보원,지도API
농식품 팜맵 서비스,팜맵 범례조회,getLegendImage / 팜맵 범례조회,https://agis.epis.or.kr/ASD/guide/faq.do?bbsSn=3,농림수산식품교육문화정보원,지도API
농식품 팜맵 서비스,마커생성,addMarker / 마커생성,https://agis.epis.or.kr/ASD/guide/faq.do?bbsSn=3,농림수산식품교육문화정보원,지도API
농식품 팜맵 서비스,마커표출여부,isMarkerVisible / 마커표출여부 조회,https://agis.epis.or.kr/ASD/guide/faq.do?bbsSn=3,농림수산식품교육문화정보원,지도API
농식품 팜맵 서비스,마커보기,showMarker / 마커보기,https://agis.epis.or.kr/ASD/guide/faq.do?bbsSn=3,농림수산식품교육문화정보원,지도API
농식품 팜맵 서비스,마커숨김,hideMarker / 마커숨김,https://agis.epis.or.kr/ASD/guide/faq.do?bbsSn=3,농림수산식품교육문화정보원,지도API
농식품 팜맵 서비스,마커 전체보기,showAllMarker / 레이어단위 마커 전체보기,https://agis.epis.or.kr/ASD/guide/faq.do?bbsSn=3,농림수산식품교육문화정보원,지도API
농식품 팜맵 서비스,마커 전체숨김,hideAllMarker / 레이어단위 마커 전체숨김,https://agis.epis.or.kr/ASD/guide/faq.do?bbsSn=3,농림수산식품교육문화정보원,지도API
농식품 팜맵 서비스,마커 크기변경,setMarkerSize / 마커 크기변경,https://agis.epis.or.kr/ASD/guide/faq.do?bbsSn=3,농림수산식품교육문화정보원,지도API
농식품 팜맵 서비스,마커 위치변경,setMarkerLocation / 마커 위치변경,https://agis.epis.or.kr/ASD/guide/faq.do?bbsSn=3,농림수산식품교육문화정보원,지도API
농식품 팜맵 서비스,마커 아이콘변경,setMarkerIcon / 마커 이미지 변경,https://agis.epis.or.kr/ASD/guide/faq.do?bbsSn=3,농림수산식품교육문화정보원,지도API
농식품 팜맵 서비스,마커 데이터변경,setMarkerData / 마커 데이터 변경,https://agis.epis.or.kr/ASD/guide/faq.do?bbsSn=3,농림수산식품교육문화정보원,지도API
농식품 팜맵 서비스,마커제거,removeMarker / 마커제거,https://agis.epis.or.kr/ASD/guide/faq.do?bbsSn=3,농림수산식품교육문화정보원,지도API
농식품 팜맵 서비스,벡터 객체생성,addVector / 벡터 객체생성,https://agis.epis.or.kr/ASD/guide/faq.do?bbsSn=3,농림수산식품교육문화정보원,지도API
농식품 팜맵 서비스,벡터 표출여부,isVectorVisible / 벡터표출여부 조회,https://agis.epis.or.kr/ASD/guide/faq.do?bbsSn=3,농림수산식품교육문화정보원,지도API
농식품 팜맵 서비스,벡터 보기,showVector / 벡터 보기,https://agis.epis.or.kr/ASD/guide/faq.do?bbsSn=3,농림수산식품교육문화정보원,지도API
농식품 팜맵 서비스,벡터 숨김,hideVector / 벡터 숨김,https://agis.epis.or.kr/ASD/guide/faq.do?bbsSn=3,농림수산식품교육문화정보원,지도API
농식품 팜맵 서비스,벡터 전체보기,hideAllVecto / 레이어단위 벡터 전체보기,https://agis.epis.or.kr/ASD/guide/faq.do?bbsSn=3,농림수산식품교육문화정보원,지도API
농식품 팜맵 서비스,벡터 전체숨김,hideAllVecto / 레이어단위 벡터 전체숨김,https://agis.epis.or.kr/ASD/guide/faq.do?bbsSn=3,농림수산식품교육문화정보원,지도API
농식품 팜맵 서비스,벡터 객체 스타일 변경,setVectorStyle / 벡터 객체 스타일 변경,https://agis.epis.or.kr/ASD/guide/faq.do?bbsSn=3,농림수산식품교육문화정보원,지도API
농식품 팜맵 서비스,벡터 데이터 변경,setVectorData / 벡터 데이터 변경,https://agis.epis.or.kr/ASD/guide/faq.do?bbsSn=3,농림수산식품교육문화정보원,지도API
농식품 팜맵 서비스,벡터 객체제거,removeVector / 벡터 객체제거,https://agis.epis.or.kr/ASD/guide/faq.do?bbsSn=3,농림수산식품교육문화정보원,지도API
농식품 팜맵 서비스,pnu 기반 데이터 API,PNU 이용 데이터조회 / farmmapApi/getFarmmapDataSeachPnu.do,https://agis.epis.or.kr/ASD/guide/faq.do?bbsSn=3,농림수산식품교육문화정보원,데이터API
농식품 팜맵 서비스,좌표 기반 데이터 API,좌표 이용 데이터조회 / farmmapApi/getFarmmapDataSeachXY.do,https://agis.epis.or.kr/ASD/guide/faq.do?bbsSn=3,농림수산식품교육문화정보원,데이터API
농식품 팜맵 서비스,반경검색 기반 데이터 API,중심좌표 + 반경(m) 이용 데이터조회 / farmmapApi/getFarmmapDataSeachRadius.do,https://agis.epis.or.kr/ASD/guide/faq.do?bbsSn=3,농림수산식품교육문화정보원,데이터API
농식품 팜맵 서비스,농경지분류 기반 데이터 API,읍면동리코드 + 농경지분류 이용 데이터조회 / farmmapApi/getFarmmapDataSeachBjdAndLandCode.do,https://agis.epis.or.kr/ASD/guide/faq.do?bbsSn=3,농림수산식품교육문화정보원,데이터API
농식품 팜맵 서비스,갱신유형 기반 데이터 API,읍면동코드 + 갱신유형코드 이용 데이터조회 / farmmapApi/getFarmmapDataSeachBjdAndUpdateCode.do,https://agis.epis.or.kr/ASD/guide/faq.do?bbsSn=3,농림수산식품교육문화정보원,데이터API
농식품 팜맵 서비스,갱신일자 기반 데이터 API,읍면동코드+ 갱신일자검색시작+ 갱신일자검색종료 이용 데이터조회 / farmmapApi/getFarmmapDataSeachBjdAndUpdateDate.do,https://agis.epis.or.kr/ASD/guide/faq.do?bbsSn=3,농림수산식품교육문화정보원,데이터API
농식품 팜맵 서비스,팜맵 + 국토정보기본도 조회 데이터 API,팜맵과 국토정보기본도 중첩데이터 조회 / farmmapApi/getFarmmapDataSeachRelationLayer.do,https://agis.epis.or.kr/ASD/guide/faq.do?bbsSn=3,농림수산식품교육문화정보원,데이터API
농식품 팜맵 서비스,지적기반경작면적분석 데이터 API(PNU),PNU를 이용한 지적기반 경작면적 분석 데이터조회 / farmmapApi/getFarmmapDataSeachAnalysisBasePnu.do,https://agis.epis.or.kr/ASD/guide/faq.do?bbsSn=3,농림수산식품교육문화정보원,데이터API
농식품 팜맵 서비스,지적기반경작면적분석 데이터 API(검색조건),검색조건 이용한 지적기반 경작면적 분석 데이터조회 / farmmapApi/getFarmmapDataSeachAnalysisBaseAttr.do,https://agis.epis.or.kr/ASD/guide/faq.do?bbsSn=3,농림수산식품교육문화정보원,데이터API
농식품 팜맵 서비스,WMS 서비스,팜맵오픈API WMS 서비스 / farmmapApi/wms.do,https://agis.epis.or.kr/ASD/guide/faq.do?bbsSn=3,농림수산식품교육문화정보원,WMS/WFS서비스
농식품 팜맵 서비스,WFS 서비스,팜맵오픈API WMS 서비스 / farmmapApi/wms.do,https://agis.epis.or.kr/ASD/guide/faq.do?bbsSn=3,농림수산식품교육문화정보원,WMS/WFS서비스
축산유통정보/축산물품질평가원,축산물품질평가원_축산물등급판정정보,소·돼지·닭·계란·오리·말 등 축산물 등급판정 및 경매 관련 정보,https://www.data.go.kr/data/15058822/openapi.do,축산물품질평가원,OpenAPI
축산유통정보/축산물품질평가원,축산물품질평가원_축산물통합이력정보,소·돼지 이력번호/묶음번호 기반 사육·이동·도축·유통 이력 조회,https://www.data.go.kr/data/15058923/openapi.do,축산물품질평가원,OpenAPI
축산유통정보/축산물품질평가원,축산물품질평가원_쇠고기이력정보,소 개체 및 쇠고기 이력 정보 조회,https://www.data.go.kr/data/15056898/openapi.do,축산물품질평가원,OpenAPI
축산유통정보/축산물품질평가원,축산물품질평가원_축산물등급판정확인서 발급정보,축산물등급판정확인서 발급번호·도축·등급판정 정보 조회,https://www.data.go.kr/data/15057101/openapi.do,축산물품질평가원,OpenAPI
축산유통정보/축산물품질평가원,축산물품질평가원_축산물유통정보,"학교급식 검수정보, 소비자가격, 재고 등 유통정보 조회",https://www.data.go.kr/data/15000577/openapi.do,축산물품질평가원,OpenAPI
축산유통정보/축산물품질평가원,축산물품질평가원_축산물경락가격정보,축산물 도매시장 경락가격·경매 정보 조회,https://www.data.go.kr/data/15057912/openapi.do,축산물품질평가원,OpenAPI
축산유통정보/축산물품질평가원,축산물품질평가원_가금산물 일일거래가격정보,육계·계란·오리 일일 거래가격 정보,https://www.data.go.kr/data/15073985/openapi.do,축산물품질평가원,OpenAPI
축산유통정보/축산물품질평가원,축산물품질평가원_농장식별번호정보,농장식별번호 기반 축산 농장 정보 조회,https://www.data.go.kr/data/15106233/openapi.do,축산물품질평가원,OpenAPI
축산유통정보/축산물품질평가원,축산물품질평가원_계란등급판정정보,계란 등급판정 정보 조회,https://www.data.go.kr/data/15059251/openapi.do,축산물품질평가원,OpenAPI
축산유통정보/축산물품질평가원,축산물품질평가원_축산물DNA동일성검사 업소정보,축산물 DNA 동일성검사 시료·업소 정보 조회,https://www.data.go.kr/data/15056733/openapi.do,축산물품질평가원,OpenAPI
